frame_idx,timestamp_sec,track_id,entity_type,team,confidence,bbox_x1,bbox_y1,bbox_x2,bbox_y2,pitch_x_m,pitch_y_m,speed_kmh
0,0.0,1,player,Greuther Furth,0.715,801.8,902.9,842.5,1010.6,46.12,66.64,0.0
0,0.0,2,player,Greuther Furth,0.672,1141.9,651.5,1181.1,729.0,62.2,41.76,0.0
0,0.0,3,player,Greuther Furth,0.637,294.5,671.4,328.7,757.3,21.41,44.36,0.0
0,0.0,4,player,Greuther Furth,0.62,395.4,575.5,424.8,651.7,25.72,34.57,0.0
0,0.0,5,player,Greuther Furth,0.607,371.5,853.9,408.1,947.8,25.89,61.27,0.0
0,0.0,6,player,Greuther Furth,0.602,1835.0,885.3,1877.6,983.6,94.12,64.34,0.0
0,0.0,7,player,Greuther Furth,0.594,1084.9,505.6,1108.9,576.4,59.24,27.41,0.0
0,0.0,8,player,Greuther Furth,0.575,552.1,446.0,580.2,549.1,33.03,24.77,0.0
0,0.0,9,player,Greuther Furth,0.527,1295.1,912.9,1344.1,1025.3,69.1,67.88,0.0
0,0.0,10,player,Greuther Furth,0.508,1528.4,519.0,1553.6,590.7,81.05,28.78,0.0
0,0.0,11,player,Greuther Furth,0.451,1227.6,457.9,1255.2,498.3,66.52,19.81,0.0
0,0.0,12,player,Greuther Furth,0.433,1148.3,441.4,1178.9,495.0,62.65,19.49,0.0
0,0.0,13,player,Greuther Furth,0.427,844.6,424.9,873.2,485.4,47.46,18.54,0.0
0,0.0,14,player,VfB Stuttgart,0.417,1350.2,373.5,1377.9,422.6,72.86,12.28,0.0
0,0.0,15,player,Greuther Furth,0.414,1134.3,440.1,1158.5,495.2,61.79,19.5,0.0
0,0.0,16,player,VfB Stuttgart,0.408,1450.1,410.2,1472.4,464.4,77.6,16.46,0.0
0,0.0,17,player,Greuther Furth,0.395,1363.9,457.9,1395.7,514.6,73.36,21.42,0.0
0,0.0,18,player,Greuther Furth,0.384,1479.6,417.7,1506.3,479.5,79.13,17.95,0.0
0,0.0,0,ball,Ball,0.7,467.0,1068.0,479.0,1080.0,30.17,71.97,0.0
1,0.04,1,player,Greuther Furth,0.716,801.8,902.8,842.4,1010.6,46.12,66.64,0.1
1,0.04,2,player,Greuther Furth,0.673,1141.9,651.5,1181.1,729.0,62.2,41.76,0.1
1,0.04,3,player,Greuther Furth,0.642,294.5,671.4,328.9,757.3,21.41,44.36,0.2
1,0.04,4,player,Greuther Furth,0.621,394.8,575.3,425.3,652.4,25.72,34.64,5.6
1,0.04,5,player,Greuther Furth,0.609,371.5,853.9,408.1,947.9,25.89,61.27,0.1
1,0.04,6,player,Greuther Furth,0.601,1835.0,885.8,1877.6,983.5,94.12,64.33,0.3
1,0.04,7,player,Greuther Furth,0.596,1084.9,505.6,1108.9,576.3,59.24,27.4,0.6
1,0.04,8,player,Greuther Furth,0.578,552.0,446.0,580.2,549.1,33.02,24.77,0.3
1,0.04,9,player,Greuther Furth,0.529,1295.1,913.0,1344.0,1025.4,69.1,67.89,1.0
1,0.04,10,player,Greuther Furth,0.505,1528.4,519.1,1553.6,590.7,81.05,28.78,0.2
1,0.04,11,player,Greuther Furth,0.454,1227.5,457.9,1255.2,498.3,66.52,19.81,0.4
1,0.04,12,player,Greuther Furth,0.441,1147.9,441.4,1178.9,495.2,62.64,19.5,1.5
1,0.04,13,player,Greuther Furth,0.429,844.6,424.9,873.2,485.4,47.45,18.54,0.1
1,0.04,15,player,Greuther Furth,0.421,1134.2,440.1,1158.6,495.4,61.79,19.52,1.6
1,0.04,16,player,VfB Stuttgart,0.419,1450.0,409.7,1472.5,464.3,77.6,16.45,0.3
1,0.04,14,player,VfB Stuttgart,0.414,1350.1,373.3,1378.1,422.7,72.86,12.29,1.0
1,0.04,17,player,Greuther Furth,0.398,1363.9,457.9,1395.7,514.7,73.36,21.42,0.2
1,0.04,18,player,Greuther Furth,0.39,1479.6,417.6,1506.3,479.4,79.13,17.95,0.1
1,0.04,0,ball,Ball,0.7,467.0,1068.0,479.0,1080.0,30.17,71.97,0.0
2,0.08,1,player,Greuther Furth,0.687,797.1,901.9,840.1,1014.9,45.96,67.0,35.8
2,0.08,2,player,Greuther Furth,0.675,1141.5,651.1,1179.0,729.7,62.14,41.82,7.9
2,0.08,3,player,Greuther Furth,0.653,289.5,674.6,324.6,759.7,21.2,44.57,27.4
2,0.08,5,player,Greuther Furth,0.619,369.1,854.1,403.9,947.9,25.73,61.27,14.0
2,0.08,7,player,Greuther Furth,0.6,1080.3,505.5,1105.3,578.8,59.04,27.64,28.2
2,0.08,4,player,Greuther Furth,0.553,393.9,577.1,421.1,654.1,25.6,34.8,17.8
2,0.08,8,player,Greuther Furth,0.534,548.3,447.7,577.8,548.1,32.87,24.68,16.1
2,0.08,13,player,Greuther Furth,0.532,840.4,422.1,871.6,487.4,47.31,18.74,21.8
2,0.08,6,player,Greuther Furth,0.488,1827.8,884.3,1872.3,983.3,93.83,64.31,26.2
2,0.08,11,player,Greuther Furth,0.468,1226.4,458.0,1254.6,498.7,66.47,19.85,5.0
2,0.08,15,player,Greuther Furth,0.468,1130.6,440.8,1157.3,498.0,61.67,19.78,26.0
2,0.08,12,player,Greuther Furth,0.464,1146.4,443.3,1176.5,497.7,62.54,19.75,24.0
2,0.08,17,player,Greuther Furth,0.453,1360.5,457.3,1393.9,512.8,73.24,21.24,19.5
2,0.08,10,player,Greuther Furth,0.44,1525.6,517.9,1552.7,590.7,80.96,28.78,8.3
2,0.08,9,player,Greuther Furth,0.411,1293.3,914.2,1339.1,1024.0,68.95,67.78,17.1
2,0.08,18,player,Greuther Furth,0.347,1475.9,416.1,1502.7,480.8,78.94,18.08,20.8
2,0.08,0,ball,Ball,0.7,464.0,1068.0,476.0,1080.0,30.03,71.97,0.0
3,0.12,1,player,Greuther Furth,0.718,794.7,901.5,836.4,1015.8,45.82,67.08,14.6
3,0.12,3,player,Greuther Furth,0.688,286.2,675.8,318.3,762.5,20.98,44.83,30.0
3,0.12,2,player,Greuther Furth,0.639,1141.2,649.3,1176.3,728.1,62.07,41.68,14.6
3,0.12,13,player,Greuther Furth,0.635,838.2,423.7,867.1,487.5,47.14,18.75,15.0
3,0.12,7,player,Greuther Furth,0.622,1075.0,505.0,1101.6,579.0,58.82,27.66,19.9
3,0.12,5,player,Greuther Furth,0.599,364.5,853.1,401.6,950.1,25.58,61.46,21.6
3,0.12,4,player,Greuther Furth,0.562,391.0,580.3,417.8,655.7,25.46,34.95,19.1
3,0.12,9,player,Greuther Furth,0.544,1290.4,911.7,1335.5,1030.1,68.78,68.29,38.0
3,0.12,8,player,Greuther Furth,0.514,545.6,447.6,580.7,547.5,32.87,24.61,6.1
3,0.12,15,player,Greuther Furth,0.476,1127.8,441.2,1159.5,498.1,61.65,19.79,1.6
3,0.12,10,player,Greuther Furth,0.471,1521.1,522.5,1548.2,592.3,80.73,28.94,25.1
3,0.12,18,player,Greuther Furth,0.418,1471.7,416.9,1499.9,480.0,78.77,18.01,16.9
3,0.12,11,player,Greuther Furth,0.39,1222.0,459.6,1254.3,498.9,66.36,19.87,10.9
3,0.12,6,player,Greuther Furth,0.365,1820.7,883.6,1866.9,985.6,93.53,64.51,32.5
3,0.12,0,ball,Ball,0.7,461.0,1069.0,472.0,1080.0,29.87,72.02,0.0
4,0.16,1,player,Greuther Furth,0.741,791.3,901.5,834.5,1013.3,45.7,66.87,22.2
4,0.16,3,player,Greuther Furth,0.714,280.8,677.0,315.4,763.2,20.79,44.89,18.4
4,0.16,9,player,Greuther Furth,0.605,1287.8,912.2,1331.1,1031.1,68.62,68.37,16.7
4,0.16,5,player,Greuther Furth,0.601,363.1,854.7,398.5,951.1,25.48,61.55,12.1
4,0.16,4,player,Greuther Furth,0.598,386.4,579.6,413.5,655.7,25.24,34.95,19.6
4,0.16,7,player,Greuther Furth,0.588,1071.2,506.6,1099.0,578.0,58.66,27.56,16.8
4,0.16,13,player,Greuther Furth,0.581,832.7,423.5,862.6,488.0,46.89,18.8,22.8
4,0.16,2,player,Greuther Furth,0.574,1136.8,649.3,1174.4,729.7,61.92,41.83,19.2
4,0.16,10,player,Greuther Furth,0.57,1520.4,527.8,1544.5,593.0,80.62,29.0,11.5
4,0.16,8,player,Greuther Furth,0.478,542.2,446.7,588.0,550.4,32.98,24.9,27.5
4,0.16,18,player,Greuther Furth,0.398,1470.8,416.9,1495.7,478.8,78.64,17.89,15.2
4,0.16,15,player,Greuther Furth,0.382,1126.6,445.2,1162.1,497.8,61.68,19.76,4.2
4,0.16,0,ball,Ball,0.7,458.0,1069.0,469.0,1080.0,29.73,72.02,0.0
5,0.2,1,player,Greuther Furth,0.713,789.0,903.3,832.5,1014.4,45.6,66.96,12.0
5,0.2,5,player,Greuther Furth,0.635,359.6,855.5,393.9,949.2,25.28,61.38,23.2
5,0.2,10,player,Greuther Furth,0.589,1517.0,529.6,1543.6,594.9,80.51,29.18,18.9
5,0.2,4,player,Greuther Furth,0.582,382.8,582.1,409.9,654.1,25.06,34.8,21.1
5,0.2,3,player,Greuther Furth,0.569,275.0,677.2,312.1,764.1,20.57,44.97,20.6
5,0.2,13,player,Greuther Furth,0.538,829.0,427.1,857.6,486.4,46.67,18.64,24.5
5,0.2,9,player,Greuther Furth,0.532,1284.7,913.4,1328.9,1035.1,68.49,68.71,33.0
5,0.2,8,player,Greuther Furth,0.527,539.9,447.0,586.3,555.1,32.89,25.35,38.0
5,0.2,2,player,Greuther Furth,0.489,1137.3,650.4,1171.9,728.3,61.87,41.7,12.4
5,0.2,7,player,Greuther Furth,0.461,1068.1,508.4,1093.8,575.3,58.46,27.3,29.4
5,0.2,18,player,Greuther Furth,0.448,1467.0,417.1,1493.0,480.6,78.47,18.07,22.3
5,0.2,0,ball,Ball,0.7,455.0,1069.0,466.0,1080.0,29.6,72.02,0.0
6,0.24,1,player,Greuther Furth,0.674,788.1,902.7,829.0,1020.8,45.5,67.5,38.0
6,0.24,5,player,Greuther Furth,0.633,357.7,855.5,391.4,948.6,25.18,61.33,10.2
6,0.24,10,player,Greuther Furth,0.578,1513.6,529.7,1541.3,594.9,80.37,29.19,12.7
6,0.24,4,player,Greuther Furth,0.57,382.5,585.1,407.7,657.2,25.01,35.09,26.6
6,0.24,2,player,Greuther Furth,0.563,1136.3,650.4,1170.1,729.7,61.8,41.82,13.0
6,0.24,13,player,Greuther Furth,0.546,825.7,426.4,854.9,486.8,46.53,18.67,13.6
6,0.24,3,player,Greuther Furth,0.515,270.1,679.0,307.3,765.3,20.34,45.08,22.9
6,0.24,9,player,Greuther Furth,0.502,1282.7,913.4,1325.3,1031.0,68.37,68.37,33.0
6,0.24,18,player,Greuther Furth,0.473,1465.6,416.1,1488.7,479.9,78.33,17.99,14.4
6,0.24,7,player,Greuther Furth,0.469,1066.7,508.1,1089.3,573.8,58.31,27.16,18.5
6,0.24,8,player,Greuther Furth,0.452,536.7,448.0,585.4,556.5,32.8,25.49,15.0
6,0.24,0,ball,Ball,0.7,452.0,1069.0,464.0,1080.0,29.48,72.02,0.0
7,0.28,1,player,Greuther Furth,0.676,786.1,903.7,826.3,1019.3,45.39,67.38,14.7
7,0.28,5,player,Greuther Furth,0.656,356.1,854.5,389.8,948.5,25.1,61.32,6.8
7,0.28,10,player,Greuther Furth,0.59,1511.8,532.2,1537.8,597.7,80.22,29.45,27.2
7,0.28,4,player,Greuther Furth,0.562,380.9,585.1,406.8,657.5,24.95,35.12,6.1
7,0.28,2,player,Greuther Furth,0.532,1135.8,651.5,1169.5,731.5,61.77,41.99,14.9
7,0.28,9,player,Greuther Furth,0.518,1279.7,913.1,1323.3,1017.0,68.29,67.18,38.0
7,0.28,3,player,Greuther Furth,0.51,266.4,683.6,303.4,769.8,20.18,45.49,38.0
7,0.28,19,player,Greuther Furth,0.484,890.9,396.6,915.8,450.7,49.66,15.1,0.0
7,0.28,7,player,Greuther Furth,0.476,1063.7,508.7,1085.2,573.2,58.14,27.11,16.4
7,0.28,13,player,Greuther Furth,0.471,823.8,424.8,851.9,486.9,46.4,18.69,11.1
7,0.28,18,player,Greuther Furth,0.447,1463.4,415.6,1487.4,480.0,78.25,18.01,7.7
7,0.28,8,player,Greuther Furth,0.417,535.7,450.7,588.7,554.8,32.85,25.33,15.5
7,0.28,17,player,Greuther Furth,0.359,1353.6,458.2,1386.8,520.5,72.87,21.99,15.0
7,0.28,0,ball,Ball,0.7,450.0,1070.0,462.0,1080.0,29.39,72.06,0.0
8,0.32,5,player,Greuther Furth,0.686,352.0,854.8,388.8,951.5,25.0,61.59,25.7
8,0.32,1,player,Greuther Furth,0.671,784.1,902.1,823.7,1022.6,45.29,67.65,26.6
8,0.32,10,player,Greuther Furth,0.614,1508.0,531.9,1535.0,602.4,80.04,29.9,38.0
8,0.32,4,player,Greuther Furth,0.539,379.6,587.3,405.7,658.0,24.9,35.16,6.5
8,0.32,7,player,Greuther Furth,0.514,1062.6,507.4,1085.8,570.3,58.13,26.82,25.7
8,0.32,2,player,Greuther Furth,0.51,1136.6,655.1,1167.3,734.2,61.74,42.24,23.0
8,0.32,13,player,Greuther Furth,0.506,823.8,423.7,850.5,485.8,46.37,18.58,10.6
8,0.32,9,player,Greuther Furth,0.468,1277.3,913.4,1322.3,1019.2,68.2,67.37,18.4
8,0.32,19,player,Greuther Furth,0.461,887.7,396.4,911.9,450.7,49.48,15.09,16.0
8,0.32,18,player,Greuther Furth,0.442,1462.4,415.9,1486.7,477.8,78.21,17.79,20.2
8,0.32,3,player,Greuther Furth,0.42,263.8,685.5,302.7,769.0,20.1,45.41,10.3
8,0.32,17,player,Greuther Furth,0.413,1352.7,458.7,1388.4,523.9,72.88,22.32,30.1
8,0.32,0,ball,Ball,0.7,448.0,1070.0,460.0,1080.0,29.3,72.06,0.0
9,0.36,1,player,Greuther Furth,0.702,782.7,902.4,823.0,1021.7,45.24,67.58,7.8
9,0.36,5,player,Greuther Furth,0.69,351.3,855.2,388.1,950.6,24.96,61.5,8.3
9,0.36,13,player,Greuther Furth,0.604,821.2,424.3,848.5,487.2,46.25,18.72,16.3
9,0.36,10,player,Greuther Furth,0.543,1505.3,533.1,1531.4,602.9,79.89,29.94,14.6
9,0.36,4,player,Greuther Furth,0.538,376.8,587.5,404.7,659.2,24.81,35.27,12.6
9,0.36,9,player,Greuther Furth,0.517,1276.7,912.7,1322.1,1021.0,68.18,67.52,14.0
9,0.36,2,player,Greuther Furth,0.502,1136.6,657.8,1166.7,734.4,61.72,42.26,2.2
9,0.36,3,player,Greuther Furth,0.499,265.5,685.9,301.0,767.1,20.09,45.25,15.0
9,0.36,19,player,Greuther Furth,0.411,886.0,397.4,907.8,450.5,49.33,15.07,13.3
9,0.36,20,player,Greuther Furth,0.41,573.4,395.9,594.9,446.0,33.63,14.62,0.0
9,0.36,17,player,Greuther Furth,0.381,1353.3,460.6,1388.3,524.6,72.89,22.39,6.6
9,0.36,18,player,Greuther Furth,0.379,1461.9,417.6,1485.1,473.9,78.18,17.4,34.5
9,0.36,7,player,Greuther Furth,0.33,1060.0,506.8,1081.2,567.8,57.95,26.59,26.6
9,0.36,0,ball,Ball,0.7,447.0,1070.0,458.0,1080.0,29.23,72.06,0.0
10,0.4,1,player,Greuther Furth,0.731,782.0,901.3,822.3,1012.8,45.2,66.83,38.0
10,0.4,5,player,Greuther Furth,0.675,350.9,855.1,388.6,951.0,24.97,61.54,3.3
10,0.4,13,player,Greuther Furth,0.634,820.1,424.4,845.3,487.9,46.15,18.79,11.4
10,0.4,4,player,Greuther Furth,0.563,376.9,587.4,405.6,660.9,24.84,35.43,14.6
10,0.4,2,player,Greuther Furth,0.55,1136.7,657.6,1167.1,733.6,61.73,42.18,7.2
10,0.4,9,player,Greuther Furth,0.537,1275.4,912.8,1320.0,1020.2,68.1,67.45,9.8
10,0.4,3,player,Greuther Furth,0.498,264.6,686.6,303.0,768.6,20.13,45.38,12.5
10,0.4,10,player,Greuther Furth,0.445,1501.7,537.1,1528.9,605.5,79.73,30.2,26.9
10,0.4,20,player,Greuther Furth,0.424,573.7,397.9,595.5,449.0,33.66,14.93,27.3
10,0.4,7,player,Greuther Furth,0.374,1059.0,503.8,1079.8,567.9,57.89,26.59,5.3
10,0.4,19,player,Greuther Furth,0.329,882.3,398.5,903.3,450.9,49.13,15.11,18.7
10,0.4,17,player,Greuther Furth,0.328,1352.8,461.3,1387.3,525.0,72.85,22.43,4.4
10,0.4,18,player,Greuther Furth,0.323,1460.5,418.6,1482.9,475.1,78.08,17.52,13.6
10,0.4,0,ball,Ball,0.7,447.0,1069.0,458.0,1080.0,29.23,72.02,0.0
11,0.44,1,player,Greuther Furth,0.716,780.9,900.5,822.4,1014.3,45.18,66.95,11.3
11,0.44,5,player,Greuther Furth,0.673,352.1,854.5,388.5,948.6,24.98,61.33,18.4
11,0.44,13,player,Greuther Furth,0.659,818.8,424.1,840.6,489.0,46.0,18.9,16.6
11,0.44,9,player,Greuther Furth,0.563,1273.9,911.6,1318.7,1025.0,68.03,67.86,37.4
11,0.44,2,player,Greuther Furth,0.547,1136.7,659.9,1168.1,734.0,61.76,42.22,4.0
11,0.44,7,player,Greuther Furth,0.519,1055.9,503.7,1079.3,570.0,57.8,26.79,19.8
11,0.44,4,player,Greuther Furth,0.495,378.3,587.6,406.4,659.0,24.89,35.26,16.1
11,0.44,10,player,Greuther Furth,0.49,1497.8,538.9,1527.3,605.7,79.59,30.21,12.3
11,0.44,3,player,Greuther Furth,0.484,265.1,685.8,305.5,770.8,20.21,45.58,19.0
11,0.44,21,player,Greuther Furth,0.466,681.4,367.2,698.8,418.8,38.89,11.89,0.0
11,0.44,19,player,Greuther Furth,0.402,878.6,396.8,901.6,450.3,48.99,15.06,13.3
11,0.44,20,player,Greuther Furth,0.392,575.0,400.2,596.9,448.8,33.72,14.9,6.3
11,0.44,17,player,Greuther Furth,0.392,1354.4,463.0,1386.5,524.1,72.87,22.35,7.4
11,0.44,0,ball,Ball,0.7,448.0,1068.0,459.0,1080.0,29.27,71.97,0.0
12,0.48,1,player,Greuther Furth,0.679,779.6,901.1,821.7,1020.3,45.14,67.46,38.0
12,0.48,5,player,Greuther Furth,0.669,351.8,854.1,388.2,948.1,24.97,61.29,4.2
12,0.48,13,player,Greuther Furth,0.632,815.8,422.2,837.9,490.8,45.86,19.07,20.2
12,0.48,7,player,Greuther Furth,0.59,1055.0,500.1,1078.1,569.1,57.75,26.71,9.2
12,0.48,2,player,Greuther Furth,0.559,1137.4,661.5,1169.2,736.2,61.8,42.43,19.0
12,0.48,21,player,Greuther Furth,0.536,680.0,366.0,696.8,418.9,38.8,11.9,7.9
12,0.48,9,player,Greuther Furth,0.533,1272.9,911.7,1320.0,1022.0,68.04,67.61,22.7
12,0.48,3,player,Greuther Furth,0.506,264.6,685.4,305.9,770.7,20.21,45.58,0.2
12,0.48,4,player,Greuther Furth,0.483,377.7,588.4,406.4,663.8,24.89,35.7,38.0
12,0.48,22,player,Greuther Furth,0.467,1234.5,458.6,1269.8,501.1,67.05,20.09,0.0
12,0.48,10,player,Greuther Furth,0.467,1494.5,538.2,1525.4,603.9,79.47,30.04,18.7
12,0.48,17,player,Greuther Furth,0.423,1355.6,464.5,1383.6,522.3,72.83,22.17,16.3
12,0.48,19,player,Greuther Furth,0.416,878.0,396.5,899.4,448.0,48.92,14.82,22.1
12,0.48,20,player,Greuther Furth,0.347,575.8,400.9,597.9,446.5,33.76,14.67,20.7
12,0.48,0,ball,Ball,0.7,447.0,1067.0,459.0,1080.0,29.25,71.93,0.0
13,0.52,5,player,Greuther Furth,0.702,351.7,853.7,388.8,949.1,24.98,61.38,7.9
13,0.52,1,player,Greuther Furth,0.696,779.2,900.1,821.2,1019.4,45.12,67.38,7.4
13,0.52,13,player,Greuther Furth,0.623,815.3,422.7,836.4,491.6,45.81,19.15,8.5
13,0.52,2,player,Greuther Furth,0.611,1139.2,661.1,1170.8,739.1,61.88,42.69,24.4
13,0.52,10,player,Greuther Furth,0.574,1491.4,539.0,1522.1,605.3,79.31,30.17,19.1
13,0.52,7,player,Greuther Furth,0.572,1053.2,502.2,1075.7,567.8,57.65,26.59,14.1
13,0.52,3,player,Greuther Furth,0.565,266.2,686.5,307.8,771.0,20.29,45.6,7.8
13,0.52,9,player,Greuther Furth,0.536,1271.9,911.5,1318.5,1019.4,67.99,67.39,20.3
13,0.52,21,player,Greuther Furth,0.504,677.7,366.6,697.0,418.9,38.75,11.9,4.8
13,0.52,22,player,Greuther Furth,0.461,1241.0,461.9,1271.1,503.6,67.24,20.33,27.7
13,0.52,17,player,Greuther Furth,0.453,1356.3,463.3,1382.9,525.0,72.83,22.43,23.6
13,0.52,19,player,Greuther Furth,0.406,876.3,395.3,898.0,448.6,48.84,14.88,8.5
13,0.52,15,player,Greuther Furth,0.369,1132.9,451.6,1158.3,510.0,61.73,20.96,0.0
13,0.52,6,player,Greuther Furth,0.342,1791.8,877.5,1831.6,967.3,92.14,62.94,0.0
13,0.52,18,player,Greuther Furth,0.337,1454.9,422.8,1477.8,477.2,77.81,17.73,10.3
13,0.52,4,player,Greuther Furth,0.322,378.0,589.6,408.0,665.2,24.94,35.84,13.3
13,0.52,0,ball,Ball,0.7,448.0,1067.0,459.0,1080.0,29.27,71.93,0.0
14,0.56,5,player,Greuther Furth,0.714,352.0,853.8,388.6,949.4,24.98,61.4,2.6
14,0.56,1,player,Greuther Furth,0.692,779.1,899.8,821.0,1020.1,45.11,67.45,5.9
14,0.56,3,player,Greuther Furth,0.663,266.0,686.8,309.2,771.6,20.32,45.66,5.8
14,0.56,10,player,Greuther Furth,0.65,1487.7,538.5,1521.2,605.7,79.19,30.21,10.9
14,0.56,13,player,Greuther Furth,0.608,815.1,422.8,836.3,493.1,45.8,19.3,13.2
14,0.56,2,player,Greuther Furth,0.601,1142.1,662.1,1173.1,743.3,62.0,43.07,36.5
14,0.56,9,player,Greuther Furth,0.52,1271.4,911.3,1317.4,1023.0,67.94,67.69,27.2
14,0.56,17,player,Greuther Furth,0.501,1356.0,463.8,1383.1,534.0,72.79,23.3,38.0
14,0.56,7,player,Greuther Furth,0.492,1052.9,503.6,1074.6,567.4,57.61,26.55,4.8
14,0.56,21,player,Greuther Furth,0.487,677.2,367.4,695.7,416.8,38.7,11.7,18.9
14,0.56,22,player,Greuther Furth,0.483,1247.0,462.2,1272.1,505.8,67.41,20.54,24.6
14,0.56,4,player,Greuther Furth,0.476,378.8,592.6,407.7,664.3,24.95,35.76,7.6
14,0.56,20,player,Greuther Furth,0.451,577.8,378.0,606.7,448.2,34.04,14.84,14.5
14,0.56,19,player,Greuther Furth,0.449,872.5,396.8,897.3,453.1,48.73,15.34,38.0
14,0.56,18,player,Greuther Furth,0.378,1454.2,422.0,1477.6,478.1,77.78,17.81,7.8
14,0.56,15,player,Greuther Furth,0.374,1134.7,455.1,1157.7,508.9,61.76,20.85,9.8
14,0.56,6,player,Greuther Furth,0.355,1791.4,877.8,1829.8,967.9,92.09,63.0,7.1
14,0.56,0,ball,Ball,0.7,452.0,1072.0,459.0,1079.0,29.37,72.1,0.0
15,0.6,5,player,Greuther Furth,0.717,351.9,853.8,388.7,949.8,24.98,61.44,3.0
15,0.6,1,player,Greuther Furth,0.695,779.3,899.8,821.0,1020.7,45.11,67.49,4.0
15,0.6,2,player,Greuther Furth,0.687,1143.6,662.4,1176.1,744.3,62.1,43.17,12.6
15,0.6,10,player,Greuther Furth,0.622,1484.3,541.1,1518.4,606.2,79.04,30.26,14.5
15,0.6,3,player,Greuther Furth,0.61,264.8,688.5,310.0,777.1,20.34,46.15,38.0
15,0.6,13,player,Greuther Furth,0.606,814.1,422.6,836.1,494.5,45.78,19.43,12.3
15,0.6,7,player,Greuther Furth,0.537,1051.5,501.7,1073.1,568.2,57.54,26.62,9.3
15,0.6,20,player,Greuther Furth,0.531,578.1,369.0,606.2,450.0,34.04,15.02,16.3
15,0.6,19,player,Greuther Furth,0.526,872.5,396.2,896.1,453.3,48.7,15.36,3.4
15,0.6,9,player,Greuther Furth,0.521,1270.8,911.1,1316.8,1022.3,67.92,67.63,5.1
15,0.6,23,player,VfB Stuttgart,0.5,1103.1,453.7,1124.3,501.3,60.15,20.11,0.0
15,0.6,4,player,Greuther Furth,0.496,380.3,594.7,408.4,665.0,25.01,35.82,7.5
15,0.6,6,player,Greuther Furth,0.477,1791.9,877.2,1829.9,969.6,92.09,63.14,12.8
15,0.6,21,player,Greuther Furth,0.446,675.6,366.3,694.6,416.8,38.64,11.69,6.0
15,0.6,17,player,Greuther Furth,0.424,1357.2,462.8,1386.1,534.8,72.9,23.38,11.8
15,0.6,15,player,Greuther Furth,0.41,1134.8,455.6,1157.9,508.3,61.77,20.8,5.3
15,0.6,18,player,Greuther Furth,0.376,1453.5,421.6,1477.6,478.6,77.76,17.86,4.9
15,0.6,22,player,Greuther Furth,0.371,1251.5,463.9,1274.3,504.7,67.57,20.44,17.7
15,0.6,0,ball,Ball,0.7,1368.0,526.0,1374.0,532.0,72.88,22.82,0.0
16,0.64,2,player,Greuther Furth,0.731,1144.5,662.6,1177.0,744.6,62.15,43.19,4.7
16,0.64,5,player,Greuther Furth,0.727,352.0,853.7,388.8,949.9,24.99,61.44,0.8
16,0.64,1,player,Greuther Furth,0.711,779.0,899.6,820.8,1020.2,45.1,67.45,4.0
16,0.64,13,player,Greuther Furth,0.587,811.6,424.4,835.7,494.3,45.7,19.42,6.9
16,0.64,7,player,Greuther Furth,0.557,1048.9,501.4,1071.8,567.6,57.45,26.57,9.9
16,0.64,10,player,Greuther Furth,0.555,1480.4,543.8,1516.8,610.7,78.89,30.69,38.0
16,0.64,4,player,Greuther Furth,0.553,382.9,596.6,409.4,665.6,25.1,35.87,9.5
16,0.64,19,player,Greuther Furth,0.544,869.6,396.7,894.5,452.8,48.59,15.3,11.3
16,0.64,20,player,Greuther Furth,0.539,579.3,370.4,603.2,450.8,34.0,15.11,8.2
16,0.64,3,player,Greuther Furth,0.523,264.4,691.3,312.2,776.9,20.38,46.13,4.3
16,0.64,9,player,Greuther Furth,0.522,1270.9,911.7,1316.9,1021.0,67.92,67.52,10.0
16,0.64,21,player,Greuther Furth,0.489,675.0,366.7,694.2,416.9,38.61,11.7,2.6
16,0.64,6,player,Greuther Furth,0.475,1792.2,877.1,1829.2,969.2,92.08,63.11,3.1
16,0.64,23,player,VfB Stuttgart,0.459,1102.0,452.8,1121.1,505.7,60.04,20.54,38.0
16,0.64,17,player,Greuther Furth,0.445,1355.9,462.5,1388.8,542.3,72.91,24.11,38.0
16,0.64,15,player,Greuther Furth,0.379,1135.7,455.7,1157.0,509.2,61.77,20.88,8.0
16,0.64,18,player,Greuther Furth,0.369,1453.3,421.6,1477.1,479.3,77.74,17.94,6.9
16,0.64,0,ball,Ball,0.7,286.0,758.0,295.0,771.0,20.43,45.01,0.0
17,0.68,2,player,Greuther Furth,0.756,1146.3,663.0,1177.4,743.1,62.2,43.06,13.1
17,0.68,5,player,Greuther Furth,0.722,352.3,853.9,388.9,949.6,25.0,61.42,2.7
17,0.68,1,player,Greuther Furth,0.709,779.0,900.8,820.7,1019.0,45.1,67.35,9.0
17,0.68,19,player,Greuther Furth,0.609,868.0,395.5,892.7,452.0,48.5,15.22,10.5
17,0.68,4,player,Greuther Furth,0.602,384.1,598.5,410.6,665.7,25.16,35.88,5.4
17,0.68,3,player,Greuther Furth,0.571,264.4,693.3,315.7,776.7,20.46,46.12,7.5
17,0.68,13,player,Greuther Furth,0.569,809.1,424.9,834.7,494.1,45.62,19.4,7.8
17,0.68,10,player,Greuther Furth,0.561,1478.1,544.7,1514.4,613.8,78.76,30.98,28.5
17,0.68,7,player,Greuther Furth,0.551,1045.9,499.1,1071.2,568.4,57.36,26.64,10.2
17,0.68,20,player,Greuther Furth,0.541,579.5,371.4,601.3,450.3,33.95,15.06,6.1
17,0.68,9,player,Greuther Furth,0.513,1270.9,911.1,1316.4,1021.0,67.91,67.52,1.1
17,0.68,17,player,Greuther Furth,0.483,1357.7,461.1,1386.9,545.0,72.9,24.38,24.1
17,0.68,6,player,Greuther Furth,0.478,1792.5,877.9,1827.4,970.5,92.04,63.22,11.0
17,0.68,21,player,Greuther Furth,0.477,673.7,366.3,693.2,417.6,38.55,11.77,8.1
17,0.68,23,player,VfB Stuttgart,0.425,1099.1,454.6,1120.3,507.1,59.95,20.68,15.3
17,0.68,15,player,Greuther Furth,0.364,1135.8,456.1,1155.7,503.6,61.75,20.33,38.0
17,0.68,18,player,Greuther Furth,0.324,1453.7,420.9,1477.0,479.5,77.75,17.96,1.7
17,0.68,0,ball,Ball,0.7,1373.0,534.0,1380.0,539.0,73.13,23.55,0.0
18,0.72,2,player,Greuther Furth,0.757,1147.8,663.2,1178.5,743.2,62.26,43.07,5.7
18,0.72,5,player,Greuther Furth,0.717,353.0,854.1,389.1,950.1,25.02,61.46,4.5
18,0.72,1,player,Greuther Furth,0.708,779.2,900.7,820.6,1018.7,45.1,67.32,2.5
18,0.72,4,player,Greuther Furth,0.64,384.9,597.5,412.9,668.9,25.24,36.19,28.4
18,0.72,3,player,Greuther Furth,0.623,267.4,697.6,316.9,775.6,20.56,46.01,12.9
18,0.72,13,player,Greuther Furth,0.581,807.3,425.5,835.3,496.8,45.59,19.66,24.1
18,0.72,19,player,Greuther Furth,0.574,866.5,395.6,892.6,451.7,48.46,15.19,4.8
18,0.72,10,player,Greuther Furth,0.56,1477.4,544.9,1511.7,614.2,78.68,31.03,8.5
18,0.72,9,player,Greuther Furth,0.543,1270.6,911.3,1317.3,1020.7,67.93,67.49,2.5
18,0.72,20,player,Greuther Furth,0.515,578.4,369.1,601.5,455.4,33.95,15.56,38.0
18,0.72,6,player,Greuther Furth,0.442,1791.9,878.0,1826.2,970.0,92.0,63.18,5.4
18,0.72,21,player,Greuther Furth,0.434,671.9,365.5,691.8,417.0,38.47,11.71,9.4
18,0.72,17,player,Greuther Furth,0.424,1357.9,461.0,1387.8,526.2,72.98,22.54,38.0
18,0.72,15,player,Greuther Furth,0.41,1135.9,457.7,1155.4,502.8,61.74,20.25,7.0
18,0.72,7,player,Greuther Furth,0.41,1044.6,500.0,1070.5,566.8,57.31,26.49,14.2
18,0.72,22,player,Greuther Furth,0.301,1258.0,464.1,1285.6,511.8,68.0,21.14,24.5
18,0.72,0,ball,Ball,0.7,463.0,1066.0,478.0,1080.0,30.05,71.89,0.0
19,0.76,2,player,Greuther Furth,0.719,1150.1,663.5,1179.5,742.7,62.34,43.02,8.6
19,0.76,5,player,Greuther Furth,0.716,353.0,854.1,389.1,950.4,25.02,61.49,2.4
19,0.76,1,player,Greuther Furth,0.716,779.2,900.6,820.6,1016.6,45.1,67.15,15.4
19,0.76,4,player,Greuther Furth,0.665,386.4,598.0,413.7,671.0,25.31,36.38,18.4
19,0.76,3,player,Greuther Furth,0.635,271.6,697.6,318.5,775.3,20.7,45.99,12.6
19,0.76,9,player,Greuther Furth,0.556,1270.1,911.2,1317.0,1021.9,67.91,67.6,9.4
19,0.76,20,player,Greuther Furth,0.516,576.6,369.4,601.4,453.3,33.89,15.35,19.6
19,0.76,10,player,Greuther Furth,0.512,1478.5,549.8,1511.8,613.8,78.71,30.99,4.6
19,0.76,19,player,Greuther Furth,0.511,865.0,395.7,889.2,449.5,48.34,14.98,21.8
19,0.76,15,player,Greuther Furth,0.462,1132.6,458.2,1155.5,516.5,61.65,21.6,38.0
19,0.76,13,player,Greuther Furth,0.443,804.8,424.1,835.4,495.2,45.53,19.51,15.0
19,0.76,17,player,Greuther Furth,0.415,1358.6,460.2,1387.1,521.1,73.0,22.05,38.0
19,0.76,6,player,Greuther Furth,0.406,1791.3,878.2,1825.2,970.9,91.96,63.25,7.4
19,0.76,21,player,Greuther Furth,0.364,671.7,365.3,690.7,415.4,38.43,11.55,14.7
19,0.76,7,player,Greuther Furth,0.306,1043.2,496.4,1069.5,565.5,57.25,26.36,12.7
19,0.76,0,ball,Ball,0.7,286.0,760.0,296.0,770.0,20.45,45.05,0.0
20,0.8,1,player,Greuther Furth,0.711,779.0,900.5,820.6,1017.2,45.1,67.2,4.7
20,0.8,5,player,Greuther Furth,0.703,353.1,854.2,389.3,950.1,25.03,61.46,2.2
20,0.8,2,player,Greuther Furth,0.685,1151.0,662.5,1180.3,744.4,62.38,43.17,14.4
20,0.8,4,player,Greuther Furth,0.628,387.4,598.5,415.0,675.5,25.38,36.8,38.0
20,0.8,9,player,Greuther Furth,0.538,1270.1,911.7,1316.1,1022.2,67.89,67.62,3.0
20,0.8,3,player,Greuther Furth,0.534,281.0,696.6,319.8,776.9,20.96,46.13,27.0
20,0.8,19,player,Greuther Furth,0.471,863.4,395.1,887.1,448.3,48.25,14.86,13.9
20,0.8,15,player,Greuther Furth,0.427,1131.7,460.4,1154.2,518.9,61.58,21.84,22.0
20,0.8,20,player,Greuther Furth,0.423,576.7,373.7,601.1,454.1,33.89,15.43,7.3
20,0.8,13,player,Greuther Furth,0.396,802.7,425.7,835.7,495.9,45.48,19.58,7.5
20,0.8,17,player,Greuther Furth,0.379,1360.2,461.2,1390.7,522.9,73.12,22.22,18.8
20,0.8,6,player,Greuther Furth,0.36,1790.8,878.9,1824.3,967.5,91.95,62.96,26.1
20,0.8,10,player,Greuther Furth,0.319,1479.4,556.2,1507.2,613.3,78.62,30.94,9.0
20,0.8,0,ball,Ball,0.7,282.0,762.0,291.0,770.0,20.24,45.14,0.0
21,0.84,1,player,Greuther Furth,0.72,778.9,900.4,820.5,1017.1,45.09,67.19,1.5
21,0.84,5,player,Greuther Furth,0.712,353.6,853.6,389.7,950.2,25.05,61.47,2.1
21,0.84,2,player,Greuther Furth,0.645,1152.4,663.3,1181.9,744.7,62.45,43.2,6.9
21,0.84,4,player,Greuther Furth,0.592,390.5,599.6,415.9,678.6,25.49,37.09,27.9
21,0.84,3,player,Greuther Furth,0.571,285.4,694.7,323.1,782.3,21.17,46.62,38.0
21,0.84,9,player,Greuther Furth,0.52,1270.3,911.9,1315.6,1022.2,67.88,67.62,0.9
21,0.84,17,player,Greuther Furth,0.444,1359.5,457.7,1386.4,522.2,73.0,22.16,12.0
21,0.84,19,player,Greuther Furth,0.426,863.0,394.9,884.3,446.1,48.17,14.63,21.5
21,0.84,22,player,Greuther Furth,0.403,1268.8,467.5,1291.9,514.3,68.42,21.39,14.7
21,0.84,15,player,Greuther Furth,0.389,1130.7,462.2,1151.6,521.7,61.49,22.11,25.5
21,0.84,20,player,Greuther Furth,0.378,574.9,391.0,601.8,454.4,33.86,15.46,3.2
21,0.84,6,player,Greuther Furth,0.366,1789.9,879.1,1823.7,968.2,91.91,63.02,6.6
21,0.84,13,player,Greuther Furth,0.362,803.7,430.4,835.4,495.9,45.5,19.57,1.7
21,0.84,10,player,Greuther Furth,0.304,1475.0,551.7,1503.6,616.6,78.41,31.25,34.0
21,0.84,0,ball,Ball,0.7,287.0,758.0,296.0,771.0,20.47,45.01,0.0
22,0.88,1,player,Greuther Furth,0.722,778.6,900.7,819.9,1016.4,45.07,67.13,5.5
22,0.88,5,player,Greuther Furth,0.71,353.9,853.0,389.9,950.2,25.06,61.47,1.0
22,0.88,2,player,Greuther Furth,0.648,1154.1,664.0,1183.6,747.6,62.53,43.47,25.2
22,0.88,3,player,Greuther Furth,0.546,286.1,693.1,327.9,778.8,21.28,46.31,30.3
22,0.88,4,player,Greuther Furth,0.544,392.5,600.8,416.7,678.6,25.56,37.1,6.3
22,0.88,9,player,Greuther Furth,0.533,1269.9,911.9,1313.6,1022.1,67.82,67.61,5.0
22,0.88,22,player,Greuther Furth,0.432,1272.4,468.0,1295.1,514.2,68.59,21.38,15.0
22,0.88,10,player,Greuther Furth,0.411,1473.1,550.7,1498.5,618.9,78.23,31.48,25.8
22,0.88,15,player,Greuther Furth,0.391,1130.1,462.9,1151.2,524.3,61.46,22.36,23.4
22,0.88,17,player,Greuther Furth,0.378,1361.0,458.3,1386.5,521.6,73.04,22.1,6.4
22,0.88,19,player,Greuther Furth,0.376,862.7,395.5,882.5,448.4,48.11,14.87,21.7
22,0.88,6,player,Greuther Furth,0.355,1789.8,878.9,1823.6,969.0,91.9,63.09,6.1
22,0.88,20,player,Greuther Furth,0.351,569.9,383.5,602.9,454.7,33.77,15.49,9.4
22,0.88,13,player,Greuther Furth,0.348,805.2,432.4,836.1,495.2,45.55,19.51,7.8
22,0.88,0,ball,Ball,0.7,1045.0,504.0,1056.0,517.0,57.0,21.01,0.0
23,0.92,1,player,Greuther Furth,0.724,778.6,900.6,819.9,1015.9,45.07,67.09,3.9
23,0.92,5,player,Greuther Furth,0.705,354.2,853.0,390.0,950.2,25.07,61.47,0.9
23,0.92,2,player,Greuther Furth,0.669,1154.9,667.7,1185.6,748.4,62.6,43.54,9.2
23,0.92,4,player,Greuther Furth,0.548,393.5,603.2,418.4,682.1,25.64,37.42,29.7
23,0.92,3,player,Greuther Furth,0.54,286.8,693.2,331.4,780.2,21.39,46.43,14.6
23,0.92,9,player,Greuther Furth,0.519,1270.4,912.0,1313.5,1022.2,67.83,67.62,1.3
23,0.92,10,player,Greuther Furth,0.493,1472.0,553.2,1496.6,620.4,78.15,31.61,14.0
23,0.92,22,player,Greuther Furth,0.389,1275.3,468.4,1297.1,514.1,68.71,21.37,11.0
23,0.92,15,player,Greuther Furth,0.37,1127.9,464.8,1152.4,523.7,61.44,22.3,6.1
23,0.92,17,player,Greuther Furth,0.347,1361.9,460.0,1386.1,521.0,73.06,22.04,5.8
23,0.92,6,player,Greuther Furth,0.341,1789.4,879.4,1823.4,968.7,91.89,63.07,2.2
23,0.92,19,player,Greuther Furth,0.327,862.2,396.5,880.3,449.5,48.05,14.97,11.0
23,0.92,20,player,Greuther Furth,0.313,572.9,398.8,603.7,454.7,33.86,15.5,8.5
23,0.92,0,ball,Ball,0.7,1044.0,503.0,1054.0,518.0,56.93,21.01,0.0
24,0.96,1,player,Greuther Furth,0.725,778.5,900.7,819.8,1015.7,45.06,67.07,1.7
24,0.96,5,player,Greuther Furth,0.719,354.8,853.7,390.0,950.2,25.09,61.47,1.4
24,0.96,2,player,Greuther Furth,0.612,1156.7,673.2,1187.9,750.0,62.69,43.68,15.1
24,0.96,3,player,Greuther Furth,0.543,291.2,695.8,334.3,780.4,21.56,46.45,16.0
24,0.96,4,player,Greuther Furth,0.527,395.3,604.2,418.7,681.2,25.68,37.34,8.3
24,0.96,9,player,Greuther Furth,0.517,1271.3,911.9,1314.0,1022.0,67.86,67.6,3.4
24,0.96,10,player,Greuther Furth,0.494,1469.4,553.4,1495.5,627.3,78.04,32.27,38.0
24,0.96,22,player,Greuther Furth,0.371,1278.3,468.3,1297.7,513.7,68.8,21.32,9.3
24,0.96,15,player,Greuther Furth,0.369,1127.9,465.8,1151.9,521.2,61.43,22.05,22.3
24,0.96,24,player,Greuther Furth,0.354,1096.6,1022.5,1133.9,1079.4,59.61,72.43,0.0
24,0.96,6,player,Greuther Furth,0.351,1787.4,880.0,1823.3,968.8,91.84,63.07,4.4
24,0.96,17,player,Greuther Furth,0.325,1362.0,460.3,1386.1,515.9,73.07,21.54,38.0
24,0.96,20,player,Greuther Furth,0.315,578.4,399.9,603.9,452.1,34.0,15.23,27.0
24,0.96,0,ball,Ball,0.7,446.0,1067.0,457.0,1080.0,29.18,71.93,0.0
25,1.0,1,player,Greuther Furth,0.723,778.7,900.6,819.8,1016.7,45.07,67.15,7.7
25,1.0,5,player,Greuther Furth,0.712,355.0,853.4,390.0,950.1,25.09,61.46,0.7
25,1.0,2,player,Greuther Furth,0.578,1156.8,675.3,1190.5,752.9,62.75,43.95,24.7
25,1.0,4,player,Greuther Furth,0.503,396.2,604.3,420.0,679.9,25.74,37.21,12.3
25,1.0,9,player,Greuther Furth,0.49,1272.2,911.6,1312.9,1023.4,67.86,67.72,10.5
25,1.0,10,player,Greuther Furth,0.478,1466.7,553.6,1493.4,631.1,77.9,32.63,34.2
25,1.0,3,player,Greuther Furth,0.474,290.7,697.3,336.7,782.1,21.62,46.6,14.7
25,1.0,25,player,Greuther Furth,0.419,546.8,461.7,575.1,520.3,32.69,21.97,0.0
25,1.0,22,player,Greuther Furth,0.378,1279.6,468.1,1300.3,513.5,68.9,21.3,8.8
25,1.0,20,player,Greuther Furth,0.338,583.5,402.6,603.4,452.9,34.11,15.31,12.7
25,1.0,15,player,Greuther Furth,0.327,1126.8,465.6,1151.2,519.5,61.39,21.89,15.3
25,1.0,24,player,Greuther Furth,0.326,1097.0,1022.3,1134.3,1079.6,59.63,72.44,1.9
25,1.0,6,player,Greuther Furth,0.315,1785.9,880.5,1823.7,975.2,91.78,63.62,38.0
25,1.0,0,ball,Ball,0.7,1040.0,503.0,1052.0,519.0,56.78,21.06,0.0
26,1.04,5,player,Greuther Furth,0.7,355.2,853.5,390.0,950.3,25.1,61.48,1.2
26,1.04,1,player,Greuther Furth,0.69,778.9,899.8,820.3,1015.4,45.08,67.05,9.6
26,1.04,2,player,Greuther Furth,0.6,1157.0,673.8,1192.4,755.5,62.8,44.19,21.6
26,1.04,3,player,Greuther Furth,0.575,291.9,698.3,339.8,780.9,21.71,46.5,13.0
26,1.04,10,player,Greuther Furth,0.552,1463.6,556.1,1490.3,629.7,77.76,32.5,17.7
26,1.04,4,player,Greuther Furth,0.527,397.0,605.1,422.2,678.3,25.8,37.06,14.8
26,1.04,25,player,Greuther Furth,0.462,546.8,464.2,575.0,520.8,32.68,22.02,4.5
26,1.04,9,player,Greuther Furth,0.445,1274.4,912.6,1315.1,1022.8,67.96,67.67,10.3
26,1.04,22,player,Greuther Furth,0.441,1281.2,467.0,1299.2,514.8,68.91,21.43,11.5
26,1.04,20,player,Greuther Furth,0.37,583.4,401.4,604.3,453.9,34.14,15.41,9.7
26,1.04,15,player,Greuther Furth,0.357,1125.5,466.1,1151.4,520.3,61.36,21.97,7.8
26,1.04,6,player,Greuther Furth,0.311,1785.8,881.0,1823.4,977.7,91.75,63.83,18.9
26,1.04,0,ball,Ball,0.7,1038.0,504.0,1050.0,519.0,56.68,21.11,0.0
27,1.08,5,player,Greuther Furth,0.698,355.4,853.8,389.9,949.9,25.09,61.44,2.9
27,1.08,1,player,Greuther Furth,0.697,779.1,900.0,820.4,1013.1,45.09,66.85,17.9
27,1.08,2,player,Greuther Furth,0.568,1157.6,675.4,1192.5,756.8,62.81,44.31,11.4
27,1.08,3,player,Greuther Furth,0.568,298.0,697.8,342.0,779.1,21.9,46.34,22.4
27,1.08,10,player,Greuther Furth,0.495,1461.5,557.3,1488.3,628.4,77.66,32.37,14.1
27,1.08,26,player,Greuther Furth,0.439,506.6,475.6,536.1,571.0,30.88,26.89,0.0
27,1.08,9,player,Greuther Furth,0.436,1275.4,913.4,1316.5,1021.6,68.02,67.57,10.3
27,1.08,4,player,Greuther Furth,0.435,398.2,605.5,422.5,678.0,25.84,37.03,4.2
27,1.08,25,player,Greuther Furth,0.424,546.5,463.5,576.6,521.7,32.72,22.1,7.9
27,1.08,20,player,Greuther Furth,0.407,583.9,401.1,605.3,454.5,34.18,15.47,6.1
27,1.08,22,player,Greuther Furth,0.347,1282.1,467.4,1302.5,513.7,69.02,21.33,13.3
27,1.08,15,player,Greuther Furth,0.31,1125.7,466.2,1148.8,514.5,61.31,21.4,38.0
27,1.08,0,ball,Ball,0.7,1036.0,505.0,1049.0,521.0,56.6,21.26,0.0
28,1.12,5,player,Greuther Furth,0.689,355.6,854.3,389.6,949.9,25.09,61.44,0.2
28,1.12,1,player,Greuther Furth,0.673,779.5,899.7,820.6,1011.4,45.1,66.71,12.6
28,1.12,10,player,Greuther Furth,0.472,1461.0,556.5,1487.7,627.3,77.64,32.27,9.3
28,1.12,2,player,Greuther Furth,0.46,1157.9,678.4,1192.5,756.7,62.82,44.3,1.4
28,1.12,20,player,Greuther Furth,0.457,584.4,401.9,606.5,456.0,34.22,15.62,14.1
28,1.12,3,player,Greuther Furth,0.436,306.5,696.8,344.3,783.1,22.18,46.69,38.0
28,1.12,4,player,Greuther Furth,0.431,398.3,607.0,425.1,680.3,25.91,37.25,20.7
28,1.12,9,player,Greuther Furth,0.414,1277.3,914.0,1317.2,1022.7,68.08,67.66,9.8
28,1.12,25,player,Greuther Furth,0.391,548.0,464.2,576.9,523.3,32.77,22.27,15.4
28,1.12,26,player,Greuther Furth,0.39,506.0,496.7,534.9,569.4,30.83,26.74,14.4
28,1.12,15,player,Greuther Furth,0.327,1126.1,466.7,1147.2,519.3,61.27,21.87,38.0
28,1.12,0,ball,Ball,0.7,463.0,1065.0,480.0,1080.0,30.09,71.85,0.0
29,1.16,1,player,Greuther Furth,0.677,779.8,899.6,821.0,1014.0,45.12,66.92,19.4
29,1.16,5,player,Greuther Furth,0.673,355.6,854.1,390.2,951.0,25.11,61.54,8.8
29,1.16,3,player,Greuther Furth,0.543,310.4,697.6,344.3,781.9,22.27,46.58,12.4
29,1.16,10,player,Greuther Furth,0.491,1457.9,555.9,1487.3,628.4,77.55,32.37,12.2
29,1.16,4,player,Greuther Furth,0.48,400.9,606.8,427.9,680.4,26.04,37.26,11.6
29,1.16,26,player,Greuther Furth,0.46,504.2,488.2,534.5,571.0,30.78,26.89,15.0
29,1.16,20,player,Greuther Furth,0.454,583.7,401.6,606.6,456.7,34.21,15.69,6.8
29,1.16,27,player,VfB Stuttgart,0.399,817.3,447.5,839.2,496.4,45.94,19.62,0.0
29,1.16,2,player,Greuther Furth,0.386,1157.8,679.7,1192.4,759.2,62.81,44.52,20.3
29,1.16,9,player,Greuther Furth,0.385,1279.0,915.0,1317.8,1028.3,68.12,68.13,38.0
29,1.16,25,player,Greuther Furth,0.383,547.9,467.0,575.0,522.1,32.72,22.14,12.2
29,1.16,17,player,Greuther Furth,0.353,1366.3,461.3,1389.1,522.4,73.23,22.18,11.8
29,1.16,15,player,Greuther Furth,0.348,1126.0,466.3,1148.5,525.7,61.29,22.5,38.0
29,1.16,24,player,Greuther Furth,0.337,1097.6,1021.2,1135.5,1080.0,59.67,72.47,1.2
29,1.16,0,ball,Ball,0.7,63.0,256.0,83.0,271.0,6.7,-4.14,0.0
30,1.2,5,player,Greuther Furth,0.682,354.9,853.7,390.6,952.8,25.11,61.69,13.8
30,1.2,1,player,Greuther Furth,0.675,780.3,899.5,821.0,1014.7,45.13,66.99,5.9
30,1.2,3,player,Greuther Furth,0.503,314.3,695.9,347.1,782.2,22.43,46.62,15.0
30,1.2,4,player,Greuther Furth,0.469,403.4,610.5,429.5,682.8,26.15,37.48,22.5
30,1.2,2,player,Greuther Furth,0.457,1160.0,678.3,1192.5,764.2,62.86,44.98,38.0
30,1.2,20,player,Greuther Furth,0.418,584.7,402.0,606.2,456.8,34.22,15.7,1.7
30,1.2,27,player,VfB Stuttgart,0.418,817.8,449.0,839.1,499.4,45.95,19.92,27.0
30,1.2,26,player,Greuther Furth,0.409,500.8,492.9,532.5,573.6,30.66,27.14,25.1
30,1.2,15,player,Greuther Furth,0.375,1125.5,468.1,1148.3,530.7,61.27,22.99,38.0
30,1.2,24,player,Greuther Furth,0.36,1097.8,1020.4,1135.5,1080.0,59.68,72.47,0.6
30,1.2,10,player,Greuther Furth,0.353,1456.9,556.9,1484.6,629.6,77.45,32.48,13.2
30,1.2,17,player,Greuther Furth,0.322,1366.6,462.0,1387.8,521.5,73.21,22.09,8.4
30,1.2,0,ball,Ball,0.7,448.0,1066.0,460.0,1079.0,29.29,71.85,0.0
31,1.24,1,player,Greuther Furth,0.705,781.2,900.1,822.0,1018.1,45.18,67.28,26.4
31,1.24,5,player,Greuther Furth,0.674,354.9,853.5,390.8,954.5,25.12,61.84,13.1
31,1.24,2,player,Greuther Furth,0.482,1160.7,681.8,1193.7,763.7,62.91,44.94,5.7
31,1.24,26,player,Greuther Furth,0.433,499.7,479.4,532.0,574.4,30.62,27.22,7.6
31,1.24,27,player,VfB Stuttgart,0.41,818.0,451.7,839.3,499.4,45.96,19.92,1.0
31,1.24,4,player,Greuther Furth,0.408,404.5,611.7,431.4,684.4,26.23,37.64,15.8
31,1.24,20,player,Greuther Furth,0.407,584.9,404.5,606.9,455.6,34.25,15.58,11.0
31,1.24,24,player,Greuther Furth,0.379,1098.4,1019.8,1136.3,1079.9,59.71,72.47,3.0
31,1.24,15,player,Greuther Furth,0.372,1125.3,469.3,1147.8,532.5,61.25,23.16,15.2
31,1.24,3,player,Greuther Furth,0.351,321.5,693.0,347.9,782.6,22.62,46.65,17.4
31,1.24,25,player,Greuther Furth,0.332,546.8,464.8,575.3,523.9,32.7,22.32,8.2
31,1.24,9,player,Greuther Furth,0.32,1284.1,917.9,1319.5,1013.7,68.31,66.9,38.0
31,1.24,10,player,Greuther Furth,0.317,1456.9,556.6,1483.5,629.2,77.43,32.45,4.1
31,1.24,17,player,Greuther Furth,0.317,1366.5,461.7,1388.2,521.0,73.22,22.04,4.2
31,1.24,0,ball,Ball,0.7,62.0,256.0,83.0,271.0,6.67,-4.14,0.0
32,1.28,1,player,Greuther Furth,0.715,781.8,899.7,822.8,1016.6,45.21,67.15,11.9
32,1.28,5,player,Greuther Furth,0.681,355.0,854.3,391.2,954.3,25.13,61.82,1.9
32,1.28,4,player,Greuther Furth,0.528,407.5,611.4,432.8,685.1,26.34,37.69,11.2
32,1.28,3,player,Greuther Furth,0.492,326.1,689.9,350.6,780.4,22.79,46.45,23.0
32,1.28,20,player,Greuther Furth,0.456,585.6,407.4,606.9,457.6,34.27,15.78,17.9
32,1.28,2,player,Greuther Furth,0.436,1160.7,685.7,1194.7,765.4,62.93,45.09,13.5
32,1.28,26,player,Greuther Furth,0.433,497.5,508.3,530.3,572.2,30.52,27.01,21.2
32,1.28,27,player,VfB Stuttgart,0.423,817.9,452.3,839.3,499.9,45.96,19.97,4.4
32,1.28,25,player,Greuther Furth,0.384,546.2,465.3,574.4,531.1,32.69,23.03,38.0
32,1.28,10,player,Greuther Furth,0.381,1457.4,553.4,1485.0,626.6,77.49,32.2,22.9
32,1.28,24,player,Greuther Furth,0.346,1099.9,1019.5,1137.0,1079.8,59.76,72.46,4.5
32,1.28,15,player,Greuther Furth,0.33,1124.2,472.4,1148.1,532.8,61.23,23.19,3.4
32,1.28,7,player,Greuther Furth,0.317,1020.6,497.3,1054.1,558.0,56.32,25.64,0.0
32,1.28,0,ball,Ball,0.7,63.0,256.0,83.0,271.0,6.7,-4.14,0.0
33,1.32,1,player,Greuther Furth,0.69,782.6,898.8,823.6,1015.6,45.25,67.06,8.4
33,1.32,5,player,Greuther Furth,0.666,355.0,854.3,391.5,953.9,25.14,61.79,2.6
33,1.32,2,player,Greuther Furth,0.503,1163.3,686.8,1194.6,763.7,62.99,44.93,14.8
33,1.32,3,player,Greuther Furth,0.473,329.8,687.9,354.1,781.4,22.96,46.55,17.9
33,1.32,27,player,VfB Stuttgart,0.415,817.6,452.4,839.9,499.4,45.96,19.92,4.9
33,1.32,20,player,Greuther Furth,0.392,585.8,407.7,607.4,456.9,34.28,15.71,6.4
33,1.32,4,player,Greuther Furth,0.385,411.3,614.4,436.3,684.5,26.51,37.64,16.3
33,1.32,10,player,Greuther Furth,0.374,1457.9,551.7,1483.5,627.9,77.46,32.32,11.1
33,1.32,7,player,Greuther Furth,0.341,1020.1,495.2,1050.3,558.1,56.21,25.64,9.7
33,1.32,24,player,Greuther Furth,0.329,1101.9,1018.1,1139.0,1079.7,59.85,72.45,8.3
33,1.32,15,player,Greuther Furth,0.321,1124.0,474.0,1150.4,531.5,61.29,23.07,12.1
33,1.32,26,player,Greuther Furth,0.32,498.0,510.7,529.0,570.7,30.49,26.86,13.7
33,1.32,25,player,Greuther Furth,0.3,547.2,466.0,574.8,529.1,32.71,22.83,18.4
33,1.32,0,ball,Ball,0.7,64.0,256.0,84.0,271.0,6.75,-4.14,0.0
34,1.36,1,player,Greuther Furth,0.659,783.8,899.9,824.6,1014.1,45.3,66.94,12.0
34,1.36,5,player,Greuther Furth,0.64,354.6,855.2,392.4,954.7,25.16,61.85,5.8
34,1.36,3,player,Greuther Furth,0.535,333.3,688.0,358.4,783.2,23.16,46.71,22.8
34,1.36,10,player,Greuther Furth,0.515,1457.7,551.4,1485.3,627.1,77.5,32.25,7.3
34,1.36,2,player,Greuther Furth,0.509,1166.1,687.3,1197.1,768.7,63.11,45.39,38.0
34,1.36,4,player,Greuther Furth,0.483,415.6,615.9,441.1,690.7,26.76,38.22,38.0
34,1.36,20,player,Greuther Furth,0.404,585.9,408.4,608.0,456.4,34.3,15.66,4.7
34,1.36,27,player,VfB Stuttgart,0.388,817.2,452.0,839.7,500.0,45.95,19.98,6.1
34,1.36,17,player,Greuther Furth,0.373,1367.7,460.7,1390.1,522.0,73.3,22.14,3.6
34,1.36,24,player,Greuther Furth,0.338,1101.6,1019.0,1141.7,1080.0,59.91,72.47,5.4
34,1.36,26,player,Greuther Furth,0.315,497.4,511.0,528.3,572.1,30.47,26.99,12.4
34,1.36,25,player,Greuther Furth,0.312,546.2,467.0,575.0,529.5,32.69,22.87,4.1
34,1.36,15,player,Greuther Furth,0.311,1124.4,474.6,1151.0,531.8,61.31,23.09,2.9
34,1.36,7,player,Greuther Furth,0.301,1019.5,495.4,1048.8,559.0,56.16,25.74,9.5
34,1.36,0,ball,Ball,0.7,452.0,1065.0,464.0,1079.0,29.47,71.81,0.0
35,1.4,5,player,Greuther Furth,0.637,355.8,855.5,392.5,953.5,25.18,61.75,9.4
35,1.4,3,player,Greuther Furth,0.626,337.4,690.4,364.2,783.0,23.39,46.69,21.4
35,1.4,2,player,Greuther Furth,0.608,1167.6,687.2,1199.3,769.1,63.2,45.43,8.7
35,1.4,1,player,Greuther Furth,0.606,785.5,899.7,826.7,1005.1,45.37,66.17,38.0
35,1.4,10,player,Greuther Furth,0.517,1455.5,553.6,1484.9,625.7,77.44,32.11,13.4
35,1.4,4,player,Greuther Furth,0.416,417.6,615.0,443.5,690.7,26.86,38.22,9.4
35,1.4,17,player,Greuther Furth,0.39,1368.7,461.1,1391.1,524.8,73.34,22.41,24.7
35,1.4,27,player,VfB Stuttgart,0.387,817.3,450.7,839.8,505.6,45.96,20.53,38.0
35,1.4,28,player,Greuther Furth,0.365,1464.4,423.3,1488.4,484.8,78.28,18.48,0.0
35,1.4,24,player,Greuther Furth,0.336,1104.3,1020.0,1142.3,1080.0,59.98,72.47,6.8
35,1.4,20,player,Greuther Furth,0.333,586.5,408.1,607.2,458.6,34.3,15.88,19.4
35,1.4,0,ball,Ball,0.7,67.0,256.0,87.0,270.0,6.9,-4.2,0.0
36,1.44,2,player,Greuther Furth,0.698,1170.0,686.6,1202.0,769.9,63.32,45.5,12.8
36,1.44,1,player,Greuther Furth,0.676,787.7,900.8,827.9,1004.2,45.45,66.09,10.0
36,1.44,3,player,Greuther Furth,0.67,340.4,695.5,369.1,782.8,23.58,46.67,17.1
36,1.44,5,player,Greuther Furth,0.632,356.3,855.6,393.2,953.2,25.21,61.73,3.1
36,1.44,10,player,Greuther Furth,0.547,1455.2,553.6,1486.9,624.7,77.49,32.02,9.1
36,1.44,28,player,Greuther Furth,0.467,1465.9,422.9,1491.2,485.6,78.38,18.56,12.2
36,1.44,17,player,Greuther Furth,0.427,1368.8,461.6,1391.3,525.0,73.35,22.43,1.8
36,1.44,27,player,VfB Stuttgart,0.42,818.0,449.0,840.4,506.0,45.99,20.56,4.5
36,1.44,4,player,Greuther Furth,0.384,419.2,615.2,446.6,696.3,27.0,38.74,38.0
36,1.44,20,player,Greuther Furth,0.345,586.6,407.3,608.7,459.6,34.34,15.98,9.6
36,1.44,15,player,Greuther Furth,0.343,1125.5,474.4,1149.5,533.1,61.3,23.22,5.7
36,1.44,25,player,Greuther Furth,0.341,544.4,470.5,575.0,530.8,32.66,22.99,6.0
36,1.44,0,ball,Ball,0.7,69.0,256.0,89.0,270.0,7.0,-4.2,0.0
37,1.48,1,player,Greuther Furth,0.67,789.1,900.4,830.3,1005.8,45.54,66.23,14.4
37,1.48,2,player,Greuther Furth,0.642,1172.7,688.2,1206.0,773.4,63.47,45.82,31.8
37,1.48,5,player,Greuther Furth,0.6,358.6,855.5,394.6,952.0,25.29,61.62,12.2
37,1.48,4,player,Greuther Furth,0.579,421.9,618.3,449.3,696.8,27.13,38.78,12.9
37,1.48,10,player,Greuther Furth,0.524,1449.9,552.6,1488.7,626.1,77.4,32.15,14.1
37,1.48,28,player,Greuther Furth,0.504,1468.1,423.8,1493.2,487.7,78.48,18.77,20.5
37,1.48,3,player,Greuther Furth,0.5,344.6,697.5,375.2,782.9,23.83,46.68,22.2
37,1.48,27,player,VfB Stuttgart,0.437,818.8,451.2,840.1,505.9,46.0,20.56,1.4
37,1.48,25,player,Greuther Furth,0.401,545.0,471.5,574.7,530.5,32.66,22.97,2.6
37,1.48,17,player,Greuther Furth,0.376,1371.6,462.2,1392.0,523.1,73.44,22.25,18.2
37,1.48,15,player,Greuther Furth,0.368,1126.6,474.4,1149.5,536.1,61.32,23.51,26.5
37,1.48,20,player,Greuther Furth,0.322,587.5,408.0,609.3,461.6,34.39,16.18,18.9
37,1.48,0,ball,Ball,0.7,70.0,256.0,90.0,270.0,7.05,-4.2,0.0
38,1.52,1,player,Greuther Furth,0.704,791.0,900.2,832.6,1007.7,45.64,66.39,17.5
38,1.52,2,player,Greuther Furth,0.688,1175.2,689.2,1208.4,774.8,63.59,45.94,15.3
38,1.52,4,player,Greuther Furth,0.68,425.9,618.6,454.9,697.3,27.36,38.83,21.2
38,1.52,5,player,Greuther Furth,0.595,359.4,855.6,397.7,952.4,25.38,61.66,9.1
38,1.52,10,player,Greuther Furth,0.59,1442.8,552.3,1492.9,627.4,77.32,32.28,13.0
38,1.52,3,player,Greuther Furth,0.532,348.6,699.5,380.6,785.2,24.06,46.89,28.2
38,1.52,15,player,Greuther Furth,0.485,1126.3,475.0,1151.0,539.4,61.35,23.84,29.3
38,1.52,28,player,Greuther Furth,0.421,1470.9,425.0,1494.4,485.5,78.59,18.55,22.0
38,1.52,17,player,Greuther Furth,0.407,1371.6,462.3,1394.2,523.0,73.49,22.24,4.9
38,1.52,27,player,VfB Stuttgart,0.396,820.3,451.7,840.9,501.4,46.05,20.12,38.0
38,1.52,20,player,Greuther Furth,0.319,589.4,409.2,610.9,462.7,34.48,16.29,12.6
38,1.52,25,player,Greuther Furth,0.314,546.9,473.4,570.0,528.1,32.59,22.73,22.1
38,1.52,0,ball,Ball,0.7,358.0,772.0,365.0,782.0,23.88,46.14,0.0
39,1.56,1,player,Greuther Furth,0.687,791.8,898.9,834.3,1009.1,45.7,66.51,12.1
39,1.56,4,player,Greuther Furth,0.638,430.9,623.2,456.2,700.9,27.53,39.16,33.5
39,1.56,5,player,Greuther Furth,0.636,360.3,856.2,398.4,952.6,25.42,61.68,3.9
39,1.56,3,player,Greuther Furth,0.634,352.9,701.5,383.6,786.4,24.24,47.0,18.7
39,1.56,2,player,Greuther Furth,0.589,1177.9,695.3,1209.7,776.6,63.68,46.11,17.0
39,1.56,10,player,Greuther Furth,0.574,1443.6,553.8,1494.0,629.7,77.36,32.49,20.0
39,1.56,15,player,Greuther Furth,0.476,1126.4,476.0,1151.4,541.3,61.35,24.01,15.9
39,1.56,27,player,VfB Stuttgart,0.434,821.6,454.8,842.8,507.3,46.14,20.7,38.0
39,1.56,28,player,Greuther Furth,0.431,1471.0,426.4,1496.9,487.1,78.65,18.71,15.3
39,1.56,17,player,Greuther Furth,0.415,1374.7,462.9,1397.0,522.9,73.64,22.22,13.3
39,1.56,0,ball,Ball,0.7,151.0,261.0,167.0,272.0,11.16,-3.83,0.0
40,1.6,1,player,Greuther Furth,0.661,794.3,898.6,835.9,1011.1,45.8,66.68,17.3
40,1.6,3,player,Greuther Furth,0.645,357.1,699.6,387.5,786.6,24.43,47.01,17.6
40,1.6,5,player,Greuther Furth,0.642,362.3,854.8,400.9,951.7,25.52,61.6,11.7
40,1.6,4,player,Greuther Furth,0.567,436.5,624.0,460.2,703.5,27.77,39.41,31.2
40,1.6,2,player,Greuther Furth,0.557,1179.6,698.7,1212.1,777.3,63.78,46.17,10.4
40,1.6,10,player,Greuther Furth,0.537,1448.8,555.4,1495.1,630.6,77.51,32.58,15.7
40,1.6,15,player,Greuther Furth,0.472,1126.2,477.9,1154.4,542.2,61.42,24.1,10.2
40,1.6,27,player,VfB Stuttgart,0.43,823.7,455.7,845.0,508.4,46.25,20.81,13.6
40,1.6,17,player,Greuther Furth,0.404,1376.3,461.7,1399.5,523.5,73.74,22.28,10.4
40,1.6,25,player,Greuther Furth,0.371,548.4,472.8,575.2,532.4,32.76,23.15,20.5
40,1.6,28,player,Greuther Furth,0.339,1472.8,423.5,1498.0,487.6,78.72,18.75,7.8
40,1.6,0,ball,Ball,0.7,153.0,251.0,171.0,272.0,11.28,-4.36,0.0
41,1.64,3,player,Greuther Furth,0.695,361.4,699.2,389.6,788.2,24.59,47.16,19.4
41,1.64,1,player,Greuther Furth,0.647,796.7,897.3,839.7,1008.5,45.94,66.46,23.6
41,1.64,5,player,Greuther Furth,0.644,362.5,855.1,404.1,950.2,25.59,61.47,13.5
41,1.64,2,player,Greuther Furth,0.591,1179.9,697.5,1215.2,780.0,63.85,46.42,23.3
41,1.64,10,player,Greuther Furth,0.551,1448.7,556.2,1496.0,631.4,77.53,32.65,6.9
41,1.64,4,player,Greuther Furth,0.522,441.7,623.7,464.5,703.2,28.0,39.38,20.7
41,1.64,15,player,Greuther Furth,0.472,1127.7,479.3,1154.6,544.8,61.46,24.36,23.4
41,1.64,27,player,VfB Stuttgart,0.441,825.5,455.1,846.6,508.0,46.33,20.77,8.5
41,1.64,25,player,Greuther Furth,0.397,547.4,472.4,576.6,531.7,32.77,23.09,6.0
41,1.64,0,ball,Ball,0.7,157.0,258.0,174.0,272.0,11.48,-3.99,0.0
42,1.68,1,player,Greuther Furth,0.695,800.4,899.3,842.0,1009.2,46.08,66.52,13.6
42,1.68,5,player,Greuther Furth,0.651,363.0,854.6,404.9,950.9,25.63,61.53,6.6
42,1.68,3,player,Greuther Furth,0.622,367.0,697.3,392.7,787.2,24.8,47.07,20.0
42,1.68,2,player,Greuther Furth,0.518,1181.5,699.3,1216.3,779.3,63.92,46.35,8.3
42,1.68,10,player,Greuther Furth,0.493,1459.5,558.5,1497.0,630.7,77.82,32.59,26.9
42,1.68,15,player,Greuther Furth,0.45,1129.0,480.3,1156.1,543.1,61.53,24.2,16.1
42,1.68,4,player,Greuther Furth,0.411,444.7,624.5,468.9,702.2,28.18,39.29,17.9
42,1.68,25,player,Greuther Furth,0.402,546.9,472.6,576.4,533.3,32.76,23.24,14.1
42,1.68,24,player,Greuther Furth,0.367,1118.4,1022.6,1154.8,1079.0,60.59,72.39,0.0
42,1.68,29,player,Greuther Furth,0.349,790.5,423.5,812.1,471.6,44.56,17.18,0.0
42,1.68,27,player,VfB Stuttgart,0.347,826.1,454.5,847.4,506.5,46.37,20.62,13.8
42,1.68,0,ball,Ball,0.7,159.0,256.0,177.0,272.0,11.61,-4.09,0.0
43,1.72,1,player,Greuther Furth,0.741,803.6,898.7,844.5,1011.9,46.21,66.75,23.9
43,1.72,5,player,Greuther Furth,0.63,364.6,853.4,407.4,950.3,25.72,61.48,9.5
43,1.72,2,player,Greuther Furth,0.512,1182.2,700.2,1218.7,780.1,63.99,46.43,9.5
43,1.72,4,player,Greuther Furth,0.509,448.0,624.1,473.9,698.2,28.36,38.92,37.2
43,1.72,10,player,Greuther Furth,0.503,1467.6,564.5,1501.1,634.1,78.1,32.91,38.0
43,1.72,15,player,Greuther Furth,0.403,1129.5,481.5,1157.8,540.9,61.59,23.98,20.3
43,1.72,25,player,Greuther Furth,0.391,546.7,472.5,578.7,533.8,32.81,23.29,6.4
43,1.72,20,player,Greuther Furth,0.39,596.2,411.3,621.8,463.8,34.92,16.4,8.3
43,1.72,3,player,Greuther Furth,0.385,369.4,695.9,395.8,786.1,24.93,46.97,14.7
43,1.72,29,player,Greuther Furth,0.328,790.8,423.8,813.9,470.9,44.61,17.11,7.9
43,1.72,24,player,Greuther Furth,0.303,1120.9,1022.3,1157.8,1079.1,60.72,72.4,11.4
43,1.72,0,ball,Ball,0.7,163.0,256.0,180.0,272.0,11.79,-4.09,0.0
44,1.76,1,player,Greuther Furth,0.744,806.7,899.0,848.4,1010.0,46.37,66.59,20.0
44,1.76,5,player,Greuther Furth,0.654,365.6,854.3,410.3,953.4,25.82,61.75,25.8
44,1.76,4,player,Greuther Furth,0.629,453.2,624.2,479.6,701.2,28.63,39.19,34.9
44,1.76,3,player,Greuther Furth,0.547,376.0,691.6,401.4,779.1,25.19,46.34,38.0
44,1.76,20,player,Greuther Furth,0.457,598.3,411.5,623.8,464.8,35.03,16.5,12.8
44,1.76,25,player,Greuther Furth,0.434,548.3,471.9,578.1,534.7,32.84,23.37,7.8
44,1.76,10,player,Greuther Furth,0.429,1470.8,563.7,1501.6,634.9,78.19,32.99,10.4
44,1.76,15,player,Greuther Furth,0.42,1131.0,481.9,1155.3,542.3,61.56,24.12,12.8
44,1.76,2,player,Greuther Furth,0.395,1185.3,703.3,1219.1,783.7,64.07,46.75,29.7
44,1.76,28,player,Greuther Furth,0.3,1482.5,429.9,1509.2,489.7,79.23,18.96,12.5
44,1.76,0,ball,Ball,0.7,159.0,252.0,184.0,271.0,11.77,-4.36,0.0
45,1.8,3,player,Greuther Furth,0.694,380.8,689.2,406.8,776.9,25.42,46.14,27.5
45,1.8,1,player,Greuther Furth,0.693,809.7,899.4,853.3,1005.5,46.55,66.21,38.0
45,1.8,4,player,Greuther Furth,0.62,457.3,622.1,484.6,702.3,28.86,39.3,22.6
45,1.8,5,player,Greuther Furth,0.616,368.0,853.7,413.1,953.8,25.94,61.78,11.5
45,1.8,2,player,Greuther Furth,0.571,1189.1,706.0,1223.2,783.0,64.26,46.68,18.2
45,1.8,20,player,Greuther Furth,0.513,600.1,410.2,628.0,467.5,35.18,16.77,28.3
45,1.8,24,player,Greuther Furth,0.476,1129.2,1018.8,1165.8,1079.7,61.09,72.45,17.0
45,1.8,25,player,Greuther Furth,0.452,548.0,473.1,581.2,535.0,32.91,23.41,7.2
45,1.8,28,player,Greuther Furth,0.451,1485.7,426.5,1511.1,489.9,79.36,18.98,11.5
45,1.8,15,player,Greuther Furth,0.437,1131.9,482.7,1154.5,540.5,61.57,23.94,16.3
45,1.8,10,player,Greuther Furth,0.399,1472.7,564.2,1505.3,635.1,78.32,33.01,12.3
45,1.8,27,player,VfB Stuttgart,0.39,831.9,457.2,855.7,511.1,46.72,21.07,17.3
45,1.8,29,player,Greuther Furth,0.318,794.0,424.3,817.5,471.6,44.78,17.17,8.3
45,1.8,0,ball,Ball,0.7,163.0,252.0,188.0,271.0,11.98,-4.36,0.0
46,1.84,1,player,Greuther Furth,0.72,813.0,901.0,857.7,1005.1,46.73,66.17,16.5
46,1.84,3,player,Greuther Furth,0.688,387.6,689.8,412.5,774.2,25.71,45.89,34.4
46,1.84,5,player,Greuther Furth,0.628,369.8,854.5,413.4,952.2,25.99,61.64,13.1
46,1.84,2,player,Greuther Furth,0.614,1189.7,707.8,1225.5,786.5,64.32,47.0,29.3
46,1.84,15,player,Greuther Furth,0.46,1134.5,482.8,1155.0,540.6,61.65,23.95,7.0
46,1.84,20,player,Greuther Furth,0.454,601.3,411.2,630.4,468.0,35.28,16.81,9.1
46,1.84,27,player,VfB Stuttgart,0.442,834.2,457.0,856.2,512.8,46.79,21.24,16.4
46,1.84,25,player,Greuther Furth,0.428,550.4,473.1,579.3,533.1,32.92,23.22,17.2
46,1.84,28,player,Greuther Furth,0.427,1490.8,426.6,1513.0,488.6,79.54,18.86,19.9
46,1.84,17,player,Greuther Furth,0.406,1388.0,463.0,1412.9,527.7,74.35,22.69,0.0
46,1.84,10,player,Greuther Furth,0.402,1471.9,562.9,1504.0,638.6,78.26,33.34,30.1
46,1.84,30,player,Greuther Furth,0.401,495.5,518.9,524.5,586.5,30.37,28.38,0.0
46,1.84,4,player,Greuther Furth,0.382,464.3,624.0,490.1,703.4,29.17,39.4,28.7
46,1.84,24,player,Greuther Furth,0.354,1130.5,1021.8,1169.7,1079.5,61.21,72.43,10.6
46,1.84,29,player,Greuther Furth,0.318,794.8,425.4,819.5,471.7,44.85,17.18,6.2
46,1.84,0,ball,Ball,0.7,1818.0,900.0,1825.0,909.0,92.95,57.5,0.0
47,1.88,1,player,Greuther Furth,0.689,816.2,899.8,860.1,1007.7,46.86,66.4,23.3
47,1.88,2,player,Greuther Furth,0.673,1191.7,709.4,1227.3,787.4,64.41,47.08,10.8
47,1.88,5,player,Greuther Furth,0.636,371.1,854.1,416.6,952.2,26.09,61.64,9.6
47,1.88,3,player,Greuther Furth,0.635,392.4,688.6,419.2,770.4,25.97,45.54,38.0
47,1.88,15,player,Greuther Furth,0.533,1133.2,482.6,1156.2,547.1,61.63,24.58,38.0
47,1.88,27,player,VfB Stuttgart,0.52,833.5,457.2,856.6,512.9,46.79,21.24,0.6
47,1.88,20,player,Greuther Furth,0.492,602.0,411.3,631.5,469.1,35.32,16.92,10.9
47,1.88,30,player,Greuther Furth,0.487,495.9,520.7,523.7,594.0,30.39,29.1,38.0
47,1.88,10,player,Greuther Furth,0.453,1472.6,564.5,1504.4,641.3,78.28,33.59,22.8
47,1.88,25,player,Greuther Furth,0.447,550.6,472.7,578.8,531.2,32.9,23.03,16.6
47,1.88,4,player,Greuther Furth,0.439,468.6,626.3,496.1,707.2,29.43,39.75,38.0
47,1.88,17,player,Greuther Furth,0.417,1390.4,462.7,1414.6,525.3,74.46,22.46,23.0
47,1.88,28,player,Greuther Furth,0.352,1493.4,427.0,1515.8,489.2,79.67,18.92,12.8
47,1.88,24,player,Greuther Furth,0.327,1132.1,1022.2,1170.8,1079.5,61.27,72.43,5.7
47,1.88,0,ball,Ball,0.7,461.0,1070.0,474.0,1080.0,29.92,72.06,0.0
48,1.92,5,player,Greuther Furth,0.697,373.0,853.3,417.3,950.8,26.15,61.52,11.8
48,1.92,2,player,Greuther Furth,0.685,1193.1,709.3,1227.8,787.1,64.46,47.06,4.6
48,1.92,1,player,Greuther Furth,0.679,817.5,900.1,862.4,1008.6,46.94,66.47,9.8
48,1.92,3,player,Greuther Furth,0.63,393.9,686.2,424.1,772.8,26.14,45.77,25.0
48,1.92,4,player,Greuther Furth,0.575,474.5,631.0,498.9,712.1,29.65,40.2,38.0
48,1.92,15,player,Greuther Furth,0.534,1133.1,482.7,1158.1,550.0,61.68,24.87,25.6
48,1.92,27,player,VfB Stuttgart,0.506,834.1,458.4,858.1,517.1,46.84,21.65,37.5
48,1.92,30,player,Greuther Furth,0.5,495.8,524.3,522.3,596.5,30.36,29.34,21.7
48,1.92,32,player,VfB Stuttgart,0.463,873.5,397.8,893.9,448.5,48.67,14.87,0.0
48,1.92,17,player,Greuther Furth,0.462,1391.8,463.3,1415.3,525.4,74.51,22.47,4.7
48,1.92,25,player,Greuther Furth,0.459,552.7,471.3,576.9,534.4,32.92,23.35,28.6
48,1.92,20,player,Greuther Furth,0.451,603.7,412.2,632.3,469.5,35.39,16.97,6.9
48,1.92,31,player,Greuther Furth,0.443,1786.6,884.3,1837.3,1015.2,91.89,67.03,0.0
48,1.92,24,player,Greuther Furth,0.434,1134.2,1019.1,1173.0,1080.0,61.37,72.47,9.6
48,1.92,10,player,Greuther Furth,0.414,1472.1,566.1,1504.2,641.2,78.26,33.58,1.7
48,1.92,33,player,Greuther Furth,0.361,679.8,372.1,700.1,415.1,38.88,11.52,0.0
48,1.92,28,player,Greuther Furth,0.353,1496.5,429.3,1517.7,488.6,79.8,18.85,12.9
48,1.92,0,ball,Ball,0.7,124.0,256.0,134.0,269.0,9.58,-4.25,0.0
49,1.96,2,player,Greuther Furth,0.72,1196.2,709.3,1230.5,790.8,64.59,47.39,31.7
49,1.96,5,player,Greuther Furth,0.697,374.7,853.2,420.3,951.4,26.26,61.57,10.9
49,1.96,3,player,Greuther Furth,0.666,398.2,685.0,429.1,768.6,26.34,45.39,38.0
49,1.96,4,player,Greuther Furth,0.659,479.0,632.2,503.9,710.5,29.88,40.05,24.1
49,1.96,1,player,Greuther Furth,0.64,819.0,897.5,865.4,1008.5,47.05,66.46,9.4
49,1.96,15,player,Greuther Furth,0.551,1133.9,485.2,1158.7,551.8,61.71,25.04,16.0
49,1.96,27,player,VfB Stuttgart,0.491,835.8,458.9,859.7,516.0,46.92,21.55,11.9
49,1.96,25,player,Greuther Furth,0.484,553.3,470.6,576.2,537.5,32.92,23.64,26.4
49,1.96,30,player,Greuther Furth,0.482,496.8,527.1,522.2,594.6,30.38,29.16,16.1
49,1.96,20,player,Greuther Furth,0.465,605.9,413.5,633.2,470.1,35.47,17.02,8.7
49,1.96,17,player,Greuther Furth,0.463,1394.5,464.1,1416.3,525.6,74.6,22.49,8.4
49,1.96,10,player,Greuther Furth,0.425,1474.2,567.4,1503.9,642.4,78.3,33.7,11.1
49,1.96,28,player,Greuther Furth,0.404,1497.3,427.0,1520.9,489.1,79.89,18.91,10.0
49,1.96,33,player,Greuther Furth,0.382,680.2,372.2,700.3,416.0,38.89,11.61,8.2
49,1.96,32,player,VfB Stuttgart,0.362,874.4,397.3,895.6,446.6,48.74,14.69,17.7
49,1.96,31,player,Greuther Furth,0.358,1784.5,886.3,1837.1,1015.8,91.83,67.08,6.6
49,1.96,0,ball,Ball,0.7,146.0,262.0,157.0,270.0,10.77,-3.88,0.0
50,2.0,5,player,Greuther Furth,0.692,376.2,852.9,419.5,950.4,26.27,61.49,7.5
50,2.0,3,player,Greuther Furth,0.684,401.8,684.6,432.1,767.4,26.5,45.27,17.4
50,2.0,2,player,Greuther Furth,0.676,1196.9,708.8,1232.1,794.1,64.64,47.69,27.8
50,2.0,1,player,Greuther Furth,0.651,821.9,898.1,867.3,1008.3,47.16,66.44,10.3
50,2.0,4,player,Greuther Furth,0.63,483.4,633.6,508.6,710.0,30.1,40.0,20.2
50,2.0,15,player,Greuther Furth,0.514,1135.2,487.3,1160.0,551.9,61.77,25.04,5.7
50,2.0,30,player,Greuther Furth,0.485,496.2,528.0,523.8,595.3,30.4,29.22,5.8
50,2.0,25,player,Greuther Furth,0.475,553.3,472.0,576.5,539.5,32.94,23.84,17.7
50,2.0,27,player,VfB Stuttgart,0.447,836.7,459.7,860.0,512.8,46.95,21.24,28.1
50,2.0,20,player,Greuther Furth,0.435,607.8,414.8,633.1,469.1,35.51,16.92,9.7
50,2.0,10,player,Greuther Furth,0.396,1472.6,568.2,1505.4,642.4,78.3,33.7,0.3
50,2.0,33,player,Greuther Furth,0.394,681.4,372.3,700.9,416.0,38.94,11.61,3.9
50,2.0,17,player,Greuther Furth,0.389,1397.7,466.8,1418.6,523.3,74.74,22.26,23.9
50,2.0,28,player,Greuther Furth,0.364,1497.4,426.9,1522.2,488.2,79.93,18.82,9.0
50,2.0,32,player,VfB Stuttgart,0.326,875.7,396.9,895.0,448.8,48.75,14.9,19.7
50,2.0,31,player,Greuther Furth,0.309,1784.9,887.3,1838.1,1016.3,91.86,67.12,4.8
50,2.0,0,ball,Ball,0.7,592.0,1073.0,599.0,1080.0,35.79,72.18,0.0
51,2.04,3,player,Greuther Furth,0.72,405.9,681.7,436.4,767.5,26.7,45.28,18.0
51,2.04,2,player,Greuther Furth,0.688,1198.7,709.4,1233.7,799.1,64.71,48.14,38.0
51,2.04,5,player,Greuther Furth,0.663,378.5,852.7,420.8,952.9,26.37,61.7,20.8
51,2.04,1,player,Greuther Furth,0.643,824.7,899.1,868.3,1008.7,47.25,66.48,8.3
51,2.04,4,player,Greuther Furth,0.565,488.8,635.5,513.6,712.8,30.35,40.27,33.5
51,2.04,15,player,Greuther Furth,0.463,1136.5,490.5,1161.6,552.8,61.84,25.14,10.7
51,2.04,10,player,Greuther Furth,0.433,1475.7,567.8,1505.9,643.0,78.38,33.75,9.1
51,2.04,25,player,Greuther Furth,0.426,553.2,470.6,577.4,537.8,32.95,23.68,14.5
51,2.04,30,player,Greuther Furth,0.417,495.5,528.1,523.7,594.0,30.38,29.1,11.0
51,2.04,28,player,Greuther Furth,0.412,1500.3,427.0,1524.1,488.9,80.05,18.88,12.2
51,2.04,33,player,Greuther Furth,0.367,681.7,372.8,701.1,416.0,38.95,11.61,1.2
51,2.04,17,player,Greuther Furth,0.36,1399.0,467.1,1419.8,520.5,74.82,21.99,25.5
51,2.04,27,player,VfB Stuttgart,0.349,838.4,461.0,860.8,511.6,47.01,21.12,12.0
51,2.04,20,player,Greuther Furth,0.345,608.4,417.2,632.7,465.5,35.5,16.57,32.2
51,2.04,24,player,Greuther Furth,0.335,1143.7,1021.1,1179.5,1078.4,61.74,72.34,11.7
51,2.04,32,player,VfB Stuttgart,0.306,876.8,396.7,896.7,448.7,48.82,14.89,6.4
51,2.04,0,ball,Ball,0.7,152.0,262.0,163.0,270.0,11.08,-3.88,0.0
52,2.08,3,player,Greuther Furth,0.677,407.1,681.6,441.4,767.3,26.85,45.26,13.5
52,2.08,2,player,Greuther Furth,0.661,1199.0,713.1,1237.4,805.2,64.8,48.69,38.0
52,2.08,5,player,Greuther Furth,0.648,381.3,852.0,422.5,950.9,26.46,61.53,17.9
52,2.08,1,player,Greuther Furth,0.64,827.6,899.1,871.1,1012.1,47.38,66.77,29.0
52,2.08,4,player,Greuther Furth,0.571,493.3,635.2,516.5,713.9,30.54,40.37,18.8
52,2.08,10,player,Greuther Furth,0.471,1475.4,566.4,1508.2,642.3,78.43,33.69,7.6
52,2.08,15,player,Greuther Furth,0.465,1136.8,491.3,1160.8,550.5,61.83,24.91,20.1
52,2.08,27,player,VfB Stuttgart,0.43,839.1,460.2,864.1,516.0,47.11,21.55,38.0
52,2.08,25,player,Greuther Furth,0.422,552.1,470.6,578.0,539.5,32.94,23.85,15.2
52,2.08,30,player,Greuther Furth,0.373,492.9,527.5,525.7,597.1,30.37,29.4,26.8
52,2.08,20,player,Greuther Furth,0.372,608.7,417.2,632.8,465.9,35.52,16.61,3.7
52,2.08,28,player,Greuther Furth,0.339,1501.7,428.2,1527.3,491.4,80.15,19.13,23.9
52,2.08,17,player,Greuther Furth,0.315,1400.3,468.5,1423.5,528.4,74.91,22.76,38.0
52,2.08,0,ball,Ball,0.7,192.0,252.0,208.0,271.0,13.24,-4.36,0.0
53,2.12,2,player,Greuther Furth,0.713,1198.6,720.0,1242.2,806.3,64.9,48.79,12.8
53,2.12,4,player,Greuther Furth,0.642,495.4,636.6,522.9,717.3,30.75,40.68,34.1
53,2.12,1,player,Greuther Furth,0.634,830.5,897.6,873.8,1017.4,47.52,67.21,38.0
53,2.12,5,player,Greuther Furth,0.598,383.3,852.9,423.1,947.5,26.51,61.24,26.5
53,2.12,3,player,Greuther Furth,0.593,412.3,680.1,444.3,764.0,27.03,44.96,31.6
53,2.12,27,player,VfB Stuttgart,0.451,842.6,460.6,863.9,514.8,47.19,21.43,12.7
53,2.12,15,player,Greuther Furth,0.416,1137.7,492.1,1161.5,553.6,61.87,25.21,27.2
53,2.12,10,player,Greuther Furth,0.401,1471.5,567.9,1512.4,641.1,78.44,33.57,10.4
53,2.12,34,player,Greuther Furth,0.396,1015.6,490.3,1047.8,556.5,56.04,25.5,0.0
53,2.12,31,player,Greuther Furth,0.339,1785.7,886.3,1840.7,1015.5,91.94,67.06,3.1
53,2.12,30,player,Greuther Furth,0.338,491.7,528.9,527.1,598.0,30.38,29.48,7.5
53,2.12,25,player,Greuther Furth,0.334,553.7,473.9,577.5,537.1,32.97,23.61,21.7
53,2.12,17,player,Greuther Furth,0.3,1400.6,467.3,1424.8,528.1,74.95,22.73,4.6
53,2.12,0,ball,Ball,0.7,609.0,1071.0,618.0,1080.0,36.61,72.1,0.0
54,2.16,2,player,Greuther Furth,0.682,1198.2,723.0,1243.9,805.2,64.93,48.69,8.8
54,2.16,4,player,Greuther Furth,0.675,501.0,637.9,528.3,716.9,31.02,40.65,23.8
54,2.16,3,player,Greuther Furth,0.672,415.4,678.8,448.5,763.4,27.2,44.9,16.3
54,2.16,1,player,Greuther Furth,0.632,833.0,898.3,876.1,1007.7,47.62,66.39,38.0
54,2.16,5,player,Greuther Furth,0.566,386.4,853.0,423.9,945.2,26.6,61.04,19.4
54,2.16,27,player,VfB Stuttgart,0.498,845.3,459.8,865.5,519.0,47.3,21.85,38.0
54,2.16,34,player,Greuther Furth,0.422,1013.0,490.9,1050.6,556.9,56.05,25.53,2.8
54,2.16,10,player,Greuther Furth,0.419,1473.8,569.4,1512.6,643.0,78.5,33.75,17.3
54,2.16,30,player,Greuther Furth,0.312,491.6,529.2,526.6,596.0,30.36,29.29,17.0
54,2.16,31,player,Greuther Furth,0.312,1785.4,886.2,1840.8,1015.4,91.94,67.05,0.9
54,2.16,15,player,Greuther Furth,0.304,1138.3,492.9,1162.0,551.0,61.9,24.96,23.1
54,2.16,0,ball,Ball,0.7,200.0,255.0,215.0,271.0,13.64,-4.2,0.0
55,2.2,3,player,Greuther Furth,0.695,420.5,677.2,451.6,763.9,27.4,44.95,18.5
55,2.2,2,player,Greuther Furth,0.663,1194.3,724.8,1245.5,808.3,64.87,48.97,25.4
55,2.2,1,player,Greuther Furth,0.64,836.2,899.2,878.0,1005.0,47.74,66.17,22.9
55,2.2,4,player,Greuther Furth,0.613,506.7,641.8,534.2,720.6,31.31,40.98,38.0
55,2.2,5,player,Greuther Furth,0.581,387.8,852.9,425.9,943.0,26.67,60.85,18.3
55,2.2,27,player,VfB Stuttgart,0.499,846.9,459.5,868.1,520.7,47.41,22.01,17.6
55,2.2,10,player,Greuther Furth,0.466,1473.6,571.4,1513.0,646.6,78.49,34.09,30.5
55,2.2,34,player,Greuther Furth,0.417,1012.4,491.9,1048.5,557.1,55.98,25.55,6.4
55,2.2,35,player,VfB Stuttgart,0.416,1350.8,512.4,1377.0,567.6,72.41,26.57,0.0
55,2.2,30,player,Greuther Furth,0.3,490.3,530.3,525.5,597.2,30.3,29.4,11.2
55,2.2,0,ball,Ball,0.7,622.0,1072.0,630.0,1080.0,37.19,72.14,0.0
56,2.24,3,player,Greuther Furth,0.703,424.0,676.5,455.9,761.3,27.58,44.72,26.5
56,2.24,2,player,Greuther Furth,0.676,1192.4,727.3,1248.0,808.4,64.89,48.98,1.2
56,2.24,1,player,Greuther Furth,0.628,839.1,899.8,881.4,1008.6,47.88,66.47,30.4
56,2.24,10,player,Greuther Furth,0.604,1477.5,573.5,1511.2,648.0,78.54,34.22,12.3
56,2.24,5,player,Greuther Furth,0.595,389.4,851.7,427.2,943.8,26.74,60.92,8.8
56,2.24,36,player,VfB Stuttgart,0.552,1447.0,420.6,1467.4,469.8,77.38,17.0,0.0
56,2.24,4,player,Greuther Furth,0.537,512.7,644.9,539.1,725.2,31.59,41.41,38.0
56,2.24,27,player,VfB Stuttgart,0.506,847.3,461.0,869.9,520.5,47.46,21.99,5.1
56,2.24,35,player,VfB Stuttgart,0.469,1352.4,514.9,1380.1,576.8,72.5,27.45,38.0
56,2.24,34,player,Greuther Furth,0.453,1009.6,491.4,1048.1,556.5,55.9,25.49,9.0
56,2.24,28,player,Greuther Furth,0.387,1509.1,433.5,1534.7,494.6,80.51,19.45,10.8
56,2.24,30,player,Greuther Furth,0.313,492.1,531.0,521.8,597.9,30.26,29.47,7.5
56,2.24,0,ball,Ball,0.7,429.0,736.0,438.0,747.0,27.19,42.91,0.0
57,2.28,10,player,Greuther Furth,0.777,1476.8,574.1,1513.2,647.1,78.57,34.14,7.8
57,2.28,3,player,Greuther Furth,0.754,430.3,673.4,458.0,758.5,27.77,44.46,29.1
57,2.28,2,player,Greuther Furth,0.685,1189.5,727.6,1250.2,814.1,64.86,49.49,38.0
57,2.28,1,player,Greuther Furth,0.616,841.8,900.2,884.7,1006.0,48.02,66.25,23.5
57,2.28,5,player,Greuther Furth,0.597,393.1,851.0,430.1,948.2,26.91,61.3,37.4
57,2.28,27,player,VfB Stuttgart,0.556,846.9,459.9,870.9,520.1,47.48,21.95,3.4
57,2.28,35,player,VfB Stuttgart,0.538,1354.0,515.1,1384.6,581.5,72.64,27.9,38.0
57,2.28,28,player,Greuther Furth,0.502,1512.5,433.5,1536.1,495.3,80.63,19.52,12.3
57,2.28,36,player,VfB Stuttgart,0.501,1449.1,420.6,1471.8,471.8,77.53,17.2,22.9
57,2.28,4,player,Greuther Furth,0.496,517.7,646.1,543.6,725.2,31.81,41.41,20.6
57,2.28,34,player,Greuther Furth,0.485,1006.9,491.2,1044.5,556.6,55.74,25.5,14.3
57,2.28,37,player,VfB Stuttgart,0.392,886.7,402.3,909.6,454.6,49.4,15.48,0.0
57,2.28,30,player,Greuther Furth,0.384,490.4,532.2,521.9,600.7,30.23,29.74,24.1
57,2.28,15,player,Greuther Furth,0.33,1139.2,493.0,1166.5,555.4,62.03,25.38,13.3
57,2.28,0,ball,Ball,0.7,443.0,744.0,450.0,754.0,27.85,43.59,0.0
58,2.32,3,player,Greuther Furth,0.717,435.9,672.6,463.4,758.0,28.03,44.42,23.6
58,2.32,4,player,Greuther Furth,0.634,524.9,649.5,548.7,720.2,32.1,40.95,38.0
58,2.32,10,player,Greuther Furth,0.588,1475.4,575.3,1515.6,652.7,78.57,34.66,38.0
58,2.32,2,player,Greuther Furth,0.586,1188.6,728.7,1248.4,816.2,64.79,49.67,17.7
58,2.32,5,player,Greuther Furth,0.577,394.9,851.5,432.3,948.9,27.0,61.36,10.6
58,2.32,35,player,VfB Stuttgart,0.575,1357.4,515.4,1389.1,579.9,72.84,27.75,22.9
58,2.32,1,player,Greuther Furth,0.55,844.9,901.6,886.9,1010.6,48.15,66.64,36.9
58,2.32,28,player,Greuther Furth,0.543,1514.7,436.0,1539.4,495.4,80.76,19.53,12.3
58,2.32,27,player,VfB Stuttgart,0.498,848.5,462.8,872.6,521.0,47.56,22.04,10.9
58,2.32,30,player,Greuther Furth,0.399,490.1,533.0,522.0,600.7,30.23,29.74,0.5
58,2.32,34,player,Greuther Furth,0.378,1005.5,492.5,1038.3,555.1,55.56,25.36,21.0
58,2.32,15,player,Greuther Furth,0.369,1139.5,494.3,1167.4,556.5,62.05,25.49,9.8
58,2.32,17,player,Greuther Furth,0.344,1410.2,470.5,1436.6,531.3,75.47,23.05,10.9
58,2.32,36,player,VfB Stuttgart,0.327,1451.3,425.7,1471.8,475.3,77.58,17.54,31.1
58,2.32,37,player,VfB Stuttgart,0.32,887.6,401.4,910.4,453.9,49.44,15.41,7.5
58,2.32,0,ball,Ball,0.7,442.0,732.0,448.0,740.0,27.73,42.4,0.0
59,2.36,10,player,Greuther Furth,0.674,1476.8,578.1,1518.6,656.6,78.67,35.03,34.3
59,2.36,1,player,Greuther Furth,0.637,847.4,901.6,887.4,1005.3,48.21,66.19,38.0
59,2.36,4,player,Greuther Furth,0.634,529.5,650.9,552.1,722.0,32.3,41.12,23.6
59,2.36,5,player,Greuther Furth,0.617,398.4,853.7,434.8,944.8,27.13,61.01,33.9
59,2.36,2,player,Greuther Furth,0.582,1187.0,733.5,1245.2,814.3,64.68,49.51,18.0
59,2.36,28,player,Greuther Furth,0.566,1518.6,435.8,1541.5,496.1,80.91,19.6,14.6
59,2.36,35,player,VfB Stuttgart,0.565,1359.9,517.4,1388.6,583.3,72.88,28.07,29.7
59,2.36,3,player,Greuther Furth,0.543,440.3,668.4,467.9,756.2,28.23,44.25,23.9
59,2.36,15,player,Greuther Furth,0.466,1139.6,495.8,1168.1,557.8,62.07,25.62,11.9
59,2.36,17,player,Greuther Furth,0.461,1410.3,469.1,1439.9,532.0,75.55,23.12,9.7
59,2.36,30,player,Greuther Furth,0.426,491.7,534.1,520.5,599.6,30.23,29.63,9.6
59,2.36,27,player,VfB Stuttgart,0.42,848.7,463.3,875.0,520.4,47.63,21.98,8.1
59,2.36,37,player,VfB Stuttgart,0.372,892.1,401.3,912.3,453.5,49.6,15.37,14.8
59,2.36,34,player,Greuther Furth,0.325,1002.2,493.1,1038.0,553.4,55.47,25.19,17.1
59,2.36,36,player,VfB Stuttgart,0.323,1454.1,431.1,1474.8,478.3,77.71,17.84,29.5
59,2.36,0,ball,Ball,0.7,448.0,731.0,454.0,738.0,28.01,42.27,0.0
60,2.4,5,player,Greuther Furth,0.678,400.8,853.5,437.6,946.9,27.26,61.18,19.6
60,2.4,3,player,Greuther Furth,0.669,443.3,665.6,471.8,753.8,28.39,44.03,24.5
60,2.4,35,player,VfB Stuttgart,0.621,1363.9,520.9,1388.8,584.6,72.98,28.19,14.0
60,2.4,10,player,Greuther Furth,0.596,1478.7,576.8,1520.6,652.0,78.78,34.6,38.0
60,2.4,4,player,Greuther Furth,0.596,533.0,649.2,559.9,726.0,32.58,41.49,38.0
60,2.4,2,player,Greuther Furth,0.585,1186.0,735.0,1240.4,815.7,64.54,49.64,17.2
60,2.4,1,player,Greuther Furth,0.58,848.5,901.9,889.1,1008.5,48.28,66.46,25.2
60,2.4,15,player,Greuther Furth,0.508,1140.9,496.7,1168.3,561.9,62.1,26.02,35.8
60,2.4,17,player,Greuther Furth,0.501,1414.3,469.0,1440.3,530.0,75.67,22.91,21.1
60,2.4,28,player,Greuther Furth,0.468,1519.9,436.1,1542.8,495.6,80.98,19.55,7.8
60,2.4,38,player,VfB Stuttgart,0.401,146.5,1017.3,201.4,1077.5,16.47,72.26,0.0
60,2.4,30,player,Greuther Furth,0.362,492.0,533.0,520.2,596.6,30.22,29.35,25.3
60,2.4,27,player,VfB Stuttgart,0.336,849.0,465.3,876.3,520.6,47.66,22.0,3.8
60,2.4,37,player,VfB Stuttgart,0.318,895.4,400.0,913.9,453.1,49.72,15.33,11.5
60,2.4,0,ball,Ball,0.7,535.0,1060.0,550.0,1074.0,33.34,71.39,0.0
61,2.44,5,player,Greuther Furth,0.71,404.6,852.9,438.5,940.7,27.35,60.65,38.0
61,2.44,1,player,Greuther Furth,0.618,851.1,902.7,891.0,1008.6,48.38,66.47,9.4
61,2.44,35,player,VfB Stuttgart,0.57,1364.4,525.4,1389.4,582.6,73.01,28.01,17.0
61,2.44,3,player,Greuther Furth,0.56,447.1,664.8,475.2,750.3,28.55,43.71,32.1
61,2.44,17,player,Greuther Furth,0.541,1413.9,468.9,1441.8,532.5,75.69,23.16,22.5
61,2.44,2,player,Greuther Furth,0.524,1187.9,733.9,1238.3,816.1,64.54,49.67,3.1
61,2.44,4,player,Greuther Furth,0.504,537.8,650.7,566.9,728.7,32.87,41.73,34.1
61,2.44,10,player,Greuther Furth,0.493,1483.9,577.2,1520.5,647.7,78.92,34.19,38.0
61,2.44,15,player,Greuther Furth,0.465,1142.8,498.6,1168.1,559.7,62.15,25.8,19.9
61,2.44,28,player,Greuther Furth,0.366,1521.1,435.3,1544.5,495.7,81.05,19.56,6.2
61,2.44,30,player,Greuther Furth,0.364,492.0,532.3,519.0,596.9,30.19,29.37,3.3
61,2.44,0,ball,Ball,0.7,538.0,1060.0,553.0,1074.0,33.47,71.39,0.0
62,2.48,5,player,Greuther Furth,0.63,406.5,852.6,441.3,940.1,27.45,60.59,10.7
62,2.48,1,player,Greuther Furth,0.601,852.5,903.1,893.2,1011.1,48.47,66.68,20.7
62,2.48,3,player,Greuther Furth,0.582,450.8,663.1,479.1,749.7,28.73,43.66,16.8
62,2.48,35,player,VfB Stuttgart,0.553,1364.7,527.1,1392.3,580.9,73.09,27.85,16.4
62,2.48,10,player,Greuther Furth,0.537,1486.9,575.4,1522.6,650.7,79.03,34.48,27.6
62,2.48,17,player,Greuther Furth,0.526,1415.5,469.9,1442.9,534.5,75.75,23.36,18.2
62,2.48,2,player,Greuther Furth,0.48,1187.8,734.3,1236.3,814.8,64.49,49.55,11.4
62,2.48,4,player,Greuther Furth,0.466,540.0,654.9,571.4,731.5,33.04,41.99,27.9
62,2.48,30,player,Greuther Furth,0.418,492.3,533.2,518.5,602.4,30.2,29.9,38.0
62,2.48,15,player,Greuther Furth,0.412,1142.6,505.0,1167.9,560.2,62.14,25.85,4.9
62,2.48,25,player,Greuther Furth,0.348,545.9,475.0,586.6,541.5,33.01,24.03,0.0
62,2.48,37,player,VfB Stuttgart,0.319,897.9,400.4,918.6,452.8,49.9,15.3,8.3
62,2.48,0,ball,Ball,0.7,540.0,1059.0,555.0,1075.0,33.57,71.39,0.0
63,2.52,3,player,Greuther Furth,0.646,455.0,663.0,480.8,748.2,28.87,43.52,17.5
63,2.52,5,player,Greuther Furth,0.592,409.8,853.9,444.3,939.1,27.59,60.51,15.0
63,2.52,1,player,Greuther Furth,0.592,854.1,903.2,893.7,1012.6,48.52,66.81,12.3
63,2.52,35,player,VfB Stuttgart,0.561,1366.8,527.7,1393.5,581.9,73.17,27.94,10.8
63,2.52,10,player,Greuther Furth,0.519,1488.2,576.1,1523.5,652.1,79.08,34.61,12.7
63,2.52,2,player,Greuther Furth,0.488,1185.9,735.2,1231.8,814.8,64.33,49.55,14.0
63,2.52,39,player,Greuther Furth,0.464,986.0,498.2,1010.0,548.9,54.38,24.75,0.0
63,2.52,4,player,Greuther Furth,0.46,543.8,658.6,577.4,734.1,33.28,42.23,30.8
63,2.52,17,player,Greuther Furth,0.442,1419.1,470.1,1445.4,534.2,75.9,23.33,14.0
63,2.52,30,player,Greuther Furth,0.401,491.8,533.3,518.1,602.5,30.18,29.91,2.4
63,2.52,15,player,Greuther Furth,0.394,1142.4,505.8,1167.6,562.2,62.12,26.04,17.1
63,2.52,25,player,Greuther Furth,0.386,545.5,465.5,582.8,543.6,32.91,24.24,21.0
63,2.52,24,player,Greuther Furth,0.306,1175.6,1021.5,1213.8,1079.4,63.25,72.43,0.0
63,2.52,38,player,VfB Stuttgart,0.305,152.0,1016.4,209.8,1077.5,16.79,72.27,9.5
63,2.52,37,player,VfB Stuttgart,0.302,897.9,400.5,920.2,454.4,49.94,15.46,15.1
63,2.52,0,ball,Ball,0.7,542.0,1059.0,557.0,1076.0,33.66,71.43,0.0
64,2.56,35,player,VfB Stuttgart,0.666,1370.7,528.6,1395.0,588.3,73.29,28.56,38.0
64,2.56,1,player,Greuther Furth,0.648,855.3,903.2,896.7,1013.4,48.62,66.88,10.7
64,2.56,3,player,Greuther Furth,0.628,458.8,662.1,485.3,746.4,29.06,43.36,23.2
64,2.56,5,player,Greuther Furth,0.602,411.2,854.4,447.1,938.2,27.69,60.43,11.0
64,2.56,10,player,Greuther Furth,0.553,1489.7,575.6,1525.0,653.5,79.15,34.74,13.5
64,2.56,4,player,Greuther Furth,0.547,547.6,662.3,581.5,737.4,33.48,42.53,32.5
64,2.56,2,player,Greuther Furth,0.526,1177.9,736.3,1226.7,817.8,64.02,49.82,37.1
64,2.56,25,player,Greuther Furth,0.456,546.1,456.8,583.3,542.5,32.94,24.14,9.8
64,2.56,17,player,Greuther Furth,0.437,1419.1,470.5,1446.3,536.0,75.92,23.5,15.6
64,2.56,39,player,Greuther Furth,0.422,980.5,502.0,1007.2,550.9,54.17,24.95,25.7
64,2.56,30,player,Greuther Furth,0.42,491.4,534.1,517.3,607.0,30.16,30.34,38.0
64,2.56,36,player,VfB Stuttgart,0.413,1462.6,426.6,1483.2,475.3,78.14,17.54,9.5
64,2.56,15,player,Greuther Furth,0.365,1142.6,506.3,1167.0,560.4,62.12,25.87,15.8
64,2.56,27,player,VfB Stuttgart,0.319,855.3,466.4,879.6,523.8,47.91,22.31,9.0
64,2.56,28,player,Greuther Furth,0.305,1524.9,435.9,1550.3,496.4,81.28,19.62,7.4
64,2.56,0,ball,Ball,0.7,545.0,1059.0,560.0,1074.0,33.79,71.35,0.0
65,2.6,1,player,Greuther Furth,0.678,857.1,902.9,897.2,1008.2,48.67,66.43,38.0
65,2.6,35,player,VfB Stuttgart,0.651,1372.3,530.4,1397.2,594.8,73.36,29.18,38.0
65,2.6,5,player,Greuther Furth,0.589,413.2,852.4,449.6,938.2,27.8,60.43,9.4
65,2.6,3,player,Greuther Furth,0.527,463.9,659.8,488.6,743.4,29.25,43.08,29.9
65,2.6,4,player,Greuther Furth,0.526,552.5,662.3,582.4,737.5,33.62,42.54,12.6
65,2.6,2,player,Greuther Furth,0.473,1178.4,738.1,1221.9,814.3,63.92,49.51,29.1
65,2.6,10,player,Greuther Furth,0.4,1492.7,577.1,1525.9,654.0,79.24,34.79,9.4
65,2.6,30,player,Greuther Furth,0.397,492.2,535.0,515.6,602.7,30.13,29.93,37.5
65,2.6,25,player,Greuther Furth,0.39,545.9,455.4,577.4,541.8,32.78,24.06,15.2
65,2.6,36,player,VfB Stuttgart,0.364,1464.3,426.0,1484.5,472.6,78.23,17.28,24.7
65,2.6,28,player,Greuther Furth,0.349,1527.1,437.0,1551.5,497.4,81.36,19.72,11.5
65,2.6,17,player,Greuther Furth,0.33,1419.5,471.7,1447.7,534.4,75.97,23.34,15.1
65,2.6,15,player,Greuther Furth,0.312,1141.9,505.9,1167.2,560.7,62.1,25.89,2.5
65,2.6,39,player,Greuther Furth,0.31,976.6,502.5,1002.0,553.0,53.95,25.16,27.4
65,2.6,0,ball,Ball,0.7,547.0,1059.0,562.0,1075.0,33.89,71.39,0.0
66,2.64,1,player,Greuther Furth,0.705,858.1,902.8,898.0,1006.4,48.71,66.28,14.3
66,2.64,35,player,VfB Stuttgart,0.654,1373.4,530.6,1399.2,599.9,73.42,29.66,38.0
66,2.64,5,player,Greuther Furth,0.549,413.3,852.2,450.0,937.3,27.8,60.36,6.5
66,2.64,4,player,Greuther Furth,0.53,555.1,664.5,585.6,738.2,33.76,42.61,14.1
66,2.64,10,player,Greuther Furth,0.413,1495.5,576.9,1528.6,652.3,79.38,34.63,19.1
66,2.64,3,player,Greuther Furth,0.403,464.7,657.2,490.9,745.4,29.34,43.26,17.9
66,2.64,36,player,VfB Stuttgart,0.384,1466.8,426.5,1486.2,474.2,78.33,17.43,16.2
66,2.64,25,player,Greuther Furth,0.38,546.3,454.3,576.4,541.8,32.77,24.07,1.6
66,2.64,30,player,Greuther Furth,0.378,491.1,538.2,516.1,604.2,30.12,30.08,13.5
66,2.64,28,player,Greuther Furth,0.376,1527.6,437.4,1552.7,498.8,81.4,19.86,13.2
66,2.64,2,player,Greuther Furth,0.358,1178.0,743.3,1221.0,819.7,63.88,49.99,38.0
66,2.64,15,player,Greuther Furth,0.353,1142.0,506.6,1167.0,563.5,62.1,26.16,24.5
66,2.64,27,player,VfB Stuttgart,0.305,855.7,467.2,881.1,524.8,47.96,22.41,4.9
66,2.64,0,ball,Ball,0.7,1014.0,499.0,1025.0,513.0,55.46,20.57,0.0
67,2.68,35,player,VfB Stuttgart,0.63,1373.4,532.2,1400.9,600.0,73.46,29.67,3.5
67,2.68,1,player,Greuther Furth,0.625,860.3,902.6,899.1,1010.6,48.79,66.64,33.3
67,2.68,5,player,Greuther Furth,0.561,416.9,853.8,450.5,938.1,27.9,60.42,10.6
67,2.68,4,player,Greuther Furth,0.427,557.5,665.4,587.8,740.6,33.88,42.83,22.7
67,2.68,3,player,Greuther Furth,0.418,467.6,658.7,494.6,741.8,29.48,42.94,32.2
67,2.68,36,player,VfB Stuttgart,0.415,1470.5,426.8,1487.3,473.0,78.45,17.31,15.3
67,2.68,28,player,Greuther Furth,0.402,1528.5,436.2,1553.9,498.8,81.45,19.86,4.8
67,2.68,25,player,Greuther Furth,0.399,546.4,462.1,578.4,545.3,32.83,24.4,30.4
67,2.68,10,player,Greuther Furth,0.387,1494.9,576.3,1530.5,650.8,79.42,34.49,13.7
67,2.68,15,player,Greuther Furth,0.352,1142.3,506.9,1166.9,566.1,62.1,26.42,23.2
67,2.68,30,player,Greuther Furth,0.304,490.5,541.4,516.0,605.0,30.1,30.15,6.9
67,2.68,0,ball,Ball,0.7,699.0,1071.0,707.0,1080.0,40.72,72.1,0.0
68,2.72,5,player,Greuther Furth,0.625,419.6,855.3,453.6,938.9,28.04,60.49,13.8
68,2.72,1,player,Greuther Furth,0.606,861.8,903.3,898.2,1012.7,48.8,66.81,15.6
68,2.72,35,player,VfB Stuttgart,0.575,1374.6,536.6,1401.4,600.9,73.5,29.76,9.2
68,2.72,3,player,Greuther Furth,0.5,471.3,659.2,496.8,742.0,29.62,42.96,12.8
68,2.72,36,player,VfB Stuttgart,0.48,1472.9,425.9,1491.7,475.5,78.61,17.56,26.7
68,2.72,28,player,Greuther Furth,0.407,1528.9,436.0,1555.2,499.3,81.49,19.91,5.6
68,2.72,10,player,Greuther Furth,0.389,1495.2,578.4,1532.9,652.7,79.48,34.66,16.6
68,2.72,2,player,Greuther Furth,0.363,1168.7,748.7,1221.2,821.5,63.66,50.15,12.2
68,2.72,15,player,Greuther Furth,0.344,1142.2,506.8,1167.0,567.0,62.1,26.5,7.0
68,2.72,4,player,Greuther Furth,0.339,559.8,669.8,586.4,742.5,33.91,43.0,15.1
68,2.72,25,player,Greuther Furth,0.335,545.4,473.6,579.9,544.2,32.84,24.3,9.3
68,2.72,39,player,Greuther Furth,0.314,968.8,504.3,989.9,556.8,53.45,25.52,18.4
68,2.72,0,ball,Ball,0.7,1011.0,502.0,1023.0,512.0,55.34,20.67,0.0
69,2.76,5,player,Greuther Furth,0.633,421.3,855.6,455.8,939.5,28.14,60.55,10.1
69,2.76,3,player,Greuther Furth,0.583,474.0,658.0,499.4,741.5,29.75,42.91,12.1
69,2.76,1,player,Greuther Furth,0.553,863.9,904.4,897.2,1003.1,48.82,66.0,38.0
69,2.76,35,player,VfB Stuttgart,0.491,1375.7,540.4,1402.1,599.5,73.55,29.63,12.9
69,2.76,2,player,Greuther Furth,0.388,1159.2,750.2,1212.0,826.1,63.21,50.57,38.0
69,2.76,40,player,Greuther Furth,0.376,1004.6,499.0,1025.6,555.5,55.22,25.39,0.0
69,2.76,10,player,Greuther Furth,0.375,1498.2,578.3,1537.7,651.5,79.67,34.56,20.0
69,2.76,28,player,Greuther Furth,0.357,1528.5,437.0,1557.1,501.1,81.52,20.08,15.7
69,2.76,36,player,VfB Stuttgart,0.343,1474.4,426.6,1494.8,476.8,78.72,17.69,15.4
69,2.76,39,player,Greuther Furth,0.333,969.3,505.7,987.4,555.9,53.41,25.43,9.1
69,2.76,15,player,Greuther Furth,0.318,1141.5,507.3,1167.0,567.0,62.08,26.5,1.4
69,2.76,0,ball,Ball,0.7,268.0,252.0,277.0,259.0,16.95,-4.99,0.0
70,2.8,5,player,Greuther Furth,0.638,423.1,853.9,457.4,941.3,28.22,60.7,16.0
70,2.8,3,player,Greuther Furth,0.609,476.9,658.0,503.0,738.9,29.9,42.67,25.4
70,2.8,1,player,Greuther Furth,0.485,864.6,903.5,898.0,996.4,48.85,65.43,38.0
70,2.8,10,player,Greuther Furth,0.475,1500.2,579.3,1541.3,651.1,79.81,34.52,13.0
70,2.8,35,player,VfB Stuttgart,0.452,1376.4,541.6,1404.3,599.5,73.62,29.62,6.7
70,2.8,28,player,Greuther Furth,0.433,1530.3,437.1,1558.0,500.7,81.59,20.05,7.0
70,2.8,2,player,Greuther Furth,0.411,1153.2,754.0,1208.2,825.2,62.98,50.49,22.0
70,2.8,40,player,Greuther Furth,0.408,1002.0,498.3,1027.4,554.9,55.2,25.33,5.3
70,2.8,39,player,Greuther Furth,0.382,964.0,506.6,984.9,555.5,53.21,25.4,17.8
70,2.8,4,player,Greuther Furth,0.342,563.4,669.1,596.2,750.4,34.25,43.72,36.1
70,2.8,0,ball,Ball,0.7,244.0,258.0,255.0,270.0,15.81,-4.09,0.0
71,2.84,3,player,Greuther Furth,0.689,479.9,658.3,505.7,739.1,30.04,42.69,12.6
71,2.84,10,player,Greuther Furth,0.64,1503.0,581.3,1542.5,656.0,79.89,34.98,38.0
71,2.84,5,player,Greuther Furth,0.635,423.9,854.3,459.2,939.4,28.27,60.54,15.8
71,2.84,35,player,VfB Stuttgart,0.552,1375.7,541.7,1404.5,602.2,73.6,29.88,23.4
71,2.84,28,player,Greuther Furth,0.53,1530.9,437.8,1559.5,501.8,81.64,20.15,10.3
71,2.84,4,player,Greuther Furth,0.519,564.2,671.1,599.4,756.7,34.36,44.3,38.0
71,2.84,2,player,Greuther Furth,0.503,1153.7,755.4,1206.9,828.3,62.96,50.76,24.6
71,2.84,1,player,Greuther Furth,0.484,865.4,904.4,897.1,996.3,48.85,65.42,0.9
71,2.84,30,player,Greuther Furth,0.445,484.1,547.2,513.8,612.9,29.92,30.9,17.4
71,2.84,39,player,Greuther Furth,0.431,958.8,506.1,985.4,557.0,53.1,25.54,16.7
71,2.84,41,player,Greuther Furth,0.398,816.9,432.8,843.7,479.5,46.02,17.96,0.0
71,2.84,25,player,Greuther Furth,0.384,541.5,488.1,577.8,544.7,32.69,24.35,4.6
71,2.84,37,player,VfB Stuttgart,0.368,909.5,403.7,930.5,457.8,50.49,15.8,0.0
71,2.84,40,player,Greuther Furth,0.341,1000.0,497.3,1028.5,554.8,55.18,25.32,2.2
71,2.84,15,player,Greuther Furth,0.337,1142.1,512.6,1166.5,567.4,62.08,26.55,2.1
71,2.84,0,ball,Ball,0.7,283.0,252.0,293.0,260.0,17.76,-4.94,0.0
72,2.88,3,player,Greuther Furth,0.676,482.1,659.2,508.5,738.6,30.16,42.65,11.6
72,2.88,5,player,Greuther Furth,0.642,425.4,854.2,460.6,939.1,28.34,60.51,6.5
72,2.88,10,player,Greuther Furth,0.637,1507.3,583.9,1546.5,656.3,80.09,35.0,18.5
72,2.88,4,player,Greuther Furth,0.62,566.2,672.2,598.9,760.8,34.41,44.67,34.3
72,2.88,35,player,VfB Stuttgart,0.57,1375.1,542.2,1404.0,604.5,73.56,30.1,20.4
72,2.88,39,player,Greuther Furth,0.525,955.4,507.6,982.0,556.1,52.93,25.45,17.0
72,2.88,30,player,Greuther Furth,0.519,483.7,550.1,512.0,613.5,29.87,30.96,7.4
72,2.88,28,player,Greuther Furth,0.503,1530.7,437.7,1560.5,501.9,81.66,20.17,2.3
72,2.88,2,player,Greuther Furth,0.478,1156.2,756.1,1206.0,830.0,62.99,50.91,14.2
72,2.88,25,player,Greuther Furth,0.405,540.6,481.6,577.0,542.9,32.65,24.17,16.6
72,2.88,37,player,VfB Stuttgart,0.403,910.0,403.8,931.3,458.5,50.53,15.87,6.7
72,2.88,41,player,Greuther Furth,0.39,815.7,433.8,843.7,480.1,45.99,18.01,5.5
72,2.88,1,player,Greuther Furth,0.371,865.1,905.0,897.1,987.8,48.84,64.7,38.0
72,2.88,0,ball,Ball,0.7,754.0,1060.0,762.0,1072.0,43.23,71.31,0.0
73,2.92,5,player,Greuther Furth,0.661,426.8,854.8,460.8,937.7,28.37,60.38,11.7
73,2.92,4,player,Greuther Furth,0.659,566.8,673.0,599.1,761.9,34.43,44.77,8.5
73,2.92,10,player,Greuther Furth,0.594,1510.4,583.5,1549.2,658.4,80.22,35.2,21.0
73,2.92,3,player,Greuther Furth,0.585,484.8,657.9,511.3,737.1,30.28,42.5,17.2
73,2.92,35,player,VfB Stuttgart,0.575,1375.6,542.3,1403.2,613.1,73.53,30.92,38.0
73,2.92,2,player,Greuther Furth,0.566,1155.8,755.6,1205.0,828.7,62.96,50.79,11.0
73,2.92,28,player,Greuther Furth,0.49,1531.0,436.6,1559.8,500.4,81.65,20.02,13.2
73,2.92,30,player,Greuther Furth,0.486,482.9,552.6,509.0,612.2,29.77,30.84,14.3
73,2.92,37,player,VfB Stuttgart,0.394,910.6,404.2,931.2,455.8,50.54,15.6,24.2
73,2.92,1,player,Greuther Furth,0.358,866.6,903.8,897.1,1006.7,48.88,66.3,38.0
73,2.92,41,player,Greuther Furth,0.323,815.2,433.0,842.2,479.4,45.94,17.95,7.0
73,2.92,39,player,Greuther Furth,0.311,948.5,507.3,975.9,563.2,52.61,26.14,38.0
73,2.92,0,ball,Ball,0.7,1518.0,634.0,1524.0,641.0,79.88,33.23,0.0
74,2.96,4,player,Greuther Furth,0.681,567.3,673.0,598.5,762.5,34.43,44.83,5.4
74,2.96,5,player,Greuther Furth,0.621,427.5,854.1,460.7,937.8,28.39,60.4,1.9
74,2.96,35,player,VfB Stuttgart,0.614,1375.2,545.1,1402.8,615.5,73.5,31.15,20.8
74,2.96,10,player,Greuther Furth,0.602,1510.8,583.3,1552.6,659.4,80.31,35.3,12.1
74,2.96,3,player,Greuther Furth,0.576,487.1,656.5,514.5,736.3,30.41,42.43,13.3
74,2.96,2,player,Greuther Furth,0.543,1157.2,755.8,1205.7,830.9,63.01,51.0,18.6
74,2.96,28,player,Greuther Furth,0.525,1530.8,435.8,1559.2,499.9,81.64,19.97,4.7
74,2.96,40,player,Greuther Furth,0.482,989.3,493.8,1024.8,556.0,54.82,25.44,11.3
74,2.96,30,player,Greuther Furth,0.468,482.7,556.3,507.5,613.8,29.73,30.99,14.2
74,2.96,37,player,VfB Stuttgart,0.426,910.6,405.4,930.7,455.5,50.53,15.57,3.2
74,2.96,1,player,Greuther Furth,0.409,866.5,905.0,898.8,1006.3,48.92,66.28,4.1
74,2.96,41,player,Greuther Furth,0.316,814.2,431.2,839.9,477.8,45.86,17.79,16.2
74,2.96,0,ball,Ball,0.7,1520.0,634.0,1526.0,641.0,79.97,33.23,0.0
75,3.0,4,player,Greuther Furth,0.67,567.2,673.1,598.5,761.1,34.42,44.7,11.3
75,3.0,35,player,VfB Stuttgart,0.603,1375.2,548.1,1402.3,615.6,73.49,31.16,1.3
75,3.0,39,player,Greuther Furth,0.587,941.3,508.1,962.6,566.8,52.1,26.49,27.7
75,3.0,5,player,Greuther Furth,0.578,427.4,854.1,461.5,936.6,28.4,60.29,9.9
75,3.0,3,player,Greuther Furth,0.547,486.9,655.7,514.9,736.0,30.42,42.41,2.3
75,3.0,10,player,Greuther Furth,0.539,1512.8,583.4,1554.2,658.9,80.4,35.25,9.4
75,3.0,2,player,Greuther Furth,0.538,1166.8,755.5,1206.8,827.8,63.27,50.72,34.1
75,3.0,40,player,Greuther Furth,0.523,987.1,494.1,1026.7,557.7,54.82,25.61,14.6
75,3.0,30,player,Greuther Furth,0.514,480.5,557.1,505.6,614.1,29.64,31.01,9.1
75,3.0,28,player,Greuther Furth,0.463,1531.7,437.5,1556.8,500.2,81.6,20.0,4.2
75,3.0,37,player,VfB Stuttgart,0.402,910.3,405.6,930.9,458.7,50.53,15.89,29.5
75,3.0,42,player,Greuther Furth,0.36,607.3,421.1,633.1,480.1,35.52,18.01,0.0
75,3.0,1,player,Greuther Furth,0.303,865.6,905.2,897.4,1005.2,48.86,66.18,10.2
75,3.0,0,ball,Ball,0.7,1522.0,636.0,1527.0,642.0,80.04,33.37,0.0
76,3.04,4,player,Greuther Furth,0.643,567.2,672.2,597.9,759.9,34.41,44.59,10.5
76,3.04,35,player,VfB Stuttgart,0.592,1374.9,551.9,1402.4,618.4,73.48,31.42,24.0
76,3.04,5,player,Greuther Furth,0.573,428.0,854.5,462.0,936.4,28.43,60.27,2.8
76,3.04,3,player,Greuther Furth,0.531,488.1,653.8,517.5,736.1,30.51,42.41,8.2
76,3.04,10,player,Greuther Furth,0.523,1515.7,588.9,1552.9,659.6,80.43,35.31,6.8
76,3.04,39,player,Greuther Furth,0.517,937.9,509.3,958.7,566.1,51.92,26.41,17.5
76,3.04,2,player,Greuther Furth,0.515,1159.5,754.4,1209.5,828.8,63.16,50.81,12.7
76,3.04,30,player,Greuther Furth,0.509,476.0,557.2,504.3,614.1,29.49,31.02,12.9
76,3.04,40,player,Greuther Furth,0.46,979.1,496.6,1020.3,558.6,54.46,25.7,33.1
76,3.04,28,player,Greuther Furth,0.447,1532.3,437.9,1553.6,499.6,81.54,19.94,7.8
76,3.04,37,player,VfB Stuttgart,0.399,910.0,407.2,931.8,458.9,50.54,15.91,1.7
76,3.04,42,player,Greuther Furth,0.329,605.7,421.3,632.0,480.9,35.46,18.1,9.6
76,3.04,0,ball,Ball,0.7,1829.0,908.0,1835.0,914.0,93.41,58.07,0.0
77,3.08,4,player,Greuther Furth,0.662,567.0,673.2,598.5,763.3,34.43,44.9,28.5
77,3.08,5,player,Greuther Furth,0.634,428.4,854.6,462.3,937.3,28.45,60.36,7.8
77,3.08,35,player,VfB Stuttgart,0.615,1373.6,552.3,1399.9,618.1,73.39,31.4,8.4
77,3.08,30,player,Greuther Furth,0.583,474.2,558.2,501.9,620.0,29.41,31.58,38.0
77,3.08,2,player,Greuther Furth,0.569,1159.3,755.6,1212.4,830.1,63.22,50.92,11.4
77,3.08,3,player,Greuther Furth,0.511,488.3,654.4,519.2,734.3,30.55,42.25,15.0
77,3.08,10,player,Greuther Furth,0.502,1518.2,590.5,1553.3,660.1,80.5,35.36,7.8
77,3.08,39,player,Greuther Furth,0.466,933.1,511.4,953.6,563.8,51.68,26.19,29.7
77,3.08,28,player,Greuther Furth,0.41,1530.5,437.7,1552.7,499.6,81.47,19.94,6.2
77,3.08,40,player,Greuther Furth,0.39,973.4,492.1,1014.8,557.3,54.18,25.57,27.5
77,3.08,37,player,VfB Stuttgart,0.358,909.8,407.6,931.4,456.5,50.52,15.67,21.7
77,3.08,0,ball,Ball,0.7,1827.0,908.0,1834.0,915.0,93.34,58.11,0.0
78,3.12,5,player,Greuther Furth,0.674,428.7,855.6,462.4,938.6,28.46,60.47,9.9
78,3.12,4,player,Greuther Furth,0.667,566.3,674.4,597.7,765.8,34.4,45.13,20.4
78,3.12,35,player,VfB Stuttgart,0.626,1372.6,552.8,1398.7,616.9,73.33,31.28,11.3
78,3.12,2,player,Greuther Furth,0.603,1159.8,756.4,1213.4,835.1,63.25,51.37,38.0
78,3.12,30,player,Greuther Furth,0.574,472.2,558.1,502.6,621.2,29.38,31.69,10.1
78,3.12,3,player,Greuther Furth,0.569,488.2,651.7,520.3,736.1,30.58,42.41,14.5
78,3.12,10,player,Greuther Furth,0.536,1520.8,589.3,1554.3,659.5,80.59,35.31,9.5
78,3.12,34,player,Greuther Furth,0.465,972.2,491.8,1001.0,556.0,53.82,25.44,0.0
78,3.12,28,player,Greuther Furth,0.397,1529.6,437.1,1552.0,499.2,81.43,19.9,4.7
78,3.12,37,player,VfB Stuttgart,0.354,909.3,408.1,930.8,458.0,50.5,15.82,14.1
78,3.12,39,player,Greuther Furth,0.354,925.2,513.3,951.2,563.3,51.43,26.15,23.0
78,3.12,0,ball,Ball,0.7,178.0,258.0,190.0,267.0,12.42,-4.25,0.0
79,3.16,5,player,Greuther Furth,0.696,429.5,855.5,463.1,937.5,28.49,60.37,8.9
79,3.16,4,player,Greuther Furth,0.665,566.4,677.4,597.1,766.9,34.39,45.22,8.6
79,3.16,35,player,VfB Stuttgart,0.659,1371.6,554.2,1396.5,619.2,73.25,31.5,20.9
79,3.16,3,player,Greuther Furth,0.606,493.7,648.7,521.5,732.9,30.73,42.12,29.4
79,3.16,2,player,Greuther Furth,0.6,1160.1,757.2,1215.0,838.6,63.29,51.68,28.5
79,3.16,10,player,Greuther Furth,0.585,1523.4,588.9,1556.9,662.7,80.71,35.6,28.6
79,3.16,34,player,Greuther Furth,0.526,970.2,495.5,998.7,557.0,53.71,25.54,13.2
79,3.16,30,player,Greuther Furth,0.433,471.3,561.7,501.5,623.4,29.34,31.9,19.5
79,3.16,28,player,Greuther Furth,0.383,1528.0,438.1,1551.3,499.2,81.37,19.9,5.2
79,3.16,39,player,Greuther Furth,0.37,921.6,513.9,949.6,562.6,51.3,26.08,13.1
79,3.16,37,player,VfB Stuttgart,0.338,909.6,408.1,930.7,457.6,50.5,15.78,3.7
79,3.16,0,ball,Ball,0.7,1538.0,486.0,1544.0,494.0,81.48,18.99,0.0
80,3.2,4,player,Greuther Furth,0.69,565.3,681.0,600.4,773.9,34.46,45.86,38.0
80,3.2,3,player,Greuther Furth,0.671,496.0,646.9,525.3,728.6,30.86,41.72,37.8
80,3.2,10,player,Greuther Furth,0.663,1525.4,590.4,1559.9,664.3,80.82,35.75,16.9
80,3.2,35,player,VfB Stuttgart,0.661,1369.7,556.9,1394.1,623.1,73.13,31.87,34.6
80,3.2,5,player,Greuther Furth,0.66,432.5,853.4,464.9,939.1,28.61,60.51,16.2
80,3.2,39,player,Greuther Furth,0.54,914.9,513.9,945.8,568.4,51.04,26.64,38.0
80,3.2,34,player,Greuther Furth,0.522,967.9,496.3,992.6,556.1,53.5,25.45,20.5
80,3.2,30,player,Greuther Furth,0.507,470.7,563.1,498.9,628.2,29.28,32.35,38.0
80,3.2,2,player,Greuther Furth,0.487,1164.8,757.3,1216.5,843.7,63.42,52.14,38.0
80,3.2,28,player,Greuther Furth,0.421,1526.3,438.6,1550.5,501.2,81.31,20.09,18.6
80,3.2,37,player,VfB Stuttgart,0.318,909.2,408.5,929.6,459.8,50.47,16.0,20.2
80,3.2,0,ball,Ball,0.7,1524.0,651.0,1529.0,658.0,80.08,34.83,0.0
81,3.24,3,player,Greuther Furth,0.731,499.3,645.8,527.1,722.7,30.97,41.18,38.0
81,3.24,4,player,Greuther Furth,0.693,566.4,682.7,601.3,772.9,34.5,45.77,9.1
81,3.24,10,player,Greuther Furth,0.671,1525.5,590.8,1562.6,665.3,80.89,35.85,10.3
81,3.24,39,player,Greuther Furth,0.653,913.5,512.6,941.5,570.4,50.9,26.83,21.5
81,3.24,35,player,VfB Stuttgart,0.642,1368.2,558.0,1393.1,625.1,73.06,32.06,18.2
81,3.24,5,player,Greuther Furth,0.605,434.2,855.1,467.6,940.5,28.72,60.63,14.5
81,3.24,2,player,Greuther Furth,0.554,1174.9,758.0,1219.3,847.8,63.72,52.5,38.0
81,3.24,30,player,Greuther Furth,0.491,469.9,564.1,497.9,626.5,29.23,32.19,14.9
81,3.24,43,player,Greuther Furth,0.487,1420.0,477.4,1447.4,535.5,75.97,23.45,0.0
81,3.24,34,player,Greuther Furth,0.472,965.2,495.9,990.0,554.2,53.37,25.26,20.3
81,3.24,44,player,Greuther Furth,0.447,511.6,486.1,536.4,542.5,30.92,24.13,0.0
81,3.24,42,player,Greuther Furth,0.373,597.0,427.8,623.1,480.2,35.02,18.02,8.0
81,3.24,28,player,Greuther Furth,0.34,1525.5,439.2,1550.4,500.3,81.29,20.0,8.2
81,3.24,38,player,VfB Stuttgart,0.331,179.4,1016.8,245.4,1079.6,18.24,72.44,0.0
81,3.24,0,ball,Ball,0.7,1821.0,906.0,1826.0,913.0,93.02,57.94,0.0
82,3.28,3,player,Greuther Furth,0.723,501.3,646.3,528.4,724.5,31.05,41.34,16.3
82,3.28,10,player,Greuther Furth,0.708,1524.0,591.2,1565.4,665.3,80.92,35.85,2.8
82,3.28,4,player,Greuther Furth,0.663,565.5,685.9,602.4,773.7,34.51,45.84,6.2
82,3.28,39,player,Greuther Furth,0.656,906.9,516.6,937.3,571.8,50.63,26.97,26.5
82,3.28,35,player,VfB Stuttgart,0.607,1367.4,559.9,1392.6,624.6,73.03,32.02,4.5
82,3.28,2,player,Greuther Furth,0.585,1179.2,758.1,1220.6,846.9,63.86,52.42,13.8
82,3.28,44,player,Greuther Furth,0.523,508.2,485.9,535.4,543.9,30.82,24.27,15.6
82,3.28,5,player,Greuther Furth,0.521,434.9,852.8,468.9,940.8,28.76,60.65,4.9
82,3.28,30,player,Greuther Furth,0.512,469.9,563.9,498.0,627.2,29.23,32.26,5.9
82,3.28,34,player,Greuther Furth,0.495,961.9,496.1,987.4,553.0,53.22,25.16,16.4
82,3.28,38,player,VfB Stuttgart,0.455,180.7,1006.6,247.9,1080.0,18.33,72.47,8.5
82,3.28,43,player,Greuther Furth,0.443,1420.2,478.0,1447.6,535.2,75.98,23.42,2.5
82,3.28,42,player,Greuther Furth,0.392,595.4,426.0,623.3,481.4,34.99,18.14,11.2
82,3.28,28,player,Greuther Furth,0.335,1523.6,438.3,1550.6,500.3,81.24,20.0,3.8
82,3.28,37,player,VfB Stuttgart,0.327,910.6,407.8,928.9,459.6,50.48,15.98,1.1
82,3.28,0,ball,Ball,0.7,184.0,260.0,193.0,268.0,12.66,-4.09,0.0
83,3.32,3,player,Greuther Furth,0.707,506.4,645.6,533.2,724.4,31.29,41.34,21.6
83,3.32,4,player,Greuther Furth,0.692,565.8,687.1,604.4,770.5,34.56,45.56,26.0
83,3.32,2,player,Greuther Furth,0.629,1186.3,756.5,1220.1,843.5,64.02,52.12,30.7
83,3.32,10,player,Greuther Furth,0.625,1523.1,591.4,1566.4,666.1,80.92,35.92,6.9
83,3.32,35,player,VfB Stuttgart,0.619,1365.5,563.6,1391.3,626.3,72.95,32.17,15.9
83,3.32,44,player,Greuther Furth,0.59,506.3,485.7,535.3,544.6,30.77,24.34,7.2
83,3.32,39,player,Greuther Furth,0.587,904.4,517.1,935.0,576.3,50.52,27.4,38.0
83,3.32,5,player,Greuther Furth,0.558,437.1,850.8,474.1,940.5,28.94,60.63,15.6
83,3.32,38,player,VfB Stuttgart,0.546,184.0,1012.6,252.3,1080.0,18.51,72.47,15.8
83,3.32,45,player,Greuther Furth,0.431,839.2,476.4,869.7,537.4,47.27,23.64,0.0
83,3.32,34,player,Greuther Furth,0.418,958.9,496.3,987.6,550.3,53.15,24.89,25.0
83,3.32,43,player,Greuther Furth,0.415,1419.3,477.8,1447.4,534.8,75.95,23.38,4.4
83,3.32,30,player,Greuther Furth,0.401,472.3,564.1,497.8,626.8,29.29,32.22,5.6
83,3.32,42,player,Greuther Furth,0.397,595.3,426.9,622.6,479.1,34.96,17.91,20.8
83,3.32,37,player,VfB Stuttgart,0.346,910.7,407.9,929.1,460.0,50.49,16.02,3.7
83,3.32,0,ball,Ball,0.7,782.0,1070.0,794.0,1080.0,44.61,72.06,0.0
84,3.36,4,player,Greuther Furth,0.708,566.2,687.1,605.3,772.6,34.59,45.75,17.5
84,3.36,3,player,Greuther Furth,0.657,510.1,644.8,535.9,726.7,31.45,41.55,24.1
84,3.36,35,player,VfB Stuttgart,0.598,1364.4,565.2,1390.0,628.4,72.89,32.38,19.1
84,3.36,44,player,Greuther Furth,0.575,504.2,484.3,536.5,548.4,30.76,24.71,33.5
84,3.36,2,player,Greuther Furth,0.54,1189.6,754.7,1222.3,838.0,64.16,51.63,38.0
84,3.36,39,player,Greuther Furth,0.54,905.1,517.6,931.6,575.6,50.45,27.33,8.7
84,3.36,10,player,Greuther Furth,0.519,1526.4,591.1,1569.7,663.1,81.09,35.64,29.5
84,3.36,45,player,Greuther Furth,0.482,839.7,476.6,869.4,537.8,47.28,23.67,3.4
84,3.36,34,player,Greuther Furth,0.456,953.3,494.3,988.3,556.0,53.03,25.45,38.0
84,3.36,30,player,Greuther Furth,0.403,473.5,564.3,499.6,628.8,29.36,32.41,17.9
84,3.36,28,player,Greuther Furth,0.396,1518.5,437.8,1544.1,501.2,80.95,20.09,13.8
84,3.36,5,player,Greuther Furth,0.368,440.8,847.9,474.0,928.7,28.98,59.61,38.0
84,3.36,42,player,Greuther Furth,0.362,595.7,427.0,622.1,479.0,34.96,17.9,1.0
84,3.36,43,player,Greuther Furth,0.348,1418.2,475.9,1447.1,538.0,75.91,23.7,28.4
84,3.36,37,player,VfB Stuttgart,0.329,910.6,407.5,929.4,455.3,50.5,15.55,38.0
84,3.36,38,player,VfB Stuttgart,0.328,191.8,1012.2,256.0,1080.0,18.77,72.47,23.7
84,3.36,0,ball,Ball,0.7,789.0,1069.0,802.0,1080.0,44.96,72.02,0.0
85,3.4,4,player,Greuther Furth,0.691,569.5,685.5,606.5,773.3,34.7,45.81,11.1
85,3.4,2,player,Greuther Furth,0.584,1194.0,752.0,1224.4,836.9,64.31,51.53,16.3
85,3.4,3,player,Greuther Furth,0.526,512.9,643.4,539.0,722.4,31.58,41.16,37.2
85,3.4,35,player,VfB Stuttgart,0.524,1363.4,566.4,1387.5,625.8,72.81,32.12,23.9
85,3.4,34,player,Greuther Furth,0.498,949.6,493.4,988.6,559.4,52.95,25.77,30.4
85,3.4,30,player,Greuther Furth,0.491,473.4,564.0,500.8,629.3,29.4,32.46,5.2
85,3.4,44,player,Greuther Furth,0.483,501.2,483.1,532.2,544.6,30.57,24.34,37.8
85,3.4,39,player,Greuther Furth,0.464,903.8,518.1,928.3,575.3,50.33,27.3,10.6
85,3.4,10,player,Greuther Furth,0.462,1541.7,590.4,1571.4,664.4,81.5,35.76,38.0
85,3.4,5,player,Greuther Furth,0.455,443.5,846.9,476.9,926.6,29.1,59.42,20.1
85,3.4,45,player,Greuther Furth,0.444,840.9,477.4,866.4,535.6,47.23,23.47,19.3
85,3.4,28,player,Greuther Furth,0.434,1515.2,439.9,1542.1,500.9,80.82,20.07,11.9
85,3.4,43,player,Greuther Furth,0.367,1417.2,477.3,1446.3,534.0,75.88,23.31,35.0
85,3.4,42,player,Greuther Furth,0.326,595.6,425.5,620.8,478.0,34.92,17.81,9.4
85,3.4,0,ball,Ball,0.7,1427.0,521.0,1434.0,528.0,75.85,22.38,0.0
86,3.44,4,player,Greuther Furth,0.649,573.5,687.0,608.0,772.1,34.83,45.7,15.4
86,3.44,2,player,Greuther Furth,0.59,1197.6,752.6,1228.5,837.0,64.5,51.53,16.7
86,3.44,3,player,Greuther Furth,0.567,517.5,642.0,543.8,718.4,31.79,40.79,38.0
86,3.44,35,player,VfB Stuttgart,0.547,1359.2,564.2,1387.3,628.1,72.69,32.34,22.3
86,3.44,44,player,Greuther Furth,0.524,499.1,483.6,532.0,544.2,30.51,24.3,6.0
86,3.44,5,player,Greuther Furth,0.508,445.8,844.6,479.5,927.0,29.22,59.46,11.1
86,3.44,34,player,Greuther Furth,0.497,946.7,493.9,989.1,558.5,52.89,25.69,9.6
86,3.44,10,player,Greuther Furth,0.489,1534.9,592.2,1573.3,662.8,81.38,35.62,16.4
86,3.44,30,player,Greuther Furth,0.488,473.4,563.5,502.2,630.1,29.43,32.53,7.4
86,3.44,43,player,Greuther Furth,0.485,1415.4,474.8,1447.2,535.1,75.85,23.42,10.1
86,3.44,28,player,Greuther Furth,0.451,1514.1,439.6,1542.1,500.0,80.8,19.98,9.0
86,3.44,45,player,Greuther Furth,0.429,841.0,478.2,867.2,536.6,47.25,23.56,8.7
86,3.44,39,player,Greuther Furth,0.389,900.4,516.2,926.6,572.1,50.21,27.0,29.8
86,3.44,0,ball,Ball,0.7,696.0,1060.0,719.0,1075.0,40.91,71.43,0.0
87,3.48,2,player,Greuther Furth,0.646,1199.3,752.7,1231.3,839.1,64.6,51.72,19.3
87,3.48,3,player,Greuther Furth,0.64,520.4,642.0,546.7,718.9,31.94,40.83,13.6
87,3.48,4,player,Greuther Furth,0.634,575.5,687.1,609.1,775.3,34.91,45.99,27.9
87,3.48,5,player,Greuther Furth,0.579,445.6,842.2,480.6,927.1,29.24,59.47,1.9
87,3.48,35,player,VfB Stuttgart,0.577,1357.3,565.4,1385.2,631.5,72.59,32.67,31.3
87,3.48,44,player,Greuther Furth,0.563,500.1,483.8,527.2,543.4,30.41,24.22,11.1
87,3.48,10,player,Greuther Furth,0.501,1538.2,592.0,1574.9,664.0,81.5,35.72,13.9
87,3.48,30,player,Greuther Furth,0.499,474.1,563.7,502.2,625.1,29.43,32.06,38.0
87,3.48,34,player,Greuther Furth,0.446,942.0,492.7,982.5,547.4,52.61,24.61,38.0
87,3.48,28,player,Greuther Furth,0.424,1515.1,439.6,1539.2,498.5,80.76,19.83,13.6
87,3.48,45,player,Greuther Furth,0.41,840.1,478.7,867.1,535.6,47.23,23.47,8.7
87,3.48,43,player,Greuther Furth,0.395,1412.3,473.1,1447.6,533.3,75.79,23.24,16.7
87,3.48,38,player,VfB Stuttgart,0.357,207.9,995.0,270.0,1080.0,19.46,72.47,20.8
87,3.48,39,player,Greuther Furth,0.335,898.6,516.3,926.0,573.0,50.15,27.08,9.4
87,3.48,37,player,VfB Stuttgart,0.321,911.9,407.2,930.8,458.0,50.56,15.82,8.5
87,3.48,0,ball,Ball,0.7,201.0,260.0,211.0,268.0,13.57,-4.09,0.0
88,3.52,3,player,Greuther Furth,0.698,524.5,639.2,550.7,718.5,32.13,40.79,17.6
88,3.52,2,player,Greuther Furth,0.644,1198.4,751.7,1234.5,839.4,64.65,51.76,5.6
88,3.52,5,player,Greuther Furth,0.589,447.7,840.6,482.3,922.3,29.31,59.05,38.0
88,3.52,35,player,VfB Stuttgart,0.556,1354.7,565.2,1381.5,637.2,72.42,33.21,38.0
88,3.52,44,player,Greuther Furth,0.552,500.1,484.0,526.0,542.6,30.38,24.15,7.5
88,3.52,4,player,Greuther Furth,0.526,578.4,689.4,610.8,774.9,35.02,45.96,10.2
88,3.52,30,player,Greuther Furth,0.521,474.9,565.1,502.2,629.1,29.47,32.44,34.6
88,3.52,38,player,VfB Stuttgart,0.516,207.4,992.6,275.3,1080.0,19.57,72.47,9.8
88,3.52,10,player,Greuther Furth,0.47,1541.3,592.3,1574.8,663.8,81.57,35.7,7.0
88,3.52,48,player,Greuther Furth,0.467,1204.4,1003.7,1244.9,1075.3,64.63,72.08,0.0
88,3.52,39,player,Greuther Furth,0.446,897.3,517.0,922.0,575.3,50.02,27.3,22.8
88,3.52,28,player,Greuther Furth,0.425,1512.4,433.3,1534.3,496.7,80.57,19.65,23.0
88,3.52,47,player,Greuther Furth,0.42,1468.8,433.6,1488.1,485.1,78.38,18.51,0.0
88,3.52,34,player,Greuther Furth,0.416,940.1,492.9,974.2,547.3,52.36,24.6,22.4
88,3.52,46,player,Greuther Furth,0.374,541.7,447.8,577.8,513.8,32.61,21.33,0.0
88,3.52,45,player,Greuther Furth,0.346,840.1,479.9,863.8,530.9,47.14,23.01,38.0
88,3.52,37,player,VfB Stuttgart,0.335,912.9,406.9,931.6,457.5,50.61,15.77,6.2
88,3.52,42,player,Greuther Furth,0.321,594.3,420.9,616.2,476.0,34.77,17.61,7.4
88,3.52,0,ball,Ball,0.7,1506.0,1074.0,1514.0,1080.0,77.71,72.22,0.0
89,3.56,3,player,Greuther Furth,0.75,524.9,635.8,553.9,714.8,32.21,40.45,31.2
89,3.56,5,player,Greuther Furth,0.717,448.8,840.2,483.7,916.8,29.36,58.57,38.0
89,3.56,2,player,Greuther Furth,0.658,1194.2,752.2,1238.0,835.6,64.65,51.41,30.8
89,3.56,39,player,Greuther Furth,0.567,892.5,518.2,919.9,578.5,49.85,27.62,32.2
89,3.56,30,player,Greuther Furth,0.54,474.0,567.6,502.7,639.8,29.49,33.45,38.0
89,3.56,35,player,VfB Stuttgart,0.495,1353.3,568.4,1379.4,639.1,72.32,33.39,18.1
89,3.56,10,player,Greuther Furth,0.47,1544.4,590.1,1574.5,663.6,81.64,35.69,6.3
89,3.56,44,player,Greuther Furth,0.459,499.0,482.5,523.3,540.5,30.28,23.94,20.3
89,3.56,34,player,Greuther Furth,0.426,937.7,492.3,957.7,545.8,51.89,24.45,38.0
89,3.56,4,player,Greuther Furth,0.421,580.0,688.7,615.5,772.3,35.17,45.72,25.3
89,3.56,47,player,Greuther Furth,0.415,1464.7,432.2,1487.6,483.2,78.27,18.32,19.2
89,3.56,38,player,VfB Stuttgart,0.413,211.3,995.3,279.2,1080.0,19.75,72.47,16.1
89,3.56,48,player,Greuther Furth,0.393,1205.2,1001.3,1244.6,1074.8,64.65,72.04,3.8
89,3.56,45,player,Greuther Furth,0.348,839.2,480.8,863.1,530.8,47.1,23.0,3.8
89,3.56,46,player,Greuther Furth,0.344,540.5,447.6,580.1,511.4,32.63,21.1,21.0
89,3.56,37,player,VfB Stuttgart,0.321,912.7,406.9,932.4,458.3,50.62,15.85,7.3
89,3.56,0,ball,Ball,0.7,324.0,250.0,352.0,269.0,20.36,-4.57,0.0
90,3.6,3,player,Greuther Furth,0.72,527.1,635.4,557.3,713.4,32.34,40.32,16.3
90,3.6,5,player,Greuther Furth,0.667,450.9,835.6,485.2,914.4,29.43,58.36,20.3
90,3.6,30,player,Greuther Furth,0.579,474.7,567.9,502.9,633.3,29.49,32.84,38.0
90,3.6,39,player,Greuther Furth,0.573,890.1,517.9,913.9,577.9,49.65,27.56,19.3
90,3.6,2,player,Greuther Furth,0.561,1195.4,749.3,1238.2,832.8,64.68,51.16,22.8
90,3.6,35,player,VfB Stuttgart,0.546,1351.3,571.6,1376.2,637.5,72.2,33.23,18.0
90,3.6,44,player,Greuther Furth,0.449,498.1,482.7,522.6,540.7,30.24,23.96,3.8
90,3.6,34,player,Greuther Furth,0.447,934.3,494.3,954.3,548.2,51.73,24.69,25.9
90,3.6,10,player,Greuther Furth,0.44,1543.7,589.7,1574.0,663.0,81.62,35.63,5.8
90,3.6,4,player,Greuther Furth,0.416,581.8,690.3,616.7,770.8,35.24,45.58,13.8
90,3.6,47,player,Greuther Furth,0.399,1462.9,431.3,1484.3,481.6,78.15,18.16,18.3
90,3.6,38,player,VfB Stuttgart,0.388,217.7,989.1,283.1,1080.0,19.99,72.47,21.1
90,3.6,46,player,Greuther Furth,0.385,540.5,447.4,579.2,509.2,32.6,20.88,19.7
90,3.6,45,player,Greuther Furth,0.342,837.6,478.3,861.4,529.6,47.02,22.88,13.0
90,3.6,43,player,Greuther Furth,0.34,1403.3,474.6,1442.5,534.9,75.43,23.4,11.6
90,3.6,37,player,VfB Stuttgart,0.334,912.3,406.9,932.0,456.2,50.6,15.65,18.4
90,3.6,42,player,Greuther Furth,0.312,591.6,419.6,619.1,477.1,34.78,17.72,5.1
90,3.6,0,ball,Ball,0.7,328.0,250.0,355.0,269.0,20.54,-4.57,0.0
91,3.64,3,player,Greuther Furth,0.705,529.0,631.0,559.4,711.4,32.42,40.14,18.8
91,3.64,5,player,Greuther Furth,0.629,451.6,832.7,486.0,917.3,29.48,58.62,23.5
91,3.64,30,player,Greuther Furth,0.554,474.8,567.7,502.8,628.9,29.48,32.42,37.7
91,3.64,39,player,Greuther Furth,0.531,886.1,517.6,911.8,578.4,49.5,27.6,14.1
91,3.64,4,player,Greuther Furth,0.525,585.7,689.2,618.5,771.1,35.37,45.6,12.3
91,3.64,35,player,VfB Stuttgart,0.525,1347.5,574.0,1371.7,637.2,72.0,33.2,18.3
91,3.64,10,player,Greuther Furth,0.493,1542.2,588.1,1574.7,661.8,81.6,35.52,10.1
91,3.64,2,player,Greuther Furth,0.482,1193.6,745.0,1246.8,831.5,64.84,51.05,17.8
91,3.64,44,player,Greuther Furth,0.478,494.8,477.6,523.4,537.5,30.17,23.65,28.6
91,3.64,38,player,VfB Stuttgart,0.469,221.0,982.7,288.2,1080.0,20.18,72.47,17.6
91,3.64,47,player,Greuther Furth,0.401,1462.2,430.9,1481.6,482.6,78.06,18.27,12.3
91,3.64,46,player,Greuther Furth,0.381,539.1,447.4,575.6,509.7,32.48,20.94,11.8
91,3.64,42,player,Greuther Furth,0.378,590.4,418.8,618.7,475.4,34.73,17.55,15.9
91,3.64,45,player,Greuther Furth,0.366,835.5,476.2,859.6,528.8,46.92,22.8,11.1
91,3.64,37,player,VfB Stuttgart,0.333,911.6,405.7,932.5,455.9,50.6,15.61,3.1
91,3.64,48,player,Greuther Furth,0.327,1203.6,996.7,1242.1,1066.7,64.57,71.37,30.7
91,3.64,0,ball,Ball,0.7,330.0,250.0,358.0,269.0,20.67,-4.57,0.0
92,3.68,3,player,Greuther Furth,0.65,530.2,626.2,560.7,708.4,32.48,39.86,25.3
92,3.68,5,player,Greuther Furth,0.637,454.1,829.6,487.3,912.9,29.55,58.23,35.7
92,3.68,35,player,VfB Stuttgart,0.587,1343.0,575.1,1367.6,637.2,71.79,33.21,18.6
92,3.68,4,player,Greuther Furth,0.56,587.0,687.8,622.2,772.1,35.49,45.69,13.7
92,3.68,44,player,Greuther Furth,0.559,491.5,478.3,525.8,538.0,30.15,23.69,4.5
92,3.68,10,player,Greuther Furth,0.522,1542.6,586.6,1573.1,661.2,81.57,35.47,5.3
92,3.68,30,player,Greuther Furth,0.513,476.3,566.0,503.3,627.1,29.52,32.25,15.3
92,3.68,2,player,Greuther Furth,0.497,1197.3,745.0,1251.5,827.3,65.05,50.67,38.0
92,3.68,39,player,Greuther Furth,0.39,884.3,523.4,910.9,579.2,49.43,27.68,9.2
92,3.68,45,player,Greuther Furth,0.387,832.1,477.5,859.0,530.0,46.83,22.92,14.0
92,3.68,42,player,Greuther Furth,0.376,588.2,419.0,618.4,475.9,34.67,17.6,7.0
92,3.68,38,player,VfB Stuttgart,0.361,227.9,979.7,290.0,1080.0,20.38,72.47,17.8
92,3.68,46,player,Greuther Furth,0.357,538.8,447.5,573.7,510.1,32.42,20.97,5.9
92,3.68,48,player,Greuther Furth,0.357,1202.9,992.5,1241.1,1062.2,64.54,70.99,34.3
92,3.68,49,player,VfB Stuttgart,0.355,680.8,381.2,697.4,425.5,38.85,12.57,0.0
92,3.68,47,player,Greuther Furth,0.35,1457.5,429.4,1479.3,483.5,77.89,18.36,17.9
92,3.68,37,player,VfB Stuttgart,0.329,910.9,403.9,932.3,456.0,50.58,15.62,2.0
92,3.68,34,player,Greuther Furth,0.306,923.2,488.0,950.4,544.7,51.35,24.35,22.8
92,3.68,0,ball,Ball,0.7,334.0,250.0,361.0,269.0,20.85,-4.57,0.0
93,3.72,5,player,Greuther Furth,0.722,454.4,827.3,487.4,907.3,29.54,57.74,38.0
93,3.72,3,player,Greuther Furth,0.686,530.7,624.3,559.4,703.8,32.45,39.44,38.0
93,3.72,4,player,Greuther Furth,0.665,588.4,686.8,623.6,772.9,35.56,45.77,9.3
93,3.72,2,player,Greuther Furth,0.592,1200.6,741.8,1243.6,823.9,64.95,50.37,29.0
93,3.72,30,player,Greuther Furth,0.572,476.0,565.5,503.4,627.0,29.51,32.24,1.1
93,3.72,10,player,Greuther Furth,0.564,1541.6,584.9,1572.3,660.1,81.54,35.36,10.4
93,3.72,44,player,Greuther Furth,0.535,488.4,478.4,526.4,536.1,30.08,23.51,17.1
93,3.72,38,player,VfB Stuttgart,0.516,228.7,975.2,294.0,1079.3,20.48,72.42,10.7
93,3.72,35,player,VfB Stuttgart,0.503,1340.9,575.0,1362.9,635.0,71.63,33.0,23.9
93,3.72,39,player,Greuther Furth,0.426,881.8,526.9,908.5,580.2,49.31,27.77,13.8
93,3.72,34,player,Greuther Furth,0.352,921.3,490.2,946.3,546.3,51.2,24.51,19.6
93,3.72,49,player,VfB Stuttgart,0.333,679.2,380.2,696.6,424.2,38.79,12.43,13.5
93,3.72,37,player,VfB Stuttgart,0.328,910.6,403.3,930.3,454.7,50.52,15.49,12.8
93,3.72,45,player,Greuther Furth,0.307,830.8,477.7,854.4,528.2,46.68,22.74,21.2
93,3.72,48,player,Greuther Furth,0.307,1202.6,987.1,1239.2,1056.5,64.49,70.51,38.0
93,3.72,0,ball,Ball,0.7,338.0,250.0,364.0,270.0,21.03,-4.51,0.0
94,3.76,5,player,Greuther Furth,0.759,454.9,823.4,487.4,904.1,29.54,57.47,24.8
94,3.76,4,player,Greuther Furth,0.709,587.7,684.3,626.4,773.2,35.61,45.8,5.2
94,3.76,3,player,Greuther Furth,0.688,530.8,622.8,561.1,701.5,32.48,39.22,19.8
94,3.76,2,player,Greuther Furth,0.631,1202.5,739.8,1243.8,823.9,65.0,50.37,4.6
94,3.76,30,player,Greuther Furth,0.601,474.8,565.9,503.6,632.5,29.51,32.76,38.0
94,3.76,10,player,Greuther Furth,0.579,1539.3,585.8,1571.3,659.4,81.46,35.3,9.0
94,3.76,38,player,VfB Stuttgart,0.564,232.1,971.2,295.6,1077.2,20.59,72.24,18.4
94,3.76,44,player,Greuther Furth,0.501,482.9,476.6,525.3,535.0,29.91,23.41,18.1
94,3.76,39,player,Greuther Furth,0.471,879.1,527.2,904.5,579.9,49.14,27.75,14.7
94,3.76,50,player,Greuther Furth,0.456,1725.5,856.3,1771.9,955.8,89.27,61.95,0.0
94,3.76,35,player,VfB Stuttgart,0.391,1337.1,574.8,1359.9,632.2,71.47,32.73,28.1
94,3.76,49,player,VfB Stuttgart,0.333,678.2,377.6,696.2,424.8,38.76,12.5,6.4
94,3.76,34,player,Greuther Furth,0.317,918.4,486.7,940.5,540.2,50.99,23.91,38.0
94,3.76,45,player,Greuther Furth,0.307,829.1,476.6,852.7,526.8,46.59,22.61,14.1
94,3.76,0,ball,Ball,0.7,340.0,250.0,366.0,270.0,21.14,-4.51,0.0
95,3.8,5,player,Greuther Furth,0.719,454.8,820.0,490.1,906.7,29.61,57.69,20.9
95,3.8,2,player,Greuther Furth,0.702,1203.2,737.0,1244.6,823.9,65.04,50.37,3.1
95,3.8,3,player,Greuther Furth,0.678,531.1,618.6,563.6,695.8,32.54,38.69,38.0
95,3.8,4,player,Greuther Furth,0.662,587.2,683.0,630.0,771.5,35.68,45.65,14.9
95,3.8,10,player,Greuther Furth,0.596,1539.0,584.7,1569.1,659.1,81.4,35.26,6.0
95,3.8,38,player,VfB Stuttgart,0.565,233.3,966.5,300.4,1074.2,20.71,71.99,25.2
95,3.8,30,player,Greuther Furth,0.561,474.7,565.2,503.4,629.2,29.49,32.45,28.1
95,3.8,50,player,Greuther Furth,0.518,1718.6,851.4,1766.7,955.1,88.99,61.89,25.7
95,3.8,39,player,Greuther Furth,0.491,876.6,522.8,902.5,574.6,49.03,27.24,38.0
95,3.8,44,player,Greuther Furth,0.435,481.5,474.7,523.3,534.0,29.82,23.31,11.9
95,3.8,34,player,Greuther Furth,0.371,912.2,484.3,936.4,537.5,50.73,23.65,33.3
95,3.8,46,player,Greuther Furth,0.361,535.3,446.6,566.5,506.0,32.14,20.56,14.8
95,3.8,45,player,Greuther Furth,0.353,825.0,472.6,851.4,524.2,46.45,22.35,26.3
95,3.8,35,player,VfB Stuttgart,0.33,1329.4,572.7,1356.2,639.1,71.18,33.39,38.0
95,3.8,0,ball,Ball,0.7,342.0,250.0,369.0,269.0,21.26,-4.57,0.0
96,3.84,5,player,Greuther Furth,0.663,455.3,818.3,488.9,902.6,29.58,57.34,31.8
96,3.84,2,player,Greuther Furth,0.609,1204.1,738.0,1244.3,822.6,65.05,50.26,10.2
96,3.84,3,player,Greuther Furth,0.598,530.0,616.1,561.8,689.2,32.45,38.08,38.0
96,3.84,4,player,Greuther Furth,0.547,588.1,684.8,633.2,771.6,35.78,45.65,8.9
96,3.84,10,player,Greuther Furth,0.515,1538.0,586.2,1568.0,658.2,81.35,35.18,8.8
96,3.84,35,player,VfB Stuttgart,0.498,1328.3,573.6,1353.8,636.0,71.1,33.1,27.1
96,3.84,30,player,Greuther Furth,0.488,474.3,566.2,503.3,623.4,29.46,31.9,38.0
96,3.84,38,player,VfB Stuttgart,0.482,234.6,969.0,301.3,1066.6,20.73,71.35,38.0
96,3.84,39,player,Greuther Furth,0.452,872.5,521.1,899.8,576.0,48.86,27.37,19.2
96,3.84,50,player,Greuther Furth,0.401,1717.9,852.3,1759.4,942.3,88.87,60.79,38.0
96,3.84,46,player,Greuther Furth,0.378,535.0,444.0,566.6,504.7,32.13,20.45,10.8
96,3.84,45,player,Greuther Furth,0.37,822.6,470.1,846.6,524.9,46.28,22.42,17.2
96,3.84,44,player,Greuther Furth,0.368,482.9,476.4,520.8,533.2,29.79,23.23,7.2
96,3.84,48,player,Greuther Furth,0.306,1197.6,978.5,1235.9,1049.2,64.31,69.89,19.3
96,3.84,0,ball,Ball,0.7,344.0,250.0,371.0,269.0,21.37,-4.57,0.0
97,3.88,30,player,Greuther Furth,0.612,474.4,566.2,503.7,632.8,29.5,32.79,38.0
97,3.88,5,player,Greuther Furth,0.6,457.6,816.4,487.9,895.0,29.59,56.67,38.0
97,3.88,3,player,Greuther Furth,0.599,527.2,613.3,564.8,685.8,32.44,37.76,28.5
97,3.88,4,player,Greuther Furth,0.586,589.1,684.9,636.5,767.0,35.87,45.24,37.9
97,3.88,2,player,Greuther Furth,0.572,1202.7,738.3,1246.4,821.4,65.07,50.15,9.9
97,3.88,10,player,Greuther Furth,0.559,1539.1,585.0,1567.1,658.0,81.36,35.17,1.3
97,3.88,39,player,Greuther Furth,0.556,867.9,519.4,898.0,575.6,48.71,27.33,14.4
97,3.88,35,player,VfB Stuttgart,0.555,1323.3,575.2,1350.4,636.6,70.89,33.14,18.9
97,3.88,50,player,Greuther Furth,0.523,1711.6,846.7,1754.9,944.5,88.61,60.98,29.1
97,3.88,38,player,VfB Stuttgart,0.461,239.9,964.4,303.0,1062.3,20.87,70.99,34.9
97,3.88,45,player,Greuther Furth,0.423,820.0,469.9,842.4,524.6,46.11,22.39,15.4
97,3.88,46,player,Greuther Furth,0.421,532.7,442.8,567.8,502.6,32.1,20.23,19.6
97,3.88,51,player,Greuther Furth,0.415,580.9,417.4,602.9,468.1,34.08,16.82,0.0
97,3.88,44,player,Greuther Furth,0.391,482.1,475.2,518.6,532.9,29.72,23.2,7.6
97,3.88,49,player,VfB Stuttgart,0.343,671.6,379.1,693.1,425.0,38.51,12.51,7.4
97,3.88,48,player,Greuther Furth,0.303,1197.7,976.3,1235.1,1045.9,64.31,69.62,25.0
97,3.88,0,ball,Ball,0.7,348.0,250.0,374.0,269.0,21.55,-4.57,0.0
98,3.92,30,player,Greuther Furth,0.662,475.1,570.1,504.1,640.2,29.55,33.49,38.0
98,3.92,5,player,Greuther Furth,0.619,457.3,814.7,487.5,891.4,29.56,56.35,28.6
98,3.92,35,player,VfB Stuttgart,0.591,1318.8,577.0,1348.7,639.3,70.74,33.4,27.3
98,3.92,39,player,Greuther Furth,0.566,864.3,517.8,896.5,574.1,48.58,27.19,17.5
98,3.92,10,player,Greuther Furth,0.566,1536.2,584.0,1565.8,656.4,81.26,35.02,16.2
98,3.92,2,player,Greuther Furth,0.558,1197.7,740.5,1247.2,823.8,64.97,50.36,21.3
98,3.92,3,player,Greuther Furth,0.541,522.9,612.5,563.4,681.3,32.29,37.34,38.0
98,3.92,50,player,Greuther Furth,0.53,1707.4,844.8,1752.7,945.5,88.45,61.07,15.8
98,3.92,51,player,Greuther Furth,0.484,578.0,416.3,601.8,469.4,33.98,16.95,14.7
98,3.92,4,player,Greuther Furth,0.481,594.4,685.6,639.6,763.0,36.07,44.87,37.4
98,3.92,44,player,Greuther Furth,0.463,481.5,473.2,513.1,532.3,29.56,23.14,14.6
98,3.92,45,player,Greuther Furth,0.458,817.6,469.7,840.2,524.4,46.0,22.37,10.3
98,3.92,38,player,VfB Stuttgart,0.44,244.3,959.3,308.8,1059.0,21.09,70.72,31.8
98,3.92,52,player,Greuther Furth,0.432,1084.9,517.8,1107.0,578.2,59.19,27.58,0.0
98,3.92,46,player,Greuther Furth,0.416,530.3,440.4,565.3,501.7,31.97,20.15,13.4
98,3.92,48,player,Greuther Furth,0.4,1196.3,973.0,1233.2,1044.9,64.23,69.53,10.1
98,3.92,49,player,VfB Stuttgart,0.366,670.7,380.7,691.4,424.5,38.45,12.47,7.4
98,3.92,0,ball,Ball,0.7,350.0,250.0,376.0,269.0,21.65,-4.57,0.0
99,3.96,30,player,Greuther Furth,0.615,475.6,570.5,503.6,634.4,29.53,32.94,38.0
99,3.96,5,player,Greuther Furth,0.594,457.6,810.7,488.6,895.4,29.61,56.7,32.3
99,3.96,10,player,Greuther Furth,0.518,1533.3,583.5,1565.5,655.1,81.19,34.89,12.8
99,3.96,45,player,Greuther Furth,0.507,815.1,467.9,838.3,523.0,45.88,22.23,16.0
99,3.96,35,player,VfB Stuttgart,0.507,1315.3,577.3,1343.8,639.3,70.53,33.4,18.5
99,3.96,3,player,Greuther Furth,0.48,522.2,611.3,562.3,678.0,32.24,37.04,28.2
99,3.96,52,player,Greuther Furth,0.473,1081.1,516.8,1103.9,571.2,59.03,26.91,38.0
99,3.96,2,player,Greuther Furth,0.471,1205.7,741.7,1245.5,822.4,65.12,50.24,17.4
99,3.96,38,player,VfB Stuttgart,0.467,247.4,958.0,309.3,1055.6,21.16,70.43,26.3
99,3.96,39,player,Greuther Furth,0.454,863.9,518.2,894.3,572.3,48.52,27.02,16.4
99,3.96,51,player,Greuther Furth,0.443,575.2,414.1,600.2,467.3,33.86,16.75,21.4
99,3.96,4,player,Greuther Furth,0.42,602.7,683.6,643.4,762.0,36.35,44.78,27.1
99,3.96,44,player,Greuther Furth,0.412,480.9,472.0,507.9,529.0,29.41,22.82,31.9
99,3.96,49,player,VfB Stuttgart,0.4,670.3,377.5,689.6,423.9,38.39,12.4,7.9
99,3.96,46,player,Greuther Furth,0.373,529.7,440.8,561.3,499.9,31.86,19.97,19.1
99,3.96,53,player,Greuther Furth,0.348,635.8,401.4,655.8,433.2,36.69,13.34,0.0
99,3.96,50,player,Greuther Furth,0.34,1703.7,842.4,1745.1,934.5,88.24,60.11,38.0
99,3.96,0,ball,Ball,0.7,366.0,250.0,378.0,261.0,22.1,-4.99,0.0
100,4.0,30,player,Greuther Furth,0.56,474.4,571.6,503.1,633.9,29.49,32.89,5.8
100,4.0,10,player,Greuther Furth,0.552,1532.5,580.6,1564.3,654.2,81.15,34.8,9.0
100,4.0,35,player,VfB Stuttgart,0.5,1313.2,577.6,1342.0,636.6,70.44,33.15,24.0
100,4.0,5,player,Greuther Furth,0.497,458.9,808.9,488.2,889.7,29.61,56.2,38.0
100,4.0,44,player,Greuther Furth,0.457,479.0,470.0,503.5,525.4,29.24,22.47,35.1
100,4.0,45,player,Greuther Furth,0.427,813.3,467.9,835.0,522.9,45.76,22.22,11.2
100,4.0,2,player,Greuther Furth,0.417,1208.6,742.4,1244.4,821.4,65.16,50.14,9.5
100,4.0,39,player,Greuther Furth,0.411,862.0,523.9,888.8,572.2,48.33,27.0,16.7
100,4.0,4,player,Greuther Furth,0.377,607.6,682.2,649.3,760.6,36.61,44.66,25.5
100,4.0,53,player,Greuther Furth,0.368,634.6,399.9,655.1,432.0,36.64,13.22,11.1
100,4.0,3,player,Greuther Furth,0.36,524.8,611.5,560.7,674.4,32.25,36.7,30.3
100,4.0,38,player,VfB Stuttgart,0.356,254.6,955.0,311.0,1051.9,21.35,70.13,32.4
100,4.0,51,player,Greuther Furth,0.356,573.5,413.0,599.3,467.0,33.8,16.71,6.8
100,4.0,46,player,Greuther Furth,0.343,528.5,439.8,556.0,499.1,31.69,19.89,16.7
100,4.0,49,player,VfB Stuttgart,0.324,668.7,378.5,687.8,421.5,38.3,12.17,22.5
100,4.0,52,player,Greuther Furth,0.311,1078.7,516.1,1100.4,569.5,58.89,26.75,19.9
100,4.0,50,player,Greuther Furth,0.306,1702.9,839.6,1741.6,930.4,88.16,59.76,32.7
100,4.0,0,ball,Ball,0.7,366.0,250.0,380.0,261.0,22.15,-4.99,0.0
101,4.04,10,player,Greuther Furth,0.525,1531.4,578.3,1562.1,653.3,81.07,34.72,10.1
101,4.04,30,player,Greuther Furth,0.51,472.0,570.9,503.8,637.2,29.46,33.2,28.1
101,4.04,5,player,Greuther Furth,0.507,458.9,806.5,488.8,886.3,29.61,55.9,26.9
101,4.04,44,player,Greuther Furth,0.491,479.5,468.0,501.9,525.8,29.22,22.5,3.8
101,4.04,4,player,Greuther Furth,0.434,614.1,680.1,653.3,759.2,36.86,44.53,25.1
101,4.04,3,player,Greuther Furth,0.391,524.9,611.0,560.7,674.0,32.25,36.66,3.6
101,4.04,38,player,VfB Stuttgart,0.377,255.6,952.1,311.6,1048.7,21.37,69.86,24.1
101,4.04,46,player,Greuther Furth,0.371,526.6,441.6,548.7,491.6,31.44,19.16,38.0
101,4.04,35,player,VfB Stuttgart,0.369,1309.9,577.3,1338.5,638.1,70.27,33.29,19.9
101,4.04,39,player,Greuther Furth,0.367,861.6,524.7,884.7,573.0,48.22,27.09,12.3
101,4.04,45,player,Greuther Furth,0.337,811.3,467.7,834.0,521.3,45.68,22.06,15.7
101,4.04,2,player,Greuther Furth,0.336,1204.8,744.1,1243.3,820.4,65.05,50.05,13.0
101,4.04,53,player,Greuther Furth,0.327,634.1,399.2,654.1,436.7,36.62,13.69,38.0
101,4.04,0,ball,Ball,0.7,368.0,249.0,382.0,261.0,22.25,-5.04,0.0
102,4.08,10,player,Greuther Furth,0.506,1529.0,575.7,1560.3,652.2,80.97,34.62,12.6
102,4.08,5,player,Greuther Furth,0.48,459.7,804.9,489.0,882.1,29.62,55.54,32.8
102,4.08,4,player,Greuther Furth,0.48,619.6,680.9,655.8,760.1,37.05,44.61,18.9
102,4.08,44,player,Greuther Furth,0.477,477.9,467.6,501.3,525.7,29.16,22.5,5.2
102,4.08,35,player,VfB Stuttgart,0.456,1307.4,576.9,1335.3,642.3,70.12,33.69,38.0
102,4.08,30,player,Greuther Furth,0.419,469.1,569.1,503.5,634.3,29.37,32.94,25.4
102,4.08,54,player,VfB Stuttgart,0.402,1075.2,1002.9,1111.8,1080.0,58.62,72.47,0.0
102,4.08,38,player,VfB Stuttgart,0.395,255.7,948.6,312.7,1045.0,21.38,69.54,28.6
102,4.08,53,player,Greuther Furth,0.376,633.2,398.8,654.5,442.7,36.62,14.29,38.0
102,4.08,39,player,Greuther Furth,0.364,856.9,520.7,882.6,574.2,48.05,27.2,18.2
102,4.08,3,player,Greuther Furth,0.36,525.7,611.8,560.8,673.4,32.27,36.61,4.9
102,4.08,46,player,Greuther Furth,0.331,524.7,441.1,547.0,496.7,31.36,19.66,38.0
102,4.08,45,player,Greuther Furth,0.302,808.5,466.3,832.4,523.4,45.57,22.27,21.1
102,4.08,0,ball,Ball,0.7,371.0,250.0,383.0,260.0,22.35,-5.04,0.0
103,4.12,10,player,Greuther Furth,0.612,1527.5,575.7,1558.9,652.9,80.9,34.69,8.6
103,4.12,55,player,Greuther Furth,0.519,1166.3,987.9,1205.1,1080.0,62.84,72.47,0.0
103,4.12,5,player,Greuther Furth,0.491,459.7,801.0,488.6,880.0,29.6,55.35,17.1
103,4.12,38,player,VfB Stuttgart,0.472,257.4,943.2,317.2,1042.4,21.51,69.33,22.6
103,4.12,44,player,Greuther Furth,0.443,475.4,467.4,501.6,525.7,29.1,22.49,5.1
103,4.12,2,player,Greuther Furth,0.409,1196.3,736.9,1236.2,811.8,64.69,49.28,38.0
103,4.12,3,player,Greuther Furth,0.403,524.7,608.8,560.8,674.3,32.25,36.69,7.4
103,4.12,4,player,Greuther Furth,0.399,617.6,682.4,660.4,760.9,37.11,44.68,8.9
103,4.12,35,player,VfB Stuttgart,0.383,1304.0,578.8,1330.5,645.5,69.91,33.98,32.5
103,4.12,46,player,Greuther Furth,0.363,521.2,441.1,547.7,498.0,31.3,19.78,12.6
103,4.12,53,player,Greuther Furth,0.334,633.3,397.8,655.1,444.5,36.64,14.48,16.7
103,4.12,39,player,Greuther Furth,0.316,855.6,517.7,880.2,574.7,47.96,27.24,8.9
103,4.12,0,ball,Ball,0.7,1491.0,1023.0,1503.0,1038.0,77.27,68.32,0.0
104,4.16,35,player,VfB Stuttgart,0.593,1299.2,579.2,1326.5,649.9,69.69,34.4,38.0
104,4.16,5,player,Greuther Furth,0.534,459.7,797.0,489.1,879.2,29.61,55.28,6.3
104,4.16,3,player,Greuther Furth,0.474,527.2,606.4,560.1,669.1,32.28,36.21,38.0
104,4.16,10,player,Greuther Furth,0.471,1524.6,576.4,1555.7,653.5,80.74,34.74,14.7
104,4.16,2,player,Greuther Furth,0.46,1190.2,733.5,1238.2,809.9,64.6,49.12,17.0
104,4.16,44,player,Greuther Furth,0.44,475.4,467.0,500.0,525.8,29.07,22.51,3.7
104,4.16,38,player,VfB Stuttgart,0.417,259.4,942.9,318.9,1040.5,21.59,69.16,16.4
104,4.16,4,player,Greuther Furth,0.409,630.1,681.5,661.8,762.4,37.45,44.81,32.4
104,4.16,53,player,Greuther Furth,0.402,633.1,397.1,653.5,444.9,36.59,14.51,5.3
104,4.16,55,player,Greuther Furth,0.365,1169.0,980.9,1205.4,1080.0,62.91,72.47,6.3
104,4.16,46,player,Greuther Furth,0.345,518.4,439.8,549.3,496.4,31.26,19.62,14.8
104,4.16,45,player,Greuther Furth,0.329,801.8,465.0,826.4,514.1,45.25,21.36,38.0
104,4.16,30,player,Greuther Furth,0.316,465.5,567.0,498.5,637.3,29.17,33.21,15.4
104,4.16,50,player,Greuther Furth,0.303,1685.8,828.3,1722.6,920.1,87.37,58.86,26.9
104,4.16,0,ball,Ball,0.7,1487.0,1020.0,1499.0,1035.0,77.1,68.07,0.0
105,4.2,2,player,Greuther Furth,0.614,1185.8,730.1,1236.7,809.1,64.46,49.04,14.2
105,4.2,3,player,Greuther Furth,0.586,526.4,603.3,560.0,669.8,32.26,36.27,5.6
105,4.2,45,player,Greuther Furth,0.513,801.6,464.1,824.4,518.8,45.2,21.83,38.0
105,4.2,52,player,Greuther Furth,0.509,1064.5,511.9,1086.0,567.8,58.18,26.58,13.0
105,4.2,10,player,Greuther Furth,0.503,1520.7,575.8,1552.5,652.2,80.58,34.62,18.7
105,4.2,4,player,Greuther Furth,0.489,634.7,680.7,665.2,764.0,37.65,44.96,22.3
105,4.2,50,player,Greuther Furth,0.471,1675.0,824.0,1714.0,918.1,86.92,58.68,38.0
105,4.2,35,player,VfB Stuttgart,0.458,1294.0,582.2,1320.2,647.3,69.41,34.16,32.9
105,4.2,5,player,Greuther Furth,0.449,460.0,794.5,489.6,871.3,29.61,54.59,38.0
105,4.2,44,player,Greuther Furth,0.423,473.0,467.1,498.5,526.0,28.97,22.53,8.7
105,4.2,51,player,Greuther Furth,0.402,561.9,411.5,584.1,462.0,33.11,16.22,15.1
105,4.2,30,player,Greuther Furth,0.382,464.6,567.1,494.6,633.2,29.04,32.82,36.8
105,4.2,53,player,Greuther Furth,0.37,631.4,400.4,652.7,444.7,36.53,14.49,6.0
105,4.2,55,player,Greuther Furth,0.356,1171.2,976.3,1204.5,1078.6,62.94,72.36,10.8
105,4.2,38,player,VfB Stuttgart,0.321,269.8,932.6,324.0,1036.4,21.93,68.82,38.0
105,4.2,46,player,Greuther Furth,0.301,512.5,438.2,549.1,496.1,31.11,19.59,13.9
105,4.2,0,ball,Ball,0.7,1483.0,1016.0,1495.0,1030.0,76.93,67.69,0.0
106,4.24,10,player,Greuther Furth,0.549,1518.0,577.4,1548.8,650.3,80.43,34.44,20.9
106,4.24,45,player,Greuther Furth,0.538,800.0,466.1,819.5,518.9,45.04,21.83,14.7
106,4.24,3,player,Greuther Furth,0.52,526.6,603.9,558.7,667.2,32.22,36.03,21.7
106,4.24,52,player,Greuther Furth,0.475,1059.6,512.6,1081.3,565.5,57.95,26.36,29.0
106,4.24,5,player,Greuther Furth,0.469,460.9,792.9,491.0,865.2,29.64,54.04,38.0
106,4.24,4,player,Greuther Furth,0.435,639.7,679.6,670.0,752.3,37.86,43.89,38.0
106,4.24,2,player,Greuther Furth,0.415,1181.1,726.7,1232.5,804.6,64.26,48.64,38.0
106,4.24,51,player,Greuther Furth,0.411,560.4,410.2,580.7,458.9,32.98,15.91,30.8
106,4.24,30,player,Greuther Furth,0.363,462.6,567.6,489.0,630.9,28.85,32.61,25.9
106,4.24,44,player,Greuther Furth,0.358,472.5,467.2,496.8,521.1,28.9,22.05,38.0
106,4.24,55,player,Greuther Furth,0.353,1171.3,967.0,1206.6,1079.1,62.99,72.4,5.8
106,4.24,35,player,VfB Stuttgart,0.351,1288.8,583.9,1314.5,645.2,69.15,33.96,29.6
106,4.24,53,player,Greuther Furth,0.334,629.7,401.0,651.0,443.6,36.44,14.38,12.9
106,4.24,50,player,Greuther Furth,0.316,1666.6,820.4,1706.1,913.9,86.56,58.32,38.0
106,4.24,0,ball,Ball,0.7,1480.0,1012.0,1491.0,1027.0,76.78,67.39,0.0
107,4.28,3,player,Greuther Furth,0.485,524.6,604.1,557.0,664.6,32.12,35.79,23.6
107,4.28,10,player,Greuther Furth,0.475,1515.6,578.1,1541.9,645.5,80.22,33.99,38.0
107,4.28,5,player,Greuther Furth,0.462,462.9,792.0,492.1,866.3,29.72,54.14,11.4
107,4.28,52,player,Greuther Furth,0.438,1055.5,514.2,1078.6,571.3,57.77,26.92,38.0
107,4.28,2,player,Greuther Furth,0.438,1175.4,723.9,1226.1,800.9,63.97,48.31,38.0
107,4.28,45,player,Greuther Furth,0.426,797.8,466.8,815.0,518.7,44.87,21.81,15.0
107,4.28,4,player,Greuther Furth,0.396,640.5,677.4,675.4,750.8,38.0,43.75,18.2
107,4.28,56,player,Greuther Furth,0.381,878.1,984.1,912.3,1076.8,49.53,72.2,0.0
107,4.28,30,player,Greuther Furth,0.366,461.5,566.5,487.8,629.5,28.79,32.48,12.9
107,4.28,39,player,Greuther Furth,0.364,849.5,512.9,873.7,578.6,47.66,27.63,11.1
107,4.28,55,player,Greuther Furth,0.356,1171.3,960.2,1211.7,1080.0,63.11,72.47,12.5
107,4.28,51,player,Greuther Furth,0.323,556.4,410.5,580.5,458.7,32.88,15.89,9.8
107,4.28,0,ball,Ball,0.7,1475.0,1008.0,1487.0,1022.0,76.59,67.01,0.0
108,4.32,10,player,Greuther Furth,0.615,1511.0,575.6,1536.9,646.4,79.99,34.07,22.5
108,4.32,3,player,Greuther Furth,0.526,518.9,603.6,558.0,672.7,32.03,36.54,38.0
108,4.32,5,player,Greuther Furth,0.505,463.5,790.9,492.0,865.3,29.73,54.05,8.1
108,4.32,2,player,Greuther Furth,0.501,1169.4,723.1,1219.8,796.9,63.69,47.95,38.0
108,4.32,35,player,VfB Stuttgart,0.492,1279.6,583.9,1303.5,641.1,68.67,33.57,27.9
108,4.32,30,player,Greuther Furth,0.476,460.7,564.6,487.9,631.3,28.77,32.65,14.8
108,4.32,55,player,Greuther Furth,0.444,1170.5,954.8,1213.8,1080.0,63.14,72.47,2.6
108,4.32,4,player,Greuther Furth,0.432,639.4,675.4,683.8,753.6,38.18,44.01,28.4
108,4.32,57,player,VfB Stuttgart,0.414,958.8,982.8,993.3,1075.9,53.24,72.13,0.0
108,4.32,45,player,Greuther Furth,0.406,792.9,465.9,811.8,517.1,44.67,21.65,23.1
108,4.32,39,player,Greuther Furth,0.399,846.4,497.2,872.8,578.9,47.56,27.65,9.0
108,4.32,56,player,Greuther Furth,0.396,879.2,983.5,914.9,1076.6,49.61,72.19,7.8
108,4.32,50,player,Greuther Furth,0.393,1655.9,814.8,1695.7,906.9,86.1,57.71,34.4
108,4.32,51,player,Greuther Furth,0.367,552.5,410.9,580.3,459.7,32.78,15.99,12.9
108,4.32,52,player,Greuther Furth,0.351,1053.3,516.1,1073.6,568.8,57.6,26.68,26.5
108,4.32,0,ball,Ball,0.7,272.0,258.0,289.0,269.0,17.41,-4.14,0.0
109,4.36,10,player,Greuther Furth,0.575,1504.8,574.7,1533.1,647.5,79.74,34.18,24.4
109,4.36,2,player,Greuther Furth,0.531,1163.4,716.8,1210.0,792.6,63.32,47.56,38.0
109,4.36,35,player,VfB Stuttgart,0.52,1274.2,585.6,1298.7,647.0,68.41,34.13,38.0
109,4.36,3,player,Greuther Furth,0.517,519.0,604.6,557.9,673.3,32.04,36.59,4.8
109,4.36,30,player,Greuther Furth,0.47,460.1,564.1,485.4,629.3,28.69,32.46,18.3
109,4.36,5,player,Greuther Furth,0.457,464.0,788.3,492.2,863.2,29.74,53.87,16.4
109,4.36,55,player,Greuther Furth,0.45,1169.0,948.5,1213.5,1078.9,63.1,72.39,8.6
109,4.36,39,player,Greuther Furth,0.435,844.7,509.7,867.8,578.8,47.39,27.64,15.1
109,4.36,58,player,VfB Stuttgart,0.411,1440.3,976.5,1482.8,1075.2,75.49,72.07,0.0
109,4.36,4,player,Greuther Furth,0.371,644.1,675.1,688.5,749.9,38.4,43.68,36.1
109,4.36,56,player,Greuther Furth,0.37,883.1,976.6,920.2,1072.0,49.83,71.81,38.0
109,4.36,45,player,Greuther Furth,0.366,790.5,467.0,810.3,516.7,44.57,21.62,9.1
109,4.36,51,player,Greuther Furth,0.324,549.5,411.5,579.0,460.9,32.67,16.11,14.2
109,4.36,0,ball,Ball,0.7,1672.0,829.0,1683.0,839.0,86.53,51.27,0.0
110,4.4,55,player,Greuther Furth,0.529,1168.1,941.1,1214.6,1079.6,63.1,72.44,5.2
110,4.4,30,player,Greuther Furth,0.502,456.6,564.4,480.7,631.4,28.5,32.66,24.9
110,4.4,5,player,Greuther Furth,0.464,462.6,785.5,491.3,858.4,29.67,53.44,38.0
110,4.4,10,player,Greuther Furth,0.435,1502.4,573.2,1529.3,643.0,79.6,33.75,38.0
110,4.4,35,player,VfB Stuttgart,0.418,1268.9,590.5,1293.8,651.1,68.15,34.51,38.0
110,4.4,4,player,Greuther Furth,0.373,646.4,673.8,692.1,750.1,38.54,43.69,12.8
110,4.4,39,player,Greuther Furth,0.365,842.2,514.4,865.9,580.5,47.29,27.8,17.7
110,4.4,2,player,Greuther Furth,0.35,1160.9,715.3,1201.9,791.3,63.06,47.44,25.0
110,4.4,57,player,VfB Stuttgart,0.335,961.0,981.6,997.3,1072.2,53.38,71.83,15.1
110,4.4,58,player,VfB Stuttgart,0.307,1439.3,976.5,1481.8,1073.0,75.46,71.89,16.4
110,4.4,0,ball,Ball,0.7,1667.0,827.0,1679.0,838.0,86.32,51.14,0.0
111,4.44,55,player,Greuther Furth,0.567,1165.7,945.9,1215.2,1080.0,63.06,72.47,4.6
111,4.44,10,player,Greuther Furth,0.563,1501.0,571.4,1528.2,646.1,79.53,34.05,27.4
111,4.44,5,player,Greuther Furth,0.542,460.0,785.8,489.0,856.9,29.55,53.3,16.4
111,4.44,30,player,Greuther Furth,0.486,451.8,565.2,478.1,632.3,28.32,32.74,17.7
111,4.44,44,player,Greuther Furth,0.449,463.0,465.7,488.5,520.8,28.46,22.02,8.0
111,4.44,4,player,Greuther Furth,0.435,651.0,673.5,695.2,749.9,38.73,43.68,16.7
111,4.44,35,player,VfB Stuttgart,0.403,1263.8,590.0,1288.6,653.8,67.89,34.77,32.7
111,4.44,39,player,Greuther Furth,0.378,840.6,519.0,863.3,578.3,47.18,27.59,21.4
111,4.44,50,player,Greuther Furth,0.347,1642.1,808.0,1681.2,895.9,85.49,56.74,34.4
111,4.44,38,player,VfB Stuttgart,0.313,275.3,923.4,330.0,1018.2,22.12,67.29,0.0
111,4.44,52,player,Greuther Furth,0.303,1042.0,512.8,1066.3,570.6,57.14,26.85,14.7
111,4.44,0,ball,Ball,0.7,524.0,479.0,530.0,486.0,30.88,18.25,0.0
112,4.48,5,player,Greuther Furth,0.548,459.8,784.9,488.3,855.1,29.52,53.15,14.4
112,4.48,52,player,Greuther Furth,0.547,1040.8,513.1,1062.9,569.9,57.03,26.78,11.7
112,4.48,55,player,Greuther Furth,0.511,1166.9,955.1,1212.5,1078.6,63.03,72.36,10.7
112,4.48,10,player,Greuther Furth,0.463,1497.7,574.6,1521.9,646.6,79.29,34.09,21.7
112,4.48,4,player,Greuther Furth,0.452,663.1,672.8,697.0,747.2,39.06,43.43,37.1
112,4.48,30,player,Greuther Furth,0.401,450.1,565.7,475.0,632.7,28.21,32.78,10.8
112,4.48,39,player,Greuther Furth,0.383,837.1,517.2,860.0,577.7,47.01,27.53,16.0
112,4.48,38,player,VfB Stuttgart,0.376,273.9,920.5,330.3,1016.6,22.09,67.15,13.0
112,4.48,44,player,Greuther Furth,0.371,459.4,464.8,486.9,523.1,28.34,22.24,22.8
112,4.48,2,player,Greuther Furth,0.338,1154.1,710.2,1192.5,788.8,62.68,47.21,20.0
112,4.48,50,player,Greuther Furth,0.323,1635.1,807.8,1676.6,896.1,85.22,56.76,24.6
112,4.48,35,player,VfB Stuttgart,0.308,1258.4,590.4,1285.0,658.8,67.66,35.24,38.0
112,4.48,0,ball,Ball,0.7,1460.0,997.0,1472.0,1010.0,75.93,66.04,0.0
113,4.52,10,player,Greuther Furth,0.58,1495.3,573.9,1518.7,646.1,79.16,34.04,12.9
113,4.52,5,player,Greuther Furth,0.579,459.5,781.6,488.6,854.3,29.52,53.07,6.5
113,4.52,52,player,Greuther Furth,0.531,1038.4,512.7,1059.8,576.1,56.89,27.38,38.0
113,4.52,4,player,Greuther Furth,0.52,673.7,671.7,702.7,745.0,39.44,43.23,38.0
113,4.52,55,player,Greuther Furth,0.483,1165.7,955.4,1210.4,1076.3,62.95,72.17,18.5
113,4.52,30,player,Greuther Furth,0.359,447.3,567.9,473.3,631.2,28.09,32.64,16.3
113,4.52,45,player,Greuther Furth,0.358,776.8,463.3,800.2,516.1,43.98,21.56,13.4
113,4.52,44,player,Greuther Furth,0.328,457.8,465.4,487.0,523.8,28.3,22.32,7.3
113,4.52,38,player,VfB Stuttgart,0.321,277.2,921.2,334.6,1016.1,22.26,67.1,16.0
113,4.52,35,player,VfB Stuttgart,0.315,1256.1,593.5,1281.1,657.2,67.52,35.08,19.3
113,4.52,39,player,Greuther Furth,0.305,835.3,522.5,857.3,577.4,46.9,27.5,10.3
113,4.52,0,ball,Ball,0.7,1457.0,995.0,1469.0,1007.0,75.8,65.82,0.0
114,4.56,10,player,Greuther Furth,0.549,1494.0,573.7,1515.6,645.4,79.05,33.98,11.1
114,4.56,52,player,Greuther Furth,0.512,1034.2,512.3,1056.9,576.2,56.71,27.39,15.8
114,4.56,5,player,Greuther Furth,0.505,459.9,779.5,488.1,852.3,29.51,52.9,16.0
114,4.56,55,player,Greuther Furth,0.413,1165.2,961.2,1209.7,1075.2,62.93,72.07,8.7
114,4.56,45,player,Greuther Furth,0.343,776.1,464.6,798.3,517.2,43.92,21.66,10.9
114,4.56,38,player,VfB Stuttgart,0.313,277.5,922.0,337.3,1014.0,22.32,66.93,16.7
114,4.56,44,player,Greuther Furth,0.305,458.4,465.7,484.5,524.8,28.26,22.41,9.4
114,4.56,35,player,VfB Stuttgart,0.304,1250.6,593.7,1278.0,657.1,67.31,35.08,18.6
114,4.56,0,ball,Ball,0.7,1455.0,993.0,1467.0,1005.0,75.72,65.65,0.0
115,4.6,5,player,Greuther Furth,0.534,459.7,776.8,488.1,852.5,29.5,52.92,2.0
115,4.6,52,player,Greuther Furth,0.515,1032.5,512.4,1054.4,576.1,56.61,27.38,9.5
115,4.6,55,player,Greuther Furth,0.47,1166.3,959.7,1208.9,1073.4,62.94,71.93,13.2
115,4.6,10,player,Greuther Furth,0.464,1490.6,571.5,1512.1,644.1,78.89,33.86,18.2
115,4.6,4,player,Greuther Furth,0.388,685.0,671.5,713.0,749.2,39.97,43.61,29.1
115,4.6,45,player,Greuther Furth,0.34,773.0,467.1,793.9,516.8,43.73,21.63,17.2
115,4.6,44,player,Greuther Furth,0.325,458.1,466.3,482.2,522.1,28.18,22.15,24.7
115,4.6,0,ball,Ball,0.7,792.0,965.0,804.0,976.0,44.96,63.22,0.0
116,4.64,5,player,Greuther Furth,0.549,458.7,775.1,487.2,854.7,29.47,53.11,17.6
116,4.64,59,player,Greuther Furth,0.48,1304.4,463.0,1324.3,511.3,70.12,21.08,0.0
116,4.64,10,player,Greuther Furth,0.474,1489.6,571.5,1511.5,644.6,78.85,33.91,5.7
116,4.64,55,player,Greuther Furth,0.448,1169.4,938.3,1212.8,1072.4,63.1,71.84,16.3
116,4.64,45,player,Greuther Furth,0.381,769.3,466.5,791.7,515.9,43.58,21.54,15.5
116,4.64,44,player,Greuther Furth,0.35,454.5,466.5,483.1,525.4,28.13,22.47,29.8
116,4.64,52,player,Greuther Furth,0.349,1030.9,514.2,1053.0,574.2,56.54,27.2,18.1
116,4.64,30,player,Greuther Furth,0.349,441.6,574.3,465.0,634.4,27.76,32.94,13.4
116,4.64,35,player,VfB Stuttgart,0.32,1240.5,598.2,1269.3,659.1,66.85,35.27,22.5
116,4.64,4,player,Greuther Furth,0.304,688.9,673.2,719.1,746.6,40.2,43.38,29.7
116,4.64,0,ball,Ball,0.7,383.0,256.0,399.0,271.0,23.12,-4.14,0.0
117,4.68,5,player,Greuther Furth,0.627,457.8,772.7,486.2,854.0,29.42,53.05,7.2
117,4.68,10,player,Greuther Furth,0.547,1488.6,571.5,1511.3,644.5,78.82,33.89,2.7
117,4.68,59,player,Greuther Furth,0.517,1302.7,461.1,1322.5,510.4,70.04,21.0,10.6
117,4.68,30,player,Greuther Furth,0.465,437.7,575.3,463.1,636.1,27.63,33.1,18.6
117,4.68,52,player,Greuther Furth,0.39,1029.7,517.8,1050.6,576.3,56.45,27.4,20.2
117,4.68,44,player,Greuther Furth,0.387,451.9,466.3,480.8,524.6,28.0,22.39,13.5
117,4.68,45,player,Greuther Furth,0.377,766.5,466.8,788.3,514.5,43.42,21.4,18.7
117,4.68,55,player,Greuther Furth,0.369,1169.3,936.3,1213.9,1070.2,63.13,71.66,16.7
117,4.68,38,player,VfB Stuttgart,0.346,281.7,922.0,334.3,1008.4,22.33,66.45,14.3
117,4.68,4,player,Greuther Furth,0.309,693.5,672.0,722.6,742.8,40.39,43.02,36.1
117,4.68,0,ball,Ball,0.7,367.0,259.0,381.0,271.0,22.25,-3.99,0.0
118,4.72,5,player,Greuther Furth,0.574,456.6,774.0,484.6,853.1,29.35,52.97,9.3
118,4.72,10,player,Greuther Furth,0.559,1487.4,571.4,1511.4,644.7,78.8,33.91,3.0
118,4.72,30,player,Greuther Furth,0.53,434.4,576.2,459.5,642.2,27.48,33.68,38.0
118,4.72,59,player,Greuther Furth,0.411,1299.7,460.8,1321.0,510.1,69.92,20.97,10.5
118,4.72,35,player,VfB Stuttgart,0.411,1232.4,602.8,1258.5,665.8,66.37,35.9,35.4
118,4.72,44,player,Greuther Furth,0.379,449.6,466.6,478.2,522.6,27.88,22.19,21.0
118,4.72,4,player,Greuther Furth,0.363,698.0,669.4,728.6,743.5,40.65,43.09,23.6
118,4.72,55,player,Greuther Furth,0.361,1170.2,942.9,1214.9,1071.3,63.17,71.75,9.2
118,4.72,45,player,Greuther Furth,0.341,764.1,467.1,785.6,513.4,43.3,21.3,14.9
118,4.72,38,player,VfB Stuttgart,0.312,280.2,921.8,334.5,1008.0,22.3,66.42,4.2
118,4.72,0,ball,Ball,0.7,815.0,480.0,826.0,490.0,45.54,18.5,0.0
119,4.76,5,player,Greuther Furth,0.551,456.4,774.3,483.9,852.0,29.33,52.88,8.8
119,4.76,35,player,VfB Stuttgart,0.529,1230.3,604.1,1256.2,672.0,66.25,36.47,38.0
119,4.76,30,player,Greuther Furth,0.529,432.1,576.9,457.7,640.8,27.38,33.55,15.0
119,4.76,10,player,Greuther Furth,0.522,1487.2,571.5,1512.0,644.9,78.8,33.93,1.8
119,4.76,59,player,Greuther Furth,0.419,1298.4,462.1,1320.4,511.6,69.87,21.12,14.1
119,4.76,38,player,VfB Stuttgart,0.335,278.7,921.5,334.4,1008.6,22.26,66.47,5.5
119,4.76,44,player,Greuther Furth,0.319,445.8,466.2,475.3,522.2,27.71,22.16,15.4
119,4.76,45,player,Greuther Furth,0.315,761.1,467.5,784.1,514.4,43.19,21.4,13.3
119,4.76,0,ball,Ball,0.7,307.0,262.0,319.0,271.0,19.11,-3.83,0.0
120,4.8,5,player,Greuther Furth,0.578,456.0,773.4,483.6,852.3,29.31,52.9,2.8
120,4.8,35,player,VfB Stuttgart,0.464,1227.4,605.1,1251.1,673.4,66.06,36.6,21.3
120,4.8,30,player,Greuther Furth,0.442,430.9,578.6,455.6,642.7,27.3,33.73,17.3
120,4.8,10,player,Greuther Furth,0.439,1487.3,573.0,1513.0,643.8,78.84,33.82,10.0
120,4.8,59,player,Greuther Furth,0.434,1298.6,461.0,1319.2,512.3,69.85,21.19,6.5
120,4.8,0,ball,Ball,0.7,307.0,261.0,320.0,271.0,19.13,-3.88,0.0
121,4.84,5,player,Greuther Furth,0.613,455.7,769.5,483.6,851.9,29.3,52.87,3.2
121,4.84,4,player,Greuther Furth,0.516,718.3,672.5,741.8,746.5,41.46,43.36,25.6
121,4.84,10,player,Greuther Furth,0.494,1487.6,574.7,1513.6,643.0,78.86,33.75,6.8
121,4.84,35,player,VfB Stuttgart,0.39,1222.9,606.7,1246.8,670.5,65.85,36.33,30.7
121,4.84,59,player,Greuther Furth,0.365,1296.8,461.5,1316.3,510.6,69.73,21.02,17.9
121,4.84,30,player,Greuther Furth,0.363,429.0,581.3,453.2,642.1,27.19,33.67,10.8
121,4.84,38,player,VfB Stuttgart,0.34,281.7,920.3,334.8,1008.7,22.34,66.48,3.6
121,4.84,0,ball,Ball,0.7,837.0,972.0,857.0,985.0,47.25,63.9,0.0
122,4.88,5,player,Greuther Furth,0.564,455.4,769.2,483.5,851.0,29.29,52.78,8.0
122,4.88,10,player,Greuther Furth,0.505,1488.1,575.6,1513.7,646.4,78.86,34.07,28.4
122,4.88,4,player,Greuther Furth,0.484,722.7,671.8,748.9,748.5,41.73,43.55,30.3
122,4.88,60,player,Greuther Furth,0.452,1126.8,972.0,1157.1,1068.6,60.85,71.52,0.0
122,4.88,61,player,Greuther Furth,0.407,1194.4,963.5,1234.1,1068.9,64.17,71.55,0.0
122,4.88,35,player,VfB Stuttgart,0.368,1220.2,609.7,1245.9,670.2,65.76,36.3,8.1
122,4.88,38,player,VfB Stuttgart,0.358,279.0,920.2,337.0,1010.8,22.34,66.66,16.1
122,4.88,62,player,Greuther Furth,0.356,511.5,410.8,535.3,459.1,30.62,15.93,0.0
122,4.88,59,player,Greuther Furth,0.337,1295.5,461.2,1314.2,511.0,69.65,21.06,8.2
122,4.88,44,player,Greuther Furth,0.325,442.6,466.0,465.2,530.7,27.41,22.98,26.3
122,4.88,30,player,Greuther Furth,0.306,426.2,583.0,452.4,642.7,27.11,33.73,9.3
122,4.88,0,ball,Ball,0.7,802.0,484.0,815.0,495.0,44.94,18.94,0.0
123,4.92,4,player,Greuther Furth,0.529,727.7,671.6,752.9,748.9,41.95,43.58,19.9
123,4.92,5,player,Greuther Furth,0.499,455.8,769.4,483.5,851.6,29.3,52.83,4.9
123,4.92,10,player,Greuther Furth,0.498,1488.9,576.0,1513.8,649.6,78.87,34.37,27.1
123,4.92,60,player,Greuther Furth,0.44,1129.8,973.0,1164.0,1068.5,61.08,71.51,20.4
123,4.92,63,player,VfB Stuttgart,0.435,930.7,962.5,969.0,1067.3,52.03,71.42,0.0
123,4.92,61,player,Greuther Furth,0.408,1195.3,960.8,1241.0,1070.5,64.34,71.68,20.2
123,4.92,62,player,Greuther Furth,0.331,509.5,409.3,530.7,459.1,30.45,15.93,14.9
123,4.92,38,player,VfB Stuttgart,0.322,277.5,921.1,339.0,1010.5,22.35,66.63,2.5
123,4.92,44,player,Greuther Furth,0.314,441.5,464.7,464.5,527.8,27.35,22.7,25.5
123,4.92,0,ball,Ball,0.7,799.0,484.0,813.0,494.0,44.82,18.9,0.0
124,4.96,5,player,Greuther Furth,0.513,456.1,768.5,483.9,850.2,29.31,52.71,11.0
124,4.96,10,player,Greuther Furth,0.509,1488.8,576.7,1515.4,651.1,78.9,34.51,13.2
124,4.96,64,player,Greuther Furth,0.435,1023.0,521.9,1048.0,584.2,56.21,28.16,0.0
124,4.96,35,player,VfB Stuttgart,0.42,1212.1,610.9,1238.4,676.1,65.37,36.86,30.5
124,4.96,59,player,Greuther Furth,0.412,1294.7,464.1,1313.4,514.7,69.6,21.42,16.4
124,4.96,60,player,Greuther Furth,0.374,1132.2,967.8,1175.7,1069.3,61.4,71.58,29.7
124,4.96,38,player,VfB Stuttgart,0.37,276.8,919.7,340.1,1011.3,22.36,66.7,6.6
124,4.96,61,player,Greuther Furth,0.36,1197.1,961.2,1249.1,1070.5,64.57,71.68,20.5
124,4.96,44,player,Greuther Furth,0.348,441.3,466.8,464.6,526.7,27.35,22.6,9.4
124,4.96,4,player,Greuther Furth,0.326,730.6,671.0,761.6,745.9,42.22,43.31,34.5
124,4.96,0,ball,Ball,0.7,796.0,484.0,812.0,495.0,44.72,18.94,0.0
125,5.0,5,player,Greuther Furth,0.569,456.9,767.4,486.2,852.0,29.39,52.87,16.2
125,5.0,10,player,Greuther Furth,0.453,1489.8,579.5,1516.8,649.7,78.96,34.38,12.7
125,5.0,59,player,Greuther Furth,0.41,1293.5,462.9,1313.7,514.2,69.58,21.37,4.5
125,5.0,65,player,VfB Stuttgart,0.376,1090.1,710.1,1137.9,780.0,59.86,46.42,0.0
125,5.0,61,player,Greuther Furth,0.336,1198.4,959.5,1256.8,1072.1,64.78,71.81,21.9
125,5.0,38,player,VfB Stuttgart,0.327,283.7,917.0,341.2,1011.4,22.54,66.71,16.6
125,5.0,35,player,VfB Stuttgart,0.324,1210.4,612.7,1237.5,679.2,65.3,37.15,27.0
125,5.0,60,player,Greuther Furth,0.321,1137.0,970.4,1180.2,1069.0,61.61,71.56,19.1
125,5.0,64,player,Greuther Furth,0.304,1025.3,527.4,1047.4,583.0,56.26,28.05,10.5
125,5.0,0,ball,Ball,0.7,794.0,482.0,810.0,495.0,44.62,18.85,0.0
126,5.04,5,player,Greuther Furth,0.514,458.3,767.0,488.0,852.3,29.47,52.9,7.4
126,5.04,60,player,Greuther Furth,0.448,1139.9,970.9,1187.1,1071.1,61.84,71.73,25.7
126,5.04,10,player,Greuther Furth,0.444,1490.5,579.0,1518.4,651.1,79.02,34.51,12.6
126,5.04,66,player,Greuther Furth,0.434,838.6,535.1,861.9,600.8,47.12,29.75,0.0
126,5.04,59,player,Greuther Furth,0.415,1291.5,464.0,1316.2,515.5,69.59,21.5,11.6
126,5.04,4,player,Greuther Furth,0.392,744.7,674.4,783.1,752.1,43.09,43.88,38.0
126,5.04,35,player,VfB Stuttgart,0.391,1209.0,612.2,1233.2,676.7,65.17,36.92,24.1
126,5.04,38,player,VfB Stuttgart,0.374,289.5,917.3,346.3,1010.7,22.8,66.65,23.4
126,5.04,65,player,VfB Stuttgart,0.373,1087.0,708.5,1137.8,779.9,59.78,46.41,7.2
126,5.04,61,player,Greuther Furth,0.353,1200.8,945.4,1259.5,1073.5,64.89,71.94,15.0
126,5.04,62,player,Greuther Furth,0.317,503.6,410.3,526.5,462.0,30.21,16.22,11.2
126,5.04,0,ball,Ball,0.7,853.0,1072.0,862.0,1080.0,47.8,72.14,0.0
127,5.08,5,player,Greuther Furth,0.567,458.3,767.2,490.1,852.3,29.52,52.9,4.7
127,5.08,10,player,Greuther Furth,0.523,1492.1,579.4,1520.5,651.7,79.11,34.57,9.4
127,5.08,66,player,Greuther Furth,0.453,841.3,537.8,864.1,598.1,47.23,29.49,25.4
127,5.08,35,player,VfB Stuttgart,0.424,1207.8,616.8,1233.1,688.2,65.11,37.99,38.0
127,5.08,64,player,Greuther Furth,0.403,1028.2,527.9,1050.2,586.9,56.39,28.41,17.7
127,5.08,59,player,Greuther Furth,0.401,1292.9,465.7,1318.2,515.0,69.67,21.45,9.0
127,5.08,60,player,Greuther Furth,0.392,1148.2,970.1,1189.2,1072.3,62.07,71.83,23.2
127,5.08,61,player,Greuther Furth,0.391,1206.7,965.1,1258.2,1075.0,64.99,72.06,14.2
127,5.08,38,player,VfB Stuttgart,0.344,296.1,918.2,347.3,1009.9,22.97,66.58,16.5
127,5.08,0,ball,Ball,0.7,855.0,1072.0,865.0,1080.0,47.92,72.14,0.0
128,5.12,35,player,VfB Stuttgart,0.564,1204.8,624.9,1230.5,690.9,64.98,38.24,25.9
128,5.12,10,player,Greuther Furth,0.478,1493.6,578.6,1522.9,650.8,79.2,34.48,11.5
128,5.12,64,player,Greuther Furth,0.451,1030.5,528.2,1051.8,586.1,56.49,28.34,11.1
128,5.12,66,player,Greuther Furth,0.441,844.6,538.2,866.1,602.6,47.37,29.92,38.0
128,5.12,5,player,Greuther Furth,0.408,462.1,765.4,493.1,852.0,29.68,52.87,14.5
128,5.12,59,player,Greuther Furth,0.391,1294.4,467.1,1318.4,515.0,69.71,21.45,3.8
128,5.12,61,player,Greuther Furth,0.377,1212.9,968.6,1258.7,1074.8,65.15,72.04,14.0
128,5.12,38,player,VfB Stuttgart,0.374,300.2,918.8,348.6,1010.3,23.09,66.62,12.1
128,5.12,60,player,Greuther Furth,0.314,1154.0,969.6,1198.4,1070.6,62.42,71.69,33.9
128,5.12,0,ball,Ball,0.7,858.0,1072.0,868.0,1080.0,48.05,72.14,0.0
129,5.16,64,player,Greuther Furth,0.545,1030.9,528.3,1053.9,589.0,56.55,28.62,25.7
129,5.16,10,player,Greuther Furth,0.499,1496.1,580.4,1524.1,649.7,79.3,34.39,12.3
129,5.16,5,player,Greuther Furth,0.461,462.6,763.5,495.6,852.1,29.75,52.88,6.3
129,5.16,66,player,Greuther Furth,0.46,847.8,538.2,870.6,600.3,47.55,29.7,25.9
129,5.16,35,player,VfB Stuttgart,0.441,1202.3,624.5,1226.3,691.5,64.81,38.29,15.4
129,5.16,4,player,Greuther Furth,0.42,763.2,679.4,804.4,751.9,44.04,43.86,28.6
129,5.16,61,player,Greuther Furth,0.367,1214.8,965.0,1267.2,1074.1,65.38,71.98,22.0
129,5.16,59,player,Greuther Furth,0.367,1295.2,467.5,1319.4,515.1,69.76,21.46,4.1
129,5.16,0,ball,Ball,0.7,790.0,483.0,806.0,496.0,44.42,18.94,0.0
130,5.2,64,player,Greuther Furth,0.595,1032.7,529.1,1054.9,589.3,56.62,28.65,6.9
130,5.2,10,player,Greuther Furth,0.538,1497.8,578.5,1526.5,651.1,79.39,34.52,14.5
130,5.2,5,player,Greuther Furth,0.525,466.2,764.4,497.4,850.9,29.87,52.78,14.5
130,5.2,35,player,VfB Stuttgart,0.484,1196.3,625.5,1225.2,691.6,64.64,38.3,15.7
130,5.2,59,player,Greuther Furth,0.457,1297.5,465.5,1319.3,514.6,69.82,21.41,7.1
130,5.2,4,player,Greuther Furth,0.438,770.5,683.1,808.7,752.3,44.32,43.9,25.5
130,5.2,60,player,Greuther Furth,0.42,1166.4,969.1,1204.9,1073.8,62.85,71.96,22.9
130,5.2,67,player,Greuther Furth,0.418,421.6,596.2,449.1,656.7,26.97,35.05,0.0
130,5.2,38,player,VfB Stuttgart,0.383,300.0,905.3,359.4,1004.6,23.31,66.13,24.2
130,5.2,66,player,Greuther Furth,0.358,850.0,538.6,873.1,600.0,47.67,29.67,10.9
130,5.2,61,player,Greuther Furth,0.346,1223.5,967.5,1270.8,1074.9,65.66,72.05,25.9
130,5.2,0,ball,Ball,0.7,864.0,1072.0,873.0,1080.0,48.31,72.14,0.0
131,5.24,64,player,Greuther Furth,0.658,1034.6,529.4,1057.4,592.8,56.72,28.98,31.1
131,5.24,10,player,Greuther Furth,0.576,1499.7,578.9,1528.4,652.4,79.48,34.63,13.0
131,5.24,5,player,Greuther Furth,0.552,467.9,765.4,498.4,849.6,29.93,52.66,12.0
131,5.24,61,player,Greuther Furth,0.519,1231.4,963.8,1277.3,1075.2,66.0,72.08,29.9
131,5.24,59,player,Greuther Furth,0.49,1298.5,466.5,1319.4,516.7,69.83,21.62,19.2
131,5.24,35,player,VfB Stuttgart,0.48,1195.7,625.7,1224.6,695.9,64.6,38.71,36.4
131,5.24,68,player,VfB Stuttgart,0.467,441.3,467.4,469.7,525.5,27.47,22.48,0.0
131,5.24,67,player,Greuther Furth,0.441,422.2,598.2,449.8,659.0,27.01,35.25,19.0
131,5.24,4,player,Greuther Furth,0.41,776.1,687.0,815.3,751.9,44.62,43.86,26.5
131,5.24,51,player,Greuther Furth,0.362,500.1,411.4,526.4,457.2,30.1,15.74,0.0
131,5.24,60,player,Greuther Furth,0.338,1173.9,966.9,1207.8,1072.9,63.09,71.88,22.8
131,5.24,66,player,Greuther Furth,0.31,852.6,540.3,878.5,604.8,47.87,30.13,38.0
131,5.24,0,ball,Ball,0.7,867.0,1072.0,877.0,1080.0,48.47,72.14,0.0
132,5.28,64,player,Greuther Furth,0.642,1037.0,530.2,1060.6,594.1,56.86,29.11,16.7
132,5.28,5,player,Greuther Furth,0.62,468.7,765.2,502.7,849.8,30.05,52.67,10.9
132,5.28,61,player,Greuther Furth,0.589,1237.8,957.5,1282.1,1075.8,66.25,72.12,23.3
132,5.28,10,player,Greuther Furth,0.542,1502.9,580.1,1528.2,652.4,79.55,34.64,6.6
132,5.28,59,player,Greuther Furth,0.515,1300.4,464.6,1319.5,516.7,69.88,21.62,4.5
132,5.28,4,player,Greuther Furth,0.489,781.9,685.5,817.3,756.3,44.81,44.26,38.0
132,5.28,60,player,Greuther Furth,0.487,1180.7,962.4,1218.0,1074.2,63.48,71.99,36.2
132,5.28,35,player,VfB Stuttgart,0.447,1196.1,625.7,1223.7,702.0,64.58,39.26,38.0
132,5.28,38,player,VfB Stuttgart,0.391,308.9,911.4,363.4,1005.1,23.62,66.17,13.8
132,5.28,68,player,VfB Stuttgart,0.388,441.3,467.4,470.2,523.6,27.47,22.29,17.3
132,5.28,69,player,Greuther Furth,0.387,722.3,413.1,741.9,461.2,41.08,16.14,0.0
132,5.28,67,player,Greuther Furth,0.35,421.8,602.5,450.4,660.4,27.02,35.39,12.4
132,5.28,0,ball,Ball,0.7,817.0,962.0,827.0,976.0,46.08,63.09,0.0
133,5.32,5,player,Greuther Furth,0.675,470.9,766.5,504.6,851.0,30.15,52.79,13.6
133,5.32,64,player,Greuther Furth,0.571,1039.6,529.7,1063.7,595.9,57.0,29.28,19.7
133,5.32,10,player,Greuther Furth,0.557,1506.0,579.5,1530.5,652.5,79.68,34.65,11.9
133,5.32,4,player,Greuther Furth,0.441,790.7,686.3,820.1,760.2,45.09,44.61,38.0
133,5.32,59,player,Greuther Furth,0.44,1303.3,466.4,1319.8,514.5,69.97,21.4,21.0
133,5.32,60,player,Greuther Furth,0.43,1186.7,964.4,1224.0,1072.9,63.75,71.89,26.5
133,5.32,38,player,VfB Stuttgart,0.426,310.1,910.5,368.1,1004.7,23.75,66.14,12.5
133,5.32,69,player,Greuther Furth,0.413,723.2,413.7,744.2,461.4,41.16,16.15,7.4
133,5.32,61,player,Greuther Furth,0.406,1244.2,961.3,1290.0,1074.9,66.58,72.05,30.8
133,5.32,35,player,VfB Stuttgart,0.399,1193.7,629.2,1222.0,701.0,64.48,39.17,11.9
133,5.32,68,player,VfB Stuttgart,0.348,441.4,466.8,468.5,523.3,27.43,22.26,4.2
133,5.32,66,player,Greuther Furth,0.332,858.4,543.0,881.3,606.4,48.08,30.29,11.8
133,5.32,67,player,Greuther Furth,0.329,422.1,602.6,451.5,663.5,27.07,35.68,26.5
133,5.32,0,ball,Ball,0.7,820.0,962.0,830.0,976.0,46.22,63.09,0.0
134,5.36,5,player,Greuther Furth,0.707,474.3,766.7,506.2,849.1,30.27,52.61,18.7
134,5.36,10,player,Greuther Furth,0.608,1508.2,579.8,1534.5,651.4,79.84,34.54,16.6
134,5.36,66,player,Greuther Furth,0.518,862.1,544.2,886.9,608.8,48.31,30.51,29.1
134,5.36,61,player,Greuther Furth,0.461,1254.8,958.2,1297.6,1075.6,67.0,72.11,37.6
134,5.36,70,player,Greuther Furth,0.46,489.7,640.7,519.6,704.3,30.49,39.48,0.0
134,5.36,35,player,VfB Stuttgart,0.453,1191.7,633.7,1221.1,704.0,64.41,39.46,26.3
134,5.36,4,player,Greuther Furth,0.437,796.8,685.2,825.2,758.7,45.36,44.48,27.0
134,5.36,59,player,Greuther Furth,0.433,1304.4,464.5,1323.4,516.8,70.08,21.63,22.8
134,5.36,69,player,Greuther Furth,0.38,723.2,413.1,745.7,461.7,41.2,16.19,4.7
134,5.36,60,player,Greuther Furth,0.374,1193.5,956.0,1231.6,1073.3,64.08,71.92,29.6
134,5.36,68,player,VfB Stuttgart,0.361,442.0,466.0,470.0,523.7,27.48,22.3,5.6
134,5.36,64,player,Greuther Furth,0.341,1041.8,532.3,1065.6,595.5,57.1,29.24,9.8
134,5.36,67,player,Greuther Furth,0.303,423.0,604.9,450.9,661.5,27.07,35.49,17.3
134,5.36,0,ball,Ball,0.7,814.0,971.0,820.0,976.0,45.85,63.47,0.0
135,5.4,5,player,Greuther Furth,0.663,477.9,766.9,508.6,846.8,30.4,52.41,22.1
135,5.4,10,player,Greuther Furth,0.544,1511.0,581.3,1535.4,651.8,79.93,34.58,8.7
135,5.4,59,player,Greuther Furth,0.511,1305.2,466.9,1327.1,519.1,70.19,21.86,22.4
135,5.4,60,player,Greuther Furth,0.486,1197.2,940.4,1239.7,1073.8,64.35,71.96,24.7
135,5.4,61,player,Greuther Furth,0.473,1262.3,953.6,1304.8,1076.7,67.33,72.2,31.2
135,5.4,66,player,Greuther Furth,0.461,866.3,546.1,889.3,611.2,48.47,30.74,25.0
135,5.4,72,player,VfB Stuttgart,0.453,1004.1,964.9,1041.5,1067.5,55.38,71.43,0.0
135,5.4,71,player,Greuther Furth,0.416,765.8,471.8,787.3,522.2,43.39,22.15,0.0
135,5.4,64,player,Greuther Furth,0.386,1045.0,535.8,1070.1,597.9,57.29,29.47,26.7
135,5.4,4,player,Greuther Furth,0.366,802.0,686.1,833.0,758.8,45.67,44.49,28.1
135,5.4,69,player,Greuther Furth,0.354,724.3,416.9,750.2,464.5,41.34,16.47,28.6
135,5.4,35,player,VfB Stuttgart,0.342,1190.6,636.0,1215.4,708.3,64.24,39.85,38.0
135,5.4,70,player,Greuther Furth,0.336,491.3,641.5,518.8,707.4,30.52,39.77,25.7
135,5.4,68,player,VfB Stuttgart,0.319,443.9,466.3,471.9,521.2,27.57,22.06,22.7
135,5.4,0,ball,Ball,0.7,818.0,971.0,824.0,976.0,46.04,63.47,0.0
136,5.44,5,player,Greuther Furth,0.659,479.4,767.3,510.8,847.0,30.49,52.43,8.1
136,5.44,61,player,Greuther Furth,0.491,1267.8,959.3,1308.5,1076.8,67.54,72.21,19.1
136,5.44,66,player,Greuther Furth,0.424,870.4,551.2,893.4,608.5,48.67,30.49,28.7
136,5.44,10,player,Greuther Furth,0.408,1514.9,582.4,1539.0,654.3,80.1,34.81,26.2
136,5.44,38,player,VfB Stuttgart,0.4,322.0,909.8,382.5,1002.3,24.35,65.94,18.9
136,5.44,70,player,Greuther Furth,0.389,493.4,642.8,520.3,716.1,30.64,40.58,38.0
136,5.44,71,player,Greuther Furth,0.34,767.3,471.2,792.0,521.9,43.55,22.12,14.1
136,5.44,64,player,Greuther Furth,0.337,1046.8,537.2,1071.4,595.2,57.37,29.21,24.2
136,5.44,60,player,Greuther Furth,0.324,1205.1,936.3,1245.6,1072.9,64.67,71.89,29.3
136,5.44,4,player,Greuther Furth,0.316,807.2,684.9,837.9,757.0,45.91,44.33,26.2
136,5.44,68,player,VfB Stuttgart,0.315,444.0,468.3,472.3,523.8,27.59,22.31,22.2
136,5.44,69,player,Greuther Furth,0.312,727.7,412.9,752.1,464.4,41.48,16.46,12.3
136,5.44,0,ball,Ball,0.7,822.0,971.0,828.0,976.0,46.22,63.47,0.0
137,5.48,5,player,Greuther Furth,0.582,482.7,766.6,514.8,848.9,30.67,52.59,21.7
137,5.48,4,player,Greuther Furth,0.483,815.5,684.7,843.0,759.7,46.23,44.57,36.5
137,5.48,10,player,Greuther Furth,0.47,1517.0,582.8,1542.8,655.2,80.24,34.91,15.0
137,5.48,64,player,Greuther Furth,0.413,1050.4,537.6,1073.0,594.1,57.49,29.11,14.9
137,5.48,60,player,Greuther Furth,0.411,1208.8,937.9,1251.2,1074.6,64.88,72.02,22.4
137,5.48,70,player,Greuther Furth,0.402,492.3,646.6,522.0,718.1,30.66,40.76,16.7
137,5.48,61,player,Greuther Furth,0.4,1271.6,966.8,1313.3,1075.7,67.74,72.12,19.5
137,5.48,68,player,VfB Stuttgart,0.372,444.0,467.3,472.3,524.7,27.6,22.4,8.3
137,5.48,67,player,Greuther Furth,0.365,426.4,607.1,452.4,666.4,27.2,35.95,14.4
137,5.48,71,player,Greuther Furth,0.36,771.0,471.0,799.0,525.4,43.82,22.46,38.0
137,5.48,38,player,VfB Stuttgart,0.359,329.4,911.7,385.5,1004.1,24.6,66.08,26.1
137,5.48,35,player,VfB Stuttgart,0.325,1186.7,648.1,1215.6,712.2,64.14,40.21,16.8
137,5.48,66,player,Greuther Furth,0.307,873.2,551.6,897.3,613.4,48.84,30.95,38.0
137,5.48,0,ball,Ball,0.7,835.0,961.0,845.0,975.0,46.92,63.0,0.0
138,5.52,67,player,Greuther Furth,0.474,429.4,607.8,454.2,666.5,27.32,35.96,10.5
138,5.52,5,player,Greuther Furth,0.463,487.4,765.4,519.9,843.0,30.88,52.07,38.0
138,5.52,4,player,Greuther Furth,0.428,818.8,681.1,848.1,760.1,46.44,44.61,18.5
138,5.52,70,player,Greuther Furth,0.417,491.7,649.0,523.5,720.0,30.69,40.93,15.5
138,5.52,38,player,VfB Stuttgart,0.404,330.1,908.5,389.4,1004.0,24.7,66.08,9.5
138,5.52,71,player,Greuther Furth,0.399,772.8,471.5,801.2,529.8,43.92,22.9,38.0
138,5.52,10,player,Greuther Furth,0.396,1518.7,586.4,1544.1,656.1,80.31,34.99,9.8
138,5.52,60,player,Greuther Furth,0.392,1214.3,950.5,1255.8,1072.5,65.12,71.85,26.3
138,5.52,64,player,Greuther Furth,0.388,1053.6,536.6,1077.1,593.4,57.67,29.04,17.3
138,5.52,35,player,VfB Stuttgart,0.374,1179.4,649.1,1210.4,710.3,63.84,40.04,31.1
138,5.52,66,player,Greuther Furth,0.368,878.3,548.7,904.2,618.0,49.13,31.39,38.0
138,5.52,68,player,VfB Stuttgart,0.362,444.1,466.5,472.6,523.6,27.6,22.29,9.7
138,5.52,61,player,Greuther Furth,0.338,1277.6,954.5,1321.4,1077.4,68.06,72.26,31.4
138,5.52,0,ball,Ball,0.7,839.0,961.0,849.0,975.0,47.1,63.0,0.0
139,5.56,5,player,Greuther Furth,0.584,490.8,764.8,523.8,846.1,31.07,52.35,30.0
139,5.56,64,player,Greuther Furth,0.538,1057.6,537.3,1081.9,597.7,57.89,29.45,38.0
139,5.56,67,player,Greuther Furth,0.531,432.0,606.0,455.9,666.3,27.42,35.94,9.7
139,5.56,66,player,Greuther Furth,0.442,881.1,550.9,905.9,615.4,49.24,31.14,24.8
139,5.56,38,player,VfB Stuttgart,0.434,334.6,905.6,394.1,1001.8,24.91,65.89,25.1
139,5.56,70,player,Greuther Furth,0.434,492.2,649.4,525.2,722.9,30.75,41.2,25.0
139,5.56,35,player,VfB Stuttgart,0.413,1176.6,651.5,1208.7,713.2,63.73,40.3,25.8
139,5.56,73,player,Greuther Furth,0.41,1053.7,698.4,1092.7,775.4,57.91,46.0,0.0
139,5.56,60,player,Greuther Furth,0.4,1218.6,937.7,1263.3,1070.3,65.39,71.67,29.6
139,5.56,71,player,Greuther Furth,0.388,775.4,471.4,801.2,532.9,43.99,23.2,27.3
139,5.56,4,player,Greuther Furth,0.377,824.3,678.2,852.1,758.3,46.66,44.45,24.9
139,5.56,61,player,Greuther Furth,0.373,1282.4,949.6,1328.2,1077.5,68.33,72.27,24.1
139,5.56,68,player,VfB Stuttgart,0.301,448.7,468.0,472.0,523.3,27.7,22.26,9.4
139,5.56,0,ball,Ball,0.7,843.0,961.0,853.0,974.0,47.29,62.96,0.0
140,5.6,5,player,Greuther Furth,0.616,492.8,764.4,527.3,848.3,31.2,52.54,21.3
140,5.6,67,player,Greuther Furth,0.543,434.2,605.3,459.2,675.9,27.59,36.84,38.0
140,5.6,70,player,Greuther Furth,0.501,496.7,651.9,528.3,719.8,30.92,40.92,30.1
140,5.6,66,player,Greuther Furth,0.499,885.2,552.0,911.0,615.3,49.47,31.13,20.4
140,5.6,64,player,Greuther Furth,0.491,1061.7,540.5,1085.7,601.7,58.08,29.84,38.0
140,5.6,73,player,Greuther Furth,0.422,1057.6,696.2,1092.5,771.5,58.01,45.64,32.6
140,5.6,61,player,Greuther Furth,0.406,1290.7,954.2,1335.2,1078.8,68.68,72.37,32.6
140,5.6,4,player,Greuther Furth,0.399,830.7,676.5,857.4,755.6,46.94,44.2,33.5
140,5.6,35,player,VfB Stuttgart,0.394,1175.5,651.8,1205.8,712.2,63.63,40.21,11.9
140,5.6,68,player,VfB Stuttgart,0.371,448.5,468.5,475.3,521.9,27.77,22.12,14.1
140,5.6,60,player,Greuther Furth,0.368,1223.8,934.2,1270.0,1072.7,65.66,71.87,30.4
140,5.6,71,player,Greuther Furth,0.34,776.2,470.1,804.2,535.0,44.09,23.41,20.7
140,5.6,38,player,VfB Stuttgart,0.333,340.2,915.2,396.4,1002.9,25.1,65.98,18.5
140,5.6,10,player,Greuther Furth,0.321,1524.4,588.9,1553.0,658.5,80.66,35.21,18.6
140,5.6,0,ball,Ball,0.7,847.0,961.0,857.0,974.0,47.47,62.96,0.0
141,5.64,5,player,Greuther Furth,0.662,497.5,764.4,530.0,847.5,31.38,52.47,16.9
141,5.64,67,player,Greuther Furth,0.579,436.7,606.5,461.0,680.0,27.71,37.23,36.2
141,5.64,66,player,Greuther Furth,0.488,889.9,553.2,913.8,613.6,49.65,30.97,21.9
141,5.64,4,player,Greuther Furth,0.464,839.4,673.9,863.5,749.5,47.29,43.64,38.0
141,5.64,70,player,Greuther Furth,0.429,497.7,654.5,530.4,717.8,30.99,40.72,18.2
141,5.64,10,player,Greuther Furth,0.401,1528.3,590.0,1555.0,658.2,80.8,35.18,13.3
141,5.64,68,player,VfB Stuttgart,0.362,447.9,467.7,478.0,521.4,27.82,22.08,6.1
141,5.64,64,player,Greuther Furth,0.359,1064.2,538.7,1087.0,603.4,58.17,30.0,16.7
141,5.64,73,player,Greuther Furth,0.359,1054.5,693.5,1092.2,763.8,57.93,44.95,38.0
141,5.64,35,player,VfB Stuttgart,0.352,1172.9,653.7,1199.5,712.5,63.42,40.24,19.5
141,5.64,61,player,Greuther Furth,0.33,1293.4,954.8,1340.9,1079.4,68.87,72.42,17.7
141,5.64,0,ball,Ball,0.7,851.0,961.0,861.0,974.0,47.66,62.96,0.0
142,5.68,5,player,Greuther Furth,0.683,501.9,765.7,533.8,846.3,31.56,52.37,19.4
142,5.68,73,player,Greuther Furth,0.546,1054.2,688.6,1090.8,763.1,57.89,44.88,6.6
142,5.68,66,player,Greuther Furth,0.498,892.9,554.9,918.5,615.4,49.84,31.14,23.2
142,5.68,67,player,Greuther Furth,0.472,437.7,610.4,464.0,678.2,27.8,37.06,17.3
142,5.68,4,player,Greuther Furth,0.459,845.9,673.1,872.4,750.9,47.66,43.77,35.1
142,5.68,64,player,Greuther Furth,0.397,1066.7,540.0,1091.1,604.2,58.33,30.07,16.1
142,5.68,10,player,Greuther Furth,0.385,1531.0,590.6,1559.7,658.2,80.98,35.18,15.9
142,5.68,70,player,Greuther Furth,0.382,495.6,656.4,532.9,723.7,31.02,41.28,38.0
142,5.68,38,player,VfB Stuttgart,0.373,353.5,903.5,407.0,999.7,25.64,65.71,27.3
142,5.68,35,player,VfB Stuttgart,0.355,1170.7,658.7,1197.0,719.5,63.3,40.89,38.0
142,5.68,61,player,Greuther Furth,0.34,1297.5,962.8,1347.1,1080.0,69.1,72.47,21.7
142,5.68,0,ball,Ball,0.7,855.0,961.0,864.0,974.0,47.82,62.96,0.0
143,5.72,5,player,Greuther Furth,0.582,506.2,765.1,535.7,847.2,31.72,52.44,15.1
143,5.72,73,player,Greuther Furth,0.532,1054.6,686.7,1087.3,758.0,57.82,44.41,38.0
143,5.72,38,player,VfB Stuttgart,0.458,355.9,911.2,408.4,1001.3,25.73,65.85,14.9
143,5.72,67,player,Greuther Furth,0.446,438.5,613.6,465.0,684.2,27.87,37.62,38.0
143,5.72,61,player,Greuther Furth,0.443,1308.7,971.5,1350.8,1078.9,69.44,72.39,31.8
143,5.72,64,player,Greuther Furth,0.42,1068.8,543.7,1094.7,604.6,58.47,30.11,13.1
143,5.72,10,player,Greuther Furth,0.376,1534.3,589.7,1560.7,658.2,81.08,35.18,9.7
143,5.72,66,player,Greuther Furth,0.327,895.2,556.4,922.3,618.1,49.99,31.39,26.1
143,5.72,0,ball,Ball,0.7,1271.0,995.0,1280.0,1007.0,67.12,65.82,0.0
144,5.76,73,player,Greuther Furth,0.562,1053.5,684.0,1086.9,758.0,57.78,44.42,3.2
144,5.76,38,player,VfB Stuttgart,0.468,357.2,905.1,411.2,1000.8,25.83,65.8,9.1
144,5.76,35,player,VfB Stuttgart,0.452,1161.4,661.2,1193.1,724.1,62.97,41.31,23.9
144,5.76,61,player,Greuther Furth,0.448,1315.8,973.1,1355.5,1077.5,69.72,72.27,26.9
144,5.76,5,player,Greuther Furth,0.445,508.2,765.7,539.6,846.0,31.85,52.34,15.4
144,5.76,67,player,Greuther Furth,0.427,438.8,615.3,466.1,689.6,27.92,38.11,38.0
144,5.76,64,player,Greuther Furth,0.415,1071.8,546.7,1096.9,605.8,58.6,30.22,15.0
144,5.76,10,player,Greuther Furth,0.374,1535.1,588.0,1560.8,661.9,81.09,35.53,30.9
144,5.76,4,player,Greuther Furth,0.36,853.4,670.3,884.5,749.8,48.13,43.67,21.7
144,5.76,0,ball,Ball,0.7,914.0,1071.0,924.0,1080.0,50.62,72.1,0.0
145,5.8,74,player,Greuther Furth,0.598,1422.9,436.4,1442.3,477.2,76.12,17.73,0.0
145,5.8,73,player,Greuther Furth,0.568,1051.5,679.1,1086.9,754.1,57.74,44.06,32.7
145,5.8,4,player,Greuther Furth,0.488,858.2,671.0,889.0,748.2,48.35,43.52,24.0
145,5.8,67,player,Greuther Furth,0.432,439.2,617.7,465.6,689.0,27.92,38.06,4.7
145,5.8,5,player,Greuther Furth,0.403,512.0,764.0,543.9,843.5,32.04,52.12,25.7
145,5.8,38,player,VfB Stuttgart,0.402,360.9,906.0,414.9,1000.0,25.99,65.74,16.2
145,5.8,64,player,Greuther Furth,0.398,1074.3,548.3,1099.1,606.5,58.71,30.29,12.2
145,5.8,61,player,Greuther Furth,0.39,1321.7,971.6,1360.9,1077.9,69.98,72.3,23.4
145,5.8,10,player,Greuther Furth,0.343,1537.2,587.9,1560.9,661.8,81.14,35.52,4.8
145,5.8,0,ball,Ball,0.7,898.0,1072.0,905.0,1080.0,49.82,72.14,0.0
146,5.84,74,player,Greuther Furth,0.624,1423.2,436.1,1443.4,478.3,76.15,17.84,10.5
146,5.84,73,player,Greuther Furth,0.539,1049.7,676.4,1085.5,746.3,57.67,43.34,38.0
146,5.84,4,player,Greuther Furth,0.511,862.7,668.6,893.6,741.6,48.57,42.91,38.0
146,5.84,64,player,Greuther Furth,0.496,1073.6,547.4,1099.9,605.0,58.71,30.15,12.9
146,5.84,67,player,Greuther Furth,0.46,439.2,617.9,466.2,690.4,27.93,38.19,11.5
146,5.84,10,player,Greuther Furth,0.444,1537.9,587.6,1560.8,662.0,81.16,35.54,2.1
146,5.84,38,player,VfB Stuttgart,0.437,362.7,906.6,416.1,999.6,26.06,65.7,7.0
146,5.84,5,player,Greuther Furth,0.411,514.1,763.5,545.1,842.9,32.11,52.06,8.7
146,5.84,61,player,Greuther Furth,0.371,1328.3,972.0,1365.5,1078.9,70.23,72.39,24.1
146,5.84,0,ball,Ball,0.7,900.0,1072.0,907.0,1080.0,49.91,72.14,0.0
147,5.88,74,player,Greuther Furth,0.564,1423.3,436.4,1443.6,482.1,76.14,18.21,33.7
147,5.88,73,player,Greuther Furth,0.513,1048.8,673.7,1082.9,744.7,57.59,43.2,14.7
147,5.88,4,player,Greuther Furth,0.501,867.9,667.8,896.0,740.6,48.75,42.82,18.4
147,5.88,64,player,Greuther Furth,0.486,1074.4,547.1,1102.3,604.9,58.79,30.14,7.3
147,5.88,5,player,Greuther Furth,0.465,515.9,764.4,545.5,842.5,32.16,52.03,5.4
147,5.88,10,player,Greuther Furth,0.448,1538.9,588.0,1561.7,661.9,81.2,35.53,4.3
147,5.88,67,player,Greuther Furth,0.425,438.3,621.0,466.6,691.5,27.93,38.29,9.6
147,5.88,61,player,Greuther Furth,0.367,1331.5,967.4,1365.8,1079.1,70.31,72.4,7.4
147,5.88,0,ball,Ball,0.7,902.0,1072.0,908.0,1080.0,49.98,72.14,0.0
148,5.92,73,player,Greuther Furth,0.56,1049.4,671.5,1080.6,744.5,57.54,43.19,4.0
148,5.92,74,player,Greuther Furth,0.522,1424.1,437.1,1444.0,483.7,76.17,18.37,14.3
148,5.92,64,player,Greuther Furth,0.448,1074.6,548.3,1103.1,606.4,58.82,30.29,13.7
148,5.92,5,player,Greuther Furth,0.434,517.6,763.6,547.0,842.2,32.24,52.0,7.1
148,5.92,4,player,Greuther Furth,0.412,872.9,666.3,898.9,740.4,48.94,42.81,17.3
148,5.92,61,player,Greuther Furth,0.393,1336.8,971.1,1368.0,1079.7,70.48,72.45,16.0
148,5.92,67,player,Greuther Furth,0.381,437.9,621.8,468.2,692.2,27.96,38.36,6.2
148,5.92,38,player,VfB Stuttgart,0.343,366.9,907.6,421.7,999.0,26.29,65.66,10.4
148,5.92,10,player,Greuther Furth,0.306,1539.2,588.4,1562.0,663.5,81.21,35.68,13.2
148,5.92,0,ball,Ball,0.7,904.0,1072.0,910.0,1080.0,50.07,72.14,0.0
149,5.96,73,player,Greuther Furth,0.544,1046.4,668.9,1078.3,739.7,57.42,42.74,38.0
149,5.96,74,player,Greuther Furth,0.512,1423.7,437.6,1444.7,479.6,76.19,17.97,36.0
149,5.96,5,player,Greuther Furth,0.476,518.4,764.3,549.4,843.4,32.32,52.11,12.1
149,5.96,10,player,Greuther Furth,0.467,1537.4,588.4,1562.9,662.5,81.2,35.58,8.7
149,5.96,4,player,Greuther Furth,0.434,875.5,664.6,905.8,740.4,49.17,42.81,20.5
149,5.96,64,player,Greuther Furth,0.419,1076.5,548.8,1104.2,606.7,58.89,30.31,6.9
149,5.96,67,player,Greuther Furth,0.383,438.0,621.0,469.5,694.3,28.0,38.56,18.6
149,5.96,38,player,VfB Stuttgart,0.35,367.1,908.4,421.7,999.4,26.29,65.68,2.5
149,5.96,61,player,Greuther Furth,0.343,1340.2,978.3,1372.4,1080.0,70.66,72.47,16.2
149,5.96,0,ball,Ball,0.7,923.0,1071.0,933.0,1080.0,51.03,72.1,0.0
150,6.0,4,player,Greuther Furth,0.542,878.8,660.5,909.1,740.9,49.32,42.85,14.6
150,6.0,73,player,Greuther Furth,0.53,1043.8,666.7,1074.1,738.3,57.26,42.62,18.3
150,6.0,64,player,Greuther Furth,0.517,1079.7,548.7,1105.4,608.7,59.0,30.5,19.7
150,6.0,74,player,Greuther Furth,0.508,1423.8,437.6,1444.2,478.0,76.19,17.81,14.2
150,6.0,10,player,Greuther Furth,0.446,1533.5,588.8,1564.4,665.2,81.12,35.84,23.5
150,6.0,5,player,Greuther Furth,0.443,519.7,765.6,550.8,842.9,32.38,52.06,7.0
150,6.0,70,player,Greuther Furth,0.431,517.9,671.2,548.0,744.0,31.98,43.14,0.0
150,6.0,38,player,VfB Stuttgart,0.402,368.4,905.7,424.7,999.4,26.39,65.69,8.9
150,6.0,67,player,Greuther Furth,0.348,439.2,621.9,470.3,694.8,28.05,38.6,6.0
150,6.0,61,player,Greuther Furth,0.33,1343.9,966.6,1382.9,1079.9,70.98,72.47,29.1
150,6.0,0,ball,Ball,0.7,924.0,1071.0,934.0,1080.0,51.08,72.1,0.0
151,6.04,64,player,Greuther Furth,0.588,1082.9,549.8,1106.2,610.4,59.09,30.66,16.4
151,6.04,73,player,Greuther Furth,0.568,1040.1,666.2,1073.0,736.5,57.15,42.45,18.0
151,6.04,74,player,Greuther Furth,0.516,1423.0,437.9,1443.0,479.1,76.13,17.91,10.5
151,6.04,4,player,Greuther Furth,0.466,881.2,660.1,911.3,739.3,49.43,42.7,16.9
151,6.04,5,player,Greuther Furth,0.435,519.8,763.9,552.9,844.7,32.44,52.23,15.6
151,6.04,70,player,Greuther Furth,0.406,519.9,672.4,550.1,747.1,32.09,43.42,27.2
151,6.04,38,player,VfB Stuttgart,0.385,368.2,907.3,426.1,1000.0,26.42,65.74,5.7
151,6.04,10,player,Greuther Furth,0.382,1530.0,589.7,1564.6,664.1,81.05,35.73,11.5
151,6.04,59,player,Greuther Furth,0.307,1313.3,472.7,1343.3,522.9,70.78,22.22,0.0
151,6.04,0,ball,Ball,0.7,925.0,1071.0,935.0,1080.0,51.12,72.1,0.0
152,6.08,74,player,Greuther Furth,0.542,1423.0,438.3,1442.0,479.0,76.11,17.91,2.3
152,6.08,70,player,Greuther Furth,0.509,520.6,673.6,551.7,748.7,32.15,43.57,14.4
152,6.08,73,player,Greuther Furth,0.499,1037.8,664.2,1072.0,737.2,57.06,42.51,9.0
152,6.08,64,player,Greuther Furth,0.475,1083.0,551.5,1106.9,614.5,59.11,31.06,35.8
152,6.08,4,player,Greuther Furth,0.444,885.9,659.9,915.0,737.0,49.64,42.49,26.1
152,6.08,61,player,Greuther Furth,0.41,1346.8,961.9,1396.7,1080.0,71.37,72.47,17.2
152,6.08,10,player,Greuther Furth,0.402,1529.1,589.6,1564.8,665.6,81.03,35.88,13.5
152,6.08,75,player,Greuther Furth,0.394,777.7,471.0,807.3,537.4,44.2,23.64,0.0
152,6.08,38,player,VfB Stuttgart,0.371,370.5,906.5,428.5,999.4,26.53,65.68,11.0
152,6.08,5,player,Greuther Furth,0.333,522.2,763.8,553.7,843.7,32.51,52.14,10.2
152,6.08,0,ball,Ball,0.7,927.0,1071.0,937.0,1080.0,51.22,72.1,0.0
153,6.12,61,player,Greuther Furth,0.582,1346.2,964.3,1399.9,1080.0,71.43,72.47,5.5
153,6.12,64,player,Greuther Furth,0.541,1085.9,550.1,1109.3,615.2,59.24,31.12,13.1
153,6.12,70,player,Greuther Furth,0.507,519.9,673.0,552.8,751.9,32.17,43.86,26.0
153,6.12,74,player,Greuther Furth,0.5,1423.3,440.1,1441.6,480.2,76.1,18.03,10.7
153,6.12,76,player,Greuther Furth,0.47,437.5,464.4,463.4,521.5,27.2,22.09,0.0
153,6.12,4,player,Greuther Furth,0.453,891.1,656.9,919.2,724.3,49.86,41.33,38.0
153,6.12,38,player,VfB Stuttgart,0.43,369.0,904.9,429.8,999.8,26.53,65.72,3.3
153,6.12,73,player,Greuther Furth,0.425,1037.8,664.3,1069.7,735.8,57.01,42.38,12.7
153,6.12,10,player,Greuther Furth,0.414,1530.0,591.5,1565.0,666.0,81.05,35.92,4.0
153,6.12,67,player,Greuther Furth,0.389,438.3,629.6,471.1,705.8,28.09,39.62,30.6
153,6.12,75,player,Greuther Furth,0.384,775.6,471.2,804.4,537.7,44.08,23.67,11.3
153,6.12,5,player,Greuther Furth,0.301,521.1,760.7,555.0,841.9,32.51,51.97,14.9
153,6.12,0,ball,Ball,0.7,927.0,1071.0,936.0,1080.0,51.19,72.1,0.0
154,6.16,64,player,Greuther Furth,0.585,1086.4,550.3,1111.1,615.9,59.29,31.19,7.8
154,6.16,61,player,Greuther Furth,0.498,1348.9,965.4,1400.0,1080.0,71.49,72.47,5.8
154,6.16,10,player,Greuther Furth,0.482,1530.0,591.6,1562.6,666.2,80.99,35.94,5.4
154,6.16,73,player,Greuther Furth,0.481,1035.8,661.8,1070.0,731.7,56.97,42.01,33.6
154,6.16,74,player,Greuther Furth,0.477,1422.6,439.8,1441.8,481.3,76.08,18.13,9.4
154,6.16,75,player,Greuther Furth,0.461,773.6,472.3,802.8,537.8,43.99,23.68,8.2
154,6.16,76,player,Greuther Furth,0.46,434.8,466.6,461.7,521.2,27.09,22.06,10.1
154,6.16,4,player,Greuther Furth,0.444,894.7,656.5,923.3,724.0,50.04,41.3,16.9
154,6.16,70,player,Greuther Furth,0.401,520.3,674.6,553.7,754.0,32.2,44.05,18.1
154,6.16,66,player,Greuther Furth,0.399,928.7,575.3,969.3,628.5,51.96,32.39,0.0
154,6.16,38,player,VfB Stuttgart,0.388,369.6,908.1,430.4,1000.6,26.56,65.79,6.8
154,6.16,67,player,Greuther Furth,0.348,440.7,631.3,471.6,705.1,28.15,39.55,8.6
154,6.16,5,player,Greuther Furth,0.335,522.1,759.6,556.6,842.5,32.57,52.02,7.3
154,6.16,0,ball,Ball,0.7,928.0,1071.0,938.0,1080.0,51.26,72.1,0.0
155,6.2,64,player,Greuther Furth,0.521,1086.8,549.4,1112.4,615.2,59.33,31.12,7.4
155,6.2,61,player,Greuther Furth,0.513,1351.8,968.8,1401.6,1079.8,71.6,72.46,9.4
155,6.2,38,player,VfB Stuttgart,0.511,372.0,905.0,432.2,998.9,26.65,65.64,15.7
155,6.2,10,player,Greuther Furth,0.465,1530.4,591.0,1561.5,665.5,80.98,35.86,6.7
155,6.2,75,player,Greuther Furth,0.459,773.3,473.3,802.1,538.3,43.97,23.72,4.3
155,6.2,74,player,Greuther Furth,0.443,1421.2,438.2,1441.4,480.8,76.04,18.08,5.7
155,6.2,67,player,Greuther Furth,0.359,442.0,631.2,472.0,704.7,28.19,39.52,4.8
155,6.2,73,player,Greuther Furth,0.35,1029.3,658.2,1067.3,723.9,56.76,41.29,38.0
155,6.2,4,player,Greuther Furth,0.348,897.5,656.0,924.1,720.9,50.13,41.01,27.4
155,6.2,76,player,Greuther Furth,0.342,435.4,468.1,459.0,521.0,27.04,22.04,5.4
155,6.2,0,ball,Ball,0.7,929.0,1071.0,938.0,1080.0,51.29,72.1,0.0
156,6.24,38,player,VfB Stuttgart,0.492,372.6,903.8,431.5,999.4,26.65,65.69,4.3
156,6.24,61,player,Greuther Furth,0.488,1354.6,968.9,1403.0,1079.4,71.69,72.42,9.2
156,6.24,75,player,Greuther Furth,0.457,773.2,473.0,800.9,537.8,43.93,23.68,4.6
156,6.24,74,player,Greuther Furth,0.455,1418.7,440.2,1440.8,486.2,75.94,18.62,38.0
156,6.24,10,player,Greuther Furth,0.448,1531.7,591.2,1558.4,666.3,80.93,35.94,8.1
156,6.24,5,player,Greuther Furth,0.363,524.8,757.7,558.1,842.0,32.67,51.98,4.8
156,6.24,67,player,Greuther Furth,0.359,443.8,631.3,471.9,704.9,28.24,39.53,4.1
156,6.24,64,player,Greuther Furth,0.351,1088.6,549.3,1114.5,613.8,59.43,30.98,14.8
156,6.24,4,player,Greuther Furth,0.325,899.2,652.0,927.9,715.9,50.26,40.56,38.0
156,6.24,76,player,Greuther Furth,0.301,432.4,469.3,457.0,518.3,26.91,21.77,26.9
156,6.24,0,ball,Ball,0.7,930.0,1071.0,940.0,1080.0,51.35,72.1,0.0
157,6.28,74,player,Greuther Furth,0.536,1415.8,437.0,1440.5,485.9,75.87,18.59,7.6
157,6.28,75,player,Greuther Furth,0.512,771.5,472.7,800.4,538.6,43.88,23.75,8.0
157,6.28,77,player,Greuther Furth,0.476,1303.5,470.0,1327.8,522.2,70.15,22.16,0.0
157,6.28,38,player,VfB Stuttgart,0.466,373.4,903.6,432.4,999.4,26.69,65.69,3.7
157,6.28,61,player,Greuther Furth,0.459,1354.0,965.8,1406.2,1079.9,71.75,72.47,6.7
157,6.28,66,player,Greuther Furth,0.446,944.3,576.1,983.4,631.9,52.69,32.7,23.7
157,6.28,67,player,Greuther Furth,0.397,444.8,631.7,472.7,709.6,28.29,39.97,38.0
157,6.28,78,player,VfB Stuttgart,0.393,1294.8,947.1,1332.3,1040.5,68.79,69.17,0.0
157,6.28,76,player,Greuther Furth,0.386,427.5,468.5,456.8,518.8,26.78,21.82,12.4
157,6.28,10,player,Greuther Furth,0.379,1531.3,591.8,1555.4,665.5,80.85,35.86,10.0
157,6.28,4,player,Greuther Furth,0.373,900.4,649.8,928.7,715.7,50.31,40.53,4.9
157,6.28,73,player,Greuther Furth,0.35,1027.7,657.7,1059.5,717.6,56.53,40.71,27.9
157,6.28,64,player,Greuther Furth,0.333,1089.0,555.9,1117.7,615.2,59.52,31.13,15.0
157,6.28,0,ball,Ball,0.7,931.0,1071.0,940.0,1080.0,51.38,72.1,0.0
158,6.32,75,player,Greuther Furth,0.489,771.7,473.2,799.7,538.2,43.87,23.71,3.9
158,6.32,74,player,Greuther Furth,0.486,1414.5,438.8,1438.4,484.3,75.79,18.43,16.2
158,6.32,4,player,Greuther Furth,0.433,903.0,647.8,931.0,714.9,50.42,40.46,12.2
158,6.32,38,player,VfB Stuttgart,0.43,376.0,905.7,432.4,999.2,26.75,65.67,5.9
158,6.32,77,player,Greuther Furth,0.41,1301.2,468.3,1327.1,521.2,70.08,22.06,11.3
158,6.32,76,player,Greuther Furth,0.407,426.8,467.4,455.2,519.1,26.72,21.85,5.8
158,6.32,66,player,Greuther Furth,0.393,955.8,576.6,988.0,635.2,53.08,33.01,38.0
158,6.32,78,player,VfB Stuttgart,0.374,1296.2,947.4,1333.7,1039.4,68.86,69.07,10.7
158,6.32,67,player,Greuther Furth,0.348,445.3,632.1,473.6,710.8,28.33,40.08,10.8
158,6.32,64,player,Greuther Furth,0.333,1088.3,557.9,1120.2,617.8,59.56,31.37,22.3
158,6.32,61,player,Greuther Furth,0.304,1356.7,966.9,1408.1,1080.0,71.85,72.47,9.5
158,6.32,0,ball,Ball,0.7,932.0,1071.0,942.0,1080.0,51.45,72.1,0.0
159,6.36,74,player,Greuther Furth,0.496,1414.0,438.0,1435.2,483.8,75.7,18.38,9.4
159,6.36,75,player,Greuther Furth,0.467,771.4,472.8,798.4,537.8,43.83,23.67,4.9
159,6.36,38,player,VfB Stuttgart,0.453,376.1,906.6,432.4,998.5,26.75,65.61,4.8
159,6.36,10,player,Greuther Furth,0.412,1528.8,590.8,1553.3,666.5,80.73,35.96,6.8
159,6.36,66,player,Greuther Furth,0.41,961.9,575.9,993.3,638.9,53.36,33.36,38.0
159,6.36,4,player,Greuther Furth,0.404,904.1,643.4,936.3,714.0,50.58,40.38,16.0
159,6.36,76,player,Greuther Furth,0.371,424.8,469.7,454.5,521.3,26.67,22.06,19.6
159,6.36,64,player,Greuther Furth,0.334,1090.9,557.4,1121.7,619.1,59.66,31.49,14.5
159,6.36,67,player,Greuther Furth,0.329,445.6,632.9,475.7,710.9,28.39,40.09,5.5
159,6.36,77,player,Greuther Furth,0.316,1298.8,469.6,1325.3,521.0,69.98,22.04,9.3
159,6.36,0,ball,Ball,0.7,932.0,1071.0,942.0,1080.0,51.45,72.1,0.0
160,6.4,74,player,Greuther Furth,0.509,1413.2,440.7,1432.4,484.8,75.6,18.48,12.6
160,6.4,38,player,VfB Stuttgart,0.483,376.5,906.1,432.6,997.6,26.76,65.53,7.4
160,6.4,75,player,Greuther Furth,0.476,769.8,473.5,798.7,538.2,43.8,23.71,4.6
160,6.4,4,player,Greuther Furth,0.472,905.5,641.9,939.1,713.8,50.68,40.36,9.4
160,6.4,10,player,Greuther Furth,0.411,1526.9,590.7,1552.3,665.7,80.67,35.89,8.9
160,6.4,66,player,Greuther Furth,0.406,970.9,574.4,998.9,640.3,53.72,33.5,34.4
160,6.4,64,player,Greuther Furth,0.402,1095.2,558.0,1125.1,615.2,59.85,31.12,37.5
160,6.4,76,player,Greuther Furth,0.347,424.7,468.5,450.7,522.5,26.57,22.19,13.7
160,6.4,77,player,Greuther Furth,0.314,1296.6,472.7,1320.8,520.4,69.81,21.98,15.8
160,6.4,0,ball,Ball,0.7,933.0,1071.0,942.0,1080.0,51.47,72.1,0.0
161,6.44,4,player,Greuther Furth,0.461,907.7,640.9,940.9,712.4,50.78,40.23,14.5
161,6.44,38,player,VfB Stuttgart,0.453,376.3,909.1,432.7,997.4,26.75,65.52,1.3
161,6.44,74,player,Greuther Furth,0.403,1410.3,443.9,1431.2,488.4,75.49,18.84,33.7
161,6.44,75,player,Greuther Furth,0.394,768.7,475.0,798.9,537.9,43.78,23.68,3.4
161,6.44,66,player,Greuther Furth,0.383,976.7,578.0,1003.2,629.6,53.96,32.48,38.0
161,6.44,64,player,Greuther Furth,0.356,1095.8,557.7,1127.1,616.0,59.92,31.2,8.8
161,6.44,67,player,Greuther Furth,0.355,446.6,632.2,478.8,710.2,28.49,40.03,5.1
161,6.44,10,player,Greuther Furth,0.332,1524.8,590.8,1551.4,664.7,80.6,35.79,10.3
161,6.44,79,player,VfB Stuttgart,0.329,1525.5,975.9,1563.3,1068.2,79.32,71.49,0.0
161,6.44,77,player,Greuther Furth,0.306,1294.4,471.1,1317.0,522.5,69.66,22.18,23.1
161,6.44,0,ball,Ball,0.7,933.0,1071.0,942.0,1080.0,51.47,72.1,0.0
162,6.48,4,player,Greuther Furth,0.518,909.0,638.5,941.7,712.0,50.83,40.19,5.9
162,6.48,66,player,Greuther Furth,0.462,977.1,575.2,1011.2,632.9,54.17,32.8,33.6
162,6.48,75,player,Greuther Furth,0.462,768.1,475.2,797.6,539.2,43.73,23.81,12.5
162,6.48,38,player,VfB Stuttgart,0.432,378.4,911.3,434.1,999.9,26.84,65.73,21.1
162,6.48,67,player,Greuther Furth,0.417,448.7,631.8,480.0,711.6,28.57,40.16,13.7
162,6.48,64,player,Greuther Furth,0.407,1097.8,555.8,1128.6,615.0,60.0,31.11,11.4
162,6.48,73,player,Greuther Furth,0.395,1003.5,644.5,1044.7,710.7,55.59,40.07,20.4
162,6.48,74,player,Greuther Furth,0.383,1408.4,442.4,1432.1,487.7,75.47,18.77,6.4
162,6.48,10,player,Greuther Furth,0.308,1521.4,590.7,1550.9,666.2,80.5,35.94,15.5
162,6.48,0,ball,Ball,0.7,934.0,1071.0,943.0,1080.0,51.51,72.1,0.0
163,6.52,4,player,Greuther Furth,0.503,910.1,636.9,942.2,706.5,50.86,39.69,38.0
163,6.52,67,player,Greuther Furth,0.473,454.7,629.1,481.3,710.2,28.74,40.03,19.0
163,6.52,38,player,VfB Stuttgart,0.457,377.0,909.4,435.3,999.0,26.84,65.65,7.4
163,6.52,74,player,Greuther Furth,0.402,1405.9,441.6,1431.1,488.9,75.38,18.88,13.1
163,6.52,75,player,Greuther Furth,0.395,767.7,476.2,797.2,539.1,43.71,23.8,2.1
163,6.52,64,player,Greuther Furth,0.393,1099.4,556.8,1130.0,619.9,60.07,31.57,38.0
163,6.52,66,player,Greuther Furth,0.343,979.8,577.7,1018.7,631.3,54.42,32.65,26.0
163,6.52,73,player,Greuther Furth,0.329,998.6,643.3,1046.7,709.9,55.52,40.0,9.1
163,6.52,0,ball,Ball,0.7,934.0,1071.0,943.0,1080.0,51.51,72.1,0.0
164,6.56,67,player,Greuther Furth,0.521,459.7,629.3,483.6,711.9,28.93,40.18,21.6
164,6.56,64,player,Greuther Furth,0.492,1101.5,556.1,1131.2,625.3,60.14,32.08,38.0
164,6.56,38,player,VfB Stuttgart,0.468,377.9,907.8,435.5,998.4,26.86,65.61,4.6
164,6.56,4,player,Greuther Furth,0.458,909.2,635.6,942.6,702.9,50.85,39.35,30.3
164,6.56,74,player,Greuther Furth,0.422,1403.2,441.3,1429.4,486.1,75.28,18.61,26.5
164,6.56,75,player,Greuther Furth,0.391,766.5,475.9,796.6,537.8,43.66,23.68,12.0
164,6.56,73,player,Greuther Furth,0.311,997.9,642.6,1044.9,708.3,55.47,39.85,14.4
164,6.56,0,ball,Ball,0.7,935.0,1071.0,944.0,1080.0,51.56,72.1,0.0
165,6.6,64,player,Greuther Furth,0.547,1105.1,557.8,1133.7,634.3,60.28,32.93,38.0
165,6.6,67,player,Greuther Furth,0.487,461.8,630.3,485.5,710.7,29.02,40.07,13.1
165,6.6,38,player,VfB Stuttgart,0.474,378.0,904.5,434.3,998.8,26.83,65.64,3.5
165,6.6,74,player,Greuther Furth,0.457,1401.4,440.2,1426.3,489.0,75.14,18.9,28.7
165,6.6,77,player,Greuther Furth,0.402,1281.5,470.2,1304.1,521.9,69.02,22.12,14.5
165,6.6,75,player,Greuther Furth,0.387,765.5,473.6,796.4,536.7,43.63,23.57,10.3
165,6.6,4,player,Greuther Furth,0.359,908.8,634.9,942.5,701.4,50.84,39.21,12.9
165,6.6,76,player,Greuther Furth,0.324,414.4,469.0,444.6,529.8,26.19,22.9,14.6
165,6.6,0,ball,Ball,0.7,935.0,1071.0,944.0,1080.0,51.56,72.1,0.0
166,6.64,74,player,Greuther Furth,0.553,1400.7,440.5,1423.8,492.6,75.05,19.25,33.3
166,6.64,64,player,Greuther Furth,0.525,1106.0,560.6,1136.7,632.2,60.38,32.73,20.3
166,6.64,77,player,Greuther Furth,0.49,1278.5,470.5,1303.3,521.8,68.93,22.12,8.4
166,6.64,38,player,VfB Stuttgart,0.483,378.3,904.1,434.6,998.5,26.85,65.61,2.8
166,6.64,75,player,Greuther Furth,0.449,764.7,472.3,795.8,536.4,43.6,23.54,4.1
166,6.64,67,player,Greuther Furth,0.432,463.6,633.1,486.7,711.8,29.09,40.18,11.5
166,6.64,76,player,Greuther Furth,0.35,411.6,470.5,444.1,530.1,26.11,22.93,7.6
166,6.64,4,player,Greuther Furth,0.337,907.0,633.3,943.5,700.9,50.82,39.17,4.3
166,6.64,80,player,Greuther Furth,0.329,1695.8,815.4,1735.5,902.2,88.0,57.3,0.0
166,6.64,0,ball,Ball,0.7,935.0,1071.0,944.0,1080.0,51.56,72.1,0.0
167,6.68,38,player,VfB Stuttgart,0.486,378.3,904.8,435.4,998.4,26.87,65.6,1.6
167,6.68,74,player,Greuther Furth,0.482,1398.2,442.8,1420.5,492.0,74.91,19.19,14.1
167,6.68,64,player,Greuther Furth,0.474,1107.9,562.6,1140.1,630.6,60.51,32.58,18.0
167,6.68,75,player,Greuther Furth,0.441,764.8,471.7,795.4,535.8,43.59,23.48,5.1
167,6.68,77,player,Greuther Furth,0.417,1274.0,470.2,1303.1,522.5,68.81,22.18,12.2
167,6.68,4,player,Greuther Furth,0.377,905.2,629.1,941.9,701.3,50.74,39.2,7.9
167,6.68,76,player,Greuther Furth,0.372,411.0,471.8,442.5,531.1,26.06,23.02,9.8
167,6.68,80,player,Greuther Furth,0.368,1695.3,814.9,1734.6,906.3,87.94,57.65,32.1
167,6.68,10,player,Greuther Furth,0.343,1520.6,594.1,1544.7,665.2,80.33,35.84,3.4
167,6.68,67,player,Greuther Furth,0.319,464.5,634.2,488.3,712.9,29.16,40.28,11.0
167,6.68,0,ball,Ball,0.7,936.0,1071.0,945.0,1080.0,51.61,72.1,0.0
168,6.72,73,player,Greuther Furth,0.493,981.2,642.7,1019.7,721.0,54.45,41.02,34.9
168,6.72,38,player,VfB Stuttgart,0.481,378.6,904.4,436.0,998.7,26.89,65.63,3.1
168,6.72,75,player,Greuther Furth,0.479,763.9,471.5,794.9,535.9,43.55,23.49,3.1
168,6.72,74,player,Greuther Furth,0.465,1396.6,445.1,1416.9,494.3,74.77,19.42,24.2
168,6.72,64,player,Greuther Furth,0.431,1108.3,564.3,1143.1,626.4,60.6,32.19,36.1
168,6.72,77,player,Greuther Furth,0.399,1273.6,470.9,1294.6,516.9,68.6,21.64,38.0
168,6.72,81,player,Greuther Furth,0.389,551.1,685.6,578.2,765.0,33.56,45.06,0.0
168,6.72,4,player,Greuther Furth,0.381,903.7,627.8,936.4,694.9,50.57,38.61,38.0
168,6.72,76,player,Greuther Furth,0.36,410.4,473.1,442.4,531.3,26.05,23.05,2.5
168,6.72,10,player,Greuther Furth,0.356,1520.4,593.6,1545.0,666.8,80.33,35.99,13.0
168,6.72,80,player,Greuther Furth,0.336,1700.2,814.6,1733.3,904.6,88.03,57.5,15.7
168,6.72,0,ball,Ball,0.7,936.0,1071.0,946.0,1080.0,51.63,72.1,0.0
169,6.76,73,player,Greuther Furth,0.554,988.2,639.1,1016.1,723.7,54.53,41.27,23.6
169,6.76,38,player,VfB Stuttgart,0.491,377.9,905.5,437.2,998.3,26.9,65.6,3.2
169,6.76,75,player,Greuther Furth,0.464,763.1,471.4,794.6,534.8,43.52,23.39,9.6
169,6.76,64,player,Greuther Furth,0.444,1110.2,566.8,1147.0,628.3,60.74,32.37,20.7
169,6.76,74,player,Greuther Furth,0.444,1395.3,446.1,1415.4,492.9,74.71,19.28,14.0
169,6.76,10,player,Greuther Furth,0.4,1519.5,592.5,1545.1,668.1,80.3,36.11,11.8
169,6.76,76,player,Greuther Furth,0.399,410.3,473.4,441.5,531.5,26.02,23.07,2.9
169,6.76,4,player,Greuther Furth,0.38,901.8,625.6,938.5,689.6,50.57,38.11,38.0
169,6.76,80,player,Greuther Furth,0.366,1699.3,815.1,1731.5,903.0,87.98,57.37,13.1
169,6.76,67,player,Greuther Furth,0.359,463.2,639.4,494.9,715.3,29.3,40.5,11.7
169,6.76,77,player,Greuther Furth,0.358,1271.1,470.3,1289.5,517.4,68.41,21.69,17.5
169,6.76,81,player,Greuther Furth,0.318,550.9,688.8,580.4,766.2,33.61,45.17,10.8
169,6.76,0,ball,Ball,0.7,936.0,1071.0,946.0,1080.0,51.63,72.1,0.0
170,6.8,73,player,Greuther Furth,0.631,976.5,638.8,1008.0,720.3,54.05,40.96,38.0
170,6.8,82,player,Greuther Furth,0.54,1030.5,570.3,1062.9,631.7,56.74,32.69,0.0
170,6.8,38,player,VfB Stuttgart,0.499,377.9,905.1,437.7,998.8,26.91,65.64,4.1
170,6.8,4,player,Greuther Furth,0.464,899.6,625.0,936.7,687.9,50.47,37.96,16.5
170,6.8,80,player,Greuther Furth,0.463,1697.2,814.6,1729.9,904.0,87.89,57.46,11.4
170,6.8,10,player,Greuther Furth,0.437,1519.1,592.5,1545.8,668.1,80.31,36.11,0.9
170,6.8,75,player,Greuther Furth,0.419,761.6,472.5,794.3,535.6,43.48,23.46,7.6
170,6.8,81,player,Greuther Furth,0.418,551.1,692.4,582.0,767.1,33.66,45.25,8.3
170,6.8,74,player,Greuther Furth,0.395,1392.6,446.2,1411.3,490.6,74.54,19.06,24.8
170,6.8,76,player,Greuther Furth,0.383,410.0,474.5,441.6,531.6,26.02,23.07,0.6
170,6.8,64,player,Greuther Furth,0.38,1112.5,565.3,1150.4,626.3,60.88,32.18,21.4
170,6.8,67,player,Greuther Furth,0.341,466.0,639.0,496.3,716.4,29.4,40.6,12.5
170,6.8,77,player,Greuther Furth,0.326,1266.0,470.4,1287.4,520.3,68.23,21.97,30.9
170,6.8,0,ball,Ball,0.7,936.0,1071.0,946.0,1080.0,51.63,72.1,0.0
171,6.84,73,player,Greuther Furth,0.639,975.9,637.4,1004.4,717.3,53.95,40.69,26.4
171,6.84,38,player,VfB Stuttgart,0.476,378.1,905.4,437.6,998.7,26.91,65.63,0.9
171,6.84,80,player,Greuther Furth,0.44,1697.0,813.8,1730.6,903.2,87.9,57.39,6.4
171,6.84,81,player,Greuther Furth,0.407,552.0,693.2,582.6,767.8,33.69,45.31,6.7
171,6.84,4,player,Greuther Furth,0.404,898.4,624.3,936.9,687.2,50.45,37.9,6.0
171,6.84,83,player,VfB Stuttgart,0.387,863.1,412.4,882.7,460.7,48.13,16.09,0.0
171,6.84,10,player,Greuther Furth,0.385,1520.6,593.3,1546.1,669.4,80.35,36.23,11.7
171,6.84,75,player,Greuther Furth,0.384,761.3,473.1,794.0,535.1,43.47,23.42,4.3
171,6.84,82,player,Greuther Furth,0.369,1031.6,570.5,1070.1,629.4,56.94,32.46,27.1
171,6.84,67,player,Greuther Furth,0.351,466.5,638.6,497.7,715.9,29.44,40.56,5.4
171,6.84,76,player,Greuther Furth,0.34,411.1,474.4,442.4,530.9,26.06,23.0,7.6
171,6.84,74,player,Greuther Furth,0.334,1391.0,447.1,1408.3,490.7,74.43,19.07,10.5
171,6.84,64,player,Greuther Furth,0.331,1113.4,564.6,1151.1,623.7,60.92,31.93,22.8
171,6.84,0,ball,Ball,0.7,937.0,1071.0,946.0,1080.0,51.65,72.1,0.0
172,6.88,73,player,Greuther Furth,0.486,971.8,635.8,1002.0,718.5,53.8,40.8,17.3
172,6.88,82,player,Greuther Furth,0.464,1035.9,571.3,1077.9,629.3,57.24,32.46,26.8
172,6.88,38,player,VfB Stuttgart,0.461,378.9,903.9,437.7,999.4,26.94,65.68,5.3
172,6.88,67,player,Greuther Furth,0.42,470.8,639.4,498.0,716.9,29.56,40.64,12.8
172,6.88,81,player,Greuther Furth,0.406,551.5,693.0,582.4,768.8,33.68,45.4,7.8
172,6.88,75,player,Greuther Furth,0.385,760.5,473.9,793.6,534.6,43.43,23.36,5.4
172,6.88,80,player,Greuther Furth,0.382,1696.4,813.6,1729.6,902.1,87.87,57.29,9.2
172,6.88,83,player,VfB Stuttgart,0.377,863.0,412.4,882.5,461.8,48.13,16.2,10.3
172,6.88,4,player,Greuther Furth,0.367,897.0,625.0,936.5,690.9,50.41,38.24,31.0
172,6.88,10,player,Greuther Furth,0.364,1521.2,594.8,1546.2,671.0,80.36,36.38,13.2
172,6.88,64,player,Greuther Furth,0.308,1114.9,563.7,1155.0,625.1,61.05,32.06,17.1
172,6.88,0,ball,Ball,0.7,937.0,1071.0,947.0,1080.0,51.67,72.1,0.0
173,6.92,38,player,VfB Stuttgart,0.487,377.8,904.8,438.1,998.4,26.92,65.6,7.9
173,6.92,82,player,Greuther Furth,0.474,1041.6,571.5,1084.6,627.0,57.54,32.24,33.7
173,6.92,67,player,Greuther Furth,0.471,471.6,636.4,499.0,717.8,29.61,40.73,8.8
173,6.92,73,player,Greuther Furth,0.445,968.2,632.3,998.4,721.8,53.62,41.1,31.4
173,6.92,4,player,Greuther Furth,0.441,895.8,626.2,934.9,691.7,50.34,38.32,9.5
173,6.92,10,player,Greuther Furth,0.388,1521.3,597.0,1546.5,671.9,80.37,36.47,7.9
173,6.92,81,player,Greuther Furth,0.362,549.0,690.3,580.9,768.3,33.58,45.35,9.8
173,6.92,80,player,Greuther Furth,0.361,1694.7,813.3,1728.5,900.6,87.81,57.16,12.9
173,6.92,77,player,Greuther Furth,0.328,1257.1,466.2,1279.7,520.8,67.81,22.02,12.5
173,6.92,76,player,Greuther Furth,0.318,412.5,474.5,442.7,529.7,26.1,22.89,5.3
173,6.92,75,player,Greuther Furth,0.313,760.2,474.2,793.3,534.5,43.42,23.35,1.8
173,6.92,0,ball,Ball,0.7,937.0,1071.0,947.0,1080.0,51.67,72.1,0.0
174,6.96,38,player,VfB Stuttgart,0.479,379.0,904.3,438.0,998.7,26.94,65.63,3.4
174,6.96,67,player,Greuther Furth,0.438,474.3,635.7,498.7,715.7,29.66,40.53,18.2
174,6.96,82,player,Greuther Furth,0.417,1053.1,569.6,1087.8,626.8,57.9,32.22,32.5
174,6.96,77,player,Greuther Furth,0.408,1251.4,464.3,1279.0,520.4,67.66,21.98,14.6
174,6.96,73,player,Greuther Furth,0.383,962.7,637.9,995.0,722.6,53.41,41.17,20.5
174,6.96,4,player,Greuther Furth,0.374,892.8,623.9,926.2,689.1,50.05,38.07,33.5
174,6.96,10,player,Greuther Furth,0.352,1520.9,598.4,1546.9,674.3,80.36,36.69,20.2
174,6.96,80,player,Greuther Furth,0.331,1690.9,814.7,1727.4,898.9,87.71,57.01,16.4
174,6.96,75,player,Greuther Furth,0.315,760.2,474.4,793.2,534.7,43.42,23.38,2.4
174,6.96,81,player,Greuther Furth,0.31,547.5,688.6,579.2,766.9,33.5,45.22,13.6
174,6.96,0,ball,Ball,0.7,937.0,1071.0,947.0,1080.0,51.67,72.1,0.0
175,7.0,73,player,Greuther Furth,0.587,951.6,629.5,991.9,726.5,53.07,41.53,38.0
175,7.0,67,player,Greuther Furth,0.496,478.5,636.6,498.9,714.7,29.76,40.44,12.3
175,7.0,4,player,Greuther Furth,0.484,891.2,619.3,924.0,690.1,49.96,38.16,11.1
175,7.0,38,player,VfB Stuttgart,0.479,380.0,903.8,438.8,998.6,26.98,65.62,3.8
175,7.0,82,player,Greuther Furth,0.379,1064.0,570.5,1092.0,628.4,58.27,32.37,35.5
175,7.0,64,player,Greuther Furth,0.364,1126.3,564.8,1159.2,623.0,61.44,31.86,12.9
175,7.0,77,player,Greuther Furth,0.348,1249.6,464.5,1276.8,518.8,67.56,21.83,16.5
175,7.0,75,player,Greuther Furth,0.344,760.5,473.7,794.2,534.8,43.45,23.38,2.8
175,7.0,80,player,Greuther Furth,0.336,1687.3,814.9,1726.8,898.3,87.61,56.96,9.7
175,7.0,10,player,Greuther Furth,0.336,1520.7,599.2,1547.0,675.6,80.35,36.81,10.7
175,7.0,0,ball,Ball,0.7,938.0,1071.0,947.0,1080.0,51.7,72.1,0.0
176,7.04,73,player,Greuther Furth,0.537,947.9,631.6,988.9,727.2,52.9,41.59,15.6
176,7.04,64,player,Greuther Furth,0.535,1129.9,563.9,1161.1,622.7,61.57,31.84,12.6
176,7.04,67,player,Greuther Furth,0.533,479.1,635.3,500.3,714.9,29.81,40.46,4.7
176,7.04,38,player,VfB Stuttgart,0.485,379.6,903.9,439.0,998.6,26.98,65.62,0.6
176,7.04,4,player,Greuther Furth,0.446,887.8,616.9,919.8,687.5,49.78,37.92,27.2
176,7.04,74,player,Greuther Furth,0.445,1375.0,445.1,1399.8,497.4,73.8,19.72,16.4
176,7.04,82,player,Greuther Furth,0.441,1071.3,569.0,1096.0,628.7,58.54,32.4,24.9
176,7.04,80,player,Greuther Furth,0.364,1683.9,815.1,1726.4,902.1,87.5,57.29,30.9
176,7.04,75,player,Greuther Furth,0.351,761.1,473.1,793.7,534.3,43.45,23.34,3.8
176,7.04,77,player,Greuther Furth,0.345,1246.8,467.3,1273.4,517.7,67.41,21.71,16.9
176,7.04,81,player,Greuther Furth,0.329,543.7,686.3,578.9,764.9,33.4,45.04,9.5
176,7.04,0,ball,Ball,0.7,938.0,1071.0,947.0,1080.0,51.7,72.1,0.0
177,7.08,67,player,Greuther Furth,0.573,480.1,635.6,502.2,714.8,29.88,40.45,6.2
177,7.08,82,player,Greuther Furth,0.529,1077.7,567.8,1100.1,628.9,58.8,32.42,23.1
177,7.08,73,player,Greuther Furth,0.509,946.3,627.4,986.2,727.9,52.8,41.66,11.2
177,7.08,64,player,Greuther Furth,0.498,1131.9,564.2,1161.1,622.4,61.62,31.81,5.1
177,7.08,38,player,VfB Stuttgart,0.49,379.5,903.6,439.0,998.4,26.98,65.6,1.1
177,7.08,4,player,Greuther Furth,0.483,883.2,616.6,917.9,686.0,49.62,37.78,18.9
177,7.08,74,player,Greuther Furth,0.453,1373.2,446.2,1396.5,498.4,73.67,19.82,14.8
177,7.08,80,player,Greuther Furth,0.365,1685.3,815.3,1726.0,904.6,87.51,57.5,19.7
177,7.08,75,player,Greuther Furth,0.352,762.1,472.4,793.5,534.6,43.47,23.36,2.7
177,7.08,0,ball,Ball,0.7,938.0,1071.0,947.0,1080.0,51.7,72.1,0.0
178,7.12,67,player,Greuther Furth,0.566,480.5,634.8,503.9,715.9,29.93,40.55,10.1
178,7.12,82,player,Greuther Furth,0.543,1080.5,566.9,1102.0,628.5,58.91,32.38,11.1
178,7.12,38,player,VfB Stuttgart,0.503,379.9,904.0,438.9,998.1,26.98,65.58,2.5
178,7.12,4,player,Greuther Furth,0.496,879.7,615.4,910.5,684.1,49.36,37.61,28.6
178,7.12,73,player,Greuther Furth,0.478,942.9,627.3,981.6,730.9,52.61,41.94,30.1
178,7.12,74,player,Greuther Furth,0.415,1370.8,447.1,1393.8,496.4,73.54,19.63,20.8
178,7.12,80,player,Greuther Furth,0.392,1682.7,815.6,1724.7,906.7,87.41,57.69,18.8
178,7.12,64,player,Greuther Furth,0.389,1135.9,564.7,1162.0,623.6,61.74,31.91,14.3
178,7.12,75,player,Greuther Furth,0.388,761.8,471.8,793.7,534.6,43.47,23.37,0.6
178,7.12,0,ball,Ball,0.7,938.0,1071.0,947.0,1080.0,51.7,72.1,0.0
179,7.16,82,player,Greuther Furth,0.568,1085.2,563.5,1107.1,626.3,59.15,32.18,28.6
179,7.16,4,player,Greuther Furth,0.552,875.8,612.0,908.8,684.4,49.22,37.63,12.5
179,7.16,38,player,VfB Stuttgart,0.534,379.4,903.7,438.9,998.2,26.97,65.58,1.2
179,7.16,67,player,Greuther Furth,0.487,482.2,635.2,505.4,713.9,30.0,40.37,17.9
179,7.16,80,player,Greuther Furth,0.441,1682.6,816.0,1724.2,906.8,87.4,57.7,1.5
179,7.16,75,player,Greuther Furth,0.435,760.9,471.2,794.4,535.2,43.47,23.42,4.7
179,7.16,73,player,Greuther Furth,0.43,937.7,643.0,979.9,733.4,52.44,42.17,25.6
179,7.16,74,player,Greuther Furth,0.369,1368.1,447.9,1390.4,497.0,73.39,19.68,14.5
179,7.16,10,player,Greuther Furth,0.348,1522.7,599.4,1553.0,673.8,80.55,36.64,5.8
179,7.16,81,player,Greuther Furth,0.323,538.4,686.1,575.0,768.0,33.19,45.33,10.8
179,7.16,0,ball,Ball,0.7,938.0,1071.0,948.0,1080.0,51.72,72.1,0.0
180,7.2,38,player,VfB Stuttgart,0.528,379.5,903.7,438.9,998.4,26.97,65.6,1.4
180,7.2,82,player,Greuther Furth,0.503,1087.6,563.2,1113.7,626.1,59.38,32.16,20.0
180,7.2,67,player,Greuther Furth,0.5,482.9,636.8,506.0,714.4,30.04,40.42,5.4
180,7.2,4,player,Greuther Furth,0.48,874.2,612.5,902.7,686.3,49.03,37.81,23.0
180,7.2,75,player,Greuther Furth,0.429,760.4,471.3,794.7,534.7,43.46,23.37,4.3
180,7.2,73,player,Greuther Furth,0.415,934.5,627.3,978.4,736.5,52.33,42.45,27.4
180,7.2,80,player,Greuther Furth,0.412,1684.0,817.3,1724.0,907.6,87.42,57.77,7.0
180,7.2,10,player,Greuther Furth,0.405,1521.5,599.0,1552.9,675.8,80.51,36.83,16.9
180,7.2,74,player,Greuther Furth,0.39,1366.5,448.5,1385.4,495.9,73.23,19.58,17.5
180,7.2,81,player,Greuther Furth,0.335,536.8,685.7,573.6,768.0,33.12,45.33,6.5
180,7.2,64,player,Greuther Furth,0.311,1142.4,564.6,1167.4,624.2,62.03,31.98,13.4
180,7.2,0,ball,Ball,0.7,938.0,1071.0,948.0,1080.0,51.72,72.1,0.0
181,7.24,4,player,Greuther Furth,0.576,870.8,612.9,897.9,683.9,48.83,37.58,27.5
181,7.24,38,player,VfB Stuttgart,0.532,379.6,903.9,438.8,998.8,26.98,65.64,3.8
181,7.24,67,player,Greuther Furth,0.525,483.6,637.3,507.5,715.2,30.09,40.49,8.0
181,7.24,75,player,Greuther Furth,0.463,759.5,472.3,795.3,535.3,43.45,23.43,5.4
181,7.24,80,player,Greuther Furth,0.448,1681.4,815.9,1721.7,907.7,87.31,57.78,10.4
181,7.24,73,player,Greuther Furth,0.43,933.6,623.5,976.0,736.9,52.25,42.49,7.7
181,7.24,64,player,Greuther Furth,0.428,1143.5,564.5,1169.2,625.6,62.1,32.11,13.4
181,7.24,10,player,Greuther Furth,0.422,1522.6,599.3,1555.2,676.6,80.59,36.91,10.2
181,7.24,82,player,Greuther Furth,0.414,1089.3,564.0,1117.7,626.0,59.51,32.15,12.4
181,7.24,74,player,Greuther Furth,0.319,1365.3,448.5,1384.2,496.6,73.17,19.65,8.6
181,7.24,0,ball,Ball,0.7,938.0,1071.0,948.0,1080.0,51.72,72.1,0.0
182,7.28,4,player,Greuther Furth,0.605,868.6,612.9,894.8,681.7,48.7,37.38,21.7
182,7.28,38,player,VfB Stuttgart,0.536,379.6,904.1,438.8,998.9,26.98,65.64,0.3
182,7.28,73,player,Greuther Furth,0.529,934.9,623.3,974.1,738.3,52.24,42.62,11.7
182,7.28,67,player,Greuther Furth,0.485,483.7,640.9,508.8,715.1,30.12,40.48,3.1
182,7.28,75,player,Greuther Furth,0.477,759.6,472.9,796.6,536.3,43.49,23.53,9.3
182,7.28,74,player,Greuther Furth,0.462,1359.7,447.6,1380.3,495.4,72.94,19.52,23.6
182,7.28,10,player,Greuther Furth,0.456,1525.6,599.9,1557.2,675.5,80.72,36.8,15.0
182,7.28,82,player,Greuther Furth,0.439,1097.2,564.5,1121.1,625.3,59.79,32.08,25.7
182,7.28,64,player,Greuther Furth,0.435,1147.3,566.5,1172.1,626.5,62.26,32.19,16.4
182,7.28,80,player,Greuther Furth,0.404,1682.8,816.6,1723.6,909.5,87.37,57.94,15.6
182,7.28,0,ball,Ball,0.7,938.0,1071.0,948.0,1080.0,51.72,72.1,0.0
183,7.32,4,player,Greuther Furth,0.558,865.4,612.5,891.0,680.9,48.53,37.31,16.7
183,7.32,82,player,Greuther Furth,0.551,1102.7,564.1,1126.9,624.5,60.07,32.0,26.0
183,7.32,38,player,VfB Stuttgart,0.53,379.8,904.1,438.9,999.2,26.99,65.67,2.8
183,7.32,75,player,Greuther Furth,0.49,760.1,473.7,796.6,535.2,43.5,23.43,9.2
183,7.32,10,player,Greuther Furth,0.486,1529.0,598.5,1558.5,674.9,80.83,36.75,11.5
183,7.32,73,player,Greuther Furth,0.47,937.7,619.0,972.1,737.5,52.25,42.54,6.7
183,7.32,64,player,Greuther Furth,0.455,1146.9,568.0,1173.1,627.0,62.28,32.24,4.4
183,7.32,74,player,Greuther Furth,0.45,1356.1,445.8,1376.2,497.1,72.74,19.69,23.2
183,7.32,67,player,Greuther Furth,0.427,484.1,640.8,508.9,714.6,30.13,40.43,4.8
183,7.32,80,player,Greuther Furth,0.407,1682.9,816.7,1723.7,912.1,87.36,58.16,19.7
183,7.32,0,ball,Ball,0.7,938.0,1071.0,948.0,1080.0,51.72,72.1,0.0
184,7.36,82,player,Greuther Furth,0.55,1106.5,561.6,1129.1,625.4,60.22,32.09,15.4
184,7.36,38,player,VfB Stuttgart,0.547,379.6,903.7,438.9,999.4,26.98,65.68,1.1
184,7.36,4,player,Greuther Furth,0.54,859.1,613.3,892.4,680.2,48.41,37.24,12.2
184,7.36,67,player,Greuther Furth,0.529,484.3,637.3,509.7,715.0,30.16,40.47,4.6
184,7.36,75,player,Greuther Furth,0.521,760.6,474.1,796.0,535.6,43.5,23.47,3.4
184,7.36,10,player,Greuther Furth,0.5,1533.1,600.1,1559.0,675.5,80.94,36.8,11.1
184,7.36,73,player,Greuther Furth,0.464,937.9,636.4,973.0,735.2,52.28,42.33,18.9
184,7.36,80,player,Greuther Furth,0.44,1682.0,816.5,1723.2,912.1,87.33,58.16,2.8
184,7.36,64,player,Greuther Furth,0.417,1148.1,567.6,1174.8,625.8,62.35,32.12,12.4
184,7.36,74,player,Greuther Furth,0.393,1353.6,447.6,1372.7,498.2,72.58,19.8,17.1
184,7.36,0,ball,Ball,0.7,938.0,1071.0,948.0,1080.0,51.72,72.1,0.0
185,7.4,67,player,Greuther Furth,0.558,483.6,635.8,508.6,714.7,30.12,40.44,5.1
185,7.4,38,player,VfB Stuttgart,0.545,378.6,904.4,438.6,998.8,26.95,65.64,5.0
185,7.4,82,player,Greuther Furth,0.535,1111.3,561.4,1130.5,624.9,60.37,32.04,14.3
185,7.4,10,player,Greuther Furth,0.493,1533.7,600.0,1560.4,675.0,80.99,36.76,6.0
185,7.4,80,player,Greuther Furth,0.46,1682.1,815.9,1722.8,912.6,87.32,58.2,3.9
185,7.4,75,player,Greuther Furth,0.456,761.6,474.1,796.6,534.2,43.53,23.33,12.8
185,7.4,73,player,Greuther Furth,0.452,935.8,641.0,974.2,733.4,52.26,42.16,15.7
185,7.4,4,player,Greuther Furth,0.42,854.7,611.8,891.5,679.8,48.29,37.2,12.1
185,7.4,64,player,Greuther Furth,0.419,1150.5,566.6,1176.9,625.1,62.46,32.06,11.3
185,7.4,74,player,Greuther Furth,0.372,1350.8,446.5,1372.7,499.5,72.51,19.93,13.2
185,7.4,84,player,Greuther Furth,0.366,434.5,482.8,460.4,535.5,27.11,23.45,0.0
185,7.4,0,ball,Ball,0.7,937.0,1071.0,946.0,1080.0,51.65,72.1,0.0
186,7.44,67,player,Greuther Furth,0.573,483.4,634.7,508.9,713.5,30.11,40.33,10.0
186,7.44,38,player,VfB Stuttgart,0.561,378.3,904.1,438.5,998.6,26.94,65.62,1.9
186,7.44,82,player,Greuther Furth,0.485,1112.9,561.8,1134.5,626.1,60.5,32.15,16.0
186,7.44,75,player,Greuther Furth,0.477,761.2,473.1,796.8,534.9,43.53,23.39,5.8
186,7.44,80,player,Greuther Furth,0.475,1682.9,816.0,1722.6,912.3,87.34,58.18,2.5
186,7.44,84,player,Greuther Furth,0.469,435.2,482.4,463.1,539.1,27.2,23.8,32.7
186,7.44,10,player,Greuther Furth,0.455,1534.8,601.0,1561.8,674.5,81.05,36.71,7.3
186,7.44,73,player,Greuther Furth,0.446,934.1,629.1,974.1,733.2,52.22,42.15,4.1
186,7.44,64,player,Greuther Furth,0.399,1153.8,566.4,1176.8,626.0,62.53,32.15,10.4
186,7.44,4,player,Greuther Furth,0.343,847.8,607.6,880.4,680.1,47.85,37.23,38.0
186,7.44,74,player,Greuther Furth,0.312,1347.1,448.6,1370.6,498.8,72.37,19.86,14.1
186,7.44,0,ball,Ball,0.7,937.0,1071.0,947.0,1080.0,51.67,72.1,0.0
187,7.48,67,player,Greuther Furth,0.543,482.9,635.1,507.9,712.8,30.08,40.26,6.7
187,7.48,38,player,VfB Stuttgart,0.521,378.1,904.5,438.4,999.0,26.93,65.65,3.1
187,7.48,87,player,Greuther Furth,0.502,525.9,673.1,552.3,750.9,32.3,43.77,0.0
187,7.48,80,player,Greuther Furth,0.493,1683.5,816.2,1722.0,913.0,87.34,58.24,5.5
187,7.48,82,player,Greuther Furth,0.477,1116.6,560.2,1138.2,625.6,60.68,32.11,17.0
187,7.48,64,player,Greuther Furth,0.452,1156.7,565.4,1178.4,625.7,62.65,32.11,10.5
187,7.48,10,player,Greuther Furth,0.44,1536.3,601.0,1565.8,674.9,81.18,36.75,12.3
187,7.48,75,player,Greuther Furth,0.427,761.6,472.7,797.5,534.6,43.56,23.37,3.6
187,7.48,84,player,Greuther Furth,0.387,439.9,481.1,466.0,533.7,27.37,23.27,38.0
187,7.48,86,player,Greuther Furth,0.384,536.6,766.0,568.2,844.4,33.2,52.19,0.0
187,7.48,4,player,Greuther Furth,0.377,844.2,607.2,878.6,678.4,47.72,37.08,17.9
187,7.48,85,player,Greuther Furth,0.334,609.2,464.0,630.8,515.8,35.61,21.53,0.0
187,7.48,74,player,Greuther Furth,0.323,1345.1,450.9,1367.0,499.3,72.23,19.92,13.4
187,7.48,0,ball,Ball,0.7,937.0,1071.0,947.0,1080.0,51.67,72.1,0.0
188,7.52,38,player,VfB Stuttgart,0.525,378.1,904.7,438.2,999.3,26.93,65.68,2.5
188,7.52,67,player,Greuther Furth,0.524,479.0,634.8,506.8,712.2,29.95,40.21,12.0
188,7.52,80,player,Greuther Furth,0.495,1684.3,816.1,1721.5,912.9,87.34,58.23,1.0
188,7.52,10,player,Greuther Furth,0.494,1538.3,600.7,1566.1,673.6,81.25,36.63,12.5
188,7.52,4,player,Greuther Furth,0.44,841.9,607.3,871.9,674.7,47.49,36.73,37.3
188,7.52,87,player,Greuther Furth,0.428,522.8,674.0,551.0,751.3,32.19,43.81,10.2
188,7.52,86,player,Greuther Furth,0.408,536.5,764.1,567.8,844.6,33.18,52.21,1.9
188,7.52,75,player,Greuther Furth,0.387,766.4,472.5,797.1,533.1,43.67,23.22,16.2
188,7.52,64,player,Greuther Furth,0.386,1161.4,563.0,1182.6,625.7,62.86,32.12,19.6
188,7.52,84,player,Greuther Furth,0.356,441.0,480.9,469.1,538.9,27.5,23.78,38.0
188,7.52,82,player,Greuther Furth,0.347,1119.3,561.1,1142.2,623.0,60.85,31.86,26.6
188,7.52,85,player,Greuther Furth,0.318,608.8,465.7,630.3,514.1,35.58,21.37,14.7
188,7.52,74,player,Greuther Furth,0.313,1342.5,451.8,1363.8,500.0,72.08,19.98,14.2
188,7.52,0,ball,Ball,0.7,937.0,1071.0,947.0,1080.0,51.67,72.1,0.0
189,7.56,10,player,Greuther Furth,0.559,1538.2,600.4,1566.3,673.0,81.25,36.57,5.4
189,7.56,67,player,Greuther Furth,0.545,475.1,632.2,505.6,712.3,29.83,40.22,11.1
189,7.56,38,player,VfB Stuttgart,0.522,378.9,903.9,438.1,1000.0,26.95,65.74,5.2
189,7.56,80,player,Greuther Furth,0.492,1683.5,815.1,1719.5,911.4,87.28,58.1,13.3
189,7.56,75,player,Greuther Furth,0.465,768.1,471.9,798.0,531.1,43.73,23.02,18.6
189,7.56,82,player,Greuther Furth,0.424,1122.2,561.0,1144.8,622.6,60.99,31.83,12.7
189,7.56,4,player,Greuther Furth,0.422,839.8,610.0,873.9,675.1,47.49,36.76,3.2
189,7.56,86,player,Greuther Furth,0.415,536.2,762.8,567.4,844.4,33.17,52.19,2.1
189,7.56,87,player,Greuther Furth,0.368,521.1,673.8,546.8,752.6,32.06,43.93,16.3
189,7.56,84,player,Greuther Furth,0.366,441.9,481.4,471.7,539.8,27.59,23.87,11.2
189,7.56,85,player,Greuther Furth,0.365,607.0,465.6,628.8,514.3,35.5,21.38,7.6
189,7.56,0,ball,Ball,0.7,937.0,1071.0,947.0,1080.0,51.67,72.1,0.0
190,7.6,82,player,Greuther Furth,0.58,1126.9,560.5,1145.3,623.0,61.11,31.86,11.8
190,7.6,10,player,Greuther Furth,0.539,1537.1,600.2,1568.1,673.0,81.27,36.57,1.8
190,7.6,75,player,Greuther Furth,0.526,769.0,471.9,799.3,533.9,43.79,23.3,25.0
190,7.6,38,player,VfB Stuttgart,0.522,377.5,905.2,437.9,998.9,26.91,65.65,8.8
190,7.6,80,player,Greuther Furth,0.519,1684.3,814.4,1719.0,911.0,87.29,58.07,3.0
190,7.6,67,player,Greuther Furth,0.489,473.9,632.1,504.6,708.7,29.76,39.89,30.5
190,7.6,86,player,Greuther Furth,0.469,535.9,764.5,567.2,844.8,33.16,52.23,3.6
190,7.6,4,player,Greuther Furth,0.458,835.5,609.2,865.8,674.5,47.19,36.7,27.6
190,7.6,88,player,Greuther Furth,0.438,726.8,417.4,747.8,472.0,41.36,17.21,0.0
190,7.6,89,player,Greuther Furth,0.412,849.6,409.6,864.1,458.9,47.33,15.91,0.0
190,7.6,87,player,Greuther Furth,0.378,515.4,675.0,544.7,749.7,31.86,43.65,30.2
190,7.6,84,player,Greuther Furth,0.351,443.9,483.0,474.8,542.7,27.72,24.15,28.1
190,7.6,85,player,Greuther Furth,0.335,604.4,466.9,625.8,512.3,35.35,21.19,22.1
190,7.6,0,ball,Ball,0.7,937.0,1071.0,946.0,1080.0,51.65,72.1,0.0
191,7.64,82,player,Greuther Furth,0.566,1127.2,560.4,1148.5,621.6,61.2,31.73,14.2
191,7.64,80,player,Greuther Furth,0.513,1685.9,813.6,1718.6,909.7,87.33,57.95,10.5
191,7.64,90,player,Greuther Furth,0.513,916.4,614.9,947.0,678.4,51.13,37.07,0.0
191,7.64,75,player,Greuther Furth,0.504,768.9,470.6,799.8,533.1,43.8,23.22,6.5
191,7.64,38,player,VfB Stuttgart,0.498,377.7,905.2,437.8,998.7,26.91,65.63,1.6
191,7.64,89,player,Greuther Furth,0.489,849.3,409.7,864.0,461.8,47.32,16.19,25.3
191,7.64,10,player,Greuther Furth,0.46,1542.7,600.3,1569.1,674.4,81.42,36.7,17.7
191,7.64,4,player,Greuther Furth,0.453,830.1,607.4,857.5,676.3,46.86,36.88,33.5
191,7.64,67,player,Greuther Furth,0.44,472.8,634.0,502.4,703.4,29.67,39.4,38.0
191,7.64,86,player,Greuther Furth,0.434,535.8,762.7,567.0,844.4,33.15,52.2,3.1
191,7.64,88,player,Greuther Furth,0.422,725.0,418.0,747.3,471.5,41.3,17.17,6.8
191,7.64,87,player,Greuther Furth,0.408,511.7,674.8,542.8,746.2,31.71,43.34,31.2
191,7.64,84,player,Greuther Furth,0.332,448.2,482.7,477.7,534.0,27.87,23.3,38.0
191,7.64,0,ball,Ball,0.7,936.0,1071.0,946.0,1080.0,51.63,72.1,0.0
192,7.68,90,player,Greuther Furth,0.523,914.9,612.1,943.6,676.8,51.01,36.93,17.1
192,7.68,82,player,Greuther Furth,0.508,1129.1,559.4,1151.4,619.3,61.32,31.51,22.0
192,7.68,38,player,VfB Stuttgart,0.504,377.2,905.6,437.2,998.0,26.88,65.57,6.3
192,7.68,80,player,Greuther Furth,0.504,1687.8,815.2,1717.9,906.6,87.37,57.68,24.7
192,7.68,86,player,Greuther Furth,0.451,535.4,763.1,565.8,845.1,33.11,52.26,6.0
192,7.68,4,player,Greuther Furth,0.451,826.6,606.0,854.4,677.4,46.7,36.98,17.4
192,7.68,75,player,Greuther Furth,0.448,771.2,470.5,799.2,530.8,43.83,22.99,21.2
192,7.68,89,player,Greuther Furth,0.444,848.2,409.5,863.3,461.2,47.28,16.13,6.7
192,7.68,91,player,VfB Stuttgart,0.439,944.5,670.5,981.9,733.2,52.65,42.15,0.0
192,7.68,10,player,Greuther Furth,0.426,1547.5,599.2,1571.1,671.1,81.6,36.39,32.1
192,7.68,74,player,Greuther Furth,0.412,1330.4,450.1,1350.6,502.3,71.44,20.21,15.3
192,7.68,88,player,Greuther Furth,0.365,723.1,417.3,746.4,471.1,41.23,17.12,7.5
192,7.68,67,player,Greuther Furth,0.32,471.9,634.2,500.2,704.9,29.6,39.53,13.6
192,7.68,0,ball,Ball,0.7,936.0,1071.0,946.0,1080.0,51.63,72.1,0.0
193,7.72,82,player,Greuther Furth,0.556,1132.1,557.2,1151.5,618.6,61.4,31.44,9.6
193,7.72,4,player,Greuther Furth,0.55,822.8,605.0,848.3,674.6,46.46,36.72,32.3
193,7.72,80,player,Greuther Furth,0.529,1687.5,815.8,1717.6,907.8,87.35,57.79,9.4
193,7.72,86,player,Greuther Furth,0.525,533.2,763.8,565.7,846.3,33.06,52.36,10.4
193,7.72,38,player,VfB Stuttgart,0.518,377.4,905.5,436.0,998.2,26.86,65.59,2.6
193,7.72,90,player,Greuther Furth,0.512,910.3,611.5,940.9,678.7,50.83,37.1,22.2
193,7.72,91,player,VfB Stuttgart,0.504,945.0,670.5,984.3,732.3,52.72,42.07,9.6
193,7.72,74,player,Greuther Furth,0.491,1326.3,450.4,1346.9,503.0,71.25,20.28,18.7
193,7.72,87,player,Greuther Furth,0.471,510.2,674.0,537.2,750.1,31.56,43.7,17.7
193,7.72,10,player,Greuther Furth,0.464,1548.9,597.5,1571.8,671.8,81.65,36.46,7.7
193,7.72,89,player,Greuther Furth,0.455,847.8,409.1,863.6,461.3,47.28,16.15,1.2
193,7.72,75,player,Greuther Furth,0.443,772.9,470.4,800.0,532.6,43.9,23.17,17.3
193,7.72,88,player,Greuther Furth,0.387,722.0,415.8,744.6,468.3,41.16,16.84,26.0
193,7.72,92,player,Greuther Furth,0.357,658.7,384.0,677.8,428.9,37.81,12.91,0.0
193,7.72,67,player,Greuther Furth,0.31,469.8,633.2,499.4,702.0,29.52,39.27,24.7
193,7.72,0,ball,Ball,0.7,935.0,1071.0,945.0,1080.0,51.58,72.1,0.0
194,7.76,91,player,VfB Stuttgart,0.533,944.9,670.3,985.8,732.6,52.76,42.09,4.0
194,7.76,80,player,Greuther Furth,0.496,1687.3,815.7,1716.3,905.6,87.33,57.59,17.5
194,7.76,87,player,Greuther Furth,0.486,506.2,672.0,534.8,749.3,31.4,43.62,15.8
194,7.76,82,player,Greuther Furth,0.473,1133.3,556.3,1151.9,619.5,61.43,31.53,8.8
194,7.76,38,player,VfB Stuttgart,0.471,376.9,907.6,434.8,998.2,26.82,65.59,3.4
194,7.76,86,player,Greuther Furth,0.465,532.0,765.3,563.9,844.4,32.99,52.2,16.1
194,7.76,90,player,Greuther Furth,0.461,907.7,615.0,935.1,679.4,50.63,37.17,19.4
194,7.76,4,player,Greuther Furth,0.459,818.0,603.4,843.6,671.7,46.23,36.45,32.0
194,7.76,89,player,Greuther Furth,0.405,846.5,408.5,863.5,462.0,47.24,16.22,7.2
194,7.76,74,player,Greuther Furth,0.403,1319.2,452.5,1346.0,503.3,71.05,20.3,18.2
194,7.76,75,player,Greuther Furth,0.387,773.4,470.6,800.5,532.4,43.92,23.15,2.8
194,7.76,10,player,Greuther Furth,0.365,1550.3,597.5,1572.9,672.1,81.71,36.48,5.7
194,7.76,92,player,Greuther Furth,0.349,658.6,384.1,677.1,428.7,37.79,12.89,2.6
194,7.76,88,player,Greuther Furth,0.348,721.4,417.0,742.6,466.9,41.09,16.7,13.9
194,7.76,0,ball,Ball,0.7,935.0,1071.0,944.0,1080.0,51.56,72.1,0.0
195,7.8,91,player,VfB Stuttgart,0.513,948.2,668.7,988.2,730.8,52.89,41.93,19.4
195,7.8,87,player,Greuther Furth,0.506,501.7,670.6,529.7,747.5,31.16,43.46,25.7
195,7.8,82,player,Greuther Furth,0.491,1134.6,556.3,1152.5,616.6,61.49,31.25,25.6
195,7.8,90,player,Greuther Furth,0.489,903.3,610.7,930.4,679.2,50.41,37.15,20.0
195,7.8,38,player,VfB Stuttgart,0.456,377.6,910.3,433.7,999.2,26.81,65.67,7.8
195,7.8,80,player,Greuther Furth,0.453,1686.2,815.0,1714.4,903.8,87.27,57.43,15.2
195,7.8,10,player,Greuther Furth,0.442,1550.6,598.2,1573.7,672.4,81.73,36.51,3.6
195,7.8,86,player,Greuther Furth,0.431,531.8,763.3,562.2,844.8,32.94,52.23,4.9
195,7.8,4,player,Greuther Furth,0.412,810.5,600.9,839.0,671.7,45.93,36.44,26.5
195,7.8,75,player,Greuther Furth,0.374,771.5,469.7,800.7,533.0,43.88,23.21,6.5
195,7.8,92,player,Greuther Furth,0.357,658.4,383.9,676.6,429.0,37.77,12.92,3.3
195,7.8,89,player,Greuther Furth,0.357,845.4,408.3,862.6,462.2,47.19,16.24,5.0
195,7.8,74,player,Greuther Furth,0.328,1313.6,453.6,1343.3,504.1,70.84,20.38,20.0
195,7.8,88,player,Greuther Furth,0.312,720.2,415.7,741.0,466.0,41.01,16.62,10.0
195,7.8,0,ball,Ball,0.7,933.0,1070.0,942.0,1080.0,51.47,72.06,0.0
196,7.84,86,player,Greuther Furth,0.549,530.0,764.1,560.5,844.6,32.86,52.22,7.5
196,7.84,91,player,VfB Stuttgart,0.549,951.9,666.6,987.7,732.6,52.97,42.1,16.8
196,7.84,82,player,Greuther Furth,0.505,1133.5,556.7,1153.8,614.5,61.49,31.06,17.4
196,7.84,80,player,Greuther Furth,0.494,1683.2,815.7,1712.9,902.0,87.17,57.28,16.7
196,7.84,87,player,Greuther Furth,0.487,495.9,667.9,527.9,745.8,30.97,43.3,22.2
196,7.84,38,player,VfB Stuttgart,0.449,376.0,906.4,431.8,997.5,26.73,65.53,15.2
196,7.84,10,player,Greuther Furth,0.415,1549.5,597.7,1572.2,674.0,81.67,36.66,15.0
196,7.84,90,player,Greuther Furth,0.405,900.1,605.2,927.5,675.3,50.26,36.78,35.2
196,7.84,67,player,Greuther Furth,0.391,463.5,629.3,490.7,705.6,29.17,39.6,14.4
196,7.84,75,player,Greuther Furth,0.359,770.1,469.5,800.8,534.8,43.85,23.38,15.9
196,7.84,84,player,Greuther Furth,0.322,461.0,485.6,488.5,541.0,28.48,23.99,16.6
196,7.84,0,ball,Ball,0.7,932.0,1070.0,942.0,1080.0,51.45,72.06,0.0
197,7.88,86,player,Greuther Furth,0.625,528.8,763.6,559.2,845.7,32.8,52.31,10.0
197,7.88,80,player,Greuther Furth,0.562,1681.5,815.2,1711.2,907.2,87.06,57.73,38.0
197,7.88,91,player,VfB Stuttgart,0.552,954.3,662.6,989.0,731.1,53.06,41.95,15.3
197,7.88,4,player,Greuther Furth,0.539,798.8,599.9,825.5,670.0,45.32,36.29,28.4
197,7.88,82,player,Greuther Furth,0.521,1134.5,556.3,1154.1,614.5,61.52,31.06,2.7
197,7.88,10,player,Greuther Furth,0.518,1549.6,597.9,1572.0,673.4,81.67,36.6,5.3
197,7.88,90,player,Greuther Furth,0.487,896.8,604.1,923.8,675.1,50.09,36.76,15.6
197,7.88,38,player,VfB Stuttgart,0.448,372.3,905.9,431.7,998.8,26.64,65.64,12.1
197,7.88,75,player,Greuther Furth,0.432,769.8,468.3,800.3,532.6,43.83,23.17,19.3
197,7.88,87,player,Greuther Furth,0.412,491.2,667.3,526.6,743.7,30.83,43.11,21.6
197,7.88,67,player,Greuther Furth,0.33,459.1,630.5,487.4,704.9,28.98,39.54,17.8
197,7.88,89,player,Greuther Furth,0.309,841.4,411.5,859.8,458.7,47.02,15.9,17.3
197,7.88,0,ball,Ball,0.7,930.0,1071.0,939.0,1080.0,51.33,72.1,0.0
198,7.92,86,player,Greuther Furth,0.635,526.0,763.6,557.2,842.1,32.68,51.99,30.9
198,7.92,80,player,Greuther Furth,0.595,1678.6,816.0,1709.7,907.3,86.96,57.75,9.4
198,7.92,90,player,Greuther Furth,0.579,893.2,602.4,918.0,676.1,49.86,36.86,22.3
198,7.92,91,player,VfB Stuttgart,0.533,955.0,660.2,989.1,730.1,53.08,41.86,8.4
198,7.92,4,player,Greuther Furth,0.466,794.2,602.7,818.9,669.3,45.05,36.22,25.5
198,7.92,82,player,Greuther Furth,0.462,1134.1,554.5,1153.5,613.1,61.5,30.92,12.6
198,7.92,10,player,Greuther Furth,0.454,1546.0,597.4,1572.2,672.5,81.59,36.52,10.5
198,7.92,38,player,VfB Stuttgart,0.452,372.2,905.7,430.3,998.8,26.61,65.63,3.2
198,7.92,75,player,Greuther Furth,0.449,768.5,469.9,800.1,534.7,43.8,23.38,18.7
198,7.92,87,player,Greuther Furth,0.376,486.8,665.0,521.3,740.8,30.58,42.85,32.2
198,7.92,67,player,Greuther Furth,0.332,455.8,630.8,484.2,704.3,28.82,39.48,15.4
198,7.92,0,ball,Ball,0.7,928.0,1071.0,937.0,1080.0,51.24,72.1,0.0
199,7.96,86,player,Greuther Furth,0.653,523.6,764.4,554.1,843.7,32.55,52.14,17.1
199,7.96,80,player,Greuther Furth,0.61,1676.4,816.1,1707.5,905.1,86.87,57.55,19.3
199,7.96,91,player,VfB Stuttgart,0.574,954.4,659.4,988.2,729.5,53.05,41.8,6.0
199,7.96,90,player,Greuther Furth,0.546,887.1,602.8,914.5,672.1,49.63,36.48,38.0
199,7.96,82,player,Greuther Furth,0.529,1134.8,554.4,1153.5,616.8,61.51,31.27,31.5
199,7.96,4,player,Greuther Furth,0.496,786.6,600.9,814.8,669.5,44.76,36.24,25.5
199,7.96,10,player,Greuther Furth,0.488,1544.5,595.4,1571.5,671.8,81.54,36.46,7.4
199,7.96,75,player,Greuther Furth,0.449,767.1,471.6,799.4,533.1,43.74,23.21,15.4
199,7.96,87,player,Greuther Furth,0.422,484.6,669.4,516.9,739.2,30.42,42.69,20.2
199,7.96,67,player,Greuther Furth,0.399,450.1,628.2,481.7,699.1,28.6,39.0,38.0
199,7.96,38,player,VfB Stuttgart,0.389,369.7,907.9,428.9,999.3,26.52,65.68,9.0
199,7.96,92,player,Greuther Furth,0.323,656.1,383.9,672.1,428.2,37.6,12.84,4.4
199,7.96,0,ball,Ball,0.7,926.0,1071.0,935.0,1080.0,51.15,72.1,0.0
200,8.0,86,player,Greuther Furth,0.61,521.3,763.3,553.0,845.0,32.48,52.25,12.3
200,8.0,80,player,Greuther Furth,0.596,1674.3,815.9,1705.2,904.3,86.77,57.49,10.6
200,8.0,91,player,VfB Stuttgart,0.575,957.7,656.9,988.9,725.8,53.14,41.46,31.7
200,8.0,90,player,Greuther Furth,0.542,882.7,601.6,910.7,669.2,49.42,36.22,29.9
200,8.0,4,player,Greuther Furth,0.532,782.7,601.4,809.3,675.1,44.54,36.76,38.0
200,8.0,82,player,Greuther Furth,0.519,1133.7,553.3,1153.2,614.6,61.48,31.07,18.5
200,8.0,10,player,Greuther Furth,0.518,1542.9,594.5,1572.5,670.8,81.52,36.36,8.6
200,8.0,75,player,Greuther Furth,0.447,765.3,472.7,799.3,535.4,43.69,23.44,20.6
200,8.0,87,player,Greuther Furth,0.424,480.4,668.6,514.1,739.8,30.25,42.75,15.8
200,8.0,38,player,VfB Stuttgart,0.393,367.5,906.6,426.7,1000.0,26.42,65.74,10.4
200,8.0,67,player,Greuther Furth,0.389,447.6,627.6,479.6,693.4,28.47,38.47,38.0
200,8.0,92,player,Greuther Furth,0.358,654.7,383.4,671.0,428.4,37.54,12.86,6.1
200,8.0,0,ball,Ball,0.7,925.0,1071.0,933.0,1080.0,51.08,72.1,0.0
201,8.04,90,player,Greuther Furth,0.614,880.1,601.1,906.9,671.9,49.27,36.46,26.1
201,8.04,86,player,Greuther Furth,0.604,519.1,765.0,551.3,842.4,32.38,52.02,22.4
201,8.04,80,player,Greuther Furth,0.569,1672.5,815.2,1704.0,905.4,86.69,57.57,10.6
201,8.04,91,player,VfB Stuttgart,0.516,960.2,656.6,989.7,724.0,53.22,41.3,16.4
201,8.04,10,player,Greuther Furth,0.492,1543.2,594.3,1573.1,668.4,81.56,36.14,20.2
201,8.04,82,player,Greuther Furth,0.463,1135.7,552.9,1154.1,614.6,61.55,31.06,6.2
201,8.04,87,player,Greuther Furth,0.454,476.7,667.4,510.0,741.2,30.07,42.88,20.0
201,8.04,4,player,Greuther Furth,0.429,779.2,601.3,801.9,674.5,44.28,36.71,24.3
201,8.04,38,player,VfB Stuttgart,0.385,367.3,906.5,422.5,1000.6,26.32,65.79,10.0
201,8.04,75,player,Greuther Furth,0.385,764.2,472.3,797.8,534.6,43.63,23.37,8.5
201,8.04,67,player,Greuther Furth,0.336,445.9,626.0,473.6,696.8,28.3,38.79,32.9
201,8.04,92,player,Greuther Furth,0.311,652.7,382.6,670.5,428.0,37.48,12.82,6.5
201,8.04,0,ball,Ball,0.7,923.0,1071.0,932.0,1080.0,51.01,72.1,0.0
202,8.08,4,player,Greuther Furth,0.57,774.1,601.0,795.8,669.9,44.0,36.28,38.0
202,8.08,86,player,Greuther Furth,0.565,518.0,763.3,549.6,843.9,32.31,52.16,13.5
202,8.08,90,player,Greuther Furth,0.551,875.6,603.4,902.9,670.3,49.07,36.31,22.9
202,8.08,91,player,VfB Stuttgart,0.545,962.4,653.9,990.3,723.9,53.29,41.29,6.4
202,8.08,87,player,Greuther Furth,0.54,475.0,661.7,504.9,740.4,29.9,42.81,16.3
202,8.08,80,player,Greuther Furth,0.506,1670.2,814.0,1703.6,905.5,86.63,57.59,5.8
202,8.08,10,player,Greuther Furth,0.454,1543.4,593.5,1574.3,666.3,81.6,35.94,18.3
202,8.08,82,player,Greuther Furth,0.419,1136.3,552.8,1156.3,613.0,61.63,30.91,15.1
202,8.08,75,player,Greuther Furth,0.402,766.5,472.1,796.8,533.7,43.66,23.28,8.5
202,8.08,38,player,VfB Stuttgart,0.371,367.1,905.3,421.7,999.8,26.29,65.72,7.2
202,8.08,67,player,Greuther Furth,0.345,445.0,625.9,469.9,695.4,28.18,38.66,15.7
202,8.08,92,player,Greuther Furth,0.338,652.1,382.9,669.6,429.0,37.44,12.92,9.1
202,8.08,0,ball,Ball,0.7,922.0,1071.0,931.0,1080.0,50.96,72.1,0.0
203,8.12,86,player,Greuther Furth,0.587,516.8,763.9,548.4,842.7,32.25,52.05,11.4
203,8.12,91,player,VfB Stuttgart,0.555,964.1,651.9,990.5,724.0,53.33,41.3,4.1
203,8.12,90,player,Greuther Furth,0.521,872.6,604.6,899.0,670.4,48.89,36.32,15.4
203,8.12,10,player,Greuther Furth,0.503,1543.7,593.7,1574.7,666.7,81.62,35.98,3.7
203,8.12,80,player,Greuther Furth,0.484,1669.7,814.3,1703.5,905.5,86.61,57.59,1.5
203,8.12,87,player,Greuther Furth,0.468,474.0,658.7,499.6,738.6,29.75,42.65,20.6
203,8.12,82,player,Greuther Furth,0.422,1136.3,552.2,1159.9,617.1,61.71,31.3,36.1
203,8.12,4,player,Greuther Furth,0.415,769.7,601.5,793.9,669.7,43.84,36.26,14.0
203,8.12,75,player,Greuther Furth,0.409,765.4,471.3,797.0,534.5,43.64,23.35,6.9
203,8.12,67,player,Greuther Furth,0.408,442.3,624.3,466.8,695.3,28.04,38.65,12.9
203,8.12,92,player,Greuther Furth,0.311,651.4,382.7,668.9,428.7,37.4,12.89,4.3
203,8.12,0,ball,Ball,0.7,921.0,1071.0,930.0,1080.0,50.92,72.1,0.0
204,8.16,90,player,Greuther Furth,0.608,867.3,601.4,896.1,669.8,48.7,36.27,18.4
204,8.16,91,player,VfB Stuttgart,0.583,967.7,653.4,990.7,721.2,53.43,41.04,24.7
204,8.16,10,player,Greuther Furth,0.552,1545.2,594.4,1575.2,667.1,81.66,36.02,5.4
204,8.16,86,player,Greuther Furth,0.534,516.0,762.9,546.0,843.7,32.18,52.13,10.3
204,8.16,75,player,Greuther Furth,0.487,768.2,469.8,796.8,535.4,43.71,23.44,10.1
204,8.16,82,player,Greuther Furth,0.486,1135.4,553.4,1156.9,613.8,61.61,30.99,29.8
204,8.16,87,player,Greuther Furth,0.482,470.4,657.2,496.0,736.1,29.57,42.42,26.2
204,8.16,80,player,Greuther Furth,0.452,1668.5,813.6,1703.3,906.8,86.57,57.7,10.5
204,8.16,67,player,Greuther Furth,0.375,440.8,623.3,464.2,687.8,27.92,37.95,38.0
204,8.16,4,player,Greuther Furth,0.374,761.8,601.3,790.7,671.0,43.58,36.39,26.6
204,8.16,92,player,Greuther Furth,0.326,650.8,383.3,668.1,429.5,37.37,12.97,8.2
204,8.16,0,ball,Ball,0.7,920.0,1071.0,929.0,1080.0,50.87,72.1,0.0
205,8.2,90,player,Greuther Furth,0.633,862.7,600.5,894.3,668.6,48.54,36.16,17.4
205,8.2,86,player,Greuther Furth,0.574,515.2,762.2,545.3,844.7,32.15,52.22,8.6
205,8.2,10,player,Greuther Furth,0.529,1547.2,594.2,1575.6,666.0,81.73,35.91,11.4
205,8.2,80,player,Greuther Furth,0.476,1666.3,813.1,1703.2,908.7,86.51,57.87,16.1
205,8.2,75,player,Greuther Furth,0.476,773.1,468.3,796.9,532.2,43.83,23.14,29.5
205,8.2,91,player,VfB Stuttgart,0.449,969.1,651.4,992.0,716.0,53.49,40.56,38.0
205,8.2,82,player,Greuther Furth,0.43,1135.3,553.5,1160.3,615.0,61.69,31.1,12.7
205,8.2,87,player,Greuther Furth,0.421,467.0,657.3,494.4,735.0,29.44,42.31,14.9
205,8.2,84,player,Greuther Furth,0.402,475.4,485.4,503.5,548.6,29.23,24.72,0.0
205,8.2,74,player,Greuther Furth,0.394,1280.9,455.6,1301.6,509.3,68.98,20.89,0.0
205,8.2,67,player,Greuther Furth,0.392,439.4,618.4,461.1,691.0,27.82,38.25,28.9
205,8.2,38,player,VfB Stuttgart,0.376,364.1,906.1,416.9,999.9,26.12,65.73,5.3
205,8.2,93,player,Greuther Furth,0.368,1470.6,423.1,1494.1,473.1,78.62,17.32,0.0
205,8.2,4,player,Greuther Furth,0.313,754.6,603.4,789.1,671.4,43.36,36.42,19.4
205,8.2,0,ball,Ball,0.7,919.0,1071.0,928.0,1080.0,50.83,72.1,0.0
206,8.24,86,player,Greuther Furth,0.621,515.0,763.8,546.1,843.7,32.16,52.14,7.5
206,8.24,90,player,Greuther Furth,0.597,858.7,599.3,892.2,669.1,48.39,36.2,14.1
206,8.24,91,player,VfB Stuttgart,0.507,969.9,648.6,994.1,716.7,53.56,40.63,8.6
206,8.24,10,player,Greuther Furth,0.506,1543.7,595.7,1575.3,663.7,81.64,35.69,20.8
206,8.24,82,player,Greuther Furth,0.49,1135.5,552.7,1159.7,612.4,61.69,30.85,22.3
206,8.24,74,player,Greuther Furth,0.481,1276.8,457.3,1297.6,508.1,68.78,20.78,20.8
206,8.24,80,player,Greuther Furth,0.475,1665.4,812.1,1702.9,907.3,86.49,57.74,11.2
206,8.24,38,player,VfB Stuttgart,0.435,362.1,907.1,416.1,1000.2,26.05,65.75,6.3
206,8.24,87,player,Greuther Furth,0.391,465.4,657.1,493.5,734.1,29.38,42.23,9.1
206,8.24,75,player,Greuther Furth,0.379,775.5,469.5,797.6,533.5,43.91,23.26,13.4
206,8.24,67,player,Greuther Furth,0.344,436.6,620.1,458.2,686.4,27.66,37.82,38.0
206,8.24,4,player,Greuther Furth,0.344,746.8,599.0,781.0,670.0,42.98,36.28,37.2
206,8.24,84,player,Greuther Furth,0.317,481.7,483.2,507.9,545.5,29.49,24.42,35.2
206,8.24,0,ball,Ball,0.7,918.0,1071.0,928.0,1080.0,50.8,72.1,0.0
207,8.28,10,player,Greuther Furth,0.58,1545.4,594.3,1575.9,665.9,81.69,35.91,19.6
207,8.28,86,player,Greuther Furth,0.532,515.2,764.2,545.6,843.0,32.15,52.08,5.6
207,8.28,90,player,Greuther Furth,0.524,854.5,603.0,892.4,670.7,48.3,36.36,16.3
207,8.28,91,player,VfB Stuttgart,0.522,972.8,648.1,996.0,716.1,53.68,40.57,11.7
207,8.28,4,player,Greuther Furth,0.479,746.2,601.2,775.7,668.2,42.83,36.12,19.6
207,8.28,82,player,Greuther Furth,0.473,1135.4,552.4,1161.1,611.8,61.72,30.8,5.7
207,8.28,74,player,Greuther Furth,0.455,1274.8,458.1,1296.1,505.0,68.7,20.47,28.8
207,8.28,80,player,Greuther Furth,0.429,1664.3,812.1,1702.5,906.2,86.46,57.65,9.1
207,8.28,87,player,Greuther Furth,0.421,464.2,656.3,490.6,732.2,29.27,42.05,18.7
207,8.28,38,player,VfB Stuttgart,0.421,361.0,907.3,414.7,999.2,25.99,65.67,9.2
207,8.28,75,player,Greuther Furth,0.385,777.6,468.3,799.2,534.0,44.0,23.3,9.0
207,8.28,67,player,Greuther Furth,0.353,433.9,617.5,457.4,680.0,27.56,37.23,38.0
207,8.28,93,player,Greuther Furth,0.345,1470.6,423.2,1495.1,472.5,78.65,17.26,3.0
207,8.28,0,ball,Ball,0.7,918.0,1071.0,927.0,1080.0,50.78,72.1,0.0
208,8.32,90,player,Greuther Furth,0.474,850.1,602.0,888.0,669.8,48.08,36.27,20.9
208,8.32,10,player,Greuther Furth,0.465,1545.6,593.2,1577.2,665.6,81.73,35.88,4.3
208,8.32,91,player,VfB Stuttgart,0.452,972.2,644.5,997.6,715.8,53.7,40.54,3.6
208,8.32,86,player,Greuther Furth,0.44,514.6,765.9,544.5,843.3,32.11,52.1,4.0
208,8.32,87,player,Greuther Furth,0.431,462.5,656.6,488.6,732.9,29.18,42.12,10.1
208,8.32,4,player,Greuther Furth,0.423,743.9,600.1,773.0,667.0,42.71,36.01,15.2
208,8.32,74,player,Greuther Furth,0.423,1272.6,458.0,1294.8,505.8,68.61,20.55,10.9
208,8.32,75,player,Greuther Furth,0.394,778.4,467.9,800.2,533.8,44.04,23.29,4.2
208,8.32,38,player,VfB Stuttgart,0.391,360.8,909.1,414.6,999.2,25.98,65.67,0.9
208,8.32,82,player,Greuther Furth,0.372,1136.0,553.3,1161.5,611.5,61.75,30.76,3.9
208,8.32,67,player,Greuther Furth,0.349,431.4,615.9,456.0,678.6,27.46,37.09,14.9
208,8.32,93,player,Greuther Furth,0.331,1471.0,423.4,1495.2,472.3,78.66,17.24,2.5
208,8.32,80,player,Greuther Furth,0.308,1664.8,812.4,1702.4,908.8,86.46,57.87,20.2
208,8.32,84,player,Greuther Furth,0.303,479.9,486.4,515.7,545.6,29.63,24.44,6.7
208,8.32,0,ball,Ball,0.7,917.0,1071.0,926.0,1080.0,50.73,72.1,0.0
209,8.36,38,player,VfB Stuttgart,0.434,360.4,906.7,414.9,1000.4,25.98,65.78,9.2
209,8.36,91,player,VfB Stuttgart,0.422,974.0,642.1,1000.0,716.8,53.8,40.63,12.3
209,8.36,90,player,Greuther Furth,0.42,847.6,603.4,884.9,669.4,47.95,36.23,12.7
209,8.36,86,player,Greuther Furth,0.417,513.8,766.0,544.0,844.8,32.09,52.23,11.9
209,8.36,87,player,Greuther Furth,0.411,461.2,656.7,487.9,729.1,29.12,41.77,31.7
209,8.36,74,player,Greuther Furth,0.4,1269.5,458.6,1292.2,507.9,68.46,20.76,23.0
209,8.36,75,player,Greuther Furth,0.369,777.8,471.9,797.2,534.8,43.95,23.39,12.0
209,8.36,4,player,Greuther Furth,0.364,740.8,600.3,768.9,665.0,42.53,35.82,23.0
209,8.36,10,player,Greuther Furth,0.342,1545.9,592.1,1577.4,664.7,81.74,35.8,7.4
209,8.36,67,player,Greuther Furth,0.339,429.5,616.6,454.8,682.7,27.4,37.47,34.3
209,8.36,80,player,Greuther Furth,0.331,1664.2,812.6,1703.4,905.0,86.49,57.55,29.3
209,8.36,93,player,Greuther Furth,0.308,1472.6,423.1,1496.6,473.2,78.73,17.33,10.1
209,8.36,0,ball,Ball,0.7,916.0,1071.0,925.0,1080.0,50.69,72.1,0.0
210,8.4,38,player,VfB Stuttgart,0.488,359.2,905.2,414.2,999.8,25.94,65.72,6.6
210,8.4,90,player,Greuther Furth,0.452,845.1,604.1,877.9,667.3,47.71,36.04,27.4
210,8.4,87,player,Greuther Furth,0.414,458.6,657.0,485.5,727.9,29.0,41.66,15.3
210,8.4,86,player,Greuther Furth,0.392,513.4,766.7,543.6,845.1,32.07,52.26,3.5
210,8.4,80,player,Greuther Furth,0.334,1664.0,813.2,1703.2,902.0,86.49,57.28,23.8
210,8.4,91,player,VfB Stuttgart,0.334,975.5,641.8,1000.6,712.0,53.85,40.19,38.0
210,8.4,4,player,Greuther Furth,0.329,736.7,601.8,762.5,665.8,42.28,35.89,23.6
210,8.4,0,ball,Ball,0.7,916.0,1071.0,926.0,1080.0,50.71,72.1,0.0
211,8.44,90,player,Greuther Furth,0.525,842.3,599.2,874.6,667.1,47.57,36.02,13.4
211,8.44,38,player,VfB Stuttgart,0.486,358.6,906.0,414.2,1000.0,25.92,65.73,1.9
211,8.44,87,player,Greuther Furth,0.446,457.0,655.6,484.3,727.3,28.93,41.6,7.9
211,8.44,86,player,Greuther Furth,0.387,513.0,766.4,543.3,845.2,32.05,52.27,1.6
211,8.44,4,player,Greuther Furth,0.372,734.2,599.1,757.2,670.7,42.09,36.35,38.0
211,8.44,91,player,VfB Stuttgart,0.367,978.3,640.0,1003.3,709.8,53.99,39.99,21.5
211,8.44,80,player,Greuther Furth,0.357,1663.4,812.8,1702.0,904.4,86.44,57.49,19.1
211,8.44,10,player,Greuther Furth,0.33,1542.9,593.1,1581.0,662.8,81.77,35.61,8.2
211,8.44,0,ball,Ball,0.7,915.0,1070.0,925.0,1080.0,50.67,72.06,0.0
212,8.48,90,player,Greuther Furth,0.638,840.4,597.5,870.1,667.5,47.41,36.05,14.4
212,8.48,87,player,Greuther Furth,0.569,453.1,653.9,481.8,729.7,28.79,41.82,23.8
212,8.48,38,player,VfB Stuttgart,0.508,358.0,904.9,414.1,1000.3,25.91,65.76,2.9
212,8.48,80,player,Greuther Furth,0.438,1663.8,812.2,1702.8,901.5,86.48,57.23,23.3
212,8.48,91,player,VfB Stuttgart,0.436,980.3,639.8,1005.7,708.0,54.09,39.82,18.0
212,8.48,86,player,Greuther Furth,0.43,512.7,766.2,542.7,845.9,32.03,52.33,5.9
212,8.48,4,player,Greuther Furth,0.406,731.6,598.4,753.5,672.0,41.94,36.47,17.4
212,8.48,10,player,Greuther Furth,0.396,1539.4,594.0,1582.2,661.9,81.71,35.53,9.2
212,8.48,67,player,Greuther Furth,0.306,422.4,613.0,449.7,682.7,27.1,37.48,8.9
212,8.48,0,ball,Ball,0.7,915.0,1071.0,924.0,1080.0,50.64,72.1,0.0
213,8.52,90,player,Greuther Furth,0.592,836.4,593.6,864.9,665.9,47.19,35.9,24.3
213,8.52,87,player,Greuther Furth,0.582,453.0,650.4,480.0,728.0,28.73,41.66,15.1
213,8.52,4,player,Greuther Furth,0.508,728.0,598.7,750.9,670.6,41.79,36.34,18.0
213,8.52,38,player,VfB Stuttgart,0.495,357.1,905.1,413.5,1000.7,25.88,65.8,4.2
213,8.52,80,player,Greuther Furth,0.449,1664.7,811.6,1703.0,899.0,86.52,57.01,19.9
213,8.52,84,player,Greuther Furth,0.408,499.2,471.6,528.1,547.3,30.43,24.6,14.6
213,8.52,10,player,Greuther Furth,0.377,1546.1,593.6,1582.9,663.8,81.89,35.7,22.0
213,8.52,91,player,VfB Stuttgart,0.365,985.0,639.3,1006.7,707.3,54.23,39.76,13.8
213,8.52,86,player,Greuther Furth,0.349,512.8,766.5,542.1,846.7,32.02,52.4,6.8
213,8.52,0,ball,Ball,0.7,914.0,1070.0,923.0,1080.0,50.6,72.06,0.0
214,8.56,87,player,Greuther Furth,0.58,450.4,647.6,479.3,726.1,28.65,41.5,17.0
214,8.56,90,player,Greuther Furth,0.521,835.2,594.3,862.6,664.6,47.1,35.78,13.2
214,8.56,38,player,VfB Stuttgart,0.459,357.2,905.6,412.3,1000.3,25.85,65.76,3.8
214,8.56,80,player,Greuther Furth,0.42,1664.3,811.4,1703.7,905.3,86.49,57.57,38.0
214,8.56,4,player,Greuther Furth,0.402,725.1,597.4,746.5,665.7,41.6,35.88,38.0
214,8.56,84,player,Greuther Furth,0.398,500.9,471.5,525.6,544.8,30.4,24.35,22.3
214,8.56,86,player,Greuther Furth,0.377,511.8,766.5,541.7,846.9,31.99,52.42,3.2
214,8.56,91,player,VfB Stuttgart,0.352,988.2,637.5,1007.5,706.4,54.33,39.68,11.2
214,8.56,10,player,Greuther Furth,0.346,1544.8,593.7,1583.6,663.3,81.87,35.66,4.2
214,8.56,0,ball,Ball,0.7,914.0,1071.0,924.0,1080.0,50.62,72.1,0.0
215,8.6,87,player,Greuther Furth,0.562,449.5,648.4,478.3,725.6,28.6,41.45,6.3
215,8.6,90,player,Greuther Furth,0.524,832.9,593.3,858.6,665.5,46.95,35.87,15.9
215,8.6,80,player,Greuther Furth,0.475,1665.7,810.4,1704.2,900.8,86.56,57.17,36.3
215,8.6,84,player,Greuther Furth,0.432,500.7,471.7,528.5,545.2,30.47,24.39,7.1
215,8.6,4,player,Greuther Furth,0.431,720.4,596.1,743.9,666.0,41.43,35.91,16.2
215,8.6,91,player,VfB Stuttgart,0.428,988.6,636.0,1010.7,709.0,54.41,39.91,22.3
215,8.6,38,player,VfB Stuttgart,0.422,356.3,910.9,412.3,997.7,25.82,65.54,20.1
215,8.6,86,player,Greuther Furth,0.377,511.7,766.9,540.9,847.6,31.97,52.48,5.7
215,8.6,10,player,Greuther Furth,0.372,1551.5,591.5,1585.1,662.9,82.07,35.62,18.4
215,8.6,0,ball,Ball,0.7,914.0,1071.0,923.0,1080.0,50.6,72.1,0.0
216,8.64,87,player,Greuther Furth,0.519,448.2,648.5,477.9,724.2,28.56,41.32,12.3
216,8.64,10,player,Greuther Furth,0.514,1552.3,590.1,1585.6,661.2,82.11,35.47,14.2
216,8.64,90,player,Greuther Furth,0.499,830.7,590.5,857.5,667.1,46.87,36.02,15.1
216,8.64,80,player,Greuther Furth,0.476,1665.5,810.5,1704.3,902.0,86.55,57.28,10.0
216,8.64,4,player,Greuther Furth,0.459,714.5,595.0,743.0,666.4,41.26,35.95,15.2
216,8.64,91,player,VfB Stuttgart,0.44,988.9,634.9,1014.5,709.9,54.51,40.0,12.0
216,8.64,38,player,VfB Stuttgart,0.43,356.7,907.9,411.7,1000.4,25.82,65.77,20.4
216,8.64,86,player,Greuther Furth,0.379,510.6,767.5,540.5,847.6,31.93,52.48,3.0
216,8.64,94,player,Greuther Furth,0.373,838.4,410.3,858.8,454.8,46.91,15.5,0.0
216,8.64,67,player,Greuther Furth,0.331,417.8,608.6,444.2,676.0,26.83,36.85,15.4
216,8.64,0,ball,Ball,0.7,913.0,1071.0,924.0,1080.0,50.6,72.1,0.0
217,8.68,10,player,Greuther Furth,0.539,1553.0,590.9,1586.7,659.1,82.17,35.26,19.0
217,8.68,90,player,Greuther Furth,0.533,827.3,591.3,855.4,668.2,46.73,36.12,15.0
217,8.68,87,player,Greuther Furth,0.506,447.2,648.0,476.4,723.6,28.49,41.26,7.7
217,8.68,91,player,VfB Stuttgart,0.475,989.9,632.5,1016.4,708.2,54.58,39.84,15.3
217,8.68,38,player,VfB Stuttgart,0.471,356.9,906.4,411.2,1000.6,25.82,65.79,1.7
217,8.68,80,player,Greuther Furth,0.459,1666.8,811.1,1704.4,898.1,86.6,56.94,31.1
217,8.68,86,player,Greuther Furth,0.414,510.2,767.3,540.1,847.3,31.91,52.45,3.4
217,8.68,4,player,Greuther Furth,0.403,709.5,597.8,740.1,668.2,41.07,36.12,22.9
217,8.68,94,player,Greuther Furth,0.398,839.0,409.3,858.9,456.6,46.93,15.68,16.3
217,8.68,67,player,Greuther Furth,0.335,417.0,607.9,443.2,673.8,26.78,36.64,19.0
217,8.68,0,ball,Ball,0.7,913.0,1071.0,922.0,1080.0,50.55,72.1,0.0
218,8.72,10,player,Greuther Furth,0.609,1554.7,590.1,1587.1,658.1,82.22,35.17,10.0
218,8.72,38,player,VfB Stuttgart,0.492,356.8,908.0,411.2,999.0,25.81,65.65,12.1
218,8.72,90,player,Greuther Furth,0.487,824.9,594.5,854.1,667.8,46.65,36.08,8.6
218,8.72,86,player,Greuther Furth,0.46,509.5,767.2,539.7,847.0,31.89,52.43,3.1
218,8.72,87,player,Greuther Furth,0.451,446.0,648.3,475.3,721.7,28.43,41.09,16.4
218,8.72,91,player,VfB Stuttgart,0.424,992.5,630.5,1018.2,705.7,54.69,39.62,22.8
218,8.72,95,player,Greuther Furth,0.414,1251.6,457.6,1275.5,508.7,67.6,20.84,0.0
218,8.72,80,player,Greuther Furth,0.393,1667.3,811.0,1704.5,898.7,86.61,56.99,4.2
218,8.72,67,player,Greuther Furth,0.386,415.6,607.4,441.4,674.3,26.7,36.69,8.0
218,8.72,4,player,Greuther Furth,0.382,709.7,596.9,735.9,668.1,40.98,36.11,8.8
218,8.72,94,player,Greuther Furth,0.361,839.9,409.2,859.8,457.7,46.98,15.79,10.8
218,8.72,96,player,Greuther Furth,0.322,1169.1,587.4,1194.4,652.9,63.3,34.68,0.0
218,8.72,0,ball,Ball,0.7,913.0,1071.0,922.0,1080.0,50.55,72.1,0.0
219,8.76,10,player,Greuther Furth,0.579,1556.3,590.0,1587.6,655.8,82.28,34.96,19.6
219,8.76,87,player,Greuther Furth,0.579,443.9,648.3,473.2,721.9,28.33,41.1,9.0
219,8.76,38,player,VfB Stuttgart,0.49,356.8,908.0,410.6,999.4,25.8,65.69,3.5
219,8.76,90,player,Greuther Furth,0.489,820.4,595.8,852.7,665.8,46.5,35.89,21.6
219,8.76,86,player,Greuther Furth,0.442,508.9,766.8,539.1,845.7,31.85,52.31,10.9
219,8.76,80,player,Greuther Furth,0.417,1668.0,810.9,1705.0,897.1,86.65,56.85,12.5
219,8.76,95,player,Greuther Furth,0.416,1250.5,457.7,1273.1,509.1,67.51,20.88,8.5
219,8.76,67,player,Greuther Furth,0.404,415.8,607.3,439.8,668.1,26.64,36.11,38.0
219,8.76,96,player,Greuther Furth,0.398,1172.0,587.4,1195.6,653.7,63.39,34.76,10.9
219,8.76,94,player,Greuther Furth,0.391,840.1,408.9,861.5,457.6,47.03,15.78,4.5
219,8.76,91,player,VfB Stuttgart,0.362,993.2,630.5,1019.5,703.6,54.74,39.41,18.7
219,8.76,0,ball,Ball,0.7,913.0,1071.0,922.0,1080.0,50.55,72.1,0.0
220,8.8,87,player,Greuther Furth,0.642,443.1,646.6,472.4,720.2,28.29,40.95,14.5
220,8.8,10,player,Greuther Furth,0.6,1558.0,589.2,1587.6,656.4,82.32,35.01,6.2
220,8.8,38,player,VfB Stuttgart,0.494,356.8,907.7,410.5,999.3,25.79,65.68,1.2
220,8.8,4,player,Greuther Furth,0.489,705.4,596.7,728.7,668.7,40.7,36.16,12.7
220,8.8,67,player,Greuther Furth,0.482,414.7,605.0,437.0,666.2,26.54,35.93,18.9
220,8.8,86,player,Greuther Furth,0.462,508.6,766.8,538.7,846.2,31.84,52.36,3.9
220,8.8,90,player,Greuther Furth,0.435,817.5,594.8,850.2,664.5,46.37,35.78,16.0
220,8.8,80,player,Greuther Furth,0.433,1667.7,811.4,1706.7,902.7,86.66,57.34,38.0
220,8.8,97,player,VfB Stuttgart,0.429,556.4,414.7,578.0,467.2,32.84,16.73,0.0
220,8.8,95,player,Greuther Furth,0.423,1249.8,458.5,1272.4,509.8,67.47,20.94,6.8
220,8.8,96,player,Greuther Furth,0.394,1171.6,588.2,1195.0,654.1,63.37,34.8,4.1
220,8.8,94,player,Greuther Furth,0.375,841.7,408.2,862.0,457.7,47.08,15.79,5.2
220,8.8,91,player,VfB Stuttgart,0.346,996.8,629.2,1022.7,699.9,54.91,39.08,33.7
220,8.8,0,ball,Ball,0.7,913.0,1071.0,922.0,1080.0,50.55,72.1,0.0
221,8.84,10,player,Greuther Furth,0.589,1558.6,589.8,1586.5,654.9,82.32,34.87,13.2
221,8.84,4,player,Greuther Furth,0.552,702.7,595.1,725.5,666.1,40.55,35.93,25.2
221,8.84,67,player,Greuther Furth,0.536,414.5,601.9,435.7,665.7,26.51,35.88,5.1
221,8.84,87,player,Greuther Furth,0.504,442.8,645.2,470.8,718.6,28.23,40.81,13.6
221,8.84,38,player,VfB Stuttgart,0.503,356.7,907.2,410.5,999.6,25.79,65.71,2.6
221,8.84,95,player,Greuther Furth,0.481,1249.9,458.0,1270.9,508.9,67.44,20.85,8.6
221,8.84,86,player,Greuther Furth,0.456,508.4,766.6,538.5,845.8,31.83,52.32,2.9
221,8.84,80,player,Greuther Furth,0.431,1668.8,811.2,1706.7,901.0,86.69,57.19,13.4
221,8.84,98,player,Greuther Furth,0.43,792.2,468.2,815.5,533.9,44.76,23.3,0.0
221,8.84,94,player,Greuther Furth,0.429,843.6,408.3,862.9,458.0,47.15,15.82,6.4
221,8.84,96,player,Greuther Furth,0.429,1170.5,588.9,1196.0,653.5,63.37,34.74,5.3
221,8.84,90,player,Greuther Furth,0.419,813.0,594.8,849.6,663.8,46.24,35.71,12.6
221,8.84,91,player,VfB Stuttgart,0.408,1000.4,627.6,1024.0,698.3,55.02,38.92,17.5
221,8.84,97,player,VfB Stuttgart,0.316,558.3,415.7,581.0,468.4,32.96,16.85,15.8
221,8.84,0,ball,Ball,0.7,913.0,1071.0,922.0,1080.0,50.55,72.1,0.0
222,8.88,4,player,Greuther Furth,0.549,698.5,592.4,721.7,663.3,40.35,35.66,29.9
222,8.88,67,player,Greuther Furth,0.542,414.4,600.5,434.3,665.9,26.47,35.9,3.8
222,8.88,10,player,Greuther Furth,0.521,1558.8,591.2,1585.7,654.1,82.31,34.8,6.0
222,8.88,38,player,VfB Stuttgart,0.478,356.7,907.8,410.3,999.3,25.79,65.68,2.2
222,8.88,98,player,Greuther Furth,0.45,794.8,467.1,817.4,532.3,44.87,23.14,17.3
222,8.88,90,player,Greuther Furth,0.445,810.1,593.8,847.6,662.9,46.12,35.63,13.2
222,8.88,95,player,Greuther Furth,0.438,1249.1,455.9,1269.1,508.0,67.38,20.77,9.0
222,8.88,87,player,Greuther Furth,0.434,443.4,642.6,470.1,718.4,28.23,40.78,2.2
222,8.88,86,player,Greuther Furth,0.428,508.4,766.7,537.9,845.4,31.82,52.28,3.9
222,8.88,96,player,Greuther Furth,0.427,1169.4,588.8,1196.5,654.4,63.35,34.82,7.9
222,8.88,91,player,VfB Stuttgart,0.425,1001.2,628.1,1025.7,696.1,55.09,38.72,18.9
222,8.88,80,player,Greuther Furth,0.414,1671.2,810.9,1707.3,901.6,86.76,57.25,7.7
222,8.88,94,player,Greuther Furth,0.402,844.5,408.7,863.0,454.5,47.17,15.47,31.3
222,8.88,99,player,Greuther Furth,0.363,657.3,380.1,673.1,425.2,37.65,12.53,0.0
222,8.88,0,ball,Ball,0.7,913.0,1071.0,922.0,1080.0,50.55,72.1,0.0
223,8.92,4,player,Greuther Furth,0.61,693.9,591.7,720.6,664.7,40.22,35.79,17.1
223,8.92,98,player,Greuther Furth,0.547,796.6,466.9,819.1,531.0,44.96,23.02,13.7
223,8.92,10,player,Greuther Furth,0.538,1559.5,590.6,1586.1,654.4,82.33,34.83,3.3
223,8.92,67,player,Greuther Furth,0.524,413.9,600.0,434.1,662.1,26.44,35.55,32.0
223,8.92,80,player,Greuther Furth,0.521,1672.7,810.7,1707.7,899.7,86.81,57.07,16.4
223,8.92,90,player,Greuther Furth,0.51,808.7,595.5,848.3,661.5,46.11,35.5,11.9
223,8.92,38,player,VfB Stuttgart,0.482,357.3,907.9,410.3,999.2,25.8,65.67,1.4
223,8.92,87,player,Greuther Furth,0.472,441.0,637.9,469.6,716.4,28.15,40.6,18.0
223,8.92,86,player,Greuther Furth,0.45,508.3,766.6,538.1,845.8,31.82,52.32,3.2
223,8.92,96,player,Greuther Furth,0.438,1169.1,588.8,1197.5,655.1,63.37,34.89,6.6
223,8.92,95,player,Greuther Furth,0.403,1248.7,455.5,1267.8,507.4,67.34,20.71,6.5
223,8.92,91,player,VfB Stuttgart,0.381,1005.5,628.9,1028.2,694.1,55.25,38.53,22.6
223,8.92,94,player,Greuther Furth,0.374,846.1,408.0,862.8,452.7,47.21,15.29,16.3
223,8.92,100,player,Greuther Furth,0.365,1505.4,976.4,1543.8,1065.8,78.42,71.29,0.0
223,8.92,99,player,Greuther Furth,0.363,657.6,379.4,673.8,424.1,37.67,12.43,9.6
223,8.92,0,ball,Ball,0.7,913.0,1071.0,922.0,1080.0,50.55,72.1,0.0
224,8.96,4,player,Greuther Furth,0.59,689.7,591.6,720.7,665.5,40.12,35.87,11.2
224,8.96,10,player,Greuther Furth,0.536,1558.4,590.0,1586.8,652.9,82.33,34.69,12.8
224,8.96,87,player,Greuther Furth,0.516,440.3,637.4,469.6,717.0,28.14,40.66,5.3
224,8.96,98,player,Greuther Furth,0.51,797.1,466.1,822.8,530.4,45.06,22.95,10.8
224,8.96,80,player,Greuther Furth,0.492,1675.5,810.7,1709.7,900.7,86.92,57.16,12.4
224,8.96,38,player,VfB Stuttgart,0.482,357.2,907.5,410.4,999.5,25.8,65.7,2.2
224,8.96,90,player,Greuther Furth,0.48,807.3,595.4,845.6,661.4,46.0,35.48,9.3
224,8.96,86,player,Greuther Furth,0.473,507.9,766.6,537.9,846.9,31.81,52.42,9.3
224,8.96,84,player,Greuther Furth,0.468,523.8,462.5,554.8,554.2,31.72,25.27,0.0
224,8.96,67,player,Greuther Furth,0.454,413.9,598.5,434.5,663.7,26.45,35.7,13.4
224,8.96,91,player,VfB Stuttgart,0.452,1008.4,627.0,1030.7,692.0,55.38,38.34,21.0
224,8.96,96,player,Greuther Furth,0.426,1168.8,589.3,1197.8,656.6,63.37,35.04,12.7
224,8.96,94,player,Greuther Furth,0.419,848.4,408.7,863.5,453.7,47.28,15.39,10.9
224,8.96,100,player,Greuther Furth,0.381,1505.4,976.8,1544.0,1065.9,78.42,71.3,1.3
224,8.96,99,player,Greuther Furth,0.337,657.8,379.9,676.5,423.5,37.75,12.37,8.5
224,8.96,0,ball,Ball,0.7,913.0,1071.0,922.0,1080.0,50.55,72.1,0.0
225,9.0,4,player,Greuther Furth,0.587,687.7,592.4,719.6,667.0,40.04,36.0,14.1
225,9.0,80,player,Greuther Furth,0.553,1675.6,811.0,1710.7,900.2,86.95,57.12,4.4
225,9.0,90,player,Greuther Furth,0.514,805.4,594.8,839.8,661.9,45.82,35.53,17.3
225,9.0,86,player,Greuther Furth,0.501,507.8,766.5,537.7,847.0,31.8,52.43,0.5
225,9.0,38,player,VfB Stuttgart,0.497,357.2,907.6,410.6,999.6,25.81,65.7,0.7
225,9.0,98,player,Greuther Furth,0.488,799.0,464.1,824.9,531.6,45.16,23.07,14.1
225,9.0,91,player,VfB Stuttgart,0.478,1010.8,626.0,1031.9,692.7,55.47,38.41,9.8
225,9.0,87,player,Greuther Furth,0.475,440.6,636.7,468.1,714.2,28.1,40.4,23.7
225,9.0,84,player,Greuther Furth,0.47,527.3,462.5,555.9,555.6,31.83,25.41,16.3
225,9.0,10,player,Greuther Furth,0.458,1557.9,590.1,1586.2,652.0,82.3,34.6,8.2
225,9.0,101,player,Greuther Furth,0.41,1487.7,416.2,1511.2,471.5,79.48,17.16,0.0
225,9.0,94,player,Greuther Furth,0.404,850.0,408.6,863.9,451.5,47.33,15.17,20.2
225,9.0,67,player,Greuther Furth,0.392,413.7,598.2,435.3,663.2,26.46,35.66,4.0
225,9.0,100,player,Greuther Furth,0.391,1505.4,976.6,1544.1,1066.0,78.43,71.31,0.7
225,9.0,95,player,Greuther Furth,0.306,1247.4,456.0,1264.5,507.7,67.22,20.73,5.3
225,9.0,0,ball,Ball,0.7,913.0,1071.0,922.0,1080.0,50.55,72.1,0.0
226,9.04,91,player,VfB Stuttgart,0.571,1014.0,625.3,1033.2,690.0,55.58,38.15,25.1
226,9.04,90,player,Greuther Furth,0.515,803.3,592.5,836.8,664.5,45.7,35.77,24.6
226,9.04,10,player,Greuther Furth,0.508,1555.9,589.9,1584.0,649.7,82.21,34.38,21.3
226,9.04,4,player,Greuther Furth,0.489,687.1,592.5,715.9,668.3,39.94,36.13,14.3
226,9.04,80,player,Greuther Furth,0.482,1675.1,812.1,1711.1,904.2,86.93,57.47,31.5
226,9.04,101,player,Greuther Furth,0.481,1488.5,417.4,1511.9,472.4,79.52,17.25,8.7
226,9.04,98,player,Greuther Furth,0.472,801.1,464.3,826.1,534.6,45.25,23.37,27.7
226,9.04,38,player,VfB Stuttgart,0.471,357.2,908.4,410.6,999.8,25.81,65.72,1.5
226,9.04,86,player,Greuther Furth,0.462,508.0,766.4,537.7,846.5,31.8,52.38,3.9
226,9.04,87,player,Greuther Furth,0.456,440.4,636.5,467.7,714.7,28.09,40.44,4.5
226,9.04,102,player,Greuther Furth,0.416,700.5,410.1,717.8,460.1,39.93,16.03,0.0
226,9.04,84,player,Greuther Furth,0.413,528.3,466.9,557.4,553.2,31.89,25.17,22.2
226,9.04,94,player,Greuther Furth,0.408,850.4,408.4,865.7,451.4,47.38,15.16,4.9
226,9.04,67,player,Greuther Furth,0.367,413.1,598.2,434.8,664.3,26.44,35.76,9.2
226,9.04,100,player,Greuther Furth,0.328,1505.6,977.2,1544.0,1065.4,78.43,71.26,4.4
226,9.04,0,ball,Ball,0.7,913.0,1071.0,922.0,1080.0,50.55,72.1,0.0
227,9.08,10,player,Greuther Furth,0.541,1554.0,586.9,1582.2,648.6,82.13,34.28,11.6
227,9.08,103,player,Greuther Furth,0.535,577.4,413.8,597.6,471.4,33.87,17.15,0.0
227,9.08,101,player,Greuther Furth,0.485,1489.2,416.7,1513.5,472.3,79.57,17.24,5.2
227,9.08,4,player,Greuther Furth,0.48,684.9,591.7,714.1,668.2,39.84,36.12,8.9
227,9.08,38,player,VfB Stuttgart,0.477,357.3,908.2,410.6,999.8,25.81,65.72,0.3
227,9.08,86,player,Greuther Furth,0.476,507.9,766.7,538.0,846.5,31.81,52.39,0.6
227,9.08,91,player,VfB Stuttgart,0.474,1014.7,621.8,1036.0,689.5,55.67,38.11,8.8
227,9.08,90,player,Greuther Furth,0.47,801.7,591.9,832.7,662.3,45.56,35.57,22.4
227,9.08,80,player,Greuther Furth,0.464,1676.9,812.1,1712.5,904.8,87.0,57.52,8.0
227,9.08,87,player,Greuther Furth,0.456,440.4,636.6,467.4,716.1,28.08,40.57,11.4
227,9.08,102,player,Greuther Furth,0.403,700.0,409.9,717.8,459.9,39.92,16.01,2.1
227,9.08,94,player,Greuther Furth,0.38,850.7,407.7,867.7,452.2,47.44,15.24,8.6
227,9.08,84,player,Greuther Furth,0.353,530.1,474.4,557.4,553.4,31.93,25.19,4.5
227,9.08,67,player,Greuther Furth,0.34,411.9,598.3,434.6,664.1,26.41,35.74,3.5
227,9.08,100,player,Greuther Furth,0.326,1505.2,976.7,1543.9,1065.2,78.42,71.24,1.9
227,9.08,98,player,Greuther Furth,0.317,800.5,463.1,829.1,534.9,45.31,23.39,5.9
227,9.08,0,ball,Ball,0.7,913.0,1071.0,922.0,1080.0,50.55,72.1,0.0
228,9.12,103,player,Greuther Furth,0.499,580.5,413.8,599.6,468.6,33.99,16.88,27.0
228,9.12,90,player,Greuther Furth,0.49,800.4,591.0,826.5,661.3,45.37,35.47,18.6
228,9.12,10,player,Greuther Furth,0.486,1551.9,584.5,1580.0,646.3,82.03,34.06,21.5
228,9.12,38,player,VfB Stuttgart,0.483,357.0,908.3,410.5,999.6,25.8,65.71,1.2
228,9.12,87,player,Greuther Furth,0.48,440.3,636.6,467.3,715.7,28.08,40.54,3.0
228,9.12,91,player,VfB Stuttgart,0.468,1016.3,617.8,1039.1,689.0,55.78,38.06,11.2
228,9.12,86,player,Greuther Furth,0.467,507.8,766.7,537.7,846.0,31.8,52.34,4.4
228,9.12,101,player,Greuther Furth,0.465,1491.3,417.8,1514.8,471.5,79.66,17.17,10.5
228,9.12,4,player,Greuther Furth,0.437,683.8,590.3,711.0,668.6,39.74,36.15,9.8
228,9.12,80,player,Greuther Furth,0.382,1677.8,812.9,1713.3,904.1,87.04,57.46,6.7
228,9.12,96,player,Greuther Furth,0.38,1169.3,588.4,1198.0,656.9,63.39,35.07,0.8
228,9.12,102,player,Greuther Furth,0.346,700.9,410.4,717.7,460.0,39.94,16.02,2.0
228,9.12,100,player,Greuther Furth,0.342,1505.4,977.3,1543.7,1065.7,78.42,71.28,3.9
228,9.12,67,player,Greuther Furth,0.32,411.6,597.9,434.4,665.1,26.4,35.83,7.7
228,9.12,0,ball,Ball,0.7,913.0,1071.0,922.0,1080.0,50.55,72.1,0.0
229,9.16,101,player,Greuther Furth,0.538,1491.3,417.0,1517.4,470.8,79.73,17.09,9.1
229,9.16,90,player,Greuther Furth,0.525,799.0,591.6,823.9,659.4,45.27,35.3,18.1
229,9.16,103,player,Greuther Furth,0.48,582.4,411.1,602.2,467.0,34.09,16.72,17.1
229,9.16,38,player,VfB Stuttgart,0.467,356.9,908.4,410.5,999.8,25.8,65.72,1.1
229,9.16,86,player,Greuther Furth,0.452,507.8,766.7,537.7,846.0,31.8,52.34,0.1
229,9.16,87,player,Greuther Furth,0.438,440.6,636.8,466.9,707.3,28.05,39.76,38.0
229,9.16,10,player,Greuther Furth,0.426,1550.3,581.5,1577.0,642.8,81.94,33.74,30.6
229,9.16,96,player,Greuther Furth,0.397,1170.0,588.0,1198.0,657.0,63.4,35.07,1.5
229,9.16,102,player,Greuther Furth,0.383,701.5,410.7,717.8,460.5,39.96,16.07,4.8
229,9.16,91,player,VfB Stuttgart,0.377,1017.4,614.9,1041.2,686.7,55.86,37.85,20.2
229,9.16,67,player,Greuther Furth,0.341,412.8,595.2,434.9,665.5,26.44,35.86,5.1
229,9.16,4,player,Greuther Furth,0.332,681.0,589.8,705.6,660.8,39.53,35.42,38.0
229,9.16,100,player,Greuther Furth,0.317,1505.5,977.8,1543.6,1066.2,78.42,71.32,3.2
229,9.16,80,player,Greuther Furth,0.309,1678.5,816.6,1713.7,902.5,87.08,57.32,12.9
229,9.16,0,ball,Ball,0.7,913.0,1071.0,922.0,1080.0,50.55,72.1,0.0
230,9.2,90,player,Greuther Furth,0.591,795.3,590.2,823.1,663.5,45.17,35.68,35.6
230,9.2,101,player,Greuther Furth,0.529,1492.9,417.7,1517.8,470.5,79.78,17.06,5.3
230,9.2,4,player,Greuther Furth,0.508,679.7,590.0,703.2,661.6,39.44,35.51,10.8
230,9.2,87,player,Greuther Furth,0.473,439.7,637.0,466.5,707.4,28.02,39.77,2.8
230,9.2,38,player,VfB Stuttgart,0.467,356.6,908.7,410.5,999.8,25.79,65.72,0.6
230,9.2,86,player,Greuther Furth,0.452,507.9,766.6,537.9,846.3,31.8,52.37,2.5
230,9.2,10,player,Greuther Furth,0.44,1546.8,578.4,1577.5,643.8,81.86,33.83,10.8
230,9.2,91,player,VfB Stuttgart,0.404,1019.7,613.8,1041.1,682.6,55.91,37.47,34.6
230,9.2,102,player,Greuther Furth,0.389,701.1,411.2,718.1,460.6,39.95,16.08,1.2
230,9.2,96,player,Greuther Furth,0.388,1170.7,587.5,1197.9,656.1,63.42,34.98,8.2
230,9.2,80,player,Greuther Furth,0.384,1678.5,815.0,1714.1,905.6,87.07,57.59,24.4
230,9.2,67,player,Greuther Furth,0.363,412.5,591.9,435.9,659.9,26.44,35.35,38.0
230,9.2,98,player,Greuther Furth,0.359,804.5,462.8,833.1,534.6,45.5,23.37,5.9
230,9.2,103,player,Greuther Furth,0.354,584.4,410.6,606.9,467.6,34.27,16.78,16.4
230,9.2,0,ball,Ball,0.7,913.0,1071.0,922.0,1080.0,50.55,72.1,0.0
231,9.24,90,player,Greuther Furth,0.595,792.4,590.3,820.3,659.8,45.03,35.33,34.0
231,9.24,101,player,Greuther Furth,0.56,1495.1,417.4,1518.5,470.3,79.86,17.05,6.6
231,9.24,87,player,Greuther Furth,0.511,439.4,637.8,464.9,707.5,27.97,39.78,4.2
231,9.24,10,player,Greuther Furth,0.509,1543.5,577.8,1577.9,642.6,81.79,33.71,12.2
231,9.24,4,player,Greuther Furth,0.501,677.5,589.4,699.1,663.6,39.29,35.69,21.5
231,9.24,86,player,Greuther Furth,0.473,508.1,766.6,538.2,846.5,31.82,52.39,2.3
231,9.24,38,player,VfB Stuttgart,0.464,356.5,908.8,410.7,999.8,25.79,65.72,0.3
231,9.24,102,player,Greuther Furth,0.412,700.6,410.1,718.5,460.8,39.95,16.1,2.2
231,9.24,96,player,Greuther Furth,0.399,1172.8,587.0,1198.2,656.5,63.47,35.03,6.5
231,9.24,80,player,Greuther Furth,0.373,1679.5,817.4,1714.7,903.3,87.12,57.39,18.9
231,9.24,91,player,VfB Stuttgart,0.371,1021.9,613.9,1043.7,683.0,56.03,37.5,11.1
231,9.24,95,player,Greuther Furth,0.349,1238.8,457.0,1262.4,509.7,66.95,20.93,0.0
231,9.24,98,player,Greuther Furth,0.347,806.8,461.9,835.0,534.2,45.61,23.32,10.3
231,9.24,0,ball,Ball,0.7,913.0,1071.0,922.0,1080.0,50.55,72.1,0.0
232,9.28,90,player,Greuther Furth,0.594,788.6,591.2,818.7,658.6,44.89,35.22,15.6
232,9.28,10,player,Greuther Furth,0.523,1541.0,573.3,1578.0,640.5,81.74,33.52,17.9
232,9.28,87,player,Greuther Furth,0.521,439.5,636.7,464.9,708.6,27.98,39.87,8.6
232,9.28,101,player,Greuther Furth,0.477,1496.6,416.0,1520.2,468.7,79.94,16.88,16.6
232,9.28,4,player,Greuther Furth,0.473,676.1,589.6,696.5,664.5,39.2,35.77,11.4
232,9.28,86,player,Greuther Furth,0.472,508.2,766.5,538.8,846.4,31.83,52.38,1.8
232,9.28,38,player,VfB Stuttgart,0.451,356.7,908.7,410.8,999.9,25.8,65.73,0.9
232,9.28,96,player,Greuther Furth,0.43,1173.6,588.5,1198.6,657.2,63.5,35.09,6.2
232,9.28,102,player,Greuther Furth,0.387,701.5,409.5,718.7,460.8,39.98,16.1,2.5
232,9.28,98,player,Greuther Furth,0.369,810.2,463.4,834.6,529.3,45.68,22.85,38.0
232,9.28,80,player,Greuther Furth,0.365,1679.8,817.9,1715.3,904.8,87.13,57.53,12.2
232,9.28,0,ball,Ball,0.7,913.0,1071.0,922.0,1080.0,50.55,72.1,0.0
233,9.32,4,player,Greuther Furth,0.557,674.8,588.4,695.8,665.2,39.15,35.84,7.4
233,9.32,87,player,Greuther Furth,0.554,439.1,636.6,464.5,709.7,27.96,39.98,9.8
233,9.32,90,player,Greuther Furth,0.535,784.2,591.9,818.7,660.1,44.79,35.36,15.7
233,9.32,98,player,Greuther Furth,0.533,811.1,462.9,836.8,528.9,45.75,22.81,7.8
233,9.32,86,player,Greuther Furth,0.479,508.2,766.0,538.9,846.5,31.84,52.39,1.0
233,9.32,96,player,Greuther Furth,0.472,1174.3,589.4,1198.8,657.5,63.52,35.12,3.3
233,9.32,38,player,VfB Stuttgart,0.429,357.0,907.7,410.2,1001.5,25.8,65.87,12.6
233,9.32,10,player,Greuther Furth,0.416,1536.2,570.3,1579.7,638.2,81.68,33.3,20.5
233,9.32,80,player,Greuther Furth,0.404,1680.2,815.3,1715.4,905.6,87.14,57.59,6.2
233,9.32,102,player,Greuther Furth,0.388,702.7,410.0,718.4,459.5,40.0,15.97,12.4
233,9.32,101,player,Greuther Furth,0.361,1497.8,415.2,1520.6,468.0,79.98,16.82,6.8
233,9.32,103,player,Greuther Furth,0.359,593.2,415.1,616.0,469.2,34.72,16.93,14.3
233,9.32,91,player,VfB Stuttgart,0.302,1023.3,613.6,1048.3,683.8,56.17,37.57,7.2
233,9.32,0,ball,Ball,0.7,913.0,1071.0,922.0,1080.0,50.55,72.1,0.0
234,9.36,4,player,Greuther Furth,0.577,673.1,588.7,693.9,663.8,39.06,35.71,14.7
234,9.36,98,player,Greuther Furth,0.54,814.8,462.4,837.4,526.1,45.86,22.53,26.5
234,9.36,86,player,Greuther Furth,0.506,508.2,765.8,539.2,846.8,31.84,52.41,2.0
234,9.36,96,player,Greuther Furth,0.501,1175.5,590.1,1199.0,657.9,63.56,35.16,4.5
234,9.36,90,player,Greuther Furth,0.5,781.7,592.8,816.6,661.0,44.68,35.45,12.6
234,9.36,87,player,Greuther Furth,0.493,439.1,635.4,464.8,708.4,27.96,39.86,11.3
234,9.36,91,player,VfB Stuttgart,0.447,1024.5,611.2,1049.1,682.9,56.22,37.5,8.2
234,9.36,80,player,Greuther Furth,0.426,1681.1,815.4,1715.1,906.1,87.15,57.63,3.8
234,9.36,38,player,VfB Stuttgart,0.423,357.4,907.3,410.2,1001.5,25.81,65.87,0.9
234,9.36,103,player,Greuther Furth,0.393,598.0,413.6,616.0,468.4,34.83,16.85,12.8
234,9.36,10,player,Greuther Furth,0.391,1532.4,568.1,1579.9,633.0,81.61,32.81,38.0
234,9.36,102,player,Greuther Furth,0.375,703.6,410.3,718.7,453.7,40.02,15.4,38.0
234,9.36,0,ball,Ball,0.7,913.0,1071.0,922.0,1080.0,50.55,72.1,0.0
235,9.4,4,player,Greuther Furth,0.591,670.2,590.2,693.3,662.7,38.97,35.6,12.2
235,9.4,98,player,Greuther Furth,0.575,815.8,462.6,839.3,531.1,45.93,23.02,38.0
235,9.4,90,player,Greuther Furth,0.541,779.9,592.3,815.5,660.7,44.61,35.42,7.0
235,9.4,91,player,VfB Stuttgart,0.525,1025.6,609.2,1052.0,680.3,56.32,37.25,23.7
235,9.4,96,player,Greuther Furth,0.524,1176.1,590.2,1199.5,658.5,63.58,35.21,5.4
235,9.4,87,player,Greuther Furth,0.515,438.0,634.8,464.8,706.8,27.93,39.71,13.3
235,9.4,86,player,Greuther Furth,0.505,508.3,765.8,539.5,846.9,31.85,52.42,1.6
235,9.4,103,player,Greuther Furth,0.448,599.9,413.4,618.9,468.5,34.95,16.86,10.9
235,9.4,80,player,Greuther Furth,0.444,1681.9,815.0,1715.3,906.2,87.17,57.65,2.5
235,9.4,38,player,VfB Stuttgart,0.419,357.3,907.1,410.2,1001.6,25.81,65.87,0.6
235,9.4,102,player,Greuther Furth,0.347,704.2,409.7,718.9,453.5,40.04,15.37,2.7
235,9.4,0,ball,Ball,0.7,913.0,1071.0,922.0,1080.0,50.55,72.1,0.0
236,9.44,98,player,Greuther Furth,0.575,816.5,461.4,840.9,532.9,45.99,23.2,17.0
236,9.44,103,player,Greuther Furth,0.553,601.7,411.4,622.0,470.0,35.08,17.02,18.3
236,9.44,4,player,Greuther Furth,0.549,666.6,589.3,692.4,661.5,38.86,35.49,14.5
236,9.44,96,player,Greuther Furth,0.53,1176.3,589.8,1202.3,658.5,63.66,35.21,6.7
236,9.44,91,player,VfB Stuttgart,0.496,1029.7,608.7,1053.1,679.0,56.45,37.13,16.0
236,9.44,86,player,Greuther Furth,0.49,508.4,766.0,539.5,847.4,31.86,52.46,3.5
236,9.44,87,player,Greuther Furth,0.465,437.6,634.2,464.9,706.7,27.92,39.7,1.0
236,9.44,90,player,Greuther Furth,0.463,777.6,592.3,812.6,659.9,44.48,35.34,13.1
236,9.44,80,player,Greuther Furth,0.43,1682.4,814.8,1715.7,906.3,87.2,57.66,2.1
236,9.44,38,player,VfB Stuttgart,0.407,357.1,909.7,410.2,1001.6,25.8,65.87,0.4
236,9.44,102,player,Greuther Furth,0.36,704.5,408.9,719.6,453.6,40.06,15.38,2.3
236,9.44,101,player,Greuther Furth,0.335,1500.6,412.0,1521.8,469.1,80.08,16.93,4.3
236,9.44,0,ball,Ball,0.7,913.0,1071.0,922.0,1080.0,50.55,72.1,0.0
237,9.48,98,player,Greuther Furth,0.646,819.2,460.7,842.6,534.4,46.1,23.35,16.7
237,9.48,103,player,Greuther Furth,0.615,602.6,411.2,623.4,470.4,35.14,17.05,6.2
237,9.48,96,player,Greuther Furth,0.523,1176.5,589.7,1204.1,657.6,63.71,35.12,9.2
237,9.48,86,player,Greuther Furth,0.498,508.6,765.8,539.9,847.5,31.87,52.47,1.3
237,9.48,91,player,VfB Stuttgart,0.486,1031.9,607.2,1053.9,676.1,56.52,36.85,25.7
237,9.48,90,player,Greuther Furth,0.465,777.1,590.9,809.4,658.6,44.39,35.22,14.1
237,9.48,4,player,Greuther Furth,0.463,663.1,589.8,689.9,660.5,38.71,35.4,15.4
237,9.48,87,player,Greuther Furth,0.457,436.6,633.5,464.8,706.6,27.89,39.69,2.7
237,9.48,80,player,Greuther Furth,0.43,1682.6,814.6,1716.0,907.0,87.2,57.72,5.4
237,9.48,38,player,VfB Stuttgart,0.409,357.1,910.6,410.4,1001.7,25.81,65.88,0.7
237,9.48,102,player,Greuther Furth,0.362,704.9,408.6,720.5,452.5,40.1,15.28,9.8
237,9.48,101,player,Greuther Furth,0.361,1502.0,412.5,1524.1,468.7,80.18,16.89,9.2
237,9.48,10,player,Greuther Furth,0.328,1532.6,566.8,1573.7,620.4,81.52,31.62,35.8
237,9.48,0,ball,Ball,0.7,913.0,1071.0,923.0,1080.0,50.57,72.1,0.0
238,9.52,98,player,Greuther Furth,0.599,822.2,462.7,844.0,531.3,46.21,23.04,29.1
238,9.52,103,player,Greuther Furth,0.586,604.4,408.8,625.5,470.0,35.24,17.01,9.3
238,9.52,96,player,Greuther Furth,0.524,1178.3,590.8,1205.5,658.2,63.78,35.18,8.6
238,9.52,91,player,VfB Stuttgart,0.512,1033.4,606.5,1055.6,679.4,56.6,37.16,28.5
238,9.52,86,player,Greuther Furth,0.495,508.8,766.1,539.8,847.4,31.87,52.46,0.7
238,9.52,87,player,Greuther Furth,0.485,436.3,631.8,464.9,706.8,27.89,39.71,1.4
238,9.52,90,player,Greuther Furth,0.467,775.9,590.0,805.6,658.2,44.26,35.19,11.4
238,9.52,80,player,Greuther Furth,0.45,1683.7,815.0,1716.3,908.5,87.23,57.85,12.1
238,9.52,38,player,VfB Stuttgart,0.407,357.4,911.1,410.5,1001.6,25.82,65.87,1.3
238,9.52,10,player,Greuther Furth,0.405,1531.7,566.5,1569.5,624.5,81.38,32.0,36.6
238,9.52,4,player,Greuther Furth,0.351,661.2,589.4,688.1,659.6,38.62,35.31,11.7
238,9.52,0,ball,Ball,0.7,913.0,1071.0,922.0,1080.0,50.55,72.1,0.0
239,9.56,98,player,Greuther Furth,0.621,824.2,461.8,846.7,534.9,46.33,23.4,33.5
239,9.56,103,player,Greuther Furth,0.551,607.9,408.4,629.4,467.0,35.41,16.71,31.1
239,9.56,96,player,Greuther Furth,0.538,1179.7,590.1,1206.4,657.7,63.84,35.14,6.5
239,9.56,91,player,VfB Stuttgart,0.536,1035.8,604.9,1056.9,674.5,56.69,36.71,38.0
239,9.56,90,player,Greuther Furth,0.511,775.1,590.6,800.9,660.6,44.13,35.4,22.8
239,9.56,86,player,Greuther Furth,0.492,509.1,765.8,540.3,847.0,31.89,52.43,3.2
239,9.56,80,player,Greuther Furth,0.45,1684.4,815.1,1716.7,908.5,87.25,57.85,2.3
239,9.56,87,player,Greuther Furth,0.416,437.3,631.5,464.9,706.4,27.91,39.67,3.7
239,9.56,38,player,VfB Stuttgart,0.412,357.4,912.2,411.0,1001.3,25.83,65.85,2.5
239,9.56,10,player,Greuther Furth,0.4,1531.9,564.6,1567.2,622.9,81.33,31.86,13.5
239,9.56,4,player,Greuther Furth,0.313,660.5,589.2,687.1,659.7,38.58,35.32,3.9
239,9.56,0,ball,Ball,0.7,914.0,1071.0,923.0,1080.0,50.6,72.1,0.0
240,9.6,90,player,Greuther Furth,0.57,773.1,588.6,798.7,660.8,44.03,35.43,9.4
240,9.6,91,player,VfB Stuttgart,0.55,1037.7,605.4,1060.9,669.1,56.84,36.21,38.0
240,9.6,96,player,Greuther Furth,0.541,1180.2,591.2,1207.2,657.1,63.87,35.08,6.0
240,9.6,98,player,Greuther Furth,0.506,825.3,460.6,848.3,533.6,46.39,23.27,13.0
240,9.6,86,player,Greuther Furth,0.486,509.6,766.3,540.4,848.1,31.91,52.53,8.5
240,9.6,80,player,Greuther Furth,0.456,1685.1,815.4,1717.2,908.9,87.28,57.88,3.9
240,9.6,38,player,VfB Stuttgart,0.429,358.0,910.3,411.3,1001.2,25.85,65.84,2.0
240,9.6,87,player,Greuther Furth,0.423,436.4,631.3,464.2,705.6,27.87,39.6,7.7
240,9.6,10,player,Greuther Furth,0.386,1534.9,564.2,1566.7,622.7,81.39,31.83,6.0
240,9.6,103,player,Greuther Furth,0.345,609.5,407.9,631.9,465.5,35.51,16.57,16.2
240,9.6,101,player,Greuther Furth,0.341,1502.5,414.9,1527.4,468.2,80.27,16.84,3.3
240,9.6,4,player,Greuther Furth,0.319,657.8,587.5,683.4,659.2,38.42,35.27,14.6
240,9.6,0,ball,Ball,0.7,914.0,1071.0,923.0,1080.0,50.6,72.1,0.0
241,9.64,90,player,Greuther Furth,0.595,771.3,588.8,796.3,657.7,43.92,35.14,27.4
241,9.64,96,player,Greuther Furth,0.578,1181.1,590.8,1207.9,657.7,63.91,35.13,6.2
241,9.64,91,player,VfB Stuttgart,0.553,1038.8,604.6,1063.2,665.4,56.92,35.85,32.5
241,9.64,10,player,Greuther Furth,0.476,1533.5,563.1,1564.2,619.7,81.31,31.55,26.4
241,9.64,86,player,Greuther Furth,0.473,509.8,766.1,540.4,848.4,31.92,52.55,2.4
241,9.64,98,player,Greuther Furth,0.456,826.9,459.1,849.2,533.4,46.46,23.25,5.9
241,9.64,80,player,Greuther Furth,0.44,1684.8,814.9,1717.6,909.8,87.28,57.96,7.1
241,9.64,4,player,Greuther Furth,0.384,657.6,587.7,681.4,658.3,38.37,35.19,9.0
241,9.64,38,player,VfB Stuttgart,0.377,357.8,912.8,412.7,1000.0,25.87,65.74,9.8
241,9.64,87,player,Greuther Furth,0.37,436.0,631.2,463.2,704.5,27.84,39.5,9.5
241,9.64,0,ball,Ball,0.7,914.0,1071.0,923.0,1080.0,50.6,72.1,0.0
242,9.68,90,player,Greuther Furth,0.607,767.3,589.1,795.2,658.8,43.8,35.23,13.9
242,9.68,96,player,Greuther Furth,0.503,1182.0,591.0,1209.4,657.8,63.97,35.14,5.3
242,9.68,91,player,VfB Stuttgart,0.482,1040.6,602.9,1064.3,670.1,56.99,36.3,38.0
242,9.68,98,player,Greuther Furth,0.459,826.2,459.7,851.4,533.4,46.49,23.25,3.4
242,9.68,4,player,Greuther Furth,0.451,656.5,588.3,680.8,658.1,38.32,35.17,4.2
242,9.68,86,player,Greuther Furth,0.445,510.3,766.7,540.5,848.1,31.93,52.53,2.2
242,9.68,80,player,Greuther Furth,0.424,1684.5,815.8,1718.7,907.8,87.31,57.79,15.4
242,9.68,38,player,VfB Stuttgart,0.418,356.7,909.9,412.7,1001.7,25.85,65.88,13.0
242,9.68,104,player,VfB Stuttgart,0.391,1159.6,540.4,1180.6,593.4,62.82,29.04,0.0
242,9.68,87,player,Greuther Furth,0.378,435.5,629.9,462.5,702.7,27.8,39.33,15.3
242,9.68,10,player,Greuther Furth,0.36,1533.1,564.5,1563.8,620.7,81.29,31.64,8.9
242,9.68,0,ball,Ball,0.7,914.0,1071.0,924.0,1080.0,50.62,72.1,0.0
243,9.72,90,player,Greuther Furth,0.612,764.9,588.6,794.3,658.8,43.72,35.24,7.2
243,9.72,91,player,VfB Stuttgart,0.509,1041.6,600.6,1065.1,670.1,57.03,36.3,3.9
243,9.72,96,player,Greuther Furth,0.502,1182.2,590.9,1210.5,656.9,64.0,35.06,7.8
243,9.72,10,player,Greuther Furth,0.474,1533.0,559.8,1563.0,619.7,81.27,31.55,8.5
243,9.72,4,player,Greuther Furth,0.44,656.0,587.6,678.6,655.9,38.26,34.97,19.4
243,9.72,80,player,Greuther Furth,0.434,1684.4,815.8,1719.5,907.5,87.32,57.76,2.8
243,9.72,98,player,Greuther Furth,0.412,828.7,459.5,853.9,533.2,46.62,23.22,11.4
243,9.72,86,player,Greuther Furth,0.401,511.8,766.6,540.6,847.5,31.97,52.47,6.0
243,9.72,104,player,VfB Stuttgart,0.397,1159.6,539.9,1181.2,594.5,62.83,29.15,9.6
243,9.72,87,player,Greuther Furth,0.387,435.5,628.9,462.4,700.3,27.79,39.11,20.0
243,9.72,38,player,VfB Stuttgart,0.355,357.1,912.6,413.7,1000.3,25.88,65.76,10.8
243,9.72,103,player,Greuther Furth,0.329,618.1,410.8,638.4,465.1,35.89,16.53,11.4
243,9.72,0,ball,Ball,0.7,915.0,1072.0,924.0,1080.0,50.64,72.14,0.0
244,9.76,90,player,Greuther Furth,0.596,761.3,588.9,793.8,658.6,43.62,35.22,9.1
244,9.76,4,player,Greuther Furth,0.547,653.0,587.2,675.9,656.8,38.12,35.05,14.5
244,9.76,105,player,Greuther Furth,0.474,1394.0,841.1,1437.0,932.9,73.8,59.97,0.0
244,9.76,96,player,Greuther Furth,0.467,1183.4,591.0,1212.0,655.9,64.07,34.96,10.8
244,9.76,10,player,Greuther Furth,0.465,1535.3,560.2,1562.9,619.8,81.32,31.55,4.8
244,9.76,87,player,Greuther Furth,0.457,436.2,628.7,462.7,696.9,27.8,38.79,28.9
244,9.76,86,player,Greuther Furth,0.443,511.8,766.7,541.3,848.3,31.98,52.55,6.6
244,9.76,80,player,Greuther Furth,0.44,1684.2,816.0,1720.3,907.6,87.34,57.77,1.2
244,9.76,104,player,VfB Stuttgart,0.406,1160.3,539.5,1182.1,595.9,62.87,29.28,12.1
244,9.76,38,player,VfB Stuttgart,0.394,357.7,908.7,413.4,1001.3,25.89,65.85,7.9
244,9.76,91,player,VfB Stuttgart,0.382,1041.9,599.5,1065.7,667.9,57.06,36.09,18.8
244,9.76,98,player,Greuther Furth,0.343,830.5,463.7,854.8,534.4,46.69,23.35,12.7
244,9.76,103,player,Greuther Furth,0.332,621.6,409.1,638.9,464.7,35.99,16.49,9.4
244,9.76,0,ball,Ball,0.7,915.0,1072.0,925.0,1080.0,50.67,72.14,0.0
245,9.8,4,player,Greuther Furth,0.559,650.8,587.4,674.0,655.9,38.02,34.97,11.8
245,9.8,90,player,Greuther Furth,0.552,758.9,590.2,793.8,659.2,43.57,35.28,7.6
245,9.8,105,player,Greuther Furth,0.514,1397.6,840.5,1442.8,932.1,74.03,59.9,21.0
245,9.8,10,player,Greuther Furth,0.508,1535.9,558.0,1562.6,620.6,81.33,31.63,7.3
245,9.8,96,player,Greuther Furth,0.463,1185.5,590.5,1213.5,655.7,64.16,34.95,8.1
245,9.8,87,player,Greuther Furth,0.462,435.5,628.3,463.1,698.2,27.8,38.92,11.2
245,9.8,38,player,VfB Stuttgart,0.451,359.1,906.3,413.5,1002.0,25.93,65.91,6.2
245,9.8,86,player,Greuther Furth,0.447,512.1,766.8,542.2,848.0,32.01,52.52,3.3
245,9.8,104,player,VfB Stuttgart,0.441,1159.7,537.9,1182.1,596.3,62.85,29.32,4.0
245,9.8,80,player,Greuther Furth,0.432,1686.3,816.5,1721.9,909.8,87.42,57.96,18.6
245,9.8,103,player,Greuther Furth,0.378,623.4,408.8,640.5,463.9,36.07,16.41,10.2
245,9.8,91,player,VfB Stuttgart,0.303,1044.6,597.7,1070.0,667.0,57.23,36.01,17.1
245,9.8,0,ball,Ball,0.7,915.0,1072.0,925.0,1080.0,50.67,72.14,0.0
246,9.84,106,player,VfB Stuttgart,0.543,1333.9,988.3,1373.4,1080.0,70.54,72.47,0.0
246,9.84,4,player,Greuther Furth,0.49,645.4,586.7,673.6,653.1,37.87,34.71,26.9
246,9.84,87,player,Greuther Furth,0.463,433.9,628.5,463.5,697.1,27.77,38.82,9.4
246,9.84,90,player,Greuther Furth,0.459,758.1,592.5,794.3,660.2,43.56,35.37,7.9
246,9.84,80,player,Greuther Furth,0.457,1685.9,816.5,1722.7,910.4,87.42,58.01,5.1
246,9.84,38,player,VfB Stuttgart,0.453,359.4,904.9,415.0,1002.5,25.97,65.95,5.4
246,9.84,104,player,VfB Stuttgart,0.449,1159.7,537.3,1182.4,597.5,62.86,29.43,10.4
246,9.84,96,player,Greuther Furth,0.447,1186.3,590.8,1213.8,654.9,64.18,34.88,7.0
246,9.84,86,player,Greuther Furth,0.444,512.4,766.8,543.4,846.5,32.04,52.39,12.1
246,9.84,105,player,Greuther Furth,0.441,1399.0,841.0,1444.4,925.7,74.12,59.35,38.0
246,9.84,10,player,Greuther Furth,0.44,1536.6,556.2,1563.6,618.6,81.38,31.44,17.7
246,9.84,103,player,Greuther Furth,0.423,624.5,409.1,643.6,464.8,36.18,16.5,12.7
246,9.84,98,player,Greuther Furth,0.303,832.6,460.7,858.5,532.4,46.83,23.15,11.0
246,9.84,0,ball,Ball,0.7,916.0,1072.0,925.0,1080.0,50.69,72.14,0.0
247,9.88,90,player,Greuther Furth,0.534,755.9,591.6,793.2,660.4,43.48,35.39,7.3
247,9.88,10,player,Greuther Furth,0.532,1535.9,553.4,1564.7,619.4,81.38,31.52,6.7
247,9.88,105,player,Greuther Furth,0.527,1401.4,840.9,1446.9,923.1,74.24,59.12,23.5
247,9.88,4,player,Greuther Furth,0.491,642.7,587.0,675.1,655.5,37.84,34.93,20.5
247,9.88,106,player,VfB Stuttgart,0.476,1334.3,989.4,1379.5,1080.0,70.69,72.47,13.4
247,9.88,80,player,Greuther Furth,0.427,1686.1,817.0,1722.8,910.5,87.43,58.02,0.9
247,9.88,38,player,VfB Stuttgart,0.424,360.7,905.1,414.2,1002.7,25.98,65.96,1.8
247,9.88,86,player,Greuther Furth,0.418,512.5,767.5,544.1,846.7,32.06,52.4,2.0
247,9.88,96,player,Greuther Furth,0.417,1187.2,589.8,1214.2,655.8,64.21,34.96,7.7
247,9.88,104,player,VfB Stuttgart,0.415,1160.2,537.7,1182.9,598.0,62.88,29.48,4.9
247,9.88,103,player,Greuther Furth,0.396,626.6,409.7,645.8,461.1,36.28,16.13,34.2
247,9.88,87,player,Greuther Furth,0.378,437.1,627.8,464.0,699.8,27.86,39.07,24.2
247,9.88,98,player,Greuther Furth,0.353,834.7,460.4,859.9,530.6,46.91,22.98,17.1
247,9.88,91,player,VfB Stuttgart,0.303,1047.9,594.2,1070.9,663.1,57.33,35.65,17.0
247,9.88,0,ball,Ball,0.7,916.0,1072.0,925.0,1080.0,50.69,72.14,0.0
248,9.92,10,player,Greuther Furth,0.561,1535.7,552.0,1564.4,617.1,81.38,31.3,19.2
248,9.92,90,player,Greuther Furth,0.523,754.5,590.1,792.4,660.5,43.43,35.4,4.7
248,9.92,96,player,Greuther Furth,0.502,1187.5,589.1,1214.8,657.2,64.24,35.09,11.9
248,9.92,105,player,Greuther Furth,0.466,1402.4,840.7,1449.4,925.0,74.32,59.28,16.4
248,9.92,4,player,Greuther Furth,0.462,640.9,588.9,675.7,654.8,37.82,34.87,6.4
248,9.92,104,player,VfB Stuttgart,0.454,1160.4,537.0,1183.0,598.8,62.89,29.56,7.3
248,9.92,38,player,VfB Stuttgart,0.445,361.0,905.2,414.3,1002.9,25.99,65.98,1.9
248,9.92,86,player,Greuther Furth,0.434,513.5,767.3,544.0,845.8,32.08,52.33,6.8
248,9.92,91,player,VfB Stuttgart,0.43,1048.4,595.4,1072.2,665.5,57.37,35.87,20.5
248,9.92,103,player,Greuther Furth,0.418,629.5,409.3,648.1,461.2,36.41,16.14,11.8
248,9.92,98,player,Greuther Furth,0.414,837.7,460.7,862.4,531.4,47.05,23.05,14.3
248,9.92,80,player,Greuther Furth,0.396,1686.4,818.2,1723.2,911.8,87.44,58.14,10.6
248,9.92,87,player,Greuther Furth,0.341,438.1,626.7,464.2,700.7,27.9,39.15,8.0
248,9.92,0,ball,Ball,0.7,916.0,1073.0,925.0,1080.0,50.69,72.18,0.0
249,9.96,10,player,Greuther Furth,0.546,1536.8,549.2,1565.3,616.6,81.43,31.26,6.3
249,9.96,96,player,Greuther Furth,0.546,1188.0,589.9,1215.9,656.9,64.27,35.06,4.1
249,9.96,91,player,VfB Stuttgart,0.513,1049.7,594.2,1075.3,664.9,57.48,35.81,11.1
249,9.96,86,player,Greuther Furth,0.484,513.8,766.0,544.1,846.6,32.09,52.39,6.2
249,9.96,4,player,Greuther Furth,0.475,640.3,588.9,674.8,654.9,37.78,34.87,3.5
249,9.96,38,player,VfB Stuttgart,0.464,360.8,907.1,414.6,1002.6,26.0,65.96,2.0
249,9.96,90,player,Greuther Furth,0.464,753.4,590.8,789.7,660.9,43.34,35.44,9.1
249,9.96,98,player,Greuther Furth,0.451,839.5,458.8,864.6,531.8,47.15,23.09,9.4
249,9.96,103,player,Greuther Furth,0.45,630.5,408.9,649.8,462.8,36.48,16.3,15.8
249,9.96,104,player,VfB Stuttgart,0.43,1160.6,537.8,1183.3,598.5,62.9,29.53,3.5
249,9.96,105,player,Greuther Furth,0.415,1403.9,841.7,1451.6,923.6,74.41,59.16,13.6
249,9.96,87,player,Greuther Furth,0.365,438.0,622.5,464.3,701.9,27.9,39.26,10.2
249,9.96,80,player,Greuther Furth,0.358,1684.4,817.5,1721.4,909.3,87.36,57.92,20.7
249,9.96,94,player,Greuther Furth,0.306,870.2,400.9,888.3,445.4,48.44,14.56,0.0
249,9.96,0,ball,Ball,0.7,917.0,1073.0,926.0,1080.0,50.74,72.18,0.0
250,10.0,91,player,VfB Stuttgart,0.541,1052.7,594.3,1077.2,662.8,57.6,35.61,21.0
250,10.0,10,player,Greuther Furth,0.535,1537.1,548.7,1565.9,617.5,81.45,31.34,7.8
250,10.0,96,player,Greuther Furth,0.496,1190.8,589.8,1215.6,658.0,64.33,35.16,10.3
250,10.0,86,player,Greuther Furth,0.474,514.6,766.2,544.2,846.0,32.11,52.34,5.4
250,10.0,104,player,VfB Stuttgart,0.473,1160.0,537.5,1182.9,599.6,62.88,29.64,10.2
250,10.0,105,player,Greuther Furth,0.453,1406.4,840.4,1451.5,915.4,74.49,58.45,38.0
250,10.0,103,player,Greuther Furth,0.45,632.9,409.1,651.3,460.8,36.57,16.1,19.9
250,10.0,38,player,VfB Stuttgart,0.429,360.2,909.0,415.4,1002.1,26.0,65.92,3.9
250,10.0,4,player,Greuther Furth,0.419,639.3,589.8,674.2,655.8,37.74,34.96,8.4
250,10.0,98,player,Greuther Furth,0.412,842.9,459.2,867.0,528.6,47.29,22.78,30.8
250,10.0,90,player,Greuther Furth,0.36,752.5,590.2,782.0,660.7,43.13,35.41,19.0
250,10.0,0,ball,Ball,0.7,918.0,1073.0,927.0,1080.0,50.78,72.18,0.0
251,10.04,96,player,Greuther Furth,0.549,1192.1,589.0,1216.5,657.4,64.39,35.1,7.5
251,10.04,86,player,Greuther Furth,0.542,514.8,767.0,544.7,845.1,32.13,52.26,7.0
251,10.04,91,player,VfB Stuttgart,0.529,1056.6,592.8,1078.6,662.7,57.73,35.61,11.6
251,10.04,104,player,VfB Stuttgart,0.491,1160.3,537.6,1182.7,599.1,62.88,29.59,4.1
251,10.04,90,player,Greuther Furth,0.49,751.6,588.7,778.8,659.1,43.03,35.27,16.1
251,10.04,98,player,Greuther Furth,0.481,846.6,456.9,869.7,527.9,47.45,22.71,15.8
251,10.04,10,player,Greuther Furth,0.439,1538.9,551.3,1567.4,615.7,81.54,31.17,17.4
251,10.04,107,player,Greuther Furth,0.418,1249.3,445.7,1272.4,496.1,67.49,19.59,0.0
251,10.04,38,player,VfB Stuttgart,0.401,361.7,909.1,415.7,1003.0,26.04,65.99,7.7
251,10.04,105,player,Greuther Furth,0.385,1408.7,843.0,1453.2,914.1,74.59,58.33,13.7
251,10.04,4,player,Greuther Furth,0.351,639.1,590.5,670.7,655.0,37.65,34.89,10.6
251,10.04,80,player,Greuther Furth,0.34,1686.8,817.7,1724.2,909.0,87.49,57.89,5.9
251,10.04,103,player,Greuther Furth,0.333,634.2,407.5,655.1,460.5,36.7,16.07,11.9
251,10.04,0,ball,Ball,0.7,919.0,1074.0,927.0,1080.0,50.8,72.22,0.0
252,10.08,96,player,Greuther Furth,0.578,1194.1,589.7,1217.6,656.8,64.46,35.05,8.3
252,10.08,104,player,VfB Stuttgart,0.543,1160.7,538.5,1182.8,597.7,62.89,29.45,12.8
252,10.08,86,player,Greuther Furth,0.528,515.2,768.3,544.7,844.6,32.13,52.21,4.4
252,10.08,91,player,VfB Stuttgart,0.527,1057.6,591.1,1079.8,663.8,57.79,35.71,10.6
252,10.08,90,player,Greuther Furth,0.527,751.4,588.9,776.4,660.2,42.96,35.37,11.2
252,10.08,98,player,Greuther Furth,0.491,847.3,455.7,871.9,530.0,47.52,22.91,19.5
252,10.08,107,player,Greuther Furth,0.464,1250.3,445.2,1274.0,494.4,67.56,19.43,16.3
252,10.08,10,player,Greuther Furth,0.461,1539.7,549.0,1567.5,615.8,81.56,31.18,2.0
252,10.08,38,player,VfB Stuttgart,0.389,361.8,907.2,415.6,1002.6,26.04,65.96,3.1
252,10.08,105,player,Greuther Furth,0.309,1410.8,843.1,1452.4,908.2,74.63,57.82,38.0
252,10.08,103,player,Greuther Furth,0.305,636.4,410.9,656.4,458.3,36.78,15.85,20.7
252,10.08,0,ball,Ball,0.7,919.0,1074.0,928.0,1080.0,50.83,72.22,0.0
253,10.12,90,player,Greuther Furth,0.569,750.5,590.8,773.8,662.7,42.88,35.61,22.3
253,10.12,104,player,VfB Stuttgart,0.555,1160.7,538.6,1182.2,596.1,62.88,29.3,13.8
253,10.12,96,player,Greuther Furth,0.543,1194.3,590.1,1218.0,656.3,64.48,35.0,4.7
253,10.12,86,player,Greuther Furth,0.529,515.4,769.1,544.9,845.0,32.14,52.25,3.5
253,10.12,91,player,VfB Stuttgart,0.499,1061.0,589.4,1082.8,660.2,57.94,35.37,33.7
253,10.12,107,player,Greuther Furth,0.457,1253.9,445.0,1276.6,491.0,67.72,19.09,33.7
253,10.12,10,player,Greuther Furth,0.456,1540.1,547.4,1568.2,614.5,81.59,31.05,11.4
253,10.12,98,player,Greuther Furth,0.43,847.5,454.7,873.1,529.8,47.56,22.9,3.6
253,10.12,38,player,VfB Stuttgart,0.394,362.9,907.2,414.7,1003.6,26.05,66.04,8.0
253,10.12,101,player,Greuther Furth,0.375,1504.2,413.5,1536.1,464.1,80.55,16.43,0.0
253,10.12,103,player,Greuther Furth,0.344,636.4,410.2,657.8,457.2,36.82,15.74,10.0
253,10.12,4,player,Greuther Furth,0.303,636.4,587.2,660.3,651.2,37.32,34.53,21.9
253,10.12,0,ball,Ball,0.7,919.0,1074.0,928.0,1080.0,50.83,72.22,0.0
254,10.16,90,player,Greuther Furth,0.649,746.7,589.7,771.3,663.3,42.73,35.66,14.5
254,10.16,91,player,VfB Stuttgart,0.58,1060.6,587.7,1083.8,661.2,57.96,35.47,9.0
254,10.16,96,player,Greuther Furth,0.562,1193.6,589.7,1218.2,656.8,64.47,35.06,4.8
254,10.16,104,player,VfB Stuttgart,0.562,1160.5,537.9,1181.9,594.4,62.87,29.13,14.5
254,10.16,86,player,Greuther Furth,0.516,515.5,769.5,545.1,845.7,32.15,52.31,5.6
254,10.16,10,player,Greuther Furth,0.462,1541.4,547.8,1568.4,615.3,81.63,31.13,7.1
254,10.16,38,player,VfB Stuttgart,0.424,363.8,907.9,414.5,1003.3,26.06,66.02,2.8
254,10.16,98,player,Greuther Furth,0.41,849.0,453.2,874.5,532.8,47.63,23.19,27.2
254,10.16,107,player,Greuther Furth,0.383,1257.2,444.7,1278.9,488.3,67.87,18.82,27.4
254,10.16,4,player,Greuther Furth,0.336,634.1,586.2,659.6,656.5,37.26,35.02,38.0
254,10.16,103,player,Greuther Furth,0.329,637.7,410.7,659.5,457.1,36.89,15.73,6.9
254,10.16,87,player,Greuther Furth,0.315,440.3,628.4,467.0,692.3,27.99,38.37,16.2
254,10.16,80,player,Greuther Furth,0.303,1687.3,816.0,1725.0,911.0,87.5,58.06,5.3
254,10.16,0,ball,Ball,0.7,899.0,1074.0,907.0,1080.0,49.89,72.22,0.0
255,10.2,90,player,Greuther Furth,0.662,743.0,590.4,768.7,658.4,42.57,35.2,38.0
255,10.2,96,player,Greuther Furth,0.576,1194.3,589.6,1219.4,658.6,64.51,35.22,15.2
255,10.2,104,player,VfB Stuttgart,0.565,1158.9,536.2,1181.3,594.5,62.82,29.14,5.1
255,10.2,91,player,VfB Stuttgart,0.521,1063.0,587.3,1086.2,652.2,58.08,34.62,38.0
255,10.2,86,player,Greuther Furth,0.512,515.4,769.6,545.3,846.7,32.16,52.4,8.3
255,10.2,10,player,Greuther Furth,0.486,1540.4,548.1,1568.3,614.7,81.6,31.07,5.0
255,10.2,4,player,Greuther Furth,0.434,633.5,583.6,657.0,652.3,37.17,34.63,36.2
255,10.2,38,player,VfB Stuttgart,0.415,363.8,908.5,414.5,1003.6,26.07,66.05,2.7
255,10.2,107,player,Greuther Furth,0.401,1258.9,446.7,1278.5,487.8,67.9,18.78,4.9
255,10.2,103,player,Greuther Furth,0.349,638.6,409.5,660.4,459.0,36.94,15.92,17.6
255,10.2,87,player,Greuther Furth,0.316,440.3,627.4,465.8,692.2,27.96,38.36,2.9
255,10.2,0,ball,Ball,0.7,899.0,1074.0,907.0,1080.0,49.89,72.22,0.0
256,10.24,90,player,Greuther Furth,0.652,739.5,590.7,768.5,659.4,42.48,35.3,11.7
256,10.24,104,player,VfB Stuttgart,0.575,1158.6,534.4,1181.8,594.6,62.82,29.15,1.0
256,10.24,96,player,Greuther Furth,0.557,1194.1,589.1,1219.9,657.8,64.52,35.14,6.8
256,10.24,91,player,VfB Stuttgart,0.556,1063.9,587.3,1087.6,652.8,58.13,34.68,6.9
256,10.24,4,player,Greuther Furth,0.547,632.6,583.0,656.5,653.7,37.14,34.76,11.9
256,10.24,86,player,Greuther Furth,0.512,515.4,769.4,545.3,847.4,32.16,52.47,6.1
256,10.24,107,player,Greuther Furth,0.448,1260.9,445.8,1281.3,488.4,68.02,18.83,11.6
256,10.24,10,player,Greuther Furth,0.425,1541.5,549.5,1568.7,613.4,81.64,30.95,12.1
256,10.24,38,player,VfB Stuttgart,0.405,364.1,908.4,414.6,1003.8,26.08,66.06,1.7
256,10.24,87,player,Greuther Furth,0.385,440.4,624.9,465.8,692.9,27.96,38.43,6.4
256,10.24,101,player,Greuther Furth,0.379,1506.5,414.9,1542.1,462.6,80.76,16.28,7.7
256,10.24,103,player,Greuther Furth,0.324,639.2,408.7,661.3,458.0,36.97,15.82,9.5
256,10.24,80,player,Greuther Furth,0.319,1689.9,816.7,1726.0,910.2,87.59,58.0,4.9
256,10.24,0,ball,Ball,0.7,899.0,1074.0,907.0,1080.0,49.89,72.22,0.0
257,10.28,90,player,Greuther Furth,0.617,736.0,592.6,767.6,659.8,42.37,35.34,10.2
257,10.28,96,player,Greuther Furth,0.581,1195.0,588.6,1221.0,656.1,64.57,34.99,14.7
257,10.28,4,player,Greuther Furth,0.562,631.2,583.6,654.7,655.1,37.07,34.89,13.3
257,10.28,91,player,VfB Stuttgart,0.508,1065.4,587.1,1087.9,648.8,58.18,34.3,34.5
257,10.28,86,player,Greuther Furth,0.495,515.3,769.1,545.4,847.9,32.16,52.51,3.7
257,10.28,107,player,Greuther Furth,0.481,1263.1,443.6,1284.7,491.6,68.15,19.15,31.2
257,10.28,104,player,VfB Stuttgart,0.478,1158.4,534.3,1181.6,592.7,62.82,28.97,16.1
257,10.28,10,player,Greuther Furth,0.443,1543.6,548.9,1569.4,613.9,81.71,31.0,7.4
257,10.28,38,player,VfB Stuttgart,0.406,363.6,910.8,415.7,1003.8,26.09,66.06,1.2
257,10.28,87,player,Greuther Furth,0.39,440.1,622.0,466.0,691.5,27.96,38.29,12.2
257,10.28,101,player,Greuther Furth,0.383,1507.0,415.6,1543.8,463.1,80.82,16.33,6.5
257,10.28,80,player,Greuther Furth,0.382,1690.5,818.6,1726.2,910.8,87.61,58.05,4.5
257,10.28,103,player,Greuther Furth,0.327,640.4,407.5,662.8,459.8,37.04,16.0,17.6
257,10.28,0,ball,Ball,0.7,1399.0,1032.0,1405.0,1040.0,72.88,68.79,0.0
258,10.32,96,player,Greuther Furth,0.546,1196.6,589.1,1221.4,653.3,64.62,34.72,24.5
258,10.32,4,player,Greuther Furth,0.543,629.4,582.8,652.3,654.6,36.96,34.84,10.4
258,10.32,90,player,Greuther Furth,0.537,733.6,593.3,767.5,660.4,42.31,35.39,7.3
258,10.32,91,player,VfB Stuttgart,0.469,1065.1,588.6,1087.7,642.5,58.18,33.71,38.0
258,10.32,86,player,Greuther Furth,0.466,515.9,768.8,545.8,850.4,32.19,52.73,20.2
258,10.32,10,player,Greuther Furth,0.44,1542.7,546.6,1568.9,615.5,81.67,31.15,14.4
258,10.32,107,player,Greuther Furth,0.425,1265.7,442.4,1285.9,488.7,68.25,18.87,27.2
258,10.32,104,player,VfB Stuttgart,0.42,1157.8,534.5,1182.0,592.7,62.81,28.98,0.4
258,10.32,87,player,Greuther Furth,0.412,439.5,618.3,467.7,691.5,27.98,38.3,2.4
258,10.32,80,player,Greuther Furth,0.393,1691.0,819.2,1726.4,910.2,87.63,57.99,5.1
258,10.32,38,player,VfB Stuttgart,0.379,363.0,913.0,416.6,1004.1,26.1,66.09,2.5
258,10.32,0,ball,Ball,0.7,453.0,258.0,458.0,265.0,26.44,-4.36,0.0
259,10.36,90,player,Greuther Furth,0.569,730.6,592.1,767.2,664.4,42.24,35.76,34.0
259,10.36,4,player,Greuther Furth,0.55,627.2,584.4,649.1,654.0,36.83,34.79,12.9
259,10.36,87,player,Greuther Furth,0.48,439.0,617.4,467.3,690.9,27.96,38.23,6.0
259,10.36,96,player,Greuther Furth,0.474,1197.3,588.0,1220.3,652.3,64.61,34.63,8.5
259,10.36,10,player,Greuther Furth,0.461,1543.9,542.6,1569.3,615.6,81.71,31.16,3.7
259,10.36,86,player,Greuther Furth,0.447,516.1,768.6,544.9,852.0,32.18,52.87,12.7
259,10.36,80,player,Greuther Furth,0.42,1691.8,819.1,1726.5,909.8,87.65,57.96,3.4
259,10.36,91,player,VfB Stuttgart,0.415,1067.0,585.5,1088.9,647.5,58.25,34.18,38.0
259,10.36,107,player,Greuther Furth,0.41,1266.6,438.9,1287.7,486.4,68.33,18.64,21.4
259,10.36,104,player,VfB Stuttgart,0.385,1156.5,534.7,1182.4,591.6,62.79,28.87,9.9
259,10.36,38,player,VfB Stuttgart,0.371,363.1,910.7,416.6,1004.1,26.1,66.09,0.3
259,10.36,103,player,Greuther Furth,0.327,643.5,407.6,663.8,457.9,37.14,15.81,9.6
259,10.36,105,player,Greuther Furth,0.312,1426.8,842.0,1466.3,906.3,75.34,57.65,0.0
259,10.36,0,ball,Ball,0.7,1405.0,1035.0,1412.0,1043.0,73.17,69.04,0.0
260,10.4,4,player,Greuther Furth,0.584,625.6,586.0,649.8,653.4,36.81,34.73,5.6
260,10.4,90,player,Greuther Furth,0.556,729.1,588.5,764.6,665.1,42.14,35.83,11.1
260,10.4,87,player,Greuther Furth,0.522,439.1,619.2,465.9,690.4,27.92,38.19,5.1
260,10.4,96,player,Greuther Furth,0.52,1197.4,588.4,1220.3,651.3,64.62,34.53,8.5
260,10.4,10,player,Greuther Furth,0.495,1545.9,542.2,1572.2,614.6,81.83,31.06,14.1
260,10.4,104,player,VfB Stuttgart,0.489,1156.4,534.4,1181.9,593.3,62.78,29.03,14.6
260,10.4,91,player,VfB Stuttgart,0.453,1068.1,585.9,1091.4,651.5,58.33,34.55,34.0
260,10.4,107,player,Greuther Furth,0.412,1268.9,436.7,1288.8,483.5,68.42,18.35,27.2
260,10.4,80,player,Greuther Furth,0.402,1696.1,818.2,1727.3,908.0,87.78,57.8,18.6
260,10.4,86,player,Greuther Furth,0.352,516.0,771.0,545.0,852.3,32.18,52.9,2.7
260,10.4,103,player,Greuther Furth,0.346,645.5,407.8,665.9,454.5,37.24,15.47,31.9
260,10.4,98,player,Greuther Furth,0.329,855.8,457.8,882.0,531.5,47.98,23.06,0.0
260,10.4,38,player,VfB Stuttgart,0.311,363.9,912.0,416.8,1004.2,26.12,66.1,2.3
260,10.4,0,ball,Ball,0.7,1278.0,985.0,1287.0,998.0,67.46,65.01,0.0
261,10.44,4,player,Greuther Furth,0.536,623.5,586.3,649.4,652.7,36.74,34.67,8.1
261,10.44,87,player,Greuther Furth,0.535,438.9,618.6,465.8,690.2,27.92,38.18,1.2
261,10.44,96,player,Greuther Furth,0.532,1197.1,588.1,1220.4,651.6,64.61,34.56,2.9
261,10.44,90,player,Greuther Furth,0.498,728.4,589.7,762.0,660.2,42.05,35.37,38.0
261,10.44,10,player,Greuther Furth,0.473,1545.7,541.3,1573.3,614.2,81.86,31.02,3.9
261,10.44,104,player,VfB Stuttgart,0.456,1155.5,533.6,1181.8,593.4,62.75,29.04,2.4
261,10.44,108,player,Greuther Furth,0.45,463.2,553.8,483.5,614.0,28.67,31.01,0.0
261,10.44,107,player,Greuther Furth,0.44,1271.9,436.7,1291.7,480.6,68.58,18.07,29.4
261,10.44,80,player,Greuther Furth,0.419,1697.0,818.3,1727.3,905.4,87.82,57.57,20.9
261,10.44,91,player,VfB Stuttgart,0.404,1070.1,583.5,1091.9,647.4,58.4,34.17,34.6
261,10.44,98,player,Greuther Furth,0.401,856.6,453.0,886.7,530.8,48.12,22.99,13.8
261,10.44,86,player,Greuther Furth,0.373,516.3,770.8,545.2,852.9,32.2,52.96,5.0
261,10.44,103,player,Greuther Furth,0.347,646.6,408.4,666.3,456.1,37.28,15.64,15.1
261,10.44,38,player,VfB Stuttgart,0.31,364.1,911.9,416.5,1005.1,26.12,66.17,6.9
261,10.44,0,ball,Ball,0.7,1534.0,1004.0,1546.0,1015.0,79.34,66.55,0.0
262,10.48,87,player,Greuther Furth,0.557,438.5,618.0,465.5,690.3,27.9,38.18,1.4
262,10.48,96,player,Greuther Furth,0.55,1197.4,587.9,1220.7,651.7,64.63,34.57,1.6
262,10.48,4,player,Greuther Furth,0.519,621.5,585.3,647.4,650.8,36.64,34.49,18.1
262,10.48,10,player,Greuther Furth,0.51,1546.0,541.6,1573.6,615.7,81.86,31.17,13.3
262,10.48,90,player,Greuther Furth,0.479,727.9,590.0,755.2,656.1,41.87,34.99,38.0
262,10.48,107,player,Greuther Furth,0.47,1275.3,436.5,1294.4,480.2,68.73,18.02,14.2
262,10.48,80,player,Greuther Furth,0.466,1698.1,818.4,1727.2,906.0,87.83,57.63,5.4
262,10.48,108,player,Greuther Furth,0.452,464.8,553.5,487.3,615.6,28.81,31.16,18.4
262,10.48,86,player,Greuther Furth,0.405,516.5,770.4,545.7,852.5,32.21,52.92,3.8
262,10.48,91,player,VfB Stuttgart,0.4,1071.4,581.3,1093.8,645.6,58.48,34.0,16.9
262,10.48,103,player,Greuther Furth,0.397,647.6,408.4,667.1,453.1,37.32,15.33,27.7
262,10.48,104,player,VfB Stuttgart,0.369,1154.0,534.3,1181.8,593.6,62.71,29.06,3.7
262,10.48,98,player,Greuther Furth,0.361,858.6,450.0,887.4,530.6,48.19,22.98,6.2
262,10.48,109,player,VfB Stuttgart,0.342,863.7,401.2,895.3,530.7,48.51,22.99,0.0
262,10.48,38,player,VfB Stuttgart,0.341,364.9,910.6,415.6,1005.0,26.12,66.16,1.1
262,10.48,0,ball,Ball,0.7,1534.0,1004.0,1546.0,1019.0,79.33,66.72,0.0
263,10.52,87,player,Greuther Furth,0.575,437.1,616.6,465.2,691.1,27.86,38.26,8.0
263,10.52,90,player,Greuther Furth,0.558,726.6,591.1,753.1,659.1,41.79,35.26,25.8
263,10.52,96,player,Greuther Furth,0.543,1196.8,587.8,1220.4,652.5,64.61,34.65,7.0
263,10.52,104,player,VfB Stuttgart,0.522,1153.5,533.2,1181.1,593.9,62.68,29.09,4.3
263,10.52,91,player,VfB Stuttgart,0.501,1071.7,579.8,1095.9,643.9,58.54,33.84,15.6
263,10.52,107,player,Greuther Furth,0.485,1276.0,437.1,1294.9,480.4,68.76,18.04,3.4
263,10.52,4,player,Greuther Furth,0.463,619.4,585.9,644.2,651.6,36.52,34.57,13.3
263,10.52,10,player,Greuther Furth,0.455,1547.1,541.4,1573.9,614.7,81.9,31.07,9.5
263,10.52,80,player,Greuther Furth,0.439,1697.3,818.6,1727.3,906.6,87.82,57.69,5.3
263,10.52,110,player,Greuther Furth,0.417,714.8,367.3,739.4,442.9,40.8,14.31,0.0
263,10.52,98,player,Greuther Furth,0.413,861.0,451.8,886.1,529.5,48.21,22.87,9.8
263,10.52,86,player,Greuther Furth,0.404,516.4,770.0,545.6,852.4,32.21,52.91,0.6
263,10.52,103,player,Greuther Furth,0.402,648.7,407.4,667.7,451.7,37.36,15.19,13.2
263,10.52,108,player,Greuther Furth,0.388,465.7,552.7,489.3,615.6,28.88,31.16,6.5
263,10.52,38,player,VfB Stuttgart,0.347,364.5,910.1,415.3,1005.5,26.11,66.21,4.1
263,10.52,0,ball,Ball,0.7,1277.0,985.0,1286.0,998.0,67.41,65.01,0.0
264,10.56,87,player,Greuther Furth,0.567,436.9,616.1,464.6,691.0,27.84,38.25,2.2
264,10.56,96,player,Greuther Furth,0.553,1196.6,587.9,1220.5,653.1,64.6,34.71,5.1
264,10.56,91,player,VfB Stuttgart,0.544,1073.3,578.6,1097.1,642.8,58.61,33.74,11.1
264,10.56,90,player,Greuther Furth,0.541,725.9,591.8,751.2,657.9,41.73,35.15,11.5
264,10.56,104,player,VfB Stuttgart,0.534,1153.5,533.1,1180.5,592.1,62.67,28.91,16.0
264,10.56,107,player,Greuther Furth,0.503,1277.0,436.8,1295.3,478.4,68.8,17.85,17.6
264,10.56,98,player,Greuther Furth,0.461,861.6,452.7,882.5,526.9,48.14,22.61,24.4
264,10.56,110,player,Greuther Furth,0.435,716.6,365.2,738.5,441.3,40.82,14.15,14.6
264,10.56,103,player,Greuther Furth,0.431,648.0,403.6,668.0,453.1,37.35,15.34,13.2
264,10.56,10,player,Greuther Furth,0.402,1547.5,542.1,1573.7,613.0,81.92,30.91,15.1
264,10.56,86,player,Greuther Furth,0.377,516.5,770.3,545.2,851.9,32.2,52.87,4.1
264,10.56,38,player,VfB Stuttgart,0.369,364.1,911.5,414.9,1005.9,26.09,66.24,3.6
264,10.56,80,player,Greuther Furth,0.324,1695.5,817.4,1727.3,907.7,87.77,57.78,9.2
264,10.56,0,ball,Ball,0.7,1277.0,1014.0,1284.0,1021.0,67.31,67.22,0.0
265,10.6,87,player,Greuther Furth,0.571,436.2,614.8,464.2,689.8,27.81,38.14,10.2
265,10.6,91,player,VfB Stuttgart,0.561,1074.9,577.7,1098.6,641.2,58.68,33.58,15.7
265,10.6,96,player,Greuther Furth,0.537,1197.0,588.0,1219.4,652.6,64.58,34.66,4.8
265,10.6,90,player,Greuther Furth,0.505,723.0,590.8,743.8,655.7,41.47,34.94,29.7
265,10.6,107,player,Greuther Furth,0.494,1278.8,437.2,1295.8,476.9,68.86,17.7,14.7
265,10.6,103,player,Greuther Furth,0.457,648.4,401.8,667.8,453.5,37.36,15.38,3.6
265,10.6,98,player,Greuther Furth,0.444,862.3,452.4,882.5,527.2,48.16,22.64,3.3
265,10.6,104,player,VfB Stuttgart,0.441,1150.9,533.6,1180.2,592.8,62.6,28.98,9.1
265,10.6,38,player,VfB Stuttgart,0.409,363.5,911.2,414.7,1006.3,26.07,66.28,3.6
265,10.6,110,player,Greuther Furth,0.382,717.0,364.5,739.0,440.5,40.84,14.08,6.9
265,10.6,10,player,Greuther Furth,0.37,1548.1,542.7,1573.8,611.6,81.94,30.78,11.7
265,10.6,86,player,Greuther Furth,0.354,516.6,770.6,545.2,851.5,32.2,52.83,3.6
265,10.6,0,ball,Ball,0.7,1277.0,1015.0,1284.0,1021.0,67.31,67.27,0.0
266,10.64,87,player,Greuther Furth,0.608,435.6,613.4,463.8,689.8,27.79,38.14,2.1
266,10.64,91,player,VfB Stuttgart,0.54,1075.6,578.7,1100.6,638.9,58.75,33.37,20.2
266,10.64,90,player,Greuther Furth,0.52,719.3,590.8,743.0,658.6,41.37,35.22,26.3
266,10.64,96,player,Greuther Furth,0.493,1197.0,587.8,1218.9,652.6,64.57,34.66,1.1
266,10.64,107,player,Greuther Furth,0.481,1279.7,436.4,1296.5,476.9,68.9,17.7,3.4
266,10.64,104,player,VfB Stuttgart,0.457,1150.1,532.9,1178.7,589.7,62.55,28.68,27.5
266,10.64,103,player,Greuther Furth,0.431,648.8,400.9,669.3,450.3,37.4,15.06,29.0
266,10.64,98,player,Greuther Furth,0.415,862.9,451.5,883.8,529.5,48.2,22.87,20.9
266,10.64,110,player,Greuther Furth,0.406,716.3,362.7,737.8,436.7,40.79,13.69,35.3
266,10.64,38,player,VfB Stuttgart,0.405,363.8,915.0,414.8,1006.7,26.08,66.31,2.8
266,10.64,86,player,Greuther Furth,0.371,516.4,770.5,545.2,851.6,32.19,52.83,0.8
266,10.64,10,player,Greuther Furth,0.355,1548.2,542.3,1574.6,611.5,81.96,30.77,2.2
266,10.64,0,ball,Ball,0.7,1277.0,1016.0,1283.0,1022.0,67.29,67.35,0.0
267,10.68,87,player,Greuther Furth,0.583,435.6,612.9,463.4,688.1,27.77,37.98,14.6
267,10.68,91,player,VfB Stuttgart,0.556,1077.7,578.6,1101.7,639.2,58.83,33.4,7.6
267,10.68,90,player,Greuther Furth,0.516,717.5,590.3,741.1,658.2,41.28,35.18,8.5
267,10.68,10,player,Greuther Furth,0.502,1548.2,543.0,1576.3,609.9,82.01,30.62,14.1
267,10.68,107,player,Greuther Furth,0.496,1279.0,433.5,1300.4,476.7,68.98,17.68,7.5
267,10.68,98,player,Greuther Furth,0.49,862.7,452.4,884.1,528.8,48.21,22.8,6.2
267,10.68,103,player,Greuther Furth,0.452,649.0,400.7,669.2,451.1,37.4,15.14,7.1
267,10.68,110,player,Greuther Furth,0.439,718.3,362.0,739.5,435.5,40.88,13.57,13.3
267,10.68,104,player,VfB Stuttgart,0.437,1149.4,531.0,1178.5,588.2,62.53,28.54,12.6
267,10.68,96,player,Greuther Furth,0.436,1196.1,587.7,1218.2,652.4,64.53,34.63,4.1
267,10.68,38,player,VfB Stuttgart,0.379,363.3,916.5,414.9,1006.5,26.07,66.29,1.9
267,10.68,86,player,Greuther Furth,0.367,516.2,769.7,545.0,850.6,32.18,52.75,7.7
267,10.68,4,player,Greuther Furth,0.352,609.6,584.6,633.0,649.4,36.0,34.35,12.6
267,10.68,108,player,Greuther Furth,0.349,472.1,542.9,495.7,606.9,29.16,30.33,19.7
267,10.68,0,ball,Ball,0.7,1277.0,1016.0,1283.0,1022.0,67.29,67.35,0.0
268,10.72,91,player,VfB Stuttgart,0.6,1079.0,579.1,1102.9,636.5,58.89,33.13,24.2
268,10.72,87,player,Greuther Furth,0.578,435.9,612.9,463.0,683.5,27.75,37.55,38.0
268,10.72,90,player,Greuther Furth,0.557,712.5,590.5,739.6,659.9,41.12,35.35,20.1
268,10.72,10,player,Greuther Furth,0.507,1548.7,541.5,1575.5,608.7,82.01,30.51,9.9
268,10.72,98,player,Greuther Furth,0.504,863.7,453.0,885.2,527.3,48.26,22.66,13.7
268,10.72,108,player,Greuther Furth,0.477,474.0,542.5,498.4,605.6,29.27,30.21,14.5
268,10.72,96,player,Greuther Furth,0.464,1194.7,586.2,1217.6,650.4,64.49,34.45,17.0
268,10.72,104,player,VfB Stuttgart,0.463,1149.3,530.4,1178.7,590.6,62.52,28.77,20.5
268,10.72,107,player,Greuther Furth,0.458,1280.3,432.5,1302.1,474.1,69.06,17.42,24.6
268,10.72,103,player,Greuther Furth,0.445,649.6,401.4,669.3,451.2,37.42,15.15,1.9
268,10.72,111,player,Greuther Furth,0.433,1533.1,414.1,1572.9,472.5,82.16,17.26,0.0
268,10.72,110,player,Greuther Furth,0.399,719.2,361.1,739.1,436.6,40.89,13.68,9.7
268,10.72,86,player,Greuther Furth,0.376,516.2,769.7,544.7,849.4,32.17,52.65,9.4
268,10.72,4,player,Greuther Furth,0.374,609.3,585.6,631.8,650.2,35.96,34.43,8.1
268,10.72,38,player,VfB Stuttgart,0.342,364.0,916.3,414.4,1006.6,26.08,66.3,1.1
268,10.72,80,player,Greuther Furth,0.312,1692.6,818.0,1726.3,908.0,87.68,57.8,2.2
268,10.72,0,ball,Ball,0.7,1276.0,1016.0,1282.0,1023.0,67.24,67.39,0.0
269,10.76,91,player,VfB Stuttgart,0.667,1079.8,577.6,1103.8,639.5,58.93,33.42,25.9
269,10.76,10,player,Greuther Furth,0.55,1548.4,541.7,1576.4,607.9,82.03,30.43,7.3
269,10.76,87,player,Greuther Furth,0.549,436.0,612.5,461.9,683.6,27.73,37.56,2.2
269,10.76,98,player,Greuther Furth,0.514,862.3,448.1,886.2,529.0,48.25,22.81,14.1
269,10.76,108,player,Greuther Furth,0.48,476.5,542.9,500.4,603.9,29.37,30.04,17.8
269,10.76,103,player,Greuther Furth,0.462,649.1,401.5,669.9,452.3,37.43,15.26,9.9
269,10.76,111,player,Greuther Furth,0.452,1535.4,414.0,1573.3,468.0,82.25,16.81,38.0
269,10.76,110,player,Greuther Furth,0.44,719.0,360.6,740.4,436.0,40.92,13.62,6.2
269,10.76,96,player,Greuther Furth,0.43,1194.3,586.4,1215.5,649.8,64.43,34.39,7.4
269,10.76,86,player,Greuther Furth,0.424,515.5,769.9,544.5,851.7,32.16,52.84,17.8
269,10.76,107,player,Greuther Furth,0.408,1281.8,428.1,1304.2,473.1,69.15,17.32,12.3
269,10.76,80,player,Greuther Furth,0.394,1691.8,816.2,1726.6,908.3,87.66,57.83,3.0
269,10.76,90,player,Greuther Furth,0.394,707.0,590.0,737.8,658.4,40.94,35.2,21.1
269,10.76,104,player,VfB Stuttgart,0.38,1147.7,531.2,1176.5,584.6,62.44,28.2,38.0
269,10.76,38,player,VfB Stuttgart,0.359,364.3,915.1,413.6,1006.2,26.07,66.27,2.8
269,10.76,4,player,Greuther Furth,0.344,607.0,586.1,630.4,651.6,35.88,34.56,14.0
269,10.76,0,ball,Ball,0.7,1531.0,1004.0,1543.0,1018.0,79.19,66.67,0.0
270,10.8,91,player,VfB Stuttgart,0.687,1081.4,575.4,1106.1,636.4,59.03,33.13,28.0
270,10.8,87,player,Greuther Furth,0.576,435.8,611.1,461.4,683.1,27.71,37.51,4.5
270,10.8,10,player,Greuther Furth,0.559,1548.3,539.2,1576.4,605.8,82.03,30.23,18.2
270,10.8,98,player,Greuther Furth,0.535,862.0,446.7,887.1,529.5,48.26,22.87,5.1
270,10.8,108,player,Greuther Furth,0.488,477.6,542.0,501.3,601.5,29.41,29.81,21.0
270,10.8,103,player,Greuther Furth,0.463,649.1,401.6,669.8,451.3,37.42,15.15,9.5
270,10.8,104,player,VfB Stuttgart,0.433,1145.3,531.8,1173.1,588.2,62.29,28.55,34.4
270,10.8,86,player,Greuther Furth,0.414,515.0,770.6,544.0,851.7,32.13,52.84,2.2
270,10.8,96,player,Greuther Furth,0.409,1191.2,582.8,1215.2,647.9,64.35,34.21,17.7
270,10.8,111,player,Greuther Furth,0.405,1536.1,414.4,1575.0,465.6,82.32,16.58,22.0
270,10.8,112,player,VfB Stuttgart,0.402,1419.0,993.0,1455.8,1080.0,74.37,72.47,0.0
270,10.8,113,player,Greuther Furth,0.396,1129.9,468.0,1151.3,514.0,61.48,21.36,0.0
270,10.8,110,player,Greuther Furth,0.383,720.6,360.3,741.3,419.1,40.95,11.93,38.0
270,10.8,107,player,Greuther Furth,0.381,1282.0,427.9,1305.0,473.7,69.18,17.38,5.7
270,10.8,80,player,Greuther Furth,0.372,1691.5,816.0,1725.9,908.7,87.63,57.87,3.9
270,10.8,38,player,VfB Stuttgart,0.354,363.6,914.4,413.7,1006.6,26.05,66.3,2.9
270,10.8,90,player,Greuther Furth,0.313,699.9,591.4,735.8,659.5,40.72,35.31,21.8
270,10.8,0,ball,Ball,0.7,1530.0,1004.0,1542.0,1016.0,79.15,66.59,0.0
271,10.84,91,player,VfB Stuttgart,0.676,1082.4,572.8,1107.2,636.0,59.08,33.09,5.8
271,10.84,87,player,Greuther Furth,0.661,434.5,610.5,460.6,683.5,27.66,37.55,5.9
271,10.84,10,player,Greuther Furth,0.58,1548.7,539.0,1577.3,605.1,82.07,30.16,6.6
271,10.84,103,player,Greuther Furth,0.504,648.3,400.5,669.8,451.3,37.4,15.16,1.7
271,10.84,98,player,Greuther Furth,0.496,859.5,446.0,887.6,530.5,48.21,22.96,9.3
271,10.84,108,player,Greuther Furth,0.452,480.0,542.2,503.4,601.1,29.52,29.78,10.3
271,10.84,90,player,Greuther Furth,0.418,698.2,593.7,735.6,662.5,40.68,35.59,25.6
271,10.84,110,player,Greuther Furth,0.41,721.3,360.0,742.2,405.5,40.97,10.55,38.0
271,10.84,111,player,Greuther Furth,0.4,1537.7,414.3,1577.3,463.6,82.42,16.37,21.0
271,10.84,38,player,VfB Stuttgart,0.373,360.9,915.6,412.4,1007.4,25.96,66.37,10.2
271,10.84,104,player,VfB Stuttgart,0.368,1145.0,532.9,1170.2,586.1,62.22,28.34,19.5
271,10.84,80,player,Greuther Furth,0.367,1689.3,816.3,1725.3,907.4,87.58,57.75,11.9
271,10.84,86,player,Greuther Furth,0.367,514.7,769.6,543.7,850.3,32.12,52.72,10.8
271,10.84,96,player,Greuther Furth,0.359,1189.0,580.4,1214.7,644.5,64.29,33.89,29.3
271,10.84,113,player,Greuther Furth,0.334,1129.0,467.7,1150.3,515.9,61.43,21.54,17.0
271,10.84,0,ball,Ball,0.7,1529.0,1004.0,1541.0,1017.0,79.1,66.63,0.0
272,10.88,87,player,Greuther Furth,0.687,433.4,608.9,460.4,682.7,27.63,37.47,7.8
272,10.88,91,player,VfB Stuttgart,0.645,1083.9,570.4,1108.7,634.3,59.15,32.94,15.2
272,10.88,10,player,Greuther Furth,0.595,1548.5,536.9,1578.0,605.0,82.08,30.15,1.6
272,10.88,103,player,Greuther Furth,0.523,647.6,399.2,668.7,451.3,37.36,15.15,4.2
272,10.88,90,player,Greuther Furth,0.497,697.8,593.1,732.0,660.4,40.58,35.39,20.0
272,10.88,98,player,Greuther Furth,0.489,859.9,445.2,887.6,529.3,48.22,22.84,10.6
272,10.88,108,player,Greuther Furth,0.483,479.5,541.5,504.0,608.4,29.55,30.47,38.0
272,10.88,110,player,Greuther Furth,0.413,720.2,357.5,742.9,414.1,40.98,11.42,38.0
272,10.88,96,player,Greuther Furth,0.38,1187.0,580.8,1213.9,643.3,64.22,33.78,11.9
272,10.88,104,player,VfB Stuttgart,0.373,1143.4,533.4,1169.6,586.3,62.16,28.36,5.3
272,10.88,4,player,Greuther Furth,0.369,594.4,586.5,625.5,650.7,35.45,34.47,13.1
272,10.88,113,player,Greuther Furth,0.362,1127.5,464.7,1149.2,514.9,61.36,21.45,10.1
272,10.88,38,player,VfB Stuttgart,0.356,361.8,918.0,411.0,1007.4,25.95,66.36,0.9
272,10.88,86,player,Greuther Furth,0.353,513.6,768.0,543.1,850.8,32.07,52.77,5.6
272,10.88,111,player,Greuther Furth,0.338,1538.5,413.7,1578.1,463.2,82.47,16.34,5.0
272,10.88,80,player,Greuther Furth,0.336,1688.7,816.3,1724.3,907.3,87.54,57.74,3.5
272,10.88,0,ball,Ball,0.7,1274.0,988.0,1284.0,1002.0,67.29,65.31,0.0
273,10.92,87,player,Greuther Furth,0.664,432.7,608.2,459.8,681.7,27.59,37.38,8.5
273,10.92,91,player,VfB Stuttgart,0.6,1084.2,569.1,1111.2,631.3,59.23,32.65,26.9
273,10.92,10,player,Greuther Furth,0.595,1548.4,537.1,1578.7,606.3,82.09,30.27,11.1
273,10.92,103,player,Greuther Furth,0.512,647.5,398.9,667.4,452.8,37.32,15.3,13.4
273,10.92,108,player,Greuther Furth,0.508,481.5,540.5,504.0,603.9,29.58,30.04,38.0
273,10.92,98,player,Greuther Furth,0.481,860.8,445.1,887.5,524.2,48.24,22.35,38.0
273,10.92,90,player,Greuther Furth,0.448,695.7,593.6,729.2,657.3,40.46,35.1,28.4
273,10.92,96,player,Greuther Furth,0.437,1186.3,579.8,1213.5,643.3,64.2,33.78,2.3
273,10.92,80,player,Greuther Furth,0.402,1686.7,816.0,1723.5,907.1,87.47,57.73,5.9
273,10.92,110,player,Greuther Furth,0.354,722.3,356.3,744.1,394.8,41.02,9.46,38.0
273,10.92,38,player,VfB Stuttgart,0.352,360.2,915.8,409.4,1007.7,25.88,66.4,7.1
273,10.92,4,player,Greuther Furth,0.346,591.3,585.8,623.0,649.1,35.31,34.32,18.5
273,10.92,111,player,Greuther Furth,0.33,1537.7,414.5,1577.7,463.2,82.44,16.33,2.8
273,10.92,86,player,Greuther Furth,0.322,512.3,768.7,540.8,852.1,31.99,52.89,12.8
273,10.92,104,player,VfB Stuttgart,0.322,1141.3,532.1,1168.3,586.4,62.08,28.37,7.7
273,10.92,0,ball,Ball,0.7,1432.0,1042.0,1440.0,1054.0,74.41,69.8,0.0
274,10.96,87,player,Greuther Furth,0.599,431.6,608.7,458.9,682.2,27.55,37.43,5.8
274,10.96,10,player,Greuther Furth,0.558,1548.9,537.2,1579.0,606.2,82.11,30.26,2.2
274,10.96,91,player,VfB Stuttgart,0.534,1087.1,568.5,1112.0,629.5,59.32,32.47,17.5
274,10.96,103,player,Greuther Furth,0.485,647.3,398.3,666.2,450.1,37.28,15.04,24.0
274,10.96,108,player,Greuther Furth,0.457,481.7,537.4,505.6,602.6,29.63,29.92,11.3
274,10.96,98,player,Greuther Furth,0.437,858.7,444.4,887.1,515.5,48.17,21.5,38.0
274,10.96,96,player,Greuther Furth,0.423,1185.1,581.5,1211.0,641.1,64.11,33.57,20.0
274,10.96,86,player,Greuther Furth,0.402,509.2,770.2,539.0,853.7,31.89,53.02,15.7
274,10.96,80,player,Greuther Furth,0.396,1687.6,817.1,1724.1,908.8,87.5,57.87,13.3
274,10.96,110,player,Greuther Furth,0.364,724.3,355.5,744.3,393.0,41.08,9.28,17.2
274,10.96,90,player,Greuther Furth,0.35,691.2,592.6,724.5,660.8,40.24,35.42,35.0
274,10.96,0,ball,Ball,0.7,1523.0,1004.0,1538.0,1024.0,78.88,66.93,0.0
275,11.0,87,player,Greuther Furth,0.627,430.8,607.5,458.6,684.9,27.53,37.68,22.4
275,11.0,108,player,Greuther Furth,0.574,485.5,532.1,506.5,597.7,29.73,29.45,38.0
275,11.0,98,player,Greuther Furth,0.546,857.1,444.6,887.0,522.5,48.14,22.18,38.0
275,11.0,10,player,Greuther Furth,0.529,1548.8,537.4,1578.9,606.2,82.1,30.27,0.8
275,11.0,103,player,Greuther Furth,0.489,647.0,397.9,666.0,450.3,37.27,15.06,2.0
275,11.0,96,player,Greuther Furth,0.489,1182.2,579.6,1207.8,642.5,63.96,33.71,18.1
275,11.0,86,player,Greuther Furth,0.488,507.0,769.7,536.5,854.3,31.77,53.08,11.3
275,11.0,91,player,VfB Stuttgart,0.476,1088.1,569.0,1112.0,629.1,59.34,32.44,3.7
275,11.0,90,player,Greuther Furth,0.473,688.6,592.2,720.1,657.9,40.06,35.16,28.6
275,11.0,80,player,Greuther Furth,0.427,1686.3,817.4,1722.9,910.0,87.44,57.98,11.4
275,11.0,110,player,Greuther Furth,0.422,725.6,354.7,746.4,393.0,41.16,9.28,7.6
275,11.0,38,player,VfB Stuttgart,0.328,355.9,913.4,409.3,1007.6,25.78,66.39,4.6
275,11.0,107,player,Greuther Furth,0.313,1288.8,426.7,1311.2,470.9,69.51,17.1,7.8
275,11.0,104,player,VfB Stuttgart,0.301,1137.5,530.1,1161.5,582.5,61.82,28.0,20.5
275,11.0,0,ball,Ball,0.7,1534.0,1030.0,1550.0,1049.0,79.32,69.08,0.0
276,11.04,87,player,Greuther Furth,0.594,430.8,607.3,458.6,681.7,27.52,37.38,27.0
276,11.04,86,player,Greuther Furth,0.589,506.6,772.3,535.8,853.9,31.75,53.04,4.3
276,11.04,108,player,Greuther Furth,0.588,485.3,531.2,507.6,600.2,29.75,29.69,21.7
276,11.04,96,player,Greuther Furth,0.544,1181.2,579.9,1207.0,643.6,63.91,33.81,9.7
276,11.04,114,player,Greuther Furth,0.486,1474.7,842.2,1511.3,908.0,77.52,57.8,0.0
276,11.04,103,player,Greuther Furth,0.458,647.2,397.9,665.5,448.1,37.26,14.84,19.9
276,11.04,4,player,Greuther Furth,0.447,584.4,581.1,609.1,642.7,34.79,33.72,23.9
276,11.04,91,player,VfB Stuttgart,0.418,1088.8,569.5,1112.3,627.7,59.37,32.31,12.3
276,11.04,10,player,Greuther Furth,0.414,1550.2,537.5,1579.9,603.3,82.17,29.99,25.8
276,11.04,90,player,Greuther Furth,0.411,688.0,589.5,713.8,659.9,39.9,35.35,22.4
276,11.04,98,player,Greuther Furth,0.41,857.4,444.8,886.2,517.1,48.12,21.66,38.0
276,11.04,80,player,Greuther Furth,0.407,1686.0,816.7,1722.9,909.7,87.43,57.96,2.4
276,11.04,107,player,Greuther Furth,0.371,1290.3,425.2,1312.2,469.8,69.58,16.99,11.6
276,11.04,38,player,VfB Stuttgart,0.369,355.1,911.3,408.1,1008.1,25.73,66.43,5.4
276,11.04,104,player,VfB Stuttgart,0.316,1134.4,528.6,1159.8,584.0,61.7,28.14,16.7
276,11.04,111,player,Greuther Furth,0.301,1545.6,414.5,1579.5,462.3,82.68,16.24,7.9
276,11.04,0,ball,Ball,0.7,1280.0,988.0,1300.0,1013.0,67.79,65.78,0.0
277,11.08,86,player,Greuther Furth,0.619,505.3,770.8,534.3,854.5,31.68,53.09,7.6
277,11.08,87,player,Greuther Furth,0.574,430.7,607.5,458.2,680.1,27.5,37.23,13.3
277,11.08,108,player,Greuther Furth,0.56,486.5,530.0,509.3,595.6,29.81,29.26,38.0
277,11.08,96,player,Greuther Furth,0.55,1180.3,577.0,1205.2,642.4,63.85,33.69,11.7
277,11.08,114,player,Greuther Furth,0.474,1476.8,843.5,1512.6,907.6,77.6,57.77,8.0
277,11.08,80,player,Greuther Furth,0.435,1685.2,816.9,1722.9,909.1,87.42,57.9,5.5
277,11.08,107,player,Greuther Furth,0.418,1291.2,424.2,1314.5,468.4,69.66,16.85,14.4
277,11.08,103,player,Greuther Furth,0.414,646.6,397.7,664.8,445.8,37.22,14.61,21.0
277,11.08,10,player,Greuther Furth,0.388,1552.1,535.0,1581.7,602.3,82.27,29.89,12.6
277,11.08,98,player,Greuther Furth,0.387,857.1,444.1,886.6,514.6,48.12,21.41,22.2
277,11.08,38,player,VfB Stuttgart,0.375,354.0,906.2,408.8,1008.2,25.72,66.44,1.1
277,11.08,4,player,Greuther Furth,0.367,582.1,582.5,604.9,641.6,34.63,33.62,17.4
277,11.08,90,player,Greuther Furth,0.347,684.7,590.3,708.1,660.6,39.68,35.4,20.1
277,11.08,91,player,VfB Stuttgart,0.336,1089.4,567.6,1112.8,624.9,59.4,32.04,24.0
277,11.08,0,ball,Ball,0.7,344.0,258.0,350.0,264.0,20.83,-4.41,0.0
278,11.12,86,player,Greuther Furth,0.643,503.3,771.7,533.6,856.1,31.62,53.23,13.7
278,11.12,87,player,Greuther Furth,0.602,430.6,607.5,458.5,680.6,27.51,37.28,4.8
278,11.12,96,player,Greuther Furth,0.553,1179.7,579.2,1203.1,642.6,63.78,33.71,6.1
278,11.12,80,player,Greuther Furth,0.467,1684.8,816.5,1723.3,911.7,87.4,58.13,20.9
278,11.12,108,player,Greuther Furth,0.449,488.0,531.0,509.4,590.6,29.83,28.77,38.0
278,11.12,90,player,Greuther Furth,0.444,681.0,591.9,702.8,664.4,39.47,35.76,37.4
278,11.12,10,player,Greuther Furth,0.436,1555.6,533.4,1583.2,595.9,82.42,29.28,38.0
278,11.12,103,player,Greuther Furth,0.421,646.4,397.8,664.5,445.0,37.2,14.53,7.3
278,11.12,107,player,Greuther Furth,0.417,1294.4,424.1,1317.2,468.1,69.81,16.83,13.5
278,11.12,38,player,VfB Stuttgart,0.405,355.4,906.4,408.2,1007.6,25.74,66.39,4.6
278,11.12,98,player,Greuther Furth,0.387,857.4,444.1,886.9,519.7,48.14,21.91,38.0
278,11.12,114,player,Greuther Furth,0.381,1478.5,845.1,1517.3,906.7,77.75,57.69,15.5
278,11.12,4,player,Greuther Furth,0.35,577.3,579.1,600.9,642.2,34.41,33.68,19.8
278,11.12,0,ball,Ball,0.7,1542.0,1032.0,1555.0,1049.0,79.61,69.17,0.0
279,11.16,86,player,Greuther Furth,0.621,502.4,770.6,530.8,854.8,31.53,53.12,13.4
279,11.16,87,player,Greuther Furth,0.616,430.6,606.5,458.5,680.3,27.5,37.25,2.8
279,11.16,90,player,Greuther Furth,0.56,679.8,591.6,702.2,664.5,39.42,35.78,4.2
279,11.16,96,player,Greuther Furth,0.528,1178.1,577.8,1201.1,642.6,63.7,33.71,7.7
279,11.16,10,player,Greuther Furth,0.504,1555.6,531.4,1583.7,596.3,82.43,29.32,3.6
279,11.16,108,player,Greuther Furth,0.485,488.7,531.4,511.3,587.3,29.89,28.46,29.1
279,11.16,107,player,Greuther Furth,0.456,1296.9,423.3,1320.5,466.9,69.95,16.71,17.3
279,11.16,80,player,Greuther Furth,0.44,1683.0,815.9,1720.4,910.9,87.3,58.05,11.6
279,11.16,103,player,Greuther Furth,0.419,646.4,398.2,664.4,445.2,37.2,14.55,1.8
279,11.16,98,player,Greuther Furth,0.394,858.0,442.3,887.4,522.9,48.17,22.22,28.4
279,11.16,91,player,VfB Stuttgart,0.383,1092.9,563.6,1119.5,626.1,59.65,32.16,12.4
279,11.16,4,player,Greuther Furth,0.378,572.6,576.8,599.9,642.3,34.27,33.69,12.6
279,11.16,38,player,VfB Stuttgart,0.342,357.0,912.5,407.3,1007.9,25.76,66.41,2.8
279,11.16,114,player,Greuther Furth,0.321,1484.2,845.6,1518.6,907.1,77.91,57.72,14.8
279,11.16,0,ball,Ball,0.7,1545.0,1032.0,1557.0,1049.0,79.73,69.17,0.0
280,11.2,86,player,Greuther Furth,0.637,500.6,770.1,529.4,855.9,31.46,53.22,11.0
280,11.2,90,player,Greuther Furth,0.57,675.4,591.9,697.1,660.1,39.18,35.36,38.0
280,11.2,87,player,Greuther Furth,0.569,430.6,606.3,457.8,678.2,27.48,37.05,18.0
280,11.2,108,player,Greuther Furth,0.528,489.4,530.3,512.6,589.0,29.94,28.62,15.2
280,11.2,96,player,Greuther Furth,0.517,1176.1,576.9,1200.3,640.2,63.63,33.49,20.9
280,11.2,107,player,Greuther Furth,0.488,1299.2,422.8,1320.8,466.1,70.02,16.63,9.1
280,11.2,10,player,Greuther Furth,0.449,1556.2,530.9,1585.4,596.5,82.49,29.34,5.5
280,11.2,80,player,Greuther Furth,0.419,1685.5,815.8,1722.1,913.3,87.38,58.27,21.0
280,11.2,103,player,Greuther Furth,0.406,646.5,397.5,663.5,443.6,37.18,14.39,14.5
280,11.2,98,player,Greuther Furth,0.382,857.6,442.9,888.0,523.4,48.17,22.28,4.9
280,11.2,4,player,Greuther Furth,0.353,569.6,578.1,597.2,645.7,34.14,34.0,30.8
280,11.2,91,player,VfB Stuttgart,0.327,1093.8,564.2,1119.6,625.5,59.67,32.1,5.6
280,11.2,0,ball,Ball,0.7,1548.0,1031.0,1560.0,1047.0,79.87,69.04,0.0
281,11.24,86,player,Greuther Furth,0.657,498.2,771.2,528.8,855.9,31.39,53.22,6.4
281,11.24,87,player,Greuther Furth,0.609,430.0,604.6,456.9,675.6,27.43,36.81,22.4
281,11.24,96,player,Greuther Furth,0.537,1176.1,576.1,1199.1,639.2,63.6,33.39,8.9
281,11.24,90,player,Greuther Furth,0.513,669.8,592.1,695.8,660.9,39.02,35.43,16.6
281,11.24,80,player,Greuther Furth,0.513,1685.2,815.2,1721.6,910.6,87.38,58.03,21.6
281,11.24,10,player,Greuther Furth,0.509,1557.5,530.6,1586.1,594.5,82.55,29.15,18.3
281,11.24,107,player,Greuther Furth,0.501,1302.1,423.3,1324.7,467.3,70.19,16.74,18.2
281,11.24,108,player,Greuther Furth,0.47,490.0,528.9,513.3,592.1,29.98,28.92,27.7
281,11.24,4,player,Greuther Furth,0.424,566.7,576.3,594.3,643.7,34.0,33.82,20.9
281,11.24,103,player,Greuther Furth,0.398,646.2,397.1,663.1,444.8,37.17,14.5,10.7
281,11.24,91,player,VfB Stuttgart,0.372,1093.9,562.5,1121.4,625.6,59.72,32.11,4.3
281,11.24,114,player,Greuther Furth,0.343,1490.2,845.2,1530.0,910.9,78.31,58.06,23.3
281,11.24,98,player,Greuther Furth,0.341,856.2,441.5,888.3,523.5,48.15,22.29,2.4
281,11.24,0,ball,Ball,0.7,1550.0,1031.0,1562.0,1046.0,79.97,69.0,0.0
282,11.28,87,player,Greuther Furth,0.601,429.9,604.1,455.9,673.0,27.4,36.57,21.9
282,11.28,86,player,Greuther Furth,0.578,495.9,773.1,528.0,855.6,31.31,53.19,7.2
282,11.28,10,player,Greuther Furth,0.553,1559.0,530.1,1586.2,592.6,82.59,28.97,16.7
282,11.28,96,player,Greuther Furth,0.534,1174.4,574.7,1198.7,637.6,63.56,33.24,14.7
282,11.28,80,player,Greuther Furth,0.489,1685.8,814.8,1721.1,909.4,87.39,57.93,9.4
282,11.28,108,player,Greuther Furth,0.482,489.7,527.2,513.6,595.7,29.99,29.26,30.7
282,11.28,90,player,Greuther Furth,0.478,664.7,594.3,694.5,659.6,38.86,35.32,17.7
282,11.28,111,player,Greuther Furth,0.439,1560.4,408.8,1582.6,462.0,83.13,16.22,0.0
282,11.28,107,player,Greuther Furth,0.419,1303.5,423.7,1326.0,467.1,70.25,16.72,6.2
282,11.28,98,player,Greuther Furth,0.383,854.3,439.0,888.7,522.0,48.11,22.13,14.1
282,11.28,103,player,Greuther Furth,0.375,645.6,396.1,663.0,444.8,37.15,14.5,1.7
282,11.28,4,player,Greuther Furth,0.366,562.0,574.3,591.6,642.5,33.81,33.7,19.8
282,11.28,91,player,VfB Stuttgart,0.325,1095.5,564.3,1121.6,620.5,59.77,31.63,38.0
282,11.28,0,ball,Ball,0.7,1281.0,988.0,1296.0,1002.0,67.73,65.31,0.0
283,11.32,87,player,Greuther Furth,0.6,430.2,602.3,455.2,674.1,27.39,36.67,9.1
283,11.32,86,player,Greuther Furth,0.572,494.6,771.9,525.8,853.9,31.22,53.04,15.4
283,11.32,10,player,Greuther Furth,0.527,1560.5,530.7,1586.6,591.9,82.64,28.9,7.5
283,11.32,90,player,Greuther Furth,0.49,661.6,592.7,693.0,663.2,38.76,35.65,31.7
283,11.32,4,player,Greuther Furth,0.466,559.8,573.2,586.2,642.1,33.63,33.66,17.1
283,11.32,80,player,Greuther Furth,0.464,1685.5,815.5,1720.9,911.0,87.37,58.06,12.4
283,11.32,111,player,Greuther Furth,0.44,1561.8,410.6,1584.4,462.5,83.21,16.27,8.5
283,11.32,108,player,Greuther Furth,0.436,491.2,523.6,512.5,597.5,30.01,29.44,15.9
283,11.32,98,player,Greuther Furth,0.397,853.9,437.9,889.0,522.4,48.11,22.17,3.4
283,11.32,91,player,VfB Stuttgart,0.356,1098.3,567.2,1126.3,619.9,59.95,31.57,17.4
283,11.32,96,player,Greuther Furth,0.321,1173.4,573.0,1196.3,636.0,63.47,33.09,15.2
283,11.32,114,player,Greuther Furth,0.313,1496.8,845.5,1537.3,917.4,78.61,58.63,28.9
283,11.32,103,player,Greuther Furth,0.307,644.0,395.8,662.5,445.4,37.1,14.57,7.4
283,11.32,0,ball,Ball,0.7,1267.0,987.0,1277.0,1001.0,66.97,65.23,0.0
284,11.36,87,player,Greuther Furth,0.598,429.4,600.6,455.3,674.6,27.37,36.72,4.7
284,11.36,86,player,Greuther Furth,0.546,493.1,772.3,523.6,852.9,31.14,52.96,11.2
284,11.36,4,player,Greuther Furth,0.542,557.5,575.6,581.2,641.7,33.45,33.63,16.4
284,11.36,10,player,Greuther Furth,0.523,1560.8,531.0,1588.2,592.8,82.69,28.99,8.8
284,11.36,80,player,Greuther Furth,0.507,1684.5,814.4,1718.7,908.9,87.3,57.89,16.9
284,11.36,111,player,Greuther Furth,0.48,1562.3,412.5,1586.7,463.3,83.28,16.35,9.2
284,11.36,108,player,Greuther Furth,0.47,491.3,521.1,512.7,595.7,30.01,29.26,15.8
284,11.36,114,player,Greuther Furth,0.464,1498.5,843.2,1540.4,915.7,78.73,58.47,17.6
284,11.36,90,player,Greuther Furth,0.434,658.5,593.1,690.9,664.2,38.63,35.75,14.2
284,11.36,98,player,Greuther Furth,0.41,854.7,438.6,889.5,523.3,48.14,22.27,9.2
284,11.36,115,player,Greuther Furth,0.391,600.1,508.4,623.1,570.1,35.33,26.81,0.0
284,11.36,96,player,Greuther Furth,0.368,1172.7,568.6,1194.9,636.3,63.42,33.12,5.5
284,11.36,0,ball,Ball,0.7,1266.0,986.0,1276.0,1001.0,66.92,65.18,0.0
285,11.4,87,player,Greuther Furth,0.632,428.8,600.8,455.0,674.4,27.36,36.7,2.3
285,11.4,10,player,Greuther Furth,0.603,1562.0,529.5,1589.2,595.2,82.73,29.22,21.1
285,11.4,91,player,VfB Stuttgart,0.599,1101.8,522.5,1135.9,617.7,60.28,31.36,17.4
285,11.4,4,player,Greuther Furth,0.578,555.6,573.5,577.0,642.2,33.3,33.67,13.7
285,11.4,86,player,Greuther Furth,0.499,491.7,769.6,522.9,854.7,31.09,53.11,14.3
285,11.4,80,player,Greuther Furth,0.496,1684.6,814.6,1718.3,908.8,87.29,57.88,1.1
285,11.4,111,player,Greuther Furth,0.489,1562.2,412.5,1589.2,464.0,83.33,16.41,7.9
285,11.4,108,player,Greuther Furth,0.466,492.6,521.0,513.3,592.4,30.05,28.94,28.5
285,11.4,96,player,Greuther Furth,0.46,1172.2,568.4,1193.6,635.7,63.38,33.06,6.2
285,11.4,114,player,Greuther Furth,0.423,1500.6,842.2,1538.0,911.9,78.74,58.15,29.1
285,11.4,98,player,Greuther Furth,0.418,853.9,436.3,889.0,523.3,48.1,22.27,2.9
285,11.4,115,player,Greuther Furth,0.417,599.7,508.6,623.5,571.8,35.33,26.97,14.7
285,11.4,103,player,Greuther Furth,0.338,642.4,393.0,662.7,446.8,37.06,14.7,6.3
285,11.4,90,player,Greuther Furth,0.332,656.3,593.3,686.2,661.1,38.46,35.46,30.5
285,11.4,38,player,VfB Stuttgart,0.308,350.8,916.3,397.2,1013.1,25.4,66.85,0.0
285,11.4,0,ball,Ball,0.7,1264.0,1016.0,1270.0,1023.0,66.69,67.39,0.0
286,11.44,87,player,Greuther Furth,0.664,428.0,599.6,454.7,675.8,27.33,36.83,11.5
286,11.44,10,player,Greuther Furth,0.641,1561.2,529.5,1591.2,595.3,82.76,29.23,2.8
286,11.44,91,player,VfB Stuttgart,0.612,1104.8,523.0,1134.5,617.6,60.31,31.35,3.4
286,11.44,4,player,Greuther Furth,0.538,552.0,572.0,574.6,638.0,33.14,33.28,37.8
286,11.44,86,player,Greuther Furth,0.538,490.5,768.6,522.0,856.1,31.05,53.24,12.4
286,11.44,80,player,Greuther Furth,0.537,1684.2,814.8,1717.9,907.8,87.28,57.79,8.3
286,11.44,111,player,Greuther Furth,0.524,1562.8,412.7,1589.5,464.3,83.35,16.45,3.3
286,11.44,115,player,Greuther Furth,0.521,597.4,507.6,623.7,574.2,35.29,27.2,21.1
286,11.44,90,player,Greuther Furth,0.488,655.8,594.1,681.2,658.0,38.32,35.17,29.1
286,11.44,114,player,Greuther Furth,0.468,1502.1,842.5,1537.7,913.4,78.76,58.27,11.5
286,11.44,108,player,Greuther Furth,0.468,493.6,518.6,513.7,587.1,30.06,28.44,38.0
286,11.44,98,player,Greuther Furth,0.421,854.6,435.5,888.7,523.5,48.11,22.28,1.7
286,11.44,116,player,Greuther Furth,0.418,705.3,396.1,727.0,444.4,40.25,14.47,0.0
286,11.44,38,player,VfB Stuttgart,0.338,350.0,915.9,396.5,1015.0,25.37,67.01,14.4
286,11.44,103,player,Greuther Furth,0.319,642.2,393.7,662.3,444.6,37.04,14.48,20.4
286,11.44,0,ball,Ball,0.7,1263.0,986.0,1273.0,1000.0,66.78,65.14,0.0
287,11.48,87,player,Greuther Furth,0.657,427.5,599.1,454.4,675.7,27.31,36.82,2.0
287,11.48,10,player,Greuther Furth,0.613,1560.8,528.7,1592.6,596.3,82.78,29.32,8.6
287,11.48,91,player,VfB Stuttgart,0.575,1106.2,523.5,1132.8,619.3,60.31,31.51,14.8
287,11.48,90,player,Greuther Furth,0.571,654.4,594.1,678.3,659.3,38.21,35.29,14.2
287,11.48,80,player,Greuther Furth,0.553,1685.1,814.7,1717.1,907.4,87.29,57.75,3.5
287,11.48,86,player,Greuther Furth,0.516,488.4,769.9,520.8,856.2,30.97,53.24,7.1
287,11.48,111,player,Greuther Furth,0.514,1562.5,412.1,1586.8,464.8,83.28,16.49,8.2
287,11.48,4,player,Greuther Furth,0.498,546.9,571.2,571.3,642.1,32.95,33.67,38.0
287,11.48,115,player,Greuther Furth,0.479,597.9,510.4,623.9,573.8,35.3,27.16,4.1
287,11.48,114,player,Greuther Furth,0.46,1501.3,839.2,1539.1,919.3,78.75,58.79,38.0
287,11.48,38,player,VfB Stuttgart,0.419,350.1,914.8,395.9,1015.1,25.36,67.02,1.5
287,11.48,116,player,Greuther Furth,0.405,704.8,397.3,725.4,440.9,40.19,14.12,32.1
287,11.48,108,player,Greuther Furth,0.396,493.0,519.0,513.6,589.4,30.05,28.66,20.0
287,11.48,107,player,Greuther Furth,0.378,1315.4,421.4,1343.1,461.3,71.0,16.15,16.9
287,11.48,96,player,Greuther Furth,0.333,1168.0,567.5,1190.8,632.7,63.21,32.78,14.9
287,11.48,98,player,Greuther Furth,0.323,858.4,436.5,888.7,521.5,48.21,22.09,19.6
287,11.48,103,player,Greuther Furth,0.314,642.1,396.6,660.5,442.7,36.99,14.3,17.0
287,11.48,0,ball,Ball,0.7,1262.0,986.0,1272.0,1000.0,66.74,65.14,0.0
288,11.52,87,player,Greuther Furth,0.672,426.8,599.0,454.1,674.6,27.28,36.71,9.7
288,11.52,91,player,VfB Stuttgart,0.603,1106.6,524.2,1132.5,619.5,60.3,31.53,1.1
288,11.52,90,player,Greuther Furth,0.597,649.0,593.0,671.8,659.8,37.93,35.34,26.3
288,11.52,80,player,Greuther Furth,0.543,1685.2,814.5,1717.0,906.9,87.29,57.71,3.5
288,11.52,10,player,Greuther Furth,0.514,1560.5,527.8,1595.5,592.7,82.86,28.97,32.0
288,11.52,111,player,Greuther Furth,0.512,1560.1,411.8,1586.1,465.2,83.2,16.53,7.8
288,11.52,86,player,Greuther Furth,0.5,487.5,768.5,519.1,856.5,30.91,53.28,6.0
288,11.52,115,player,Greuther Furth,0.465,596.9,509.5,623.5,573.4,35.27,27.12,4.5
288,11.52,38,player,VfB Stuttgart,0.455,349.6,915.6,394.8,1012.3,25.31,66.79,21.4
288,11.52,96,player,Greuther Furth,0.442,1164.1,564.4,1190.5,632.8,63.11,32.79,9.1
288,11.52,107,player,Greuther Furth,0.429,1321.8,420.1,1344.7,462.6,71.19,16.27,21.0
288,11.52,4,player,Greuther Furth,0.415,541.8,569.1,568.8,643.5,32.77,33.8,20.1
288,11.52,108,player,Greuther Furth,0.369,493.4,520.1,513.7,587.3,30.06,28.46,18.0
288,11.52,116,player,Greuther Furth,0.352,704.1,396.8,725.7,438.9,40.18,13.92,18.0
288,11.52,103,player,Greuther Furth,0.328,641.6,397.1,660.7,442.5,36.98,14.28,1.9
288,11.52,114,player,Greuther Furth,0.327,1503.5,840.2,1541.9,918.0,78.87,58.68,14.8
288,11.52,0,ball,Ball,0.7,1510.0,1001.0,1525.0,1022.0,78.29,66.72,0.0
289,11.56,87,player,Greuther Furth,0.674,425.4,598.9,453.9,673.1,27.24,36.58,12.7
289,11.56,91,player,VfB Stuttgart,0.647,1107.4,522.9,1134.3,618.3,60.37,31.41,12.0
289,11.56,90,player,Greuther Furth,0.585,646.4,593.4,669.8,658.8,37.81,35.24,13.2
289,11.56,96,player,Greuther Furth,0.563,1162.3,565.2,1190.2,633.4,63.06,32.85,7.6
289,11.56,111,player,Greuther Furth,0.56,1562.0,413.1,1584.9,463.6,83.22,16.38,14.2
289,11.56,80,player,Greuther Furth,0.531,1684.5,815.5,1716.6,907.5,87.26,57.76,5.3
289,11.56,86,player,Greuther Furth,0.528,484.8,770.3,517.1,858.0,30.8,53.4,15.0
289,11.56,107,player,Greuther Furth,0.527,1324.5,419.7,1348.2,464.6,71.35,16.48,22.9
289,11.56,10,player,Greuther Furth,0.516,1562.1,527.5,1597.9,593.0,82.95,29.0,9.2
289,11.56,38,player,VfB Stuttgart,0.476,350.3,914.8,393.4,1012.0,25.29,66.76,2.9
289,11.56,115,player,Greuther Furth,0.442,597.0,509.5,624.1,572.6,35.28,27.04,7.3
289,11.56,4,player,Greuther Furth,0.422,540.7,568.6,564.6,640.2,32.63,33.49,30.9
289,11.56,116,player,Greuther Furth,0.384,703.5,395.3,724.0,443.7,40.13,14.39,38.0
289,11.56,103,player,Greuther Furth,0.341,641.3,396.8,660.5,441.9,36.97,14.22,5.6
289,11.56,108,player,Greuther Furth,0.33,494.4,519.7,514.7,578.0,30.08,27.57,38.0
289,11.56,0,ball,Ball,0.7,1570.0,1031.0,1582.0,1044.0,80.89,68.91,0.0
290,11.6,87,player,Greuther Furth,0.655,424.1,598.5,453.4,674.4,27.2,36.7,11.2
290,11.6,91,player,VfB Stuttgart,0.585,1106.1,524.3,1135.7,614.9,60.38,31.09,28.8
290,11.6,86,player,Greuther Furth,0.577,484.4,770.1,516.1,856.9,30.76,53.31,8.7
290,11.6,111,player,Greuther Furth,0.567,1560.4,411.1,1584.2,463.0,83.17,16.31,7.7
290,11.6,80,player,Greuther Furth,0.538,1684.1,815.3,1716.4,905.9,87.25,57.62,12.4
290,11.6,90,player,Greuther Furth,0.504,642.6,594.0,665.5,659.6,37.62,35.31,18.7
290,11.6,10,player,Greuther Furth,0.496,1562.0,527.9,1599.9,592.7,83.0,28.98,5.0
290,11.6,96,player,Greuther Furth,0.485,1158.4,564.6,1189.3,632.6,62.94,32.77,12.3
290,11.6,38,player,VfB Stuttgart,0.446,350.9,915.3,393.2,1014.0,25.31,66.93,15.1
290,11.6,116,player,Greuther Furth,0.442,703.0,394.0,721.0,438.5,40.03,13.88,38.0
290,11.6,107,player,Greuther Furth,0.44,1329.5,419.8,1351.2,465.5,71.54,16.57,19.2
290,11.6,115,player,Greuther Furth,0.41,596.7,509.6,624.2,569.6,35.27,26.75,26.1
290,11.6,4,player,Greuther Furth,0.402,538.8,570.3,563.8,640.3,32.56,33.5,6.0
290,11.6,117,player,Greuther Furth,0.387,743.1,351.0,760.1,387.4,41.94,8.71,0.0
290,11.6,103,player,Greuther Furth,0.385,640.4,395.2,661.0,442.4,36.96,14.27,4.5
290,11.6,114,player,Greuther Furth,0.368,1504.1,841.2,1541.8,921.4,78.87,58.97,13.3
290,11.6,108,player,Greuther Furth,0.341,495.3,518.0,515.9,577.1,30.13,27.48,9.1
290,11.6,0,ball,Ball,0.7,336.0,258.0,347.0,273.0,20.57,-3.93,0.0
291,11.64,87,player,Greuther Furth,0.664,422.7,598.8,452.3,672.9,27.13,36.56,13.8
291,11.64,91,player,VfB Stuttgart,0.593,1106.1,523.5,1138.6,615.7,60.45,31.17,9.6
291,11.64,86,player,Greuther Furth,0.589,483.8,769.2,515.6,855.8,30.73,53.21,9.7
291,11.64,10,player,Greuther Furth,0.572,1564.0,526.4,1600.6,592.2,83.07,28.93,7.7
291,11.64,96,player,Greuther Furth,0.569,1157.6,564.5,1187.4,633.6,62.88,32.87,10.3
291,11.64,111,player,Greuther Furth,0.562,1559.5,410.8,1584.7,462.2,83.16,16.24,6.9
291,11.64,80,player,Greuther Furth,0.526,1683.7,815.2,1716.3,904.9,87.24,57.53,8.0
291,11.64,4,player,Greuther Furth,0.504,533.0,568.1,561.0,637.1,32.34,33.19,34.1
291,11.64,116,player,Greuther Furth,0.489,702.3,391.1,720.4,439.4,40.0,13.97,8.5
291,11.64,90,player,Greuther Furth,0.457,639.8,594.0,663.9,660.3,37.51,35.38,11.3
291,11.64,38,player,VfB Stuttgart,0.444,352.9,914.0,391.5,1016.3,25.33,67.12,17.9
291,11.64,115,player,Greuther Furth,0.442,596.6,509.1,623.9,566.8,35.25,26.49,23.9
291,11.64,114,player,Greuther Furth,0.418,1507.7,842.9,1542.9,917.8,78.99,58.66,30.3
291,11.64,117,player,Greuther Furth,0.41,743.1,349.7,760.7,386.4,41.95,8.61,9.2
291,11.64,103,player,Greuther Furth,0.399,640.8,392.9,661.5,442.6,36.98,14.28,2.6
291,11.64,108,player,Greuther Furth,0.328,496.4,518.2,516.5,574.7,30.16,27.25,20.9
291,11.64,0,ball,Ball,0.7,872.0,467.0,886.0,483.0,48.45,17.51,0.0
292,11.68,87,player,Greuther Furth,0.672,422.3,598.5,450.9,672.3,27.09,36.5,6.5
292,11.68,96,player,Greuther Furth,0.574,1156.3,564.5,1185.3,632.5,62.8,32.76,12.0
292,11.68,10,player,Greuther Furth,0.565,1568.6,527.6,1601.0,590.8,83.2,28.8,16.6
292,11.68,86,player,Greuther Furth,0.545,483.2,771.9,514.1,856.6,30.69,53.28,8.0
292,11.68,4,player,Greuther Furth,0.525,530.3,568.2,558.4,634.3,32.21,32.93,26.9
292,11.68,111,player,Greuther Furth,0.513,1557.5,411.7,1584.6,461.7,83.11,16.19,6.4
292,11.68,90,player,Greuther Furth,0.512,636.8,593.3,663.8,665.2,37.45,35.84,38.0
292,11.68,80,player,Greuther Furth,0.486,1683.7,815.7,1716.4,907.0,87.24,57.72,16.7
292,11.68,116,player,Greuther Furth,0.476,702.0,390.9,719.8,439.7,39.98,13.99,3.1
292,11.68,115,player,Greuther Furth,0.43,597.2,509.2,622.9,564.5,35.24,26.26,20.4
292,11.68,38,player,VfB Stuttgart,0.426,353.1,914.6,391.4,1016.5,25.33,67.14,1.0
292,11.68,103,player,Greuther Furth,0.404,640.9,390.9,661.0,440.1,36.97,14.03,22.6
292,11.68,117,player,Greuther Furth,0.397,742.9,350.0,760.8,386.2,41.95,8.59,2.3
292,11.68,114,player,Greuther Furth,0.351,1509.5,843.2,1543.9,918.0,79.06,58.67,6.1
292,11.68,108,player,Greuther Furth,0.342,496.9,516.8,517.2,576.5,30.2,27.42,15.5
292,11.68,0,ball,Ball,0.7,872.0,467.0,886.0,483.0,48.45,17.51,0.0
293,11.72,87,player,Greuther Furth,0.666,422.1,598.2,449.9,671.0,27.06,36.39,10.7
293,11.72,86,player,Greuther Furth,0.596,482.6,772.2,512.5,858.8,30.64,53.48,18.0
293,11.72,10,player,Greuther Furth,0.59,1573.9,527.7,1601.4,591.1,83.34,28.83,12.8
293,11.72,96,player,Greuther Furth,0.538,1157.5,564.2,1184.2,631.8,62.8,32.69,6.1
293,11.72,80,player,Greuther Furth,0.496,1683.8,816.1,1716.6,907.1,87.25,57.73,1.0
293,11.72,116,player,Greuther Furth,0.46,701.3,391.3,719.9,440.6,39.96,14.08,8.1
293,11.72,111,player,Greuther Furth,0.459,1554.8,411.6,1584.0,463.0,83.02,16.32,14.5
293,11.72,4,player,Greuther Furth,0.457,528.3,573.1,556.9,632.1,32.12,32.73,19.9
293,11.72,90,player,Greuther Furth,0.424,633.5,594.7,661.3,662.7,37.3,35.61,24.9
293,11.72,117,player,Greuther Furth,0.398,743.4,348.9,760.8,386.4,41.97,8.61,2.4
293,11.72,115,player,Greuther Furth,0.378,598.8,509.3,623.5,565.8,35.29,26.38,12.2
293,11.72,103,player,Greuther Furth,0.373,641.4,389.8,660.9,439.9,36.98,14.01,2.0
293,11.72,38,player,VfB Stuttgart,0.359,356.3,914.0,393.2,1017.3,25.45,67.21,12.4
293,11.72,0,ball,Ball,0.7,872.0,467.0,886.0,483.0,48.45,17.51,0.0
294,11.76,87,player,Greuther Furth,0.659,420.9,597.5,449.2,670.8,27.01,36.36,5.0
294,11.76,86,player,Greuther Furth,0.648,482.4,771.1,511.7,858.0,30.62,53.41,6.7
294,11.76,10,player,Greuther Furth,0.612,1575.5,523.4,1602.2,591.7,83.4,28.88,7.2
294,11.76,80,player,Greuther Furth,0.532,1683.8,816.5,1717.1,909.8,87.24,57.97,21.6
294,11.76,96,player,Greuther Furth,0.49,1156.9,562.5,1182.4,626.1,62.75,32.16,38.0
294,11.76,116,player,Greuther Furth,0.468,700.7,391.4,719.7,439.6,39.94,13.98,9.1
294,11.76,90,player,Greuther Furth,0.468,627.0,596.7,657.1,664.1,37.04,35.73,25.8
294,11.76,111,player,Greuther Furth,0.46,1552.6,410.5,1584.0,461.7,82.97,16.19,13.0
294,11.76,4,player,Greuther Furth,0.438,524.9,573.4,554.0,629.3,31.95,32.46,27.8
294,11.76,117,player,Greuther Furth,0.398,743.8,349.0,761.0,385.9,41.98,8.56,4.9
294,11.76,103,player,Greuther Furth,0.377,641.3,389.7,660.5,440.1,36.97,14.03,1.8
294,11.76,115,player,Greuther Furth,0.358,600.4,509.0,622.9,564.9,35.32,26.3,7.9
294,11.76,0,ball,Ball,0.7,872.0,467.0,887.0,483.0,48.48,17.51,0.0
295,11.8,87,player,Greuther Furth,0.665,419.9,595.4,447.9,670.0,26.95,36.29,8.6
295,11.8,86,player,Greuther Furth,0.641,481.8,770.1,511.7,856.6,30.6,53.28,12.0
295,11.8,80,player,Greuther Furth,0.577,1683.4,816.7,1716.8,910.2,87.22,58.0,3.5
295,11.8,90,player,Greuther Furth,0.523,625.8,598.4,655.2,663.2,36.97,35.65,9.9
295,11.8,10,player,Greuther Furth,0.486,1576.6,521.9,1603.5,589.3,83.46,28.65,21.9
295,11.8,96,player,Greuther Furth,0.471,1155.6,561.6,1182.2,622.6,62.72,31.83,30.0
295,11.8,116,player,Greuther Furth,0.381,699.7,391.8,719.3,438.9,39.91,13.91,6.9
295,11.8,117,player,Greuther Furth,0.377,743.7,346.5,761.2,386.1,41.98,8.58,1.9
295,11.8,107,player,Greuther Furth,0.374,1343.1,414.5,1366.1,462.3,72.26,16.24,14.3
295,11.8,4,player,Greuther Furth,0.36,521.5,569.9,546.4,629.4,31.68,32.47,24.2
295,11.8,103,player,Greuther Furth,0.357,641.9,390.1,660.0,439.5,36.97,13.97,5.5
295,11.8,111,player,Greuther Furth,0.34,1552.2,410.9,1583.0,460.6,82.94,16.08,9.7
295,11.8,0,ball,Ball,0.7,872.0,467.0,887.0,483.0,48.48,17.51,0.0
296,11.84,87,player,Greuther Furth,0.657,420.1,594.0,448.1,667.5,26.95,36.06,20.5
296,11.84,86,player,Greuther Furth,0.6,481.6,770.5,511.1,855.3,30.58,53.16,10.3
296,11.84,10,player,Greuther Furth,0.553,1579.7,520.8,1604.1,588.5,83.56,28.57,11.1
296,11.84,80,player,Greuther Furth,0.521,1683.9,815.4,1717.5,907.3,87.27,57.74,23.5
296,11.84,90,player,Greuther Furth,0.507,622.9,597.5,654.5,663.6,36.88,35.69,8.6
296,11.84,96,player,Greuther Furth,0.461,1156.6,561.4,1180.2,622.9,62.69,31.85,3.1
296,11.84,118,player,Greuther Furth,0.421,1125.1,555.6,1149.9,613.2,61.19,30.93,0.0
296,11.84,116,player,Greuther Furth,0.372,699.2,392.3,719.1,439.9,39.89,14.01,9.2
296,11.84,107,player,Greuther Furth,0.37,1346.6,414.1,1370.7,462.3,72.47,16.25,18.3
296,11.84,117,player,Greuther Furth,0.368,743.7,346.4,761.2,385.8,41.98,8.55,2.5
296,11.84,103,player,Greuther Furth,0.355,641.1,391.2,659.5,438.4,36.93,13.86,9.9
296,11.84,0,ball,Ball,0.7,873.0,467.0,888.0,483.0,48.53,17.51,0.0
297,11.88,87,player,Greuther Furth,0.682,419.4,593.4,447.8,665.8,26.92,35.9,14.6
297,11.88,86,player,Greuther Furth,0.59,481.5,770.8,510.9,856.5,30.57,53.28,10.1
297,11.88,10,player,Greuther Furth,0.569,1581.5,518.2,1605.5,586.0,83.65,28.33,22.9
297,11.88,80,player,Greuther Furth,0.528,1683.9,815.0,1718.2,907.8,87.28,57.79,4.1
297,11.88,90,player,Greuther Furth,0.511,622.2,596.8,652.1,664.5,36.81,35.77,9.9
297,11.88,96,player,Greuther Furth,0.393,1154.6,560.4,1179.7,627.4,62.63,32.28,38.0
297,11.88,117,player,Greuther Furth,0.381,743.9,346.8,761.4,386.6,41.99,8.63,7.6
297,11.88,116,player,Greuther Furth,0.349,699.1,392.2,719.0,438.2,39.88,13.84,15.7
297,11.88,103,player,Greuther Furth,0.345,641.5,392.2,659.3,436.3,36.93,13.65,19.0
297,11.88,107,player,Greuther Furth,0.344,1352.4,414.6,1371.1,459.4,72.63,15.96,29.8
297,11.88,0,ball,Ball,0.7,873.0,466.0,888.0,483.0,48.53,17.46,0.0
298,11.92,87,player,Greuther Furth,0.724,419.4,591.8,447.5,666.4,26.91,35.95,4.6
298,11.92,10,player,Greuther Furth,0.614,1582.5,518.2,1606.6,585.3,83.7,28.27,7.5
298,11.92,86,player,Greuther Furth,0.601,480.8,771.5,510.1,858.2,30.54,53.42,13.7
298,11.92,80,player,Greuther Furth,0.574,1684.7,815.5,1719.8,911.1,87.32,58.07,26.3
298,11.92,90,player,Greuther Furth,0.554,620.9,598.1,650.1,666.9,36.73,36.0,21.3
298,11.92,119,player,Greuther Furth,0.552,1089.5,513.8,1113.0,577.4,59.45,27.51,0.0
298,11.92,96,player,Greuther Furth,0.452,1139.7,558.5,1178.5,630.2,62.23,32.54,38.0
298,11.92,116,player,Greuther Furth,0.415,699.1,392.5,719.3,438.8,39.89,13.9,5.8
298,11.92,117,player,Greuther Furth,0.411,744.2,346.9,761.6,386.2,42.01,8.59,4.1
298,11.92,4,player,Greuther Furth,0.398,509.0,564.5,537.0,632.4,31.16,32.75,17.9
298,11.92,103,player,Greuther Furth,0.352,642.4,391.7,660.0,436.6,36.97,13.68,4.5
298,11.92,0,ball,Ball,0.7,873.0,466.0,889.0,482.0,48.55,17.41,0.0
299,11.96,87,player,Greuther Furth,0.719,419.6,591.7,447.7,666.2,26.92,35.93,1.9
299,11.96,119,player,Greuther Furth,0.64,1087.1,515.2,1111.6,574.9,59.36,27.27,22.9
299,11.96,10,player,Greuther Furth,0.599,1583.1,517.8,1607.1,583.6,83.74,28.11,14.8
299,11.96,86,player,Greuther Furth,0.592,480.0,772.3,509.6,858.1,30.51,53.42,3.0
299,11.96,90,player,Greuther Furth,0.588,619.6,598.9,647.9,667.3,36.65,36.03,8.3
299,11.96,80,player,Greuther Furth,0.556,1685.4,815.4,1719.9,911.1,87.34,58.07,1.7
299,11.96,116,player,Greuther Furth,0.45,698.9,391.8,719.5,438.5,39.89,13.87,2.9
299,11.96,96,player,Greuther Furth,0.447,1136.7,556.2,1175.8,630.1,62.09,32.53,12.7
299,11.96,4,player,Greuther Furth,0.443,510.1,565.4,534.6,632.1,31.13,32.72,4.1
299,11.96,121,player,Greuther Furth,0.391,871.1,467.1,891.7,519.3,48.6,21.87,0.0
299,11.96,120,player,Greuther Furth,0.387,844.5,426.7,863.7,475.5,47.21,17.56,0.0
299,11.96,117,player,Greuther Furth,0.382,744.3,346.9,762.0,386.2,42.02,8.59,1.1
299,11.96,103,player,Greuther Furth,0.308,642.3,391.5,661.5,436.3,37.0,13.65,4.5
299,11.96,0,ball,Ball,0.7,1486.0,1000.0,1500.0,1020.0,77.16,66.59,0.0
300,12.0,87,player,Greuther Furth,0.716,419.2,591.5,447.8,665.9,26.91,35.9,2.5
300,12.0,119,player,Greuther Furth,0.672,1085.9,516.8,1108.5,572.0,59.26,26.99,26.8
300,12.0,86,player,Greuther Furth,0.616,479.6,772.5,508.9,857.7,30.48,53.37,4.4
300,12.0,90,player,Greuther Furth,0.588,618.7,600.4,645.4,668.3,36.57,36.13,11.1
300,12.0,80,player,Greuther Furth,0.569,1685.0,815.2,1720.5,910.6,87.35,58.03,3.6
300,12.0,10,player,Greuther Furth,0.54,1584.3,519.5,1607.3,583.6,83.77,28.1,3.2
300,12.0,96,player,Greuther Furth,0.505,1131.3,550.8,1175.5,629.6,61.95,32.48,13.1
300,12.0,4,player,Greuther Furth,0.463,508.5,567.5,532.2,632.4,31.03,32.75,9.4
300,12.0,116,player,Greuther Furth,0.442,698.9,390.7,718.9,437.4,39.87,13.76,9.7
300,12.0,120,player,Greuther Furth,0.387,844.4,425.4,863.4,473.7,47.19,17.39,15.5
300,12.0,121,player,Greuther Furth,0.385,871.7,466.0,893.1,520.2,48.65,21.96,8.7
300,12.0,117,player,Greuther Furth,0.362,744.3,345.9,761.7,386.5,42.01,8.62,2.2
300,12.0,0,ball,Ball,0.7,437.0,641.0,442.0,647.0,27.12,33.85,0.0
301,12.04,87,player,Greuther Furth,0.668,419.0,591.4,448.6,667.9,26.94,36.09,16.9
301,12.04,86,player,Greuther Furth,0.656,478.7,771.4,509.0,857.7,30.47,53.38,1.6
301,12.04,119,player,Greuther Furth,0.608,1083.3,516.4,1105.3,573.0,59.12,27.09,15.9
301,12.04,80,player,Greuther Furth,0.568,1686.3,815.8,1721.0,910.1,87.39,57.99,5.8
301,12.04,90,player,Greuther Furth,0.567,616.9,602.4,642.8,667.7,36.46,36.07,11.2
301,12.04,10,player,Greuther Furth,0.502,1585.5,520.5,1608.7,585.0,83.83,28.23,13.3
301,12.04,96,player,Greuther Furth,0.483,1137.5,554.8,1174.9,624.5,62.09,32.0,38.0
301,12.04,116,player,Greuther Furth,0.403,698.7,389.7,718.5,435.5,39.86,13.57,17.3
301,12.04,4,player,Greuther Furth,0.395,506.1,565.6,529.0,628.6,30.88,32.39,35.1
301,12.04,121,player,Greuther Furth,0.375,873.7,465.0,893.3,510.5,48.7,21.01,38.0
301,12.04,120,player,Greuther Furth,0.371,844.2,424.5,863.0,471.8,47.18,17.2,17.1
301,12.04,117,player,Greuther Furth,0.344,743.9,345.4,761.1,386.5,41.99,8.62,2.2
301,12.04,0,ball,Ball,0.7,1501.0,1001.0,1516.0,1021.0,77.87,66.67,0.0
302,12.08,86,player,Greuther Furth,0.659,478.5,771.5,508.2,856.3,30.44,53.26,11.2
302,12.08,87,player,Greuther Furth,0.604,419.0,591.1,448.2,669.6,26.93,36.25,14.9
302,12.08,80,player,Greuther Furth,0.575,1687.8,815.4,1721.3,909.0,87.44,57.89,9.7
302,12.08,90,player,Greuther Furth,0.567,615.0,602.1,642.4,667.9,36.4,36.09,5.2
302,12.08,119,player,Greuther Furth,0.539,1082.2,516.4,1104.9,571.9,59.08,26.98,10.3
302,12.08,10,player,Greuther Furth,0.531,1585.7,519.8,1610.0,585.2,83.87,28.26,3.7
302,12.08,116,player,Greuther Furth,0.422,697.8,388.4,718.7,434.8,39.84,13.5,6.9
302,12.08,117,player,Greuther Furth,0.392,743.5,344.5,760.6,385.4,41.96,8.51,10.5
302,12.08,120,player,Greuther Furth,0.377,845.9,424.4,862.9,470.4,47.22,17.05,13.6
302,12.08,38,player,VfB Stuttgart,0.371,355.0,921.1,394.8,1023.8,25.48,67.76,0.0
302,12.08,4,player,Greuther Furth,0.352,503.0,565.4,526.7,628.1,30.75,32.35,12.7
302,12.08,107,player,Greuther Furth,0.35,1366.4,416.6,1386.7,458.5,73.38,15.87,13.5
302,12.08,121,player,Greuther Furth,0.349,874.2,462.4,894.6,509.9,48.74,20.95,6.6
302,12.08,96,player,Greuther Furth,0.346,1144.4,554.6,1171.9,619.6,62.2,31.54,38.0
302,12.08,103,player,Greuther Furth,0.322,641.9,381.9,663.1,438.9,37.04,13.91,7.9
302,12.08,0,ball,Ball,0.7,1641.0,1023.0,1655.0,1033.0,84.25,68.11,0.0
303,12.12,86,player,Greuther Furth,0.698,478.6,771.3,507.6,855.3,30.42,53.16,8.6
303,12.12,10,player,Greuther Furth,0.585,1585.2,519.4,1610.9,586.0,83.87,28.33,7.1
303,12.12,80,player,Greuther Furth,0.582,1689.2,814.1,1721.7,907.6,87.49,57.77,11.4
303,12.12,87,player,Greuther Furth,0.561,419.1,591.1,447.7,669.8,26.92,36.27,1.4
303,12.12,96,player,Greuther Furth,0.494,1141.3,545.5,1172.0,622.6,62.12,31.82,26.8
303,12.12,119,player,Greuther Furth,0.484,1079.4,517.5,1103.5,570.7,58.98,26.87,13.7
303,12.12,90,player,Greuther Furth,0.468,613.1,602.4,640.3,668.6,36.31,36.16,10.6
303,12.12,117,player,Greuther Furth,0.434,743.6,344.1,760.6,384.5,41.96,8.42,8.0
303,12.12,107,player,Greuther Furth,0.432,1366.6,415.6,1391.2,459.7,73.49,15.99,14.7
303,12.12,120,player,Greuther Furth,0.408,845.9,424.6,862.7,471.6,47.21,17.18,11.3
303,12.12,116,player,Greuther Furth,0.396,697.6,388.6,718.8,435.5,39.84,13.57,6.4
303,12.12,4,player,Greuther Furth,0.366,499.5,562.3,522.0,628.2,30.55,32.35,17.9
303,12.12,121,player,Greuther Furth,0.343,874.4,458.4,895.6,511.0,48.77,21.06,9.7
303,12.12,103,player,Greuther Furth,0.302,642.8,389.0,663.6,435.8,37.07,13.6,27.6
303,12.12,0,ball,Ball,0.7,73.0,406.0,79.0,412.0,7.86,10.9,0.0
304,12.16,86,player,Greuther Furth,0.731,478.3,771.0,506.6,855.4,30.39,53.18,3.1
304,12.16,80,player,Greuther Furth,0.595,1690.7,813.5,1721.9,907.8,87.53,57.78,3.9
304,12.16,96,player,Greuther Furth,0.572,1139.9,542.8,1171.1,623.5,62.06,31.91,9.4
304,12.16,10,player,Greuther Furth,0.566,1587.0,519.2,1612.1,586.3,83.95,28.36,6.8
304,12.16,87,player,Greuther Furth,0.562,419.1,591.4,446.8,666.8,26.89,35.98,25.6
304,12.16,107,player,Greuther Furth,0.456,1371.5,415.1,1392.4,460.8,73.64,16.1,16.9
304,12.16,119,player,Greuther Furth,0.452,1078.2,517.7,1100.2,571.1,58.87,26.9,10.5
304,12.16,90,player,Greuther Furth,0.443,611.3,602.7,639.8,668.6,36.25,36.15,5.1
304,12.16,116,player,Greuther Furth,0.399,697.0,388.2,718.6,435.1,39.82,13.53,3.9
304,12.16,120,player,Greuther Furth,0.387,846.7,424.1,863.3,469.8,47.25,16.99,16.7
304,12.16,121,player,Greuther Furth,0.367,874.1,456.4,896.4,511.4,48.78,21.09,3.7
304,12.16,117,player,Greuther Furth,0.361,743.5,343.1,760.9,381.3,41.96,8.08,29.9
304,12.16,0,ball,Ball,0.7,1612.0,1034.0,1626.0,1049.0,82.86,69.25,0.0
305,12.2,86,player,Greuther Furth,0.725,476.8,770.8,507.3,857.4,30.38,53.35,15.9
305,12.2,96,player,Greuther Furth,0.645,1139.3,540.3,1170.3,624.0,62.03,31.95,4.7
305,12.2,87,player,Greuther Furth,0.607,418.6,591.2,446.8,665.3,26.87,35.85,12.1
305,12.2,10,player,Greuther Furth,0.573,1587.5,519.1,1613.7,585.9,84.0,28.32,5.7
305,12.2,80,player,Greuther Furth,0.562,1691.9,814.5,1722.2,909.1,87.56,57.9,10.5
305,12.2,121,player,Greuther Furth,0.44,873.3,456.8,898.2,514.5,48.81,21.41,28.1
305,12.2,90,player,Greuther Furth,0.422,609.6,603.2,639.1,671.7,36.2,36.44,26.7
305,12.2,107,player,Greuther Furth,0.411,1374.0,414.8,1393.0,460.1,73.72,16.03,9.5
305,12.2,116,player,Greuther Furth,0.394,696.7,388.0,718.4,433.9,39.8,13.41,10.7
305,12.2,119,player,Greuther Furth,0.38,1075.3,517.9,1096.1,571.4,58.69,26.93,15.9
305,12.2,120,player,Greuther Furth,0.372,846.8,423.4,863.9,471.4,47.27,17.16,14.8
305,12.2,117,player,Greuther Furth,0.331,742.9,342.4,760.4,381.7,41.94,8.13,4.8
305,12.2,103,player,Greuther Furth,0.323,642.8,383.4,664.9,433.9,37.1,13.41,8.6
305,12.2,0,ball,Ball,0.7,1616.0,1034.0,1628.0,1050.0,82.99,69.29,0.0
306,12.24,86,player,Greuther Furth,0.725,476.1,771.1,507.1,858.5,30.36,53.45,8.6
306,12.24,87,player,Greuther Furth,0.617,418.5,590.6,446.6,665.2,26.87,35.84,1.3
306,12.24,96,player,Greuther Furth,0.615,1138.1,539.2,1171.4,621.1,62.03,31.68,24.3
306,12.24,10,player,Greuther Furth,0.595,1587.9,519.0,1614.4,585.7,84.03,28.31,3.0
306,12.24,80,player,Greuther Furth,0.553,1693.1,814.5,1722.6,906.3,87.61,57.65,22.4
306,12.24,119,player,Greuther Furth,0.468,1072.1,514.1,1094.2,573.1,58.57,27.09,18.6
306,12.24,90,player,Greuther Furth,0.453,608.6,603.4,636.7,674.4,36.13,36.7,23.8
306,12.24,107,player,Greuther Furth,0.452,1376.7,414.2,1393.7,459.0,73.81,15.92,12.8
306,12.24,120,player,Greuther Furth,0.436,846.8,423.2,863.7,469.9,47.26,17.01,13.5
306,12.24,122,player,VfB Stuttgart,0.402,1531.9,401.0,1565.7,452.1,82.04,15.23,0.0
306,12.24,121,player,Greuther Furth,0.39,873.6,457.2,898.8,513.2,48.83,21.28,11.9
306,12.24,116,player,Greuther Furth,0.389,696.5,388.1,718.1,432.2,39.78,13.24,15.6
306,12.24,103,player,Greuther Furth,0.368,644.3,384.1,665.6,433.9,37.15,13.41,4.9
306,12.24,4,player,Greuther Furth,0.357,494.4,565.7,516.1,624.6,30.27,32.02,13.0
306,12.24,117,player,Greuther Furth,0.343,743.0,342.3,760.8,381.3,41.95,8.09,3.7
306,12.24,0,ball,Ball,0.7,1620.0,1034.0,1634.0,1049.0,83.23,69.25,0.0
307,12.28,86,player,Greuther Furth,0.72,475.7,771.7,506.2,858.5,30.33,53.45,2.8
307,12.28,96,player,Greuther Furth,0.682,1138.1,540.6,1173.6,620.5,62.08,31.62,7.2
307,12.28,10,player,Greuther Furth,0.609,1587.8,519.1,1614.9,585.3,84.04,28.26,4.3
307,12.28,87,player,Greuther Furth,0.608,418.4,590.1,446.4,661.0,26.84,35.44,35.7
307,12.28,80,player,Greuther Furth,0.562,1693.1,815.0,1723.3,906.9,87.62,57.71,4.8
307,12.28,4,player,Greuther Furth,0.54,489.9,561.3,513.9,630.3,30.12,32.55,38.0
307,12.28,90,player,Greuther Furth,0.458,609.0,603.4,635.3,677.3,36.11,36.97,24.8
307,12.28,123,player,VfB Stuttgart,0.45,326.8,915.9,383.8,1020.6,24.56,67.49,0.0
307,12.28,120,player,Greuther Furth,0.447,847.0,421.4,864.0,470.7,47.27,17.09,7.4
307,12.28,119,player,Greuther Furth,0.439,1071.3,514.0,1091.0,570.3,58.47,26.83,25.3
307,12.28,116,player,Greuther Furth,0.361,696.7,388.1,717.4,434.3,39.78,13.45,19.1
307,12.28,103,player,Greuther Furth,0.345,645.7,383.7,666.4,434.0,37.21,13.42,5.3
307,12.28,117,player,Greuther Furth,0.343,742.4,342.1,760.6,381.4,41.93,8.1,2.0
307,12.28,121,player,Greuther Furth,0.339,874.0,458.0,899.0,511.6,48.85,21.12,14.2
307,12.28,107,player,Greuther Furth,0.337,1378.2,413.4,1394.7,456.8,73.88,15.7,21.0
307,12.28,0,ball,Ball,0.7,1481.0,1000.0,1495.0,1020.0,76.93,66.59,0.0
308,12.32,86,player,Greuther Furth,0.723,475.0,772.1,505.5,858.7,30.3,53.47,3.2
308,12.32,10,player,Greuther Furth,0.595,1587.8,518.8,1614.7,584.5,84.04,28.19,6.4
308,12.32,4,player,Greuther Furth,0.577,487.9,560.9,512.2,628.6,30.02,32.39,16.6
308,12.32,87,player,Greuther Furth,0.572,418.1,589.3,446.1,657.9,26.82,35.15,26.2
308,12.32,80,player,Greuther Furth,0.566,1693.0,815.3,1723.9,907.4,87.63,57.75,4.4
308,12.32,119,player,Greuther Furth,0.553,1068.2,514.2,1088.5,572.1,58.33,26.99,19.6
308,12.32,96,player,Greuther Furth,0.489,1138.1,540.1,1175.1,619.9,62.12,31.57,6.0
308,12.32,90,player,Greuther Furth,0.478,608.5,602.2,634.4,678.4,36.08,37.07,9.1
308,12.32,123,player,VfB Stuttgart,0.473,326.6,918.4,384.8,1022.6,24.59,67.66,15.5
308,12.32,120,player,Greuther Furth,0.406,846.8,419.5,863.1,469.9,47.24,17.01,7.9
308,12.32,103,player,Greuther Furth,0.36,646.5,383.3,666.9,433.2,37.24,13.34,7.9
308,12.32,116,player,Greuther Furth,0.34,697.0,387.1,717.0,436.3,39.78,13.66,18.2
308,12.32,121,player,Greuther Furth,0.34,874.5,458.1,898.9,511.2,48.85,21.08,4.0
308,12.32,117,player,Greuther Furth,0.332,742.2,342.3,759.7,380.9,41.9,8.05,5.0
308,12.32,0,ball,Ball,0.7,1625.0,1032.0,1637.0,1046.0,83.42,69.04,0.0
309,12.36,86,player,Greuther Furth,0.701,474.6,771.4,505.4,858.9,30.29,53.49,2.1
309,12.36,10,player,Greuther Furth,0.59,1588.1,518.8,1615.0,584.7,84.05,28.21,1.8
309,12.36,4,player,Greuther Furth,0.547,483.9,563.3,508.2,625.5,29.82,32.09,32.7
309,12.36,87,player,Greuther Furth,0.546,418.3,588.7,446.1,658.3,26.82,35.19,3.4
309,12.36,80,player,Greuther Furth,0.501,1693.2,815.3,1723.8,908.0,87.63,57.81,4.6
309,12.36,119,player,Greuther Furth,0.491,1067.4,512.5,1086.7,572.7,58.27,27.05,7.7
309,12.36,90,player,Greuther Furth,0.488,607.9,602.9,633.4,681.0,36.04,37.32,22.6
309,12.36,123,player,VfB Stuttgart,0.424,326.1,917.1,383.6,1021.4,24.55,67.56,9.6
309,12.36,103,player,Greuther Furth,0.386,646.8,383.8,666.4,434.5,37.24,13.47,11.9
309,12.36,120,player,Greuther Furth,0.382,846.6,420.8,862.8,467.4,47.23,16.76,22.2
309,12.36,96,player,Greuther Furth,0.354,1140.0,541.3,1176.8,614.6,62.21,31.07,38.0
309,12.36,121,player,Greuther Furth,0.343,874.3,457.7,899.5,512.3,48.87,21.19,10.4
309,12.36,116,player,Greuther Furth,0.317,696.9,386.8,716.2,434.8,39.75,13.5,14.0
309,12.36,117,player,Greuther Furth,0.31,741.2,341.6,759.1,379.3,41.86,7.89,15.4
309,12.36,0,ball,Ball,0.7,1245.0,984.0,1255.0,998.0,65.95,64.97,0.0
310,12.4,86,player,Greuther Furth,0.685,473.6,771.2,504.6,858.6,30.24,53.46,5.1
310,12.4,10,player,Greuther Furth,0.621,1588.3,518.6,1615.2,584.3,84.06,28.17,3.6
310,12.4,119,player,Greuther Furth,0.59,1066.0,509.7,1085.1,568.2,58.2,26.62,38.0
310,12.4,4,player,Greuther Furth,0.542,480.5,564.1,506.9,628.7,29.71,32.4,28.8
310,12.4,90,player,Greuther Furth,0.506,607.1,602.7,633.0,683.3,36.02,37.53,19.5
310,12.4,87,player,Greuther Furth,0.442,417.8,589.1,444.5,657.7,26.77,35.14,6.5
310,12.4,103,player,Greuther Furth,0.384,647.0,383.9,666.7,435.3,37.25,13.56,7.5
310,12.4,80,player,Greuther Furth,0.38,1695.4,816.1,1723.9,906.8,87.69,57.7,11.1
310,12.4,123,player,VfB Stuttgart,0.378,325.6,918.0,383.4,1020.0,24.52,67.44,11.1
310,12.4,120,player,Greuther Furth,0.352,847.1,418.2,863.6,467.0,47.26,16.72,4.8
310,12.4,121,player,Greuther Furth,0.345,875.0,456.4,900.4,510.5,48.9,21.01,16.5
310,12.4,117,player,Greuther Furth,0.335,741.2,340.9,758.7,380.7,41.85,8.02,12.4
310,12.4,96,player,Greuther Furth,0.313,1139.6,541.6,1178.6,609.9,62.26,30.61,38.0
310,12.4,0,ball,Ball,0.7,1479.0,999.0,1493.0,1020.0,76.84,66.55,0.0
311,12.44,86,player,Greuther Furth,0.675,472.7,771.1,504.7,858.2,30.22,53.42,3.8
311,12.44,10,player,Greuther Furth,0.629,1588.7,517.7,1615.4,585.0,84.07,28.24,6.3
311,12.44,119,player,Greuther Furth,0.598,1064.6,510.6,1082.9,566.8,58.11,26.48,14.3
311,12.44,4,player,Greuther Furth,0.566,477.1,562.3,507.6,627.6,29.65,32.3,11.0
311,12.44,90,player,Greuther Furth,0.526,605.9,602.8,632.0,680.2,35.96,37.24,26.7
311,12.44,87,player,Greuther Furth,0.517,417.5,589.0,444.0,659.4,26.76,35.3,14.5
311,12.44,120,player,Greuther Furth,0.419,847.6,418.1,864.0,468.4,47.29,16.86,12.9
311,12.44,108,player,Greuther Furth,0.409,504.1,496.3,525.8,550.1,30.5,24.87,0.0
311,12.44,123,player,VfB Stuttgart,0.378,324.8,917.6,382.5,1018.6,24.48,67.32,11.1
311,12.44,121,player,Greuther Furth,0.369,874.5,456.1,901.2,512.5,48.91,21.21,17.6
311,12.44,103,player,Greuther Furth,0.332,647.1,383.3,667.4,435.3,37.27,13.55,1.8
311,12.44,80,player,Greuther Furth,0.32,1695.9,816.5,1725.2,906.5,87.73,57.67,4.7
311,12.44,117,player,Greuther Furth,0.307,741.1,341.3,758.4,380.0,41.84,7.96,6.3
311,12.44,0,ball,Ball,0.7,612.0,540.0,618.0,545.0,35.43,24.13,0.0
312,12.48,86,player,Greuther Furth,0.656,472.8,771.5,504.3,857.5,30.21,53.36,5.0
312,12.48,10,player,Greuther Furth,0.618,1589.3,517.3,1614.8,583.8,84.08,28.12,10.7
312,12.48,119,player,Greuther Furth,0.615,1061.8,510.7,1080.6,566.8,57.99,26.48,11.2
312,12.48,4,player,Greuther Furth,0.567,473.8,562.9,506.1,629.1,29.53,32.44,16.7
312,12.48,87,player,Greuther Furth,0.547,417.2,589.2,443.9,660.3,26.75,35.38,7.4
312,12.48,90,player,Greuther Furth,0.539,605.6,602.9,630.9,679.9,35.93,37.21,4.3
312,12.48,108,player,Greuther Furth,0.507,506.3,494.6,526.8,548.6,30.57,24.72,15.0
312,12.48,120,player,Greuther Furth,0.435,847.6,418.3,864.4,469.6,47.3,16.97,10.4
312,12.48,80,player,Greuther Furth,0.374,1695.8,816.4,1726.5,905.6,87.77,57.59,7.7
312,12.48,123,player,VfB Stuttgart,0.365,325.4,916.7,381.2,1016.3,24.45,67.12,18.0
312,12.48,121,player,Greuther Furth,0.353,874.0,455.5,899.9,511.6,48.87,21.11,9.2
312,12.48,0,ball,Ball,0.7,1243.0,984.0,1253.0,997.0,65.86,64.93,0.0
313,12.52,86,player,Greuther Furth,0.661,472.3,772.4,504.1,858.0,30.2,53.41,4.0
313,12.52,10,player,Greuther Furth,0.588,1589.4,516.8,1614.8,583.9,84.08,28.13,1.4
313,12.52,87,player,Greuther Furth,0.528,417.2,588.5,444.0,661.3,26.76,35.47,8.4
313,12.52,4,player,Greuther Furth,0.523,473.5,563.3,502.8,628.1,29.44,32.34,12.1
313,12.52,119,player,Greuther Furth,0.511,1059.7,510.7,1078.5,563.7,57.88,26.19,28.4
313,12.52,90,player,Greuther Furth,0.501,605.2,604.1,629.6,679.1,35.88,37.14,7.5
313,12.52,108,player,Greuther Furth,0.439,507.1,495.3,527.4,547.3,30.6,24.6,11.5
313,12.52,120,player,Greuther Furth,0.409,847.8,417.8,864.9,470.8,47.32,17.1,11.3
313,12.52,123,player,VfB Stuttgart,0.409,325.4,917.5,379.3,1017.1,24.41,67.19,7.1
313,12.52,80,player,Greuther Furth,0.37,1696.0,816.2,1727.2,904.8,87.79,57.52,6.3
313,12.52,121,player,Greuther Furth,0.32,876.9,454.7,900.1,510.4,48.94,21.0,12.7
313,12.52,0,ball,Ball,0.7,414.0,260.0,431.0,274.0,24.76,-3.77,0.0
314,12.56,86,player,Greuther Furth,0.669,472.4,771.6,503.7,857.5,30.19,53.36,4.5
314,12.56,10,player,Greuther Furth,0.546,1589.2,517.1,1614.9,583.9,84.08,28.13,0.1
314,12.56,90,player,Greuther Furth,0.531,603.6,604.0,629.3,678.1,35.83,37.05,9.0
314,12.56,87,player,Greuther Furth,0.499,417.5,588.0,444.0,658.5,26.75,35.22,23.3
314,12.56,119,player,Greuther Furth,0.47,1057.2,513.3,1076.8,566.4,57.78,26.45,25.3
314,12.56,123,player,VfB Stuttgart,0.385,323.2,918.4,379.1,1018.1,24.36,67.28,9.1
314,12.56,121,player,Greuther Furth,0.384,878.4,452.0,901.1,508.2,49.0,20.79,19.6
314,12.56,120,player,Greuther Furth,0.378,848.1,417.6,864.7,463.2,47.31,16.34,38.0
314,12.56,108,player,Greuther Furth,0.372,506.9,495.9,528.2,549.7,30.63,24.83,21.0
314,12.56,4,player,Greuther Furth,0.365,470.9,564.0,499.4,625.8,29.29,32.13,23.4
314,12.56,80,player,Greuther Furth,0.327,1694.2,816.9,1727.6,906.5,87.75,57.67,13.7
314,12.56,103,player,Greuther Furth,0.304,647.6,383.3,667.6,433.6,37.29,13.38,5.1
314,12.56,0,ball,Ball,0.7,1242.0,984.0,1252.0,998.0,65.81,64.97,0.0
315,12.6,86,player,Greuther Furth,0.651,472.2,772.6,503.5,857.3,30.18,53.35,1.4
315,12.6,10,player,Greuther Furth,0.538,1588.8,516.9,1614.8,583.2,84.07,28.06,6.4
315,12.6,90,player,Greuther Furth,0.518,602.2,603.8,628.0,677.6,35.77,37.0,7.4
315,12.6,87,player,Greuther Furth,0.501,417.4,587.5,444.0,657.5,26.75,35.12,8.7
315,12.6,119,player,Greuther Furth,0.438,1055.4,511.4,1076.1,566.3,57.72,26.43,5.6
315,12.6,80,player,Greuther Furth,0.398,1693.9,817.0,1727.7,907.9,87.74,57.79,10.9
315,12.6,108,player,Greuther Furth,0.39,507.5,496.0,528.4,548.5,30.64,24.71,10.9
315,12.6,120,player,Greuther Furth,0.388,848.3,417.2,865.2,465.7,47.33,16.59,22.9
315,12.6,4,player,Greuther Furth,0.38,468.9,562.3,495.3,626.1,29.14,32.15,13.5
315,12.6,123,player,VfB Stuttgart,0.368,323.5,918.1,379.5,1017.3,24.38,67.21,6.6
315,12.6,121,player,Greuther Furth,0.363,879.0,452.9,900.8,505.3,49.01,20.5,25.4
315,12.6,103,player,Greuther Furth,0.304,647.9,383.4,668.1,430.8,37.3,13.1,25.3
315,12.6,0,ball,Ball,0.7,660.0,958.0,674.0,972.0,38.86,62.74,0.0
316,12.64,86,player,Greuther Furth,0.651,472.0,772.1,503.1,855.9,30.16,53.22,11.5
316,12.64,90,player,Greuther Furth,0.548,601.4,604.6,627.5,677.0,35.73,36.94,6.5
316,12.64,10,player,Greuther Furth,0.533,1588.9,516.9,1614.7,583.4,84.07,28.09,2.3
316,12.64,87,player,Greuther Furth,0.504,417.3,587.2,444.0,657.2,26.74,35.09,3.0
316,12.64,108,player,Greuther Furth,0.439,508.7,495.1,528.8,547.8,30.68,24.65,6.6
316,12.64,120,player,Greuther Furth,0.398,847.8,417.0,864.7,465.6,47.31,16.58,2.5
316,12.64,80,player,Greuther Furth,0.395,1693.1,816.9,1729.3,907.6,87.76,57.77,2.4
316,12.64,119,player,Greuther Furth,0.395,1053.4,510.2,1073.4,565.8,57.6,26.39,11.0
316,12.64,121,player,Greuther Furth,0.383,880.0,452.2,901.8,509.5,49.06,20.91,36.6
316,12.64,123,player,VfB Stuttgart,0.375,326.7,919.3,377.8,1018.9,24.41,67.34,12.6
316,12.64,4,player,Greuther Furth,0.372,467.8,561.6,494.5,627.0,29.09,32.24,8.5
316,12.64,103,player,Greuther Furth,0.344,648.1,383.5,668.4,430.4,37.31,13.06,3.8
316,12.64,0,ball,Ball,0.7,1241.0,984.0,1251.0,998.0,65.77,64.97,0.0
317,12.68,86,player,Greuther Furth,0.648,471.6,771.9,502.7,855.3,30.14,53.16,5.3
317,12.68,10,player,Greuther Furth,0.575,1588.6,516.3,1614.3,583.7,84.05,28.12,3.0
317,12.68,90,player,Greuther Furth,0.561,600.4,604.3,626.9,675.8,35.69,36.83,10.2
317,12.68,87,player,Greuther Furth,0.52,417.1,586.8,443.9,655.6,26.73,34.94,13.2
317,12.68,4,player,Greuther Furth,0.477,465.1,557.3,487.9,625.3,28.86,32.08,25.1
317,12.68,124,player,Greuther Furth,0.458,1168.5,530.3,1192.3,593.7,63.32,29.07,0.0
317,12.68,80,player,Greuther Furth,0.456,1691.3,817.4,1730.3,907.8,87.74,57.78,2.0
317,12.68,108,player,Greuther Furth,0.413,510.5,493.9,529.0,548.2,30.73,24.69,5.4
317,12.68,120,player,Greuther Furth,0.41,849.2,414.3,866.0,464.5,47.37,16.47,11.4
317,12.68,123,player,VfB Stuttgart,0.38,326.2,919.0,377.9,1020.3,24.41,67.46,11.1
317,12.68,119,player,Greuther Furth,0.373,1051.2,508.9,1072.1,567.3,57.51,26.54,15.4
317,12.68,118,player,Greuther Furth,0.339,1129.4,554.5,1153.9,614.1,61.4,31.02,0.0
317,12.68,121,player,Greuther Furth,0.329,881.4,451.6,902.7,506.6,49.12,20.63,26.0
317,12.68,103,player,Greuther Furth,0.325,648.6,382.8,669.2,429.3,37.34,12.95,10.2
317,12.68,0,ball,Ball,0.7,1654.0,1034.0,1667.0,1050.0,84.77,69.29,0.0
318,12.72,86,player,Greuther Furth,0.638,471.5,771.7,502.6,855.1,30.14,53.15,1.3
318,12.72,10,player,Greuther Furth,0.594,1588.0,516.2,1614.1,584.2,84.03,28.16,4.6
318,12.72,90,player,Greuther Furth,0.558,599.2,606.2,625.4,676.4,35.63,36.89,7.5
318,12.72,4,player,Greuther Furth,0.547,463.9,556.3,487.6,626.6,28.83,32.21,11.4
318,12.72,87,player,Greuther Furth,0.522,416.8,586.5,443.9,655.6,26.72,34.94,1.0
318,12.72,108,player,Greuther Furth,0.513,510.6,489.2,530.4,548.1,30.77,24.68,3.3
318,12.72,124,player,Greuther Furth,0.453,1170.1,529.0,1192.1,593.0,63.36,29.01,6.9
318,12.72,80,player,Greuther Furth,0.45,1690.9,818.0,1730.8,907.6,87.74,57.77,1.7
318,12.72,123,player,VfB Stuttgart,0.422,324.8,918.5,377.8,1018.6,24.37,67.32,13.5
318,12.72,120,player,Greuther Furth,0.383,849.6,413.8,866.3,462.5,47.39,16.27,17.8
318,12.72,119,player,Greuther Furth,0.367,1048.5,509.2,1071.4,566.8,57.43,26.48,9.0
318,12.72,103,player,Greuther Furth,0.344,648.6,381.8,669.2,429.6,37.34,12.98,2.4
318,12.72,118,player,Greuther Furth,0.323,1127.7,550.5,1153.7,608.9,61.36,30.52,38.0
318,12.72,121,player,Greuther Furth,0.308,882.7,452.2,904.1,505.9,49.19,20.56,8.1
318,12.72,0,ball,Ball,0.7,1659.0,1035.0,1670.0,1050.0,84.95,69.34,0.0
319,12.76,86,player,Greuther Furth,0.647,470.9,771.5,502.3,855.0,30.11,53.14,2.4
319,12.76,90,player,Greuther Furth,0.591,599.1,607.0,624.6,678.5,35.61,37.08,18.0
319,12.76,4,player,Greuther Furth,0.587,463.8,555.2,486.0,626.4,28.79,32.18,4.6
319,12.76,10,player,Greuther Furth,0.567,1586.4,516.7,1613.1,583.3,83.97,28.08,9.4
319,12.76,124,player,Greuther Furth,0.515,1171.4,529.4,1194.8,594.4,63.46,29.14,14.7
319,12.76,87,player,Greuther Furth,0.513,416.7,586.2,443.5,654.9,26.71,34.87,5.8
319,12.76,108,player,Greuther Furth,0.492,510.1,486.7,530.7,541.8,30.74,24.07,38.0
319,12.76,80,player,Greuther Furth,0.414,1691.2,818.2,1732.1,908.0,87.78,57.8,4.4
319,12.76,103,player,Greuther Furth,0.394,648.9,379.7,669.5,429.5,37.36,12.97,1.6
319,12.76,118,player,Greuther Furth,0.382,1129.6,550.1,1152.4,603.8,61.38,30.03,38.0
319,12.76,123,player,VfB Stuttgart,0.363,321.4,918.9,378.3,1015.5,24.29,67.05,24.9
319,12.76,120,player,Greuther Furth,0.353,849.8,413.6,867.6,461.3,47.42,16.15,11.6
319,12.76,119,player,Greuther Furth,0.335,1047.2,508.7,1070.4,562.8,57.38,26.1,34.7
319,12.76,0,ball,Ball,0.7,883.0,457.0,898.0,473.0,49.02,16.52,0.0
320,12.8,86,player,Greuther Furth,0.639,470.7,772.6,501.7,854.9,30.1,53.13,1.7
320,12.8,10,player,Greuther Furth,0.598,1585.9,515.9,1611.5,581.7,83.93,27.92,14.2
320,12.8,4,player,Greuther Furth,0.591,462.1,556.1,484.6,629.1,28.72,32.44,24.0
320,12.8,90,player,Greuther Furth,0.574,598.9,608.6,624.5,679.3,35.61,37.16,6.8
320,12.8,124,player,Greuther Furth,0.569,1174.4,529.2,1197.6,591.7,63.6,28.88,27.0
320,12.8,108,player,Greuther Furth,0.553,511.1,484.2,529.4,541.4,30.73,24.02,4.3
320,12.8,87,player,Greuther Furth,0.508,416.9,585.4,443.7,654.6,26.71,34.85,2.4
320,12.8,80,player,Greuther Furth,0.37,1695.7,819.1,1734.3,907.6,87.94,57.77,14.6
320,12.8,125,player,Greuther Furth,0.368,1492.6,842.5,1536.2,916.5,78.49,58.54,0.0
320,12.8,103,player,Greuther Furth,0.36,649.8,379.1,669.9,429.7,37.39,12.99,3.6
320,12.8,120,player,Greuther Furth,0.319,850.4,414.3,868.7,460.9,47.47,16.11,5.1
320,12.8,0,ball,Ball,0.7,883.0,457.0,899.0,473.0,49.05,16.52,0.0
321,12.84,86,player,Greuther Furth,0.645,470.4,772.4,501.6,855.0,30.09,53.14,1.3
321,12.84,10,player,Greuther Furth,0.638,1585.4,514.8,1609.5,581.1,83.87,27.86,7.6
321,12.84,124,player,Greuther Furth,0.592,1176.1,529.0,1198.4,592.7,63.66,28.97,10.4
321,12.84,4,player,Greuther Furth,0.583,459.8,555.6,482.6,631.8,28.63,32.7,24.5
321,12.84,108,player,Greuther Furth,0.571,511.3,484.0,530.6,539.1,30.76,23.81,19.5
321,12.84,90,player,Greuther Furth,0.563,598.3,608.7,624.2,680.3,35.59,37.25,8.1
321,12.84,87,player,Greuther Furth,0.543,416.7,585.0,443.8,655.4,26.72,34.92,6.7
321,12.84,80,player,Greuther Furth,0.395,1697.4,819.8,1735.2,907.3,88.0,57.75,5.8
321,12.84,125,player,Greuther Furth,0.361,1492.8,843.2,1534.8,922.0,78.44,59.02,38.0
321,12.84,103,player,Greuther Furth,0.345,649.8,378.8,670.7,429.5,37.41,12.97,2.6
321,12.84,123,player,VfB Stuttgart,0.341,323.1,919.5,378.0,1014.2,24.32,66.94,5.2
321,12.84,120,player,Greuther Furth,0.322,850.6,414.6,869.7,461.1,47.5,16.13,3.2
321,12.84,118,player,Greuther Furth,0.317,1128.9,542.6,1150.2,602.0,61.31,29.86,8.4
321,12.84,0,ball,Ball,0.7,884.0,457.0,899.0,473.0,49.07,16.52,0.0
322,12.88,86,player,Greuther Furth,0.63,470.5,772.2,501.1,854.0,30.07,53.05,8.3
322,12.88,10,player,Greuther Furth,0.617,1584.7,514.8,1608.4,580.4,83.83,27.8,6.9
322,12.88,124,player,Greuther Furth,0.614,1178.4,529.0,1199.2,593.1,63.74,29.02,7.7
322,12.88,90,player,Greuther Furth,0.566,597.9,608.3,623.7,680.0,35.57,37.22,3.0
322,12.88,4,player,Greuther Furth,0.564,459.3,555.6,481.4,629.0,28.57,32.43,24.8
322,12.88,108,player,Greuther Furth,0.541,512.0,484.3,531.9,539.6,30.81,23.85,5.9
322,12.88,87,player,Greuther Furth,0.533,416.4,584.6,443.8,654.5,26.71,34.84,7.6
322,12.88,119,player,Greuther Furth,0.483,1041.9,504.7,1063.9,564.9,57.08,26.3,10.6
322,12.88,80,player,Greuther Furth,0.464,1695.6,819.1,1735.3,905.8,87.97,57.61,12.7
322,12.88,123,player,VfB Stuttgart,0.374,323.7,919.8,377.8,1013.0,24.32,66.84,9.2
322,12.88,125,player,Greuther Furth,0.36,1491.8,843.5,1533.1,921.8,78.38,59.01,5.8
322,12.88,118,player,Greuther Furth,0.335,1126.7,540.0,1150.0,604.6,61.25,30.11,22.8
322,12.88,103,player,Greuther Furth,0.329,650.6,378.8,671.1,429.4,37.44,12.95,2.9
322,12.88,121,player,Greuther Furth,0.324,881.1,453.1,904.0,508.7,49.15,20.84,6.2
322,12.88,0,ball,Ball,0.7,1674.0,1033.0,1687.0,1047.0,85.7,69.12,0.0
323,12.92,124,player,Greuther Furth,0.658,1178.3,526.6,1200.0,593.8,63.75,29.08,6.3
323,12.92,119,player,Greuther Furth,0.652,1040.9,505.5,1061.9,562.9,57.01,26.11,18.2
323,12.92,86,player,Greuther Furth,0.596,470.7,773.2,500.2,854.7,30.06,53.12,5.9
323,12.92,90,player,Greuther Furth,0.589,597.6,611.3,622.9,681.9,35.54,37.4,16.0
323,12.92,10,player,Greuther Furth,0.582,1583.7,515.1,1607.7,579.1,83.79,27.67,12.1
323,12.92,108,player,Greuther Furth,0.576,512.6,482.6,532.7,540.7,30.85,23.96,10.4
323,12.92,4,player,Greuther Furth,0.524,457.4,556.6,479.9,627.5,28.49,32.29,14.8
323,12.92,87,player,Greuther Furth,0.497,417.5,582.3,444.1,652.5,26.73,34.65,17.1
323,12.92,80,player,Greuther Furth,0.462,1698.0,817.1,1735.9,904.9,88.04,57.53,9.4
323,12.92,125,player,Greuther Furth,0.374,1491.8,842.9,1530.4,920.8,78.32,58.92,9.7
323,12.92,118,player,Greuther Furth,0.364,1126.8,538.0,1149.4,603.9,61.23,30.04,6.1
323,12.92,123,player,VfB Stuttgart,0.348,325.2,919.4,378.3,1012.6,24.37,66.81,4.9
323,12.92,121,player,Greuther Furth,0.318,881.3,453.6,904.1,509.3,49.15,20.89,4.7
323,12.92,103,player,Greuther Furth,0.302,653.5,379.6,671.3,429.1,37.52,12.93,7.5
323,12.92,0,ball,Ball,0.7,413.0,258.0,437.0,275.0,24.89,-3.83,0.0
324,12.96,119,player,Greuther Furth,0.677,1038.7,506.6,1059.6,562.6,56.9,26.08,10.2
324,12.96,124,player,Greuther Furth,0.658,1178.4,526.6,1200.1,593.6,63.76,29.06,2.6
324,12.96,86,player,Greuther Furth,0.598,470.5,773.4,499.5,855.2,30.04,53.16,4.1
324,12.96,90,player,Greuther Furth,0.581,597.1,611.5,621.7,681.7,35.5,37.38,4.4
324,12.96,10,player,Greuther Furth,0.534,1582.7,515.1,1607.7,579.2,83.77,27.68,2.7
324,12.96,4,player,Greuther Furth,0.52,456.7,556.5,478.9,626.0,28.44,32.14,13.7
324,12.96,108,player,Greuther Furth,0.515,513.6,482.6,533.7,535.3,30.88,23.44,38.0
324,12.96,80,player,Greuther Furth,0.434,1697.3,816.0,1736.8,906.8,88.04,57.7,14.6
324,12.96,87,player,Greuther Furth,0.411,418.2,581.6,444.3,651.2,26.75,34.52,11.5
324,12.96,125,player,Greuther Furth,0.392,1492.5,844.6,1530.8,922.1,78.34,59.03,10.6
324,12.96,123,player,VfB Stuttgart,0.387,324.9,919.9,377.8,1012.9,24.35,66.83,2.5
324,12.96,118,player,Greuther Furth,0.35,1125.7,536.1,1148.6,606.1,61.18,30.25,19.7
324,12.96,121,player,Greuther Furth,0.333,881.5,454.3,904.1,508.7,49.16,20.83,5.2
324,12.96,0,ball,Ball,0.7,414.0,258.0,437.0,275.0,24.91,-3.83,0.0
325,13.0,119,player,Greuther Furth,0.656,1036.4,507.2,1058.5,562.4,56.81,26.06,7.9
325,13.0,124,player,Greuther Furth,0.605,1179.9,527.3,1199.9,590.4,63.8,28.75,27.5
325,13.0,86,player,Greuther Furth,0.595,470.1,773.2,499.3,855.8,30.03,53.21,4.6
325,13.0,90,player,Greuther Furth,0.581,596.5,611.9,621.4,681.9,35.48,37.4,3.0
325,13.0,108,player,Greuther Furth,0.581,513.5,481.9,535.0,537.1,30.92,23.61,15.4
325,13.0,10,player,Greuther Furth,0.571,1582.7,513.2,1608.0,580.4,83.77,27.79,9.8
325,13.0,4,player,Greuther Furth,0.499,455.6,557.0,478.3,624.5,28.39,32.0,13.4
325,13.0,123,player,VfB Stuttgart,0.462,324.1,919.6,377.7,1013.6,24.33,66.89,5.5
325,13.0,87,player,Greuther Furth,0.452,418.1,581.1,445.1,653.5,26.77,34.74,19.9
325,13.0,80,player,Greuther Furth,0.446,1697.5,815.9,1737.4,904.9,88.07,57.53,15.2
325,13.0,125,player,Greuther Furth,0.364,1489.2,844.7,1529.2,917.2,78.24,58.61,38.0
325,13.0,121,player,Greuther Furth,0.347,882.5,452.2,905.3,506.7,49.21,20.64,18.2
325,13.0,118,player,Greuther Furth,0.306,1123.8,538.4,1146.9,607.3,61.09,30.37,13.3
325,13.0,0,ball,Ball,0.7,414.0,258.0,438.0,275.0,24.94,-3.83,0.0
326,13.04,119,player,Greuther Furth,0.615,1035.5,507.2,1057.2,562.7,56.76,26.09,5.2
326,13.04,124,player,Greuther Furth,0.614,1180.4,524.4,1201.2,588.8,63.85,28.6,14.1
326,13.04,86,player,Greuther Furth,0.571,469.7,774.0,499.1,856.1,30.01,53.24,3.1
326,13.04,10,player,Greuther Furth,0.542,1580.8,513.3,1609.1,579.7,83.75,27.73,5.6
326,13.04,108,player,Greuther Furth,0.53,514.3,482.4,535.9,537.2,30.96,23.62,4.1
326,13.04,90,player,Greuther Furth,0.523,596.0,612.2,620.9,681.7,35.45,37.38,3.3
326,13.04,4,player,Greuther Furth,0.488,454.8,557.3,478.0,620.5,28.35,31.63,34.1
326,13.04,123,player,VfB Stuttgart,0.459,323.7,919.4,377.4,1013.7,24.32,66.9,1.6
326,13.04,87,player,Greuther Furth,0.422,418.4,580.1,445.0,655.1,26.79,34.89,13.6
326,13.04,80,player,Greuther Furth,0.395,1699.4,816.5,1738.9,901.9,88.16,57.27,24.7
326,13.04,125,player,Greuther Furth,0.355,1488.3,844.7,1528.6,913.8,78.22,58.31,26.7
326,13.04,121,player,Greuther Furth,0.334,882.9,449.4,905.7,504.7,49.23,20.44,17.4
326,13.04,0,ball,Ball,0.7,414.0,258.0,440.0,276.0,24.99,-3.77,0.0
327,13.08,119,player,Greuther Furth,0.59,1034.1,507.2,1056.9,562.3,56.72,26.05,5.4
327,13.08,124,player,Greuther Furth,0.567,1181.3,524.7,1203.3,586.5,63.92,28.38,21.2
327,13.08,86,player,Greuther Furth,0.566,469.6,774.1,499.1,855.6,30.01,53.19,4.3
327,13.08,10,player,Greuther Furth,0.51,1579.8,514.5,1609.1,579.4,83.73,27.69,4.0
327,13.08,90,player,Greuther Furth,0.509,595.8,612.4,621.6,682.0,35.47,37.41,2.8
327,13.08,123,player,VfB Stuttgart,0.5,323.0,919.8,377.7,1013.6,24.31,66.9,1.0
327,13.08,4,player,Greuther Furth,0.466,453.5,556.8,476.6,621.1,28.29,31.68,7.3
327,13.08,108,player,Greuther Furth,0.454,514.6,480.3,536.5,537.1,30.98,23.61,2.4
327,13.08,87,player,Greuther Furth,0.415,418.5,581.0,445.5,655.0,26.8,34.88,1.6
327,13.08,125,player,Greuther Furth,0.4,1488.5,844.1,1526.7,914.0,78.18,58.33,4.1
327,13.08,80,player,Greuther Furth,0.392,1701.0,815.4,1740.4,900.5,88.24,57.15,13.1
327,13.08,121,player,Greuther Furth,0.347,885.3,448.7,906.3,504.0,49.3,20.37,9.3
327,13.08,0,ball,Ball,0.7,414.0,258.0,439.0,276.0,24.97,-3.77,0.0
328,13.12,86,player,Greuther Furth,0.561,469.2,774.4,499.3,855.4,30.0,53.17,1.7
328,13.12,119,player,Greuther Furth,0.551,1031.2,506.7,1056.1,560.0,56.63,25.83,21.5
328,13.12,10,player,Greuther Furth,0.533,1580.0,514.6,1609.0,578.8,83.73,27.64,4.6
328,13.12,90,player,Greuther Furth,0.532,595.2,612.5,621.6,682.2,35.45,37.43,2.3
328,13.12,124,player,Greuther Furth,0.514,1182.7,525.1,1204.2,583.7,63.98,28.11,24.8
328,13.12,123,player,VfB Stuttgart,0.507,323.4,919.9,377.4,1014.3,24.31,66.95,5.1
328,13.12,4,player,Greuther Furth,0.439,450.6,555.3,474.2,619.6,28.15,31.53,17.6
328,13.12,125,player,Greuther Furth,0.422,1488.5,843.8,1525.3,914.8,78.15,58.4,7.2
328,13.12,80,player,Greuther Furth,0.394,1703.2,816.2,1741.0,903.4,88.29,57.4,22.8
328,13.12,87,player,Greuther Furth,0.348,418.7,581.1,445.8,655.5,26.81,34.93,5.1
328,13.12,121,player,Greuther Furth,0.318,885.1,448.4,906.8,501.0,49.31,20.08,26.5
328,13.12,0,ball,Ball,0.7,319.0,264.0,329.0,274.0,19.69,-3.56,0.0
329,13.16,90,player,Greuther Furth,0.591,594.4,613.3,621.9,682.8,35.44,37.48,5.1
329,13.16,10,player,Greuther Furth,0.554,1578.7,514.5,1608.8,578.1,83.7,27.57,7.2
329,13.16,86,player,Greuther Furth,0.543,469.1,774.8,499.1,855.3,30.0,53.16,1.2
329,13.16,123,player,VfB Stuttgart,0.54,322.9,920.4,377.1,1014.4,24.3,66.96,1.6
329,13.16,124,player,Greuther Furth,0.5,1183.8,524.4,1206.0,576.6,64.07,27.43,38.0
329,13.16,119,player,Greuther Furth,0.475,1031.0,505.8,1052.3,561.4,56.53,25.96,15.0
329,13.16,125,player,Greuther Furth,0.473,1488.3,844.6,1523.8,916.4,78.1,58.53,12.7
329,13.16,80,player,Greuther Furth,0.398,1704.4,814.5,1741.9,905.9,88.33,57.62,19.7
329,13.16,126,player,Greuther Furth,0.391,1503.1,388.3,1522.2,437.2,80.29,13.74,0.0
329,13.16,4,player,Greuther Furth,0.35,449.1,554.4,473.4,616.5,28.09,31.24,26.8
329,13.16,121,player,Greuther Furth,0.318,885.8,447.9,907.7,500.7,49.35,20.04,4.6
329,13.16,87,player,Greuther Furth,0.315,418.7,581.2,446.0,653.0,26.81,34.7,21.2
329,13.16,118,player,Greuther Furth,0.305,1120.6,541.6,1145.7,603.3,60.99,29.99,8.9
329,13.16,0,ball,Ball,0.7,1699.0,1037.0,1713.0,1054.0,86.85,69.59,0.0
330,13.2,90,player,Greuther Furth,0.582,594.5,614.0,621.6,683.0,35.44,37.5,1.6
330,13.2,123,player,VfB Stuttgart,0.552,323.2,920.6,377.4,1014.2,24.31,66.94,1.7
330,13.2,10,player,Greuther Furth,0.547,1577.3,515.5,1608.1,578.5,83.64,27.61,6.3
330,13.2,86,player,Greuther Furth,0.536,469.0,774.9,499.2,855.3,30.0,53.16,0.1
330,13.2,124,player,Greuther Furth,0.521,1184.1,524.5,1206.1,579.1,64.07,27.67,21.9
330,13.2,125,player,Greuther Furth,0.508,1488.2,844.2,1522.0,918.5,78.05,58.72,17.2
330,13.2,119,player,Greuther Furth,0.448,1029.8,506.2,1050.1,561.6,56.45,25.98,7.7
330,13.2,126,player,Greuther Furth,0.391,1502.4,388.7,1521.1,436.7,80.24,13.69,5.9
330,13.2,80,player,Greuther Furth,0.387,1707.5,814.7,1743.3,905.1,88.44,57.55,11.5
330,13.2,118,player,Greuther Furth,0.336,1119.5,539.5,1145.4,600.3,60.96,29.7,26.1
330,13.2,4,player,Greuther Furth,0.33,448.2,556.1,472.2,615.9,28.03,31.19,7.1
330,13.2,121,player,Greuther Furth,0.304,886.1,447.5,908.6,500.5,49.38,20.03,3.2
330,13.2,0,ball,Ball,0.7,1703.0,1039.0,1717.0,1052.0,87.03,69.59,0.0
331,13.24,86,player,Greuther Furth,0.536,468.9,774.9,499.2,855.6,29.99,53.19,2.4
331,13.24,123,player,VfB Stuttgart,0.532,324.1,920.6,376.8,1013.9,24.31,66.92,2.7
331,13.24,124,player,Greuther Furth,0.531,1185.1,522.4,1206.8,579.0,64.11,27.66,3.8
331,13.24,125,player,Greuther Furth,0.514,1487.7,844.2,1521.5,921.0,78.01,58.94,19.9
331,13.24,10,player,Greuther Furth,0.505,1576.7,515.2,1607.1,577.8,83.61,27.54,7.0
331,13.24,90,player,Greuther Furth,0.488,594.6,615.0,621.3,684.3,35.44,37.62,10.6
331,13.24,126,player,Greuther Furth,0.39,1501.1,388.5,1520.1,435.7,80.19,13.59,10.2
331,13.24,80,player,Greuther Furth,0.374,1710.3,816.9,1743.4,906.5,88.5,57.67,11.9
331,13.24,118,player,Greuther Furth,0.355,1117.3,541.5,1144.9,594.5,60.9,29.14,38.0
331,13.24,4,player,Greuther Furth,0.334,447.9,555.9,471.2,618.6,28.01,31.44,22.9
331,13.24,0,ball,Ball,0.7,413.0,258.0,438.0,276.0,24.91,-3.77,0.0
332,13.28,125,player,Greuther Furth,0.57,1488.1,843.8,1519.4,918.8,77.98,58.74,17.6
332,13.28,124,player,Greuther Furth,0.566,1185.5,520.1,1207.0,578.9,64.13,27.65,1.5
332,13.28,123,player,VfB Stuttgart,0.519,323.5,920.5,376.8,1014.1,24.3,66.93,2.0
332,13.28,90,player,Greuther Furth,0.518,593.9,615.0,621.3,686.4,35.42,37.82,17.9
332,13.28,86,player,Greuther Furth,0.49,468.4,775.1,499.2,855.7,29.98,53.2,1.7
332,13.28,10,player,Greuther Furth,0.47,1576.0,513.5,1605.3,578.0,83.55,27.56,5.9
332,13.28,118,player,Greuther Furth,0.425,1116.8,539.1,1144.4,597.4,60.87,29.42,25.6
332,13.28,127,player,Greuther Furth,0.402,1078.3,998.3,1115.9,1078.5,58.78,72.35,0.0
332,13.28,126,player,Greuther Furth,0.369,1499.4,388.7,1519.3,436.7,80.12,13.7,11.2
332,13.28,80,player,Greuther Furth,0.349,1712.9,820.7,1744.5,908.1,88.58,57.82,15.0
332,13.28,121,player,Greuther Furth,0.346,886.1,447.3,911.0,502.4,49.44,20.21,8.7
332,13.28,119,player,Greuther Furth,0.314,1024.5,502.9,1046.0,561.6,56.21,25.98,10.4
332,13.28,4,player,Greuther Furth,0.31,447.5,556.1,471.1,618.2,28.0,31.4,3.8
332,13.28,0,ball,Ball,0.7,1711.0,1040.0,1725.0,1052.0,87.4,69.63,0.0
333,13.32,125,player,Greuther Furth,0.596,1487.9,843.3,1518.3,918.1,77.95,58.68,6.0
333,13.32,124,player,Greuther Furth,0.577,1184.6,517.9,1206.9,578.0,64.1,27.56,8.6
333,13.32,90,player,Greuther Furth,0.574,593.9,614.8,621.3,687.5,35.43,37.92,9.7
333,13.32,123,player,VfB Stuttgart,0.563,323.4,920.3,376.8,1013.9,24.3,66.92,1.4
333,13.32,86,player,Greuther Furth,0.502,468.3,775.1,499.4,856.0,29.99,53.23,2.3
333,13.32,127,player,Greuther Furth,0.412,1078.2,996.2,1113.8,1078.7,58.73,72.36,4.6
333,13.32,128,player,VfB Stuttgart,0.409,1605.7,1008.7,1639.4,1077.5,82.87,72.26,0.0
333,13.32,121,player,Greuther Furth,0.375,886.8,446.8,911.1,502.2,49.46,20.2,2.1
333,13.32,118,player,Greuther Furth,0.367,1115.9,537.7,1144.9,593.9,60.87,29.09,30.5
333,13.32,10,player,Greuther Furth,0.358,1575.5,513.5,1602.5,574.3,83.48,27.21,32.3
333,13.32,119,player,Greuther Furth,0.357,1023.6,502.9,1043.6,560.3,56.13,25.86,13.0
333,13.32,126,player,Greuther Furth,0.345,1498.2,385.3,1519.6,435.6,80.11,13.58,10.3
333,13.32,80,player,Greuther Furth,0.323,1713.6,820.0,1747.7,910.2,88.66,57.99,17.6
333,13.32,0,ball,Ball,0.7,1715.0,1039.0,1728.0,1052.0,87.56,69.59,0.0
334,13.36,125,player,Greuther Furth,0.607,1486.6,843.5,1515.7,919.6,77.86,58.82,14.9
334,13.36,124,player,Greuther Furth,0.581,1184.9,514.4,1205.8,573.4,64.09,27.12,38.0
334,13.36,90,player,Greuther Furth,0.572,593.8,615.2,622.0,689.6,35.45,38.11,17.0
334,13.36,123,player,VfB Stuttgart,0.514,324.7,920.4,376.7,1013.7,24.33,66.9,3.1
334,13.36,86,player,Greuther Furth,0.478,468.4,775.0,499.0,856.0,29.98,53.23,0.6
334,13.36,127,player,Greuther Furth,0.444,1077.1,992.3,1113.7,1078.9,58.71,72.38,2.9
334,13.36,10,player,Greuther Furth,0.407,1575.0,512.3,1601.7,572.8,83.46,27.07,13.1
334,13.36,119,player,Greuther Furth,0.347,1021.3,502.1,1041.1,558.8,56.02,25.72,16.7
334,13.36,118,player,Greuther Furth,0.341,1115.0,538.1,1143.8,590.4,60.82,28.76,29.9
334,13.36,121,player,Greuther Furth,0.333,887.6,447.0,911.0,501.7,49.48,20.15,4.9
334,13.36,80,player,Greuther Furth,0.306,1715.4,819.3,1746.1,910.1,88.66,57.99,0.8
334,13.36,0,ball,Ball,0.7,1719.0,1039.0,1732.0,1052.0,87.74,69.59,0.0
335,13.4,124,player,Greuther Furth,0.601,1184.2,513.8,1205.9,575.4,64.08,27.32,17.7
335,13.4,125,player,Greuther Furth,0.59,1485.2,842.6,1514.7,917.4,77.81,58.63,17.6
335,13.4,90,player,Greuther Furth,0.589,594.2,615.4,622.1,689.6,35.46,38.12,1.1
335,13.4,86,player,Greuther Furth,0.483,468.4,775.2,499.1,856.0,29.98,53.23,0.4
335,13.4,123,player,VfB Stuttgart,0.477,325.2,920.6,376.9,1014.0,24.34,66.93,2.8
335,13.4,127,player,Greuther Furth,0.475,1074.9,988.4,1113.3,1078.6,58.65,72.36,5.7
335,13.4,10,player,Greuther Furth,0.431,1574.3,510.1,1599.8,572.0,83.4,26.98,9.3
335,13.4,118,player,Greuther Furth,0.407,1114.3,536.8,1143.8,592.4,60.8,28.94,17.0
335,13.4,119,player,Greuther Furth,0.362,1020.9,502.5,1040.2,560.0,55.98,25.83,10.6
335,13.4,121,player,Greuther Furth,0.354,887.1,448.2,911.3,501.9,49.47,20.17,1.7
335,13.4,126,player,Greuther Furth,0.323,1498.3,384.4,1519.2,433.8,80.11,13.4,8.1
335,13.4,0,ball,Ball,0.7,1724.0,1038.0,1736.0,1050.0,87.96,69.46,0.0
336,13.44,124,player,Greuther Furth,0.595,1184.2,514.5,1204.9,572.2,64.06,27.0,28.6
336,13.44,90,player,Greuther Furth,0.584,595.0,616.1,622.3,690.6,35.49,38.21,8.2
336,13.44,125,player,Greuther Furth,0.573,1483.1,842.4,1513.1,916.8,77.72,58.57,9.1
336,13.44,86,player,Greuther Furth,0.493,468.5,775.2,499.4,856.5,29.99,53.27,3.8
336,13.44,123,player,VfB Stuttgart,0.489,324.4,921.1,376.6,1014.5,24.32,66.97,4.5
336,13.44,127,player,Greuther Furth,0.449,1073.9,987.4,1112.7,1078.3,58.61,72.33,4.2
336,13.44,10,player,Greuther Furth,0.434,1573.6,509.4,1598.9,572.0,83.36,26.99,3.8
336,13.44,118,player,Greuther Furth,0.378,1113.8,533.3,1143.3,591.8,60.78,28.88,5.9
336,13.44,108,player,Greuther Furth,0.362,523.8,474.5,543.4,525.2,31.34,22.45,0.0
336,13.44,121,player,Greuther Furth,0.356,888.4,446.7,911.6,501.0,49.51,20.07,8.9
336,13.44,80,player,Greuther Furth,0.353,1714.1,819.4,1751.2,911.8,88.74,58.14,7.7
336,13.44,119,player,Greuther Furth,0.348,1018.1,502.5,1039.4,560.2,55.89,25.85,8.1
336,13.44,0,ball,Ball,0.7,1239.0,986.0,1249.0,1000.0,65.67,65.14,0.0
337,13.48,124,player,Greuther Furth,0.572,1184.5,513.8,1206.2,569.9,64.1,26.79,19.8
337,13.48,125,player,Greuther Furth,0.53,1480.7,842.1,1511.5,916.3,77.63,58.53,9.0
337,13.48,86,player,Greuther Furth,0.498,468.6,775.5,499.4,856.9,30.0,53.31,2.9
337,13.48,90,player,Greuther Furth,0.488,595.5,617.9,622.8,690.5,35.51,38.2,2.0
337,13.48,127,player,Greuther Furth,0.484,1071.9,986.1,1110.4,1077.6,58.51,72.27,10.2
337,13.48,123,player,VfB Stuttgart,0.46,325.8,921.5,376.9,1014.5,24.36,66.97,3.6
337,13.48,10,player,Greuther Furth,0.435,1572.9,509.2,1598.4,571.7,83.33,26.96,3.5
337,13.48,119,player,Greuther Furth,0.422,1017.5,503.9,1037.6,558.6,55.84,25.7,14.5
337,13.48,108,player,Greuther Furth,0.418,525.4,471.3,545.0,523.0,31.41,22.23,20.4
337,13.48,80,player,Greuther Furth,0.401,1715.3,819.9,1751.2,911.6,88.77,58.12,3.1
337,13.48,129,player,Greuther Furth,0.39,424.6,557.1,458.0,642.4,27.21,33.7,0.0
337,13.48,121,player,Greuther Furth,0.384,889.7,447.1,912.2,499.7,49.56,19.95,11.9
337,13.48,118,player,Greuther Furth,0.318,1112.8,532.4,1142.1,586.2,60.74,28.36,38.0
337,13.48,0,ball,Ball,0.7,1239.0,986.0,1249.0,1000.0,65.67,65.14,0.0
338,13.52,124,player,Greuther Furth,0.564,1184.2,514.2,1207.0,570.0,64.11,26.8,1.6
338,13.52,90,player,Greuther Furth,0.538,595.7,617.6,623.4,689.0,35.53,38.06,12.4
338,13.52,86,player,Greuther Furth,0.508,468.7,775.3,499.4,856.2,30.0,53.24,5.7
338,13.52,127,player,Greuther Furth,0.503,1069.9,986.6,1108.1,1078.5,58.41,72.35,11.0
338,13.52,108,player,Greuther Furth,0.448,526.5,471.6,546.0,524.6,31.47,22.39,15.2
338,13.52,125,player,Greuther Furth,0.446,1479.4,841.6,1510.0,911.6,77.58,58.12,37.3
338,13.52,121,player,Greuther Furth,0.42,890.1,446.7,913.2,500.1,49.59,19.99,4.7
338,13.52,123,player,VfB Stuttgart,0.419,327.0,921.8,377.1,1014.1,24.39,66.94,3.9
338,13.52,80,player,Greuther Furth,0.402,1714.3,821.3,1751.9,911.2,88.77,58.09,3.2
338,13.52,129,player,Greuther Furth,0.38,425.8,554.4,460.1,640.2,27.28,33.49,19.6
338,13.52,10,player,Greuther Furth,0.372,1572.6,507.6,1597.9,570.9,83.31,26.89,6.8
338,13.52,119,player,Greuther Furth,0.362,1017.2,503.9,1036.1,557.4,55.79,25.58,11.8
338,13.52,118,player,Greuther Furth,0.317,1112.4,533.0,1141.9,587.3,60.72,28.46,9.3
338,13.52,0,ball,Ball,0.7,1736.0,1037.0,1747.0,1048.0,88.49,69.34,0.0
339,13.56,90,player,Greuther Furth,0.591,595.9,617.3,623.5,689.8,35.54,38.14,6.5
339,13.56,124,player,Greuther Furth,0.578,1184.4,513.4,1206.8,568.1,64.12,26.62,16.4
339,13.56,86,player,Greuther Furth,0.57,468.8,774.2,499.6,856.2,30.0,53.25,0.8
339,13.56,127,player,Greuther Furth,0.512,1068.2,983.6,1106.7,1078.3,58.34,72.33,6.7
339,13.56,108,player,Greuther Furth,0.487,528.1,470.6,547.1,523.9,31.54,22.33,8.3
339,13.56,129,player,Greuther Furth,0.464,427.0,554.8,459.9,636.6,27.29,33.15,31.0
339,13.56,119,player,Greuther Furth,0.453,1015.8,504.5,1033.3,555.3,55.69,25.38,20.3
339,13.56,125,player,Greuther Furth,0.442,1476.6,841.9,1508.1,913.1,77.47,58.25,15.5
339,13.56,121,player,Greuther Furth,0.442,890.2,446.1,914.2,499.8,49.62,19.96,3.6
339,13.56,123,player,VfB Stuttgart,0.424,324.6,921.8,377.4,1014.5,24.34,66.97,5.2
339,13.56,10,player,Greuther Furth,0.344,1572.1,508.2,1597.8,570.1,83.3,26.8,7.8
339,13.56,80,player,Greuther Furth,0.34,1714.9,822.3,1752.8,911.7,88.8,58.13,5.1
339,13.56,118,player,Greuther Furth,0.327,1112.7,534.6,1138.1,587.7,60.63,28.5,8.5
339,13.56,0,ball,Ball,0.7,1740.0,1037.0,1751.0,1049.0,88.68,69.38,0.0
340,13.6,90,player,Greuther Furth,0.595,596.3,617.3,623.5,689.9,35.55,38.14,1.1
340,13.6,86,player,Greuther Furth,0.58,468.9,773.4,499.4,856.4,30.0,53.26,1.1
340,13.6,124,player,Greuther Furth,0.555,1185.1,513.3,1206.5,567.6,64.13,26.57,4.5
340,13.6,127,player,Greuther Furth,0.505,1066.7,982.8,1106.4,1078.8,58.3,72.37,5.3
340,13.6,108,player,Greuther Furth,0.495,528.4,469.6,549.3,523.0,31.6,22.23,10.3
340,13.6,123,player,VfB Stuttgart,0.486,321.5,921.7,377.4,1015.1,24.27,67.02,7.7
340,13.6,129,player,Greuther Furth,0.485,426.9,551.9,460.8,628.1,27.28,32.35,38.0
340,13.6,121,player,Greuther Furth,0.451,889.9,444.3,917.0,500.2,49.68,19.99,6.4
340,13.6,125,player,Greuther Furth,0.394,1473.9,841.3,1506.2,913.3,77.36,58.26,10.0
340,13.6,119,player,Greuther Furth,0.38,1013.9,503.9,1030.8,553.4,55.58,25.19,18.9
340,13.6,130,player,Greuther Furth,0.347,698.1,376.5,716.1,425.8,39.76,12.6,0.0
340,13.6,118,player,Greuther Furth,0.325,1111.6,532.9,1138.8,592.3,60.62,28.93,38.0
340,13.6,80,player,Greuther Furth,0.308,1714.7,824.3,1753.9,912.5,88.82,58.2,6.2
340,13.6,0,ball,Ball,0.7,1744.0,1038.0,1755.0,1050.0,88.86,69.46,0.0
341,13.64,90,player,Greuther Furth,0.602,596.6,618.3,623.6,690.8,35.56,38.23,7.6
341,13.64,86,player,Greuther Furth,0.595,469.4,773.2,499.4,856.3,30.01,53.25,1.1
341,13.64,124,player,Greuther Furth,0.584,1184.8,514.8,1205.9,568.0,64.1,26.6,3.7
341,13.64,129,player,Greuther Furth,0.563,426.8,552.2,458.3,639.4,27.26,33.42,38.0
341,13.64,127,player,Greuther Furth,0.485,1066.7,979.8,1105.6,1079.0,58.28,72.39,2.4
341,13.64,123,player,VfB Stuttgart,0.48,326.6,921.7,376.9,1015.6,24.38,67.06,10.6
341,13.64,121,player,Greuther Furth,0.472,889.7,443.1,918.2,501.4,49.71,20.11,11.0
341,13.64,119,player,Greuther Furth,0.455,1011.7,502.7,1030.8,554.2,55.53,25.27,8.4
341,13.64,108,player,Greuther Furth,0.451,529.9,469.5,551.1,522.4,31.68,22.17,8.8
341,13.64,118,player,Greuther Furth,0.396,1110.5,532.1,1137.6,589.0,60.56,28.62,29.0
341,13.64,125,player,Greuther Furth,0.337,1470.9,840.7,1504.6,911.4,77.26,58.1,17.3
341,13.64,130,player,Greuther Furth,0.327,698.1,376.7,715.1,426.2,39.74,12.64,3.9
341,13.64,10,player,Greuther Furth,0.304,1569.7,506.7,1593.3,568.4,83.14,26.64,10.1
341,13.64,0,ball,Ball,0.7,1747.0,1039.0,1758.0,1051.0,88.99,69.55,0.0
342,13.68,124,player,Greuther Furth,0.62,1184.5,509.6,1205.0,567.3,64.07,26.53,6.9
342,13.68,90,player,Greuther Furth,0.596,596.7,618.9,623.5,691.8,35.56,38.32,8.2
342,13.68,86,player,Greuther Furth,0.587,469.4,773.2,499.4,856.1,30.01,53.24,1.7
342,13.68,129,player,Greuther Furth,0.562,426.3,548.8,457.3,634.5,27.2,32.95,38.0
342,13.68,123,player,VfB Stuttgart,0.489,327.8,921.4,376.8,1017.5,24.41,67.22,14.8
342,13.68,121,player,Greuther Furth,0.457,889.3,441.9,919.4,502.3,49.73,20.2,8.2
342,13.68,10,player,Greuther Furth,0.442,1568.8,505.7,1592.4,567.7,83.1,26.58,7.0
342,13.68,119,player,Greuther Furth,0.44,1009.2,502.2,1028.2,550.6,55.4,24.92,33.4
342,13.68,108,player,Greuther Furth,0.433,530.1,469.3,551.6,521.2,31.69,22.06,10.1
342,13.68,127,player,Greuther Furth,0.428,1065.1,977.6,1105.3,1078.3,58.24,72.33,6.5
342,13.68,118,player,Greuther Furth,0.391,1110.4,532.5,1138.4,592.7,60.57,28.97,32.2
342,13.68,125,player,Greuther Furth,0.327,1467.9,839.9,1503.6,914.5,77.15,58.37,26.3
342,13.68,80,player,Greuther Furth,0.327,1718.1,824.2,1755.8,912.3,88.94,58.18,5.7
342,13.68,130,player,Greuther Furth,0.313,697.6,376.5,714.7,424.7,39.71,12.49,13.7
342,13.68,0,ball,Ball,0.7,1751.0,1040.0,1763.0,1051.0,89.19,69.59,0.0
343,13.72,129,player,Greuther Furth,0.639,426.4,547.3,457.2,641.0,27.23,33.56,38.0
343,13.72,124,player,Greuther Furth,0.601,1183.5,508.6,1203.5,566.9,64.01,26.5,6.2
343,13.72,90,player,Greuther Furth,0.601,596.8,620.2,623.5,693.0,35.56,38.43,10.3
343,13.72,86,player,Greuther Furth,0.587,469.3,773.3,499.3,856.8,30.01,53.3,5.4
343,13.72,10,player,Greuther Furth,0.517,1568.7,505.5,1590.6,567.7,83.05,26.57,4.2
343,13.72,119,player,Greuther Furth,0.473,1007.8,500.6,1026.9,554.6,55.33,25.3,35.1
343,13.72,127,player,Greuther Furth,0.422,1061.1,978.3,1104.5,1078.4,58.13,72.34,9.9
343,13.72,118,player,Greuther Furth,0.412,1109.2,532.0,1136.4,591.0,60.5,28.81,16.1
343,13.72,123,player,VfB Stuttgart,0.396,328.6,921.6,376.6,1018.6,24.43,67.31,8.2
343,13.72,121,player,Greuther Furth,0.385,888.8,440.9,920.0,504.4,49.73,20.42,19.2
343,13.72,108,player,Greuther Furth,0.359,530.8,469.5,552.4,516.5,31.71,21.6,38.0
343,13.72,125,player,Greuther Furth,0.323,1466.9,840.0,1502.2,914.4,77.1,58.37,5.0
343,13.72,80,player,Greuther Furth,0.32,1719.1,824.0,1757.2,912.7,89.0,58.21,5.6
343,13.72,0,ball,Ball,0.7,1757.0,1042.0,1767.0,1052.0,89.42,69.71,0.0
344,13.76,124,player,Greuther Furth,0.667,1180.9,507.0,1202.8,565.1,63.94,26.32,16.9
344,13.76,129,player,Greuther Furth,0.627,427.2,549.0,457.2,637.4,27.23,33.22,30.4
344,13.76,90,player,Greuther Furth,0.615,596.3,619.8,623.9,693.1,35.56,38.45,1.1
344,13.76,86,player,Greuther Furth,0.593,469.1,773.0,499.8,855.9,30.01,53.22,6.7
344,13.76,10,player,Greuther Furth,0.521,1567.8,507.7,1590.3,567.8,83.02,26.58,2.9
344,13.76,119,player,Greuther Furth,0.513,1006.8,501.4,1025.2,553.1,55.27,25.16,14.0
344,13.76,118,player,Greuther Furth,0.474,1109.0,530.4,1134.4,590.6,60.44,28.78,5.9
344,13.76,123,player,VfB Stuttgart,0.468,329.5,921.4,376.6,1018.0,24.45,67.26,4.8
344,13.76,127,player,Greuther Furth,0.434,1061.4,978.9,1104.5,1077.8,58.13,72.29,4.8
344,13.76,121,player,Greuther Furth,0.395,888.7,440.1,920.8,503.8,49.75,20.35,6.1
344,13.76,108,player,Greuther Furth,0.394,532.6,470.1,552.3,517.4,31.76,21.69,8.9
344,13.76,125,player,Greuther Furth,0.359,1464.5,839.7,1500.3,910.1,77.01,57.99,34.6
344,13.76,80,player,Greuther Furth,0.33,1720.9,824.0,1758.3,911.6,89.07,58.12,10.8
344,13.76,0,ball,Ball,0.7,1760.0,1042.0,1772.0,1053.0,89.6,69.76,0.0
345,13.8,124,player,Greuther Furth,0.624,1180.1,507.1,1201.5,564.5,63.89,26.26,7.0
345,13.8,129,player,Greuther Furth,0.622,429.2,547.1,457.0,637.2,27.27,33.21,4.1
345,13.8,90,player,Greuther Furth,0.594,596.1,620.2,623.8,694.3,35.56,38.55,9.7
345,13.8,86,player,Greuther Furth,0.578,468.8,773.1,499.6,856.5,30.01,53.27,4.3
345,13.8,10,player,Greuther Furth,0.549,1567.3,508.8,1588.6,566.5,82.97,26.46,11.6
345,13.8,123,player,VfB Stuttgart,0.524,330.5,920.3,377.2,1020.2,24.49,67.45,17.3
345,13.8,118,player,Greuther Furth,0.509,1108.7,529.8,1133.7,589.1,60.42,28.63,13.1
345,13.8,119,player,Greuther Furth,0.458,1002.3,496.4,1024.0,553.8,55.12,25.23,14.1
345,13.8,80,player,Greuther Furth,0.439,1726.5,823.2,1759.1,912.5,89.22,58.2,14.9
345,13.8,127,player,Greuther Furth,0.423,1060.8,976.5,1104.0,1078.4,58.11,72.34,5.6
345,13.8,108,player,Greuther Furth,0.416,534.1,467.0,553.2,520.2,31.83,21.96,25.4
345,13.8,121,player,Greuther Furth,0.372,889.4,440.4,922.0,501.9,49.8,20.16,17.2
345,13.8,125,player,Greuther Furth,0.345,1461.1,839.6,1498.3,913.8,76.87,58.31,31.3
345,13.8,0,ball,Ball,0.7,1765.0,1042.0,1775.0,1053.0,89.78,69.76,0.0
346,13.84,10,player,Greuther Furth,0.619,1564.4,507.5,1585.8,566.4,82.84,26.45,12.4
346,13.84,129,player,Greuther Furth,0.601,430.0,546.8,456.5,632.6,27.26,32.77,38.0
346,13.84,86,player,Greuther Furth,0.594,468.7,773.1,499.9,856.7,30.01,53.29,1.8
346,13.84,90,player,Greuther Furth,0.589,595.7,620.8,623.4,694.7,35.54,38.59,3.4
346,13.84,124,player,Greuther Furth,0.587,1179.8,507.1,1200.1,563.5,63.84,26.17,9.5
346,13.84,123,player,VfB Stuttgart,0.478,330.5,920.3,377.2,1020.3,24.5,67.46,0.9
346,13.84,118,player,Greuther Furth,0.472,1107.2,529.3,1129.5,589.0,60.28,28.62,12.6
346,13.84,108,player,Greuther Furth,0.456,535.4,463.0,554.3,519.5,31.88,21.89,8.6
346,13.84,80,player,Greuther Furth,0.44,1731.5,823.0,1759.6,915.8,89.33,58.48,27.8
346,13.84,127,player,Greuther Furth,0.403,1059.1,978.4,1103.5,1079.1,58.06,72.4,6.9
346,13.84,125,player,Greuther Furth,0.371,1459.7,839.6,1495.7,910.6,76.79,58.03,26.3
346,13.84,131,player,Greuther Furth,0.341,600.0,449.4,623.7,509.8,35.18,20.94,0.0
346,13.84,0,ball,Ball,0.7,1770.0,1042.0,1780.0,1052.0,90.01,69.71,0.0
347,13.88,10,player,Greuther Furth,0.64,1561.8,506.3,1584.1,567.7,82.72,26.57,15.1
347,13.88,129,player,Greuther Furth,0.631,430.1,547.8,456.6,635.6,27.28,33.05,25.6
347,13.88,124,player,Greuther Furth,0.615,1178.2,506.5,1199.8,563.0,63.8,26.12,6.1
347,13.88,90,player,Greuther Furth,0.603,595.5,623.7,622.6,695.3,35.52,38.65,5.8
347,13.88,86,player,Greuther Furth,0.602,468.5,772.4,500.0,856.6,30.01,53.28,0.5
347,13.88,108,player,Greuther Furth,0.553,535.8,462.4,555.1,516.2,31.9,21.57,28.8
347,13.88,123,player,VfB Stuttgart,0.544,330.3,920.0,376.9,1021.2,24.49,67.54,7.3
347,13.88,80,player,Greuther Furth,0.449,1732.6,822.8,1759.5,917.8,89.34,58.66,15.8
347,13.88,125,player,Greuther Furth,0.43,1456.9,840.0,1493.6,908.3,76.68,57.83,20.1
347,13.88,118,player,Greuther Furth,0.419,1104.9,527.2,1128.9,586.4,60.21,28.37,23.6
347,13.88,127,player,Greuther Furth,0.418,1058.0,980.7,1099.1,1078.7,57.93,72.37,11.8
347,13.88,132,player,Greuther Furth,0.387,641.9,486.0,669.2,541.8,37.43,24.06,0.0
347,13.88,131,player,Greuther Furth,0.353,599.8,450.1,624.2,507.6,35.19,20.73,18.6
347,13.88,0,ball,Ball,0.7,1773.0,1041.0,1785.0,1052.0,90.2,69.67,0.0
348,13.92,129,player,Greuther Furth,0.65,429.9,547.3,456.8,638.8,27.29,33.36,27.4
348,13.92,10,player,Greuther Furth,0.629,1560.5,504.6,1583.1,567.1,82.67,26.51,7.2
348,13.92,86,player,Greuther Furth,0.574,468.4,773.1,499.7,854.2,29.99,53.07,19.1
348,13.92,90,player,Greuther Furth,0.573,593.7,623.5,621.1,695.6,35.44,38.67,7.7
348,13.92,124,player,Greuther Furth,0.57,1177.2,506.8,1199.3,562.3,63.76,26.05,7.0
348,13.92,108,player,Greuther Furth,0.57,534.5,461.5,556.3,517.0,31.9,21.65,6.9
348,13.92,123,player,VfB Stuttgart,0.498,332.1,920.6,376.4,1018.0,24.51,67.27,24.4
348,13.92,80,player,Greuther Furth,0.466,1733.1,822.3,1760.0,913.1,89.39,58.25,37.3
348,13.92,132,player,Greuther Furth,0.435,641.8,485.6,670.4,541.7,37.46,24.05,2.4
348,13.92,133,player,Greuther Furth,0.419,1497.4,376.5,1519.0,424.0,80.12,12.42,0.0
348,13.92,125,player,Greuther Furth,0.404,1454.5,840.2,1491.0,908.5,76.56,57.85,10.5
348,13.92,127,player,Greuther Furth,0.386,1057.3,980.9,1099.2,1078.7,57.92,72.37,1.1
348,13.92,131,player,Greuther Furth,0.345,598.0,449.5,623.6,507.2,35.13,20.69,6.7
348,13.92,118,player,Greuther Furth,0.318,1103.8,527.6,1128.8,585.6,60.19,28.29,7.3
348,13.92,119,player,Greuther Furth,0.31,994.4,492.0,1017.6,552.0,54.77,25.06,11.7
348,13.92,130,player,Greuther Furth,0.303,693.3,373.8,712.0,422.9,39.53,12.3,0.0
348,13.92,0,ball,Ball,0.7,1777.0,1041.0,1787.0,1050.0,90.34,69.59,0.0
349,13.96,129,player,Greuther Furth,0.657,429.5,545.9,456.8,636.2,27.27,33.11,22.4
349,13.96,86,player,Greuther Furth,0.6,467.7,771.8,499.4,856.5,29.97,53.27,18.3
349,13.96,124,player,Greuther Furth,0.593,1175.5,506.2,1198.1,563.6,63.69,26.17,13.2
349,13.96,90,player,Greuther Furth,0.586,592.3,623.9,619.2,696.4,35.36,38.75,9.9
349,13.96,108,player,Greuther Furth,0.559,535.4,461.2,557.3,514.7,31.94,21.42,20.8
349,13.96,10,player,Greuther Furth,0.542,1559.3,503.3,1583.0,565.7,82.64,26.38,11.8
349,13.96,125,player,Greuther Furth,0.476,1453.1,839.7,1489.6,905.8,76.51,57.61,21.6
349,13.96,80,player,Greuther Furth,0.458,1733.2,821.9,1760.2,907.8,89.42,57.79,38.0
349,13.96,119,player,Greuther Furth,0.455,994.1,493.8,1015.5,551.4,54.72,25.0,7.6
349,13.96,123,player,VfB Stuttgart,0.416,332.8,920.5,376.8,1017.9,24.53,67.26,2.3
349,13.96,132,player,Greuther Furth,0.414,641.9,486.0,671.0,541.5,37.47,24.04,2.0
349,13.96,133,player,Greuther Furth,0.344,1497.6,376.7,1518.5,422.9,80.12,12.31,9.6
349,13.96,118,player,Greuther Furth,0.338,1102.6,527.3,1123.2,584.6,60.02,28.2,16.9
349,13.96,131,player,Greuther Furth,0.322,598.1,450.1,622.7,506.0,35.1,20.57,10.9
349,13.96,0,ball,Ball,0.7,904.0,445.0,921.0,461.0,50.12,15.32,0.0
350,14.0,86,player,Greuther Furth,0.658,466.9,772.1,499.6,859.0,29.97,53.49,19.5
350,14.0,119,player,Greuther Furth,0.642,990.9,495.1,1011.2,551.1,54.53,24.96,16.8
350,14.0,10,player,Greuther Furth,0.619,1556.6,498.7,1584.2,565.0,82.61,26.31,7.0
350,14.0,129,player,Greuther Furth,0.612,429.5,544.8,456.0,632.8,27.24,32.79,28.9
350,14.0,90,player,Greuther Furth,0.599,591.8,625.6,617.2,696.9,35.3,38.8,6.6
350,14.0,108,player,Greuther Furth,0.578,535.7,461.1,557.6,514.2,31.96,21.38,4.0
350,14.0,125,player,Greuther Furth,0.553,1451.9,839.2,1489.1,910.7,76.45,58.04,38.0
350,14.0,80,player,Greuther Furth,0.508,1734.2,820.3,1760.5,908.6,89.45,57.85,6.4
350,14.0,124,player,Greuther Furth,0.505,1173.6,505.2,1194.5,561.8,63.56,26.0,19.4
350,14.0,132,player,Greuther Furth,0.463,641.9,486.0,671.9,540.9,37.49,23.97,6.0
350,14.0,118,player,Greuther Furth,0.394,1101.0,528.2,1122.7,584.3,59.97,28.17,5.4
350,14.0,123,player,VfB Stuttgart,0.35,325.8,920.8,375.7,1016.8,24.34,67.17,19.3
350,14.0,131,player,Greuther Furth,0.346,598.0,451.2,620.7,504.9,35.05,20.46,10.8
350,14.0,133,player,Greuther Furth,0.34,1497.6,375.6,1518.0,421.7,80.11,12.18,11.4
350,14.0,121,player,Greuther Furth,0.315,887.5,438.2,925.2,499.9,49.83,19.97,3.5
350,14.0,130,player,Greuther Furth,0.301,691.9,374.8,712.3,423.2,39.51,12.34,2.0
350,14.0,0,ball,Ball,0.7,1238.0,986.0,1249.0,1000.0,65.65,65.14,0.0
351,14.04,86,player,Greuther Furth,0.624,466.5,772.5,499.1,858.4,29.95,53.44,4.7
351,14.04,119,player,Greuther Furth,0.604,988.7,493.4,1009.7,548.5,54.44,24.72,23.6
351,14.04,129,player,Greuther Furth,0.598,428.4,547.5,455.6,629.9,27.19,32.52,24.7
351,14.04,10,player,Greuther Furth,0.563,1555.5,497.9,1584.5,564.9,82.59,26.3,2.0
351,14.04,108,player,Greuther Furth,0.549,536.3,461.2,558.8,514.1,32.0,21.36,4.0
351,14.04,90,player,Greuther Furth,0.51,589.2,626.3,616.6,697.5,35.22,38.85,8.7
351,14.04,80,player,Greuther Furth,0.472,1734.5,819.6,1760.3,907.5,89.46,57.76,8.2
351,14.04,125,player,Greuther Furth,0.451,1449.7,839.0,1487.2,914.0,76.34,58.33,28.0
351,14.04,118,player,Greuther Furth,0.441,1099.5,524.5,1120.6,583.2,59.88,28.06,12.4
351,14.04,132,player,Greuther Furth,0.415,644.8,487.2,672.3,538.5,37.57,23.75,21.5
351,14.04,124,player,Greuther Furth,0.402,1170.8,505.7,1191.4,558.9,63.42,25.72,28.3
351,14.04,133,player,Greuther Furth,0.387,1497.4,375.6,1518.0,423.7,80.09,12.39,18.8
351,14.04,134,player,Greuther Furth,0.372,1192.3,1050.4,1227.9,1080.0,63.96,72.47,0.0
351,14.04,131,player,Greuther Furth,0.332,597.8,451.4,620.9,505.7,35.05,20.54,6.7
351,14.04,123,player,VfB Stuttgart,0.326,323.8,922.5,374.4,1017.0,24.26,67.19,7.0
351,14.04,0,ball,Ball,0.7,905.0,443.0,921.0,459.0,50.14,15.12,0.0
352,14.08,119,player,Greuther Furth,0.614,986.7,492.5,1007.9,548.1,54.34,24.68,9.1
352,14.08,86,player,Greuther Furth,0.608,466.6,773.2,498.4,855.9,29.92,53.22,20.3
352,14.08,129,player,Greuther Furth,0.608,425.5,544.5,455.3,629.0,27.11,32.43,11.0
352,14.08,10,player,Greuther Furth,0.566,1554.5,497.9,1583.5,565.5,82.54,26.36,6.9
352,14.08,108,player,Greuther Furth,0.532,536.7,460.0,559.1,514.1,32.02,21.36,1.7
352,14.08,118,player,Greuther Furth,0.505,1095.6,523.2,1120.3,584.0,59.78,28.14,12.0
352,14.08,90,player,Greuther Furth,0.494,589.6,625.7,617.2,695.6,35.25,38.68,16.1
352,14.08,80,player,Greuther Furth,0.475,1734.3,819.5,1760.1,908.1,89.45,57.81,4.3
352,14.08,132,player,Greuther Furth,0.465,649.3,486.1,674.2,537.5,37.73,23.64,16.9
352,14.08,133,player,Greuther Furth,0.422,1497.2,375.1,1516.6,423.7,80.05,12.38,3.7
352,14.08,125,player,Greuther Furth,0.403,1446.6,838.1,1483.5,914.8,76.18,58.4,15.8
352,14.08,134,player,Greuther Furth,0.355,1193.2,1050.2,1226.8,1080.0,63.95,72.47,0.5
352,14.08,124,player,Greuther Furth,0.31,1170.0,503.2,1190.4,556.6,63.37,25.5,20.3
352,14.08,131,player,Greuther Furth,0.302,597.1,452.1,620.7,506.0,35.03,20.56,3.2
352,14.08,0,ball,Ball,0.7,774.0,293.0,783.0,302.0,43.18,-0.57,0.0
353,14.12,86,player,Greuther Furth,0.582,465.7,772.5,497.4,857.0,29.88,53.32,9.6
353,14.12,129,player,Greuther Furth,0.577,424.4,545.1,455.6,628.6,27.09,32.4,3.5
353,14.12,119,player,Greuther Furth,0.568,984.0,494.2,1006.0,549.5,54.23,24.81,15.6
353,14.12,108,player,Greuther Furth,0.531,536.5,458.6,558.4,514.5,32.0,21.4,4.2
353,14.12,90,player,Greuther Furth,0.522,587.9,626.3,615.3,696.9,35.16,38.79,12.8
353,14.12,10,player,Greuther Furth,0.518,1551.1,498.2,1581.5,564.6,82.41,26.27,14.0
353,14.12,80,player,Greuther Furth,0.494,1733.3,820.3,1759.8,907.6,89.42,57.77,4.6
353,14.12,132,player,Greuther Furth,0.486,650.7,485.1,675.5,537.9,37.8,23.69,7.3
353,14.12,118,player,Greuther Furth,0.451,1093.9,519.8,1119.1,581.8,59.71,27.93,20.2
353,14.12,125,player,Greuther Furth,0.391,1443.5,836.9,1480.9,910.3,76.06,58.01,37.0
353,14.12,133,player,Greuther Furth,0.385,1496.5,375.5,1516.6,422.4,80.04,12.26,11.2
353,14.12,124,player,Greuther Furth,0.365,1164.7,501.7,1189.6,559.8,63.22,25.81,31.0
353,14.12,134,player,Greuther Furth,0.333,1193.0,1049.7,1226.6,1080.0,63.95,72.47,0.5
353,14.12,0,ball,Ball,0.7,905.0,442.0,920.0,457.0,50.12,14.97,0.0
354,14.16,86,player,Greuther Furth,0.537,464.4,773.1,496.1,856.9,29.82,53.31,5.6
354,14.16,119,player,Greuther Furth,0.531,979.8,494.3,1001.5,549.5,54.02,24.82,19.2
354,14.16,129,player,Greuther Furth,0.526,422.9,543.7,455.2,629.5,27.05,32.47,8.0
354,14.16,10,player,Greuther Furth,0.49,1551.2,498.2,1578.6,565.7,82.33,26.38,12.1
354,14.16,108,player,Greuther Furth,0.48,535.6,457.9,556.3,512.9,31.92,21.25,16.1
354,14.16,132,player,Greuther Furth,0.473,654.3,482.3,676.7,536.8,37.91,23.58,14.2
354,14.16,80,player,Greuther Furth,0.419,1730.2,821.5,1759.2,911.6,89.31,58.12,32.9
354,14.16,90,player,Greuther Furth,0.413,585.6,625.4,612.3,698.6,35.04,38.95,17.9
354,14.16,124,player,Greuther Furth,0.382,1162.3,500.1,1185.6,554.5,63.07,25.29,38.0
354,14.16,133,player,Greuther Furth,0.38,1495.2,375.1,1515.6,422.4,79.99,12.25,5.2
354,14.16,118,player,Greuther Furth,0.334,1090.7,519.1,1116.2,579.4,59.56,27.7,24.3
354,14.16,125,player,Greuther Furth,0.318,1438.8,839.5,1477.3,909.4,75.87,57.93,18.7
354,14.16,134,player,Greuther Furth,0.314,1191.4,1050.2,1225.4,1080.0,63.88,72.47,5.9
354,14.16,0,ball,Ball,0.7,904.0,442.0,919.0,457.0,50.07,14.97,0.0
355,14.2,90,player,Greuther Furth,0.542,584.2,624.9,610.0,698.6,34.95,38.95,8.1
355,14.2,10,player,Greuther Furth,0.533,1547.9,496.8,1577.4,566.7,82.22,26.47,13.3
355,14.2,80,player,Greuther Furth,0.497,1730.3,820.4,1757.3,908.0,89.29,57.8,28.6
355,14.2,119,player,Greuther Furth,0.487,975.1,491.3,998.8,548.5,53.83,24.71,18.9
355,14.2,118,player,Greuther Furth,0.473,1089.6,518.4,1113.3,579.5,59.46,27.71,8.9
355,14.2,86,player,Greuther Furth,0.467,462.6,774.9,494.2,856.5,29.73,53.27,9.1
355,14.2,132,player,Greuther Furth,0.465,654.5,481.4,675.8,536.0,37.89,23.5,7.6
355,14.2,108,player,Greuther Furth,0.45,533.5,459.0,552.9,514.0,31.78,21.35,15.2
355,14.2,129,player,Greuther Furth,0.424,421.7,552.2,454.4,629.5,27.0,32.48,4.3
355,14.2,125,player,Greuther Furth,0.417,1436.4,839.2,1469.0,901.1,75.65,57.2,38.0
355,14.2,133,player,Greuther Furth,0.412,1495.4,373.9,1513.3,417.7,79.95,11.78,38.0
355,14.2,127,player,Greuther Furth,0.351,1042.8,972.5,1086.2,1075.8,57.29,72.12,0.0
355,14.2,134,player,Greuther Furth,0.343,1191.2,1050.4,1225.0,1080.0,63.87,72.47,1.1
355,14.2,124,player,Greuther Furth,0.335,1162.4,502.1,1182.6,553.4,63.0,25.19,11.1
355,14.2,0,ball,Ball,0.7,903.0,442.0,918.0,457.0,50.02,14.97,0.0
356,14.24,90,player,Greuther Furth,0.649,581.5,626.2,607.7,700.8,34.83,39.16,21.3
356,14.24,125,player,Greuther Furth,0.519,1431.5,837.3,1464.8,901.4,75.43,57.23,19.5
356,14.24,119,player,Greuther Furth,0.518,971.3,490.6,992.6,544.5,53.59,24.33,38.0
356,14.24,86,player,Greuther Furth,0.515,459.7,775.1,490.2,859.2,29.58,53.51,25.5
356,14.24,118,player,Greuther Furth,0.503,1085.1,517.7,1109.0,579.6,59.24,27.72,19.7
356,14.24,132,player,Greuther Furth,0.446,653.1,481.0,675.6,537.4,37.85,23.64,12.8
356,14.24,10,player,Greuther Furth,0.424,1544.5,500.7,1572.8,562.2,82.04,26.04,38.0
356,14.24,129,player,Greuther Furth,0.418,420.5,553.6,453.3,630.3,26.95,32.55,7.9
356,14.24,80,player,Greuther Furth,0.41,1724.4,820.4,1755.5,908.2,89.1,57.82,16.7
356,14.24,108,player,Greuther Furth,0.393,531.5,456.5,551.6,511.6,31.69,21.11,22.7
356,14.24,133,player,Greuther Furth,0.39,1491.5,373.7,1511.9,416.9,79.82,11.7,13.8
356,14.24,121,player,Greuther Furth,0.351,880.7,436.6,924.6,490.7,49.64,19.06,0.0
356,14.24,127,player,Greuther Furth,0.315,1039.8,972.1,1082.1,1077.0,57.13,72.22,17.0
356,14.24,134,player,Greuther Furth,0.301,1189.5,1050.0,1223.9,1080.0,63.8,72.47,6.0
356,14.24,0,ball,Ball,0.7,1487.0,1002.0,1498.0,1017.0,77.14,66.55,0.0
357,14.28,119,player,Greuther Furth,0.578,967.7,490.3,987.6,545.2,53.37,24.4,19.9
357,14.28,90,player,Greuther Furth,0.56,576.5,627.5,603.4,701.5,34.61,39.22,20.6
357,14.28,86,player,Greuther Furth,0.558,457.7,774.6,487.0,856.9,29.44,53.31,21.7
357,14.28,118,player,Greuther Furth,0.472,1081.7,516.9,1103.4,581.2,59.02,27.87,24.1
357,14.28,132,player,Greuther Furth,0.454,653.7,480.2,675.3,534.9,37.86,23.39,22.0
357,14.28,108,player,Greuther Furth,0.424,527.9,456.0,550.3,511.0,31.57,21.06,12.2
357,14.28,133,player,Greuther Furth,0.414,1489.2,372.7,1510.4,416.4,79.73,11.65,9.6
357,14.28,10,player,Greuther Furth,0.389,1541.9,500.1,1568.0,559.3,81.87,25.76,29.7
357,14.28,125,player,Greuther Furth,0.378,1426.0,837.9,1460.5,905.9,75.19,57.62,38.0
357,14.28,123,player,VfB Stuttgart,0.374,307.0,926.0,363.8,1016.4,23.63,67.13,0.0
357,14.28,80,player,Greuther Furth,0.346,1717.1,819.1,1752.8,908.8,88.87,57.88,21.8
357,14.28,127,player,Greuther Furth,0.305,1039.2,970.7,1080.9,1072.9,57.09,71.88,30.6
357,14.28,0,ball,Ball,0.7,900.0,442.0,915.0,457.0,49.87,14.97,0.0
358,14.32,86,player,Greuther Furth,0.622,454.2,775.6,484.3,857.2,29.3,53.33,13.3
358,14.32,108,player,Greuther Furth,0.48,525.2,455.3,547.1,511.5,31.43,21.1,13.7
358,14.32,119,player,Greuther Furth,0.476,962.4,492.7,982.8,544.9,53.12,24.37,22.7
358,14.32,132,player,Greuther Furth,0.454,652.8,480.6,675.1,535.6,37.83,23.46,6.4
358,14.32,118,player,Greuther Furth,0.432,1079.3,516.3,1099.7,575.2,58.88,27.3,38.0
358,14.32,10,player,Greuther Furth,0.409,1538.1,497.5,1564.8,557.9,81.71,25.62,19.2
358,14.32,133,player,Greuther Furth,0.378,1486.9,372.0,1508.9,416.3,79.63,11.64,8.7
358,14.32,80,player,Greuther Furth,0.374,1714.8,817.3,1751.4,907.0,88.79,57.71,16.2
358,14.32,90,player,Greuther Furth,0.339,574.3,629.2,599.8,699.8,34.47,39.07,18.9
358,14.32,123,player,VfB Stuttgart,0.332,302.7,928.5,360.4,1016.8,23.45,67.16,15.9
358,14.32,121,player,Greuther Furth,0.324,877.0,441.6,918.7,489.9,49.4,18.99,11.4
358,14.32,0,ball,Ball,0.7,396.0,258.0,424.0,278.0,24.12,-3.67,0.0
359,14.36,86,player,Greuther Furth,0.652,450.0,777.3,481.3,861.3,29.14,53.7,35.6
359,14.36,90,player,Greuther Furth,0.446,569.3,630.0,596.9,700.1,34.28,39.09,17.2
359,14.36,132,player,Greuther Furth,0.441,650.4,479.7,673.5,536.0,37.73,23.5,9.6
359,14.36,10,player,Greuther Furth,0.428,1532.1,497.6,1559.2,558.4,81.42,25.68,26.5
359,14.36,118,player,Greuther Furth,0.413,1072.6,517.4,1095.4,577.0,58.61,27.47,28.9
359,14.36,119,player,Greuther Furth,0.403,957.6,493.2,976.9,543.5,52.86,24.23,26.8
359,14.36,108,player,Greuther Furth,0.357,520.2,456.2,544.0,511.9,31.22,21.15,18.6
359,14.36,0,ball,Ball,0.7,897.0,442.0,910.0,458.0,49.66,15.02,0.0
360,14.4,86,player,Greuther Furth,0.586,444.7,778.1,479.4,865.9,28.99,54.11,38.0
360,14.4,125,player,Greuther Furth,0.438,1411.8,834.7,1443.1,904.8,74.45,57.52,22.3
360,14.4,123,player,VfB Stuttgart,0.363,297.7,922.8,356.6,1016.1,23.24,67.11,9.7
360,14.4,90,player,Greuther Furth,0.344,564.8,630.8,591.5,702.6,34.04,39.32,29.8
360,14.4,10,player,Greuther Furth,0.341,1526.2,496.4,1552.1,558.3,81.1,25.66,28.8
360,14.4,118,player,Greuther Furth,0.327,1068.5,516.2,1090.6,569.3,58.39,26.73,38.0
360,14.4,132,player,Greuther Furth,0.304,648.1,480.6,672.3,534.7,37.64,23.38,13.6
360,14.4,0,ball,Ball,0.7,894.0,442.0,908.0,457.0,49.54,14.97,0.0
361,14.44,86,player,Greuther Furth,0.66,442.3,778.8,477.2,866.0,28.88,54.12,9.7
361,14.44,125,player,Greuther Furth,0.46,1407.0,833.7,1438.5,905.5,74.23,57.58,20.8
361,14.44,135,player,Greuther Furth,0.444,1438.7,977.3,1484.6,1073.0,75.51,71.89,0.0
361,14.44,118,player,Greuther Furth,0.438,1065.2,517.0,1087.3,570.7,58.23,26.87,19.3
361,14.44,90,player,Greuther Furth,0.378,561.1,632.1,587.2,704.9,33.85,39.53,25.4
361,14.44,0,ball,Ball,0.7,892.0,442.0,906.0,457.0,49.44,14.97,0.0
362,14.48,86,player,Greuther Furth,0.61,439.5,778.0,474.7,866.4,28.76,54.15,11.6
362,14.48,119,player,Greuther Furth,0.523,943.3,489.2,961.6,544.2,52.13,24.3,22.0
362,14.48,90,player,Greuther Furth,0.483,557.7,633.0,584.1,706.5,33.7,39.69,19.3
362,14.48,136,player,Greuther Furth,0.456,471.9,895.4,510.5,989.7,30.75,64.86,0.0
362,14.48,118,player,Greuther Furth,0.454,1060.7,516.6,1082.4,576.6,57.99,27.43,38.0
362,14.48,125,player,Greuther Furth,0.452,1403.3,833.7,1432.8,907.6,74.0,57.77,26.3
362,14.48,10,player,Greuther Furth,0.376,1520.5,496.7,1544.0,557.6,80.76,25.6,15.5
362,14.48,135,player,Greuther Furth,0.315,1440.2,979.8,1483.5,1073.3,75.52,71.92,2.1
362,14.48,0,ball,Ball,0.7,889.0,441.0,904.0,457.0,49.31,14.92,0.0
363,14.52,86,player,Greuther Furth,0.521,437.1,778.8,469.0,866.7,28.57,54.18,17.4
363,14.52,90,player,Greuther Furth,0.513,554.5,634.6,580.8,706.5,33.54,39.69,14.3
363,14.52,118,player,Greuther Furth,0.47,1056.1,515.4,1077.8,578.3,57.76,27.6,25.5
363,14.52,10,player,Greuther Furth,0.466,1514.8,495.8,1537.9,557.5,80.47,25.59,26.0
363,14.52,119,player,Greuther Furth,0.462,936.6,489.5,959.6,540.7,51.91,23.96,36.1
363,14.52,136,player,Greuther Furth,0.43,470.3,895.7,508.9,989.0,30.67,64.8,8.9
363,14.52,123,player,VfB Stuttgart,0.427,289.6,924.9,346.9,1022.5,22.86,67.65,20.0
363,14.52,125,player,Greuther Furth,0.405,1400.4,833.2,1432.7,905.5,73.94,57.58,17.4
363,14.52,135,player,Greuther Furth,0.31,1440.6,975.9,1482.7,1072.6,75.51,71.86,5.1
363,14.52,0,ball,Ball,0.7,887.0,441.0,902.0,456.0,49.21,14.87,0.0
364,14.56,90,player,Greuther Furth,0.59,548.8,636.5,576.6,708.9,33.31,39.9,28.7
364,14.56,10,player,Greuther Furth,0.552,1508.9,495.2,1535.2,557.6,80.26,25.59,19.1
364,14.56,86,player,Greuther Furth,0.542,435.0,780.1,465.0,868.3,28.43,54.31,17.2
364,14.56,123,player,VfB Stuttgart,0.499,284.8,926.2,343.4,1020.0,22.66,67.44,26.2
364,14.56,125,player,Greuther Furth,0.43,1395.5,834.0,1425.0,905.5,73.64,57.58,26.5
364,14.56,118,player,Greuther Furth,0.41,1054.8,515.2,1074.7,575.0,57.66,27.28,30.3
364,14.56,136,player,Greuther Furth,0.386,468.5,895.2,507.7,988.7,30.6,64.77,6.6
364,14.56,119,player,Greuther Furth,0.359,931.7,490.7,952.9,538.8,51.62,23.77,31.0
364,14.56,135,player,Greuther Furth,0.313,1438.0,975.7,1480.4,1072.5,75.4,71.85,10.0
364,14.56,0,ball,Ball,0.7,885.0,440.0,900.0,456.0,49.11,14.82,0.0
365,14.6,86,player,Greuther Furth,0.578,433.0,780.7,462.5,869.5,28.33,54.42,13.1
365,14.6,137,player,Greuther Furth,0.508,1471.0,367.0,1487.5,413.0,78.7,11.31,0.0
365,14.6,125,player,Greuther Furth,0.501,1391.7,833.7,1420.0,905.2,73.43,57.56,18.8
365,14.6,90,player,Greuther Furth,0.477,545.4,638.0,573.2,711.1,33.15,40.11,23.3
365,14.6,118,player,Greuther Furth,0.455,1048.9,514.0,1072.1,575.3,57.45,27.3,19.1
365,14.6,10,player,Greuther Furth,0.434,1504.9,496.5,1531.6,556.2,80.07,25.46,20.4
365,14.6,123,player,VfB Stuttgart,0.41,283.8,925.5,340.4,1019.3,22.56,67.37,10.5
365,14.6,119,player,Greuther Furth,0.397,925.7,487.6,948.7,540.7,51.37,23.96,28.3
365,14.6,0,ball,Ball,0.7,883.0,440.0,899.0,455.0,49.04,14.77,0.0
366,14.64,86,player,Greuther Furth,0.64,430.8,779.5,461.1,869.4,28.24,54.41,7.9
366,14.64,125,player,Greuther Furth,0.611,1389.2,833.8,1417.6,908.7,73.31,57.86,30.0
366,14.64,90,player,Greuther Furth,0.488,543.4,636.9,571.4,715.8,33.08,40.55,38.0
366,14.64,137,player,Greuther Furth,0.403,1467.3,365.2,1486.4,412.7,78.58,11.27,11.2
366,14.64,138,player,Greuther Furth,0.386,503.3,452.8,524.2,508.8,30.3,20.85,0.0
366,14.64,119,player,Greuther Furth,0.383,923.5,489.6,943.1,539.6,51.18,23.85,19.9
366,14.64,123,player,VfB Stuttgart,0.372,285.6,929.1,336.1,1019.7,22.51,67.41,6.0
366,14.64,136,player,Greuther Furth,0.36,466.3,897.6,503.2,994.7,30.47,65.29,24.0
366,14.64,0,ball,Ball,0.7,882.0,440.0,897.0,455.0,48.96,14.77,0.0
367,14.68,86,player,Greuther Furth,0.619,427.4,780.2,459.5,866.6,28.11,54.17,24.7
367,14.68,119,player,Greuther Furth,0.529,919.7,486.6,940.3,539.9,51.01,23.88,15.0
367,14.68,90,player,Greuther Furth,0.522,540.1,636.4,569.5,717.7,32.96,40.72,19.2
367,14.68,118,player,Greuther Furth,0.503,1042.0,513.1,1065.0,570.8,57.11,26.87,24.7
367,14.68,125,player,Greuther Furth,0.491,1386.3,833.3,1415.4,908.2,73.19,57.82,11.5
367,14.68,135,player,Greuther Furth,0.404,1429.5,972.0,1476.2,1072.5,75.1,71.85,8.8
367,14.68,123,player,VfB Stuttgart,0.401,281.1,929.5,334.3,1021.0,22.37,67.52,15.9
367,14.68,136,player,Greuther Furth,0.368,466.9,898.3,501.6,993.9,30.44,65.22,6.8
367,14.68,137,player,Greuther Furth,0.354,1465.8,367.1,1484.9,412.5,78.51,11.25,6.9
367,14.68,10,player,Greuther Furth,0.348,1499.5,494.5,1525.2,558.1,79.77,25.64,15.7
367,14.68,138,player,Greuther Furth,0.336,501.8,450.4,520.7,508.9,30.18,20.86,11.2
367,14.68,0,ball,Ball,0.7,880.0,440.0,896.0,455.0,48.89,14.77,0.0
368,14.72,86,player,Greuther Furth,0.608,425.8,780.7,456.9,869.8,28.03,54.45,26.4
368,14.72,119,player,Greuther Furth,0.553,915.7,487.7,936.1,538.9,50.81,23.79,20.2
368,14.72,90,player,Greuther Furth,0.544,537.0,639.4,567.8,717.9,32.84,40.73,10.4
368,14.72,118,player,Greuther Furth,0.537,1039.2,513.9,1061.3,569.2,56.95,26.71,20.2
368,14.72,139,player,Greuther Furth,0.474,400.4,557.4,424.2,620.6,25.7,31.63,0.0
368,14.72,125,player,Greuther Furth,0.425,1382.3,834.4,1412.2,907.9,73.02,57.8,15.2
368,14.72,135,player,Greuther Furth,0.41,1428.7,974.2,1471.6,1073.8,74.98,71.96,15.3
368,14.72,123,player,VfB Stuttgart,0.386,280.9,933.4,331.2,1018.8,22.28,67.33,18.3
368,14.72,10,player,Greuther Furth,0.321,1492.4,495.3,1521.6,556.8,79.51,25.52,26.1
368,14.72,138,player,Greuther Furth,0.32,498.4,455.1,519.6,510.6,30.07,21.02,17.6
368,14.72,0,ball,Ball,0.7,879.0,440.0,895.0,456.0,48.84,14.82,0.0
369,14.76,90,player,Greuther Furth,0.551,534.9,639.4,561.6,717.0,32.64,40.65,19.7
369,14.76,86,player,Greuther Furth,0.551,422.6,782.0,454.9,871.1,27.91,54.56,14.7
369,14.76,118,player,Greuther Furth,0.529,1035.9,511.8,1057.5,569.3,56.77,26.72,15.7
369,14.76,139,player,Greuther Furth,0.507,398.2,553.5,423.0,622.4,25.63,31.8,16.6
369,14.76,119,player,Greuther Furth,0.497,912.0,488.5,931.6,538.2,50.61,23.72,19.3
369,14.76,141,player,Greuther Furth,0.383,989.3,951.9,1033.9,1073.5,54.87,71.93,0.0
369,14.76,140,player,VfB Stuttgart,0.371,1682.7,984.4,1731.1,1077.8,86.73,72.29,0.0
369,14.76,137,player,Greuther Furth,0.336,1463.6,369.4,1482.6,411.3,78.4,11.13,7.3
369,14.76,125,player,Greuther Furth,0.332,1381.1,835.1,1409.6,903.8,72.95,57.44,33.3
369,14.76,10,player,Greuther Furth,0.326,1493.0,496.0,1520.4,555.4,79.51,25.38,12.4
369,14.76,0,ball,Ball,0.7,878.0,440.0,894.0,455.0,48.79,14.77,0.0
370,14.8,90,player,Greuther Furth,0.56,530.5,639.8,559.5,718.0,32.49,40.74,16.1
370,14.8,86,player,Greuther Furth,0.557,418.9,782.0,450.4,868.3,27.7,54.32,28.7
370,14.8,118,player,Greuther Furth,0.484,1032.7,512.2,1056.8,568.7,56.68,26.67,10.1
370,14.8,119,player,Greuther Furth,0.48,907.4,488.5,927.9,538.3,50.4,23.72,18.5
370,14.8,139,player,Greuther Furth,0.444,393.0,552.2,420.1,622.3,25.43,31.8,17.8
370,14.8,135,player,Greuther Furth,0.42,1429.2,976.7,1471.4,1076.8,74.98,72.21,11.2
370,14.8,137,player,Greuther Furth,0.378,1463.6,368.3,1483.2,411.7,78.42,11.18,4.0
370,14.8,10,player,Greuther Furth,0.376,1495.0,496.2,1518.6,555.1,79.51,25.36,2.0
370,14.8,141,player,Greuther Furth,0.366,988.7,955.2,1032.8,1039.1,54.84,69.05,38.0
370,14.8,125,player,Greuther Furth,0.358,1379.9,836.2,1408.6,908.1,72.88,57.81,34.6
370,14.8,123,player,VfB Stuttgart,0.305,271.9,937.9,327.5,1026.7,22.02,68.0,32.3
370,14.8,138,player,Greuther Furth,0.304,491.0,454.2,514.0,507.4,29.74,20.71,20.4
370,14.8,0,ball,Ball,0.7,877.0,440.0,893.0,455.0,48.73,14.77,0.0
371,14.84,90,player,Greuther Furth,0.587,526.5,640.9,555.8,718.0,32.3,40.75,16.8
371,14.84,86,player,Greuther Furth,0.534,416.3,785.1,448.0,869.4,27.59,54.41,13.2
371,14.84,118,player,Greuther Furth,0.483,1031.2,511.4,1053.4,568.9,56.56,26.69,11.0
371,14.84,139,player,Greuther Furth,0.46,392.9,551.9,416.4,619.9,25.33,31.56,23.1
371,14.84,125,player,Greuther Furth,0.457,1378.9,837.1,1407.9,911.2,72.83,58.08,24.7
371,14.84,141,player,Greuther Furth,0.429,982.9,953.4,1032.6,1043.9,54.7,69.46,38.0
371,14.84,10,player,Greuther Furth,0.392,1494.7,494.8,1518.2,555.3,79.49,25.38,2.2
371,14.84,135,player,Greuther Furth,0.377,1429.7,976.7,1474.0,1078.0,75.04,72.3,10.5
371,14.84,137,player,Greuther Furth,0.368,1464.9,366.8,1485.3,411.3,78.5,11.14,8.5
371,14.84,132,player,Greuther Furth,0.366,644.8,479.1,671.3,533.3,37.54,23.24,0.0
371,14.84,119,player,Greuther Furth,0.313,902.7,487.9,926.5,537.9,50.25,23.68,14.0
371,14.84,0,ball,Ball,0.7,876.0,440.0,892.0,455.0,48.68,14.77,0.0
372,14.88,90,player,Greuther Furth,0.631,522.0,641.8,550.9,718.4,32.07,40.79,20.4
372,14.88,139,player,Greuther Furth,0.541,389.5,552.8,413.2,618.5,25.16,31.43,19.0
372,14.88,125,player,Greuther Furth,0.525,1379.0,837.9,1407.3,916.0,72.81,58.5,37.6
372,14.88,86,player,Greuther Furth,0.522,411.5,788.9,444.8,874.5,27.42,54.87,38.0
372,14.88,118,player,Greuther Furth,0.497,1029.4,510.7,1051.5,569.9,56.46,26.78,12.0
372,14.88,10,player,Greuther Furth,0.453,1494.1,494.3,1518.0,555.4,79.47,25.38,1.8
372,14.88,137,player,Greuther Furth,0.451,1466.5,365.0,1487.0,412.2,78.58,11.22,10.4
372,14.88,132,player,Greuther Furth,0.413,647.6,479.1,671.9,533.2,37.62,23.23,7.7
372,14.88,141,player,Greuther Furth,0.392,981.1,957.2,1029.6,1046.4,54.59,69.66,21.1
372,14.88,123,player,VfB Stuttgart,0.323,261.4,932.8,318.1,1033.9,21.59,68.61,33.5
372,14.88,138,player,Greuther Furth,0.313,487.5,451.4,506.7,506.6,29.47,20.63,12.8
372,14.88,0,ball,Ball,0.7,874.0,440.0,891.0,455.0,48.61,14.77,0.0
373,14.92,86,player,Greuther Furth,0.663,409.2,791.1,440.3,878.0,27.27,55.17,30.5
373,14.92,90,player,Greuther Furth,0.532,517.6,644.6,546.1,720.1,31.86,40.94,24.1
373,14.92,139,player,Greuther Furth,0.484,386.8,554.0,408.1,619.4,24.97,31.52,18.4
373,14.92,118,player,Greuther Furth,0.477,1026.5,511.2,1048.8,570.4,56.33,26.83,13.3
373,14.92,137,player,Greuther Furth,0.449,1468.3,365.9,1487.9,412.6,78.65,11.27,7.3
373,14.92,125,player,Greuther Furth,0.429,1378.3,840.6,1406.1,914.1,72.77,58.34,15.1
373,14.92,132,player,Greuther Furth,0.425,649.5,478.8,671.9,533.6,37.67,23.26,5.5
373,14.92,119,player,Greuther Furth,0.412,897.2,483.0,918.2,540.6,49.91,23.95,19.6
373,14.92,10,player,Greuther Furth,0.383,1493.4,494.9,1517.5,555.8,79.44,25.42,4.8
373,14.92,142,player,Greuther Furth,0.376,1693.6,827.9,1726.8,917.9,87.66,58.67,0.0
373,14.92,123,player,VfB Stuttgart,0.352,258.2,942.6,312.5,1036.1,21.4,68.8,24.3
373,14.92,0,ball,Ball,0.7,873.0,440.0,890.0,456.0,48.56,14.82,0.0
374,14.96,86,player,Greuther Furth,0.72,406.3,792.8,437.0,881.7,27.14,55.49,31.5
374,14.96,119,player,Greuther Furth,0.544,895.1,485.1,915.1,543.6,49.78,24.24,28.5
374,14.96,139,player,Greuther Furth,0.542,384.2,554.5,406.9,622.7,24.9,31.83,29.2
374,14.96,90,player,Greuther Furth,0.521,515.1,649.1,543.3,721.0,31.73,41.03,13.6
374,14.96,118,player,Greuther Furth,0.479,1024.8,510.1,1047.5,571.1,56.25,26.9,8.9
374,14.96,132,player,Greuther Furth,0.458,649.2,479.2,672.8,534.5,37.68,23.35,8.2
374,14.96,137,player,Greuther Furth,0.458,1470.1,366.6,1489.4,412.7,78.73,11.27,7.5
374,14.96,142,player,Greuther Furth,0.438,1694.8,828.3,1729.4,919.5,87.74,58.81,14.7
374,14.96,10,player,Greuther Furth,0.415,1491.7,495.8,1516.9,559.3,79.37,25.76,31.2
374,14.96,125,player,Greuther Furth,0.386,1377.9,842.9,1406.1,913.4,72.76,58.27,5.8
374,14.96,138,player,Greuther Furth,0.342,483.4,449.9,502.9,507.9,29.27,20.76,10.4
374,14.96,0,ball,Ball,0.7,873.0,441.0,889.0,456.0,48.53,14.87,0.0
375,15.0,86,player,Greuther Furth,0.689,404.1,794.4,435.6,881.5,27.05,55.48,8.0
375,15.0,119,player,Greuther Furth,0.575,890.9,487.7,912.1,544.8,49.61,24.36,19.1
375,15.0,139,player,Greuther Furth,0.53,380.9,556.1,406.5,621.6,24.8,31.73,12.3
375,15.0,137,player,Greuther Furth,0.514,1471.1,366.2,1491.8,413.1,78.81,11.32,8.1
375,15.0,132,player,Greuther Furth,0.506,649.7,480.2,673.2,536.4,37.71,23.54,17.0
375,15.0,118,player,Greuther Furth,0.485,1022.7,511.1,1046.5,571.7,56.18,26.96,9.0
375,15.0,143,player,Greuther Furth,0.478,341.9,539.5,365.7,612.6,22.81,30.87,0.0
375,15.0,138,player,Greuther Furth,0.452,480.7,453.1,501.2,511.8,29.18,21.14,35.6
375,15.0,10,player,Greuther Furth,0.443,1491.3,496.8,1516.9,560.5,79.36,25.88,10.8
375,15.0,90,player,Greuther Furth,0.43,512.5,651.0,540.3,727.0,31.61,41.57,38.0
375,15.0,125,player,Greuther Furth,0.384,1375.6,846.6,1404.7,918.5,72.66,58.72,38.0
375,15.0,142,player,Greuther Furth,0.365,1697.7,830.5,1729.1,919.7,87.8,58.82,5.4
375,15.0,123,player,VfB Stuttgart,0.333,249.0,946.6,306.3,1044.9,21.08,69.54,36.1
375,15.0,0,ball,Ball,0.7,873.0,442.0,888.0,457.0,48.51,14.97,0.0
376,15.04,86,player,Greuther Furth,0.692,402.4,796.5,432.9,885.0,26.96,55.79,28.8
376,15.04,90,player,Greuther Furth,0.523,510.5,655.3,537.6,733.2,31.52,42.14,38.0
376,15.04,118,player,Greuther Furth,0.495,1021.8,514.0,1042.8,576.2,56.06,27.39,38.0
376,15.04,142,player,Greuther Furth,0.485,1698.9,834.5,1730.4,922.9,87.84,59.1,25.5
376,15.04,139,player,Greuther Furth,0.48,380.4,561.4,404.5,623.7,24.75,31.92,18.0
376,15.04,132,player,Greuther Furth,0.472,652.4,481.6,674.4,537.7,37.81,23.67,14.4
376,15.04,10,player,Greuther Furth,0.467,1491.9,500.1,1516.5,561.9,79.35,26.02,12.2
376,15.04,123,player,VfB Stuttgart,0.449,248.4,949.9,306.6,1049.5,21.1,69.92,34.7
376,15.04,138,player,Greuther Furth,0.44,479.2,456.8,498.4,514.2,29.08,21.37,22.7
376,15.04,137,player,Greuther Furth,0.421,1473.2,367.9,1493.2,413.5,78.9,11.36,8.8
376,15.04,125,player,Greuther Furth,0.391,1373.5,849.9,1404.3,926.2,72.58,59.39,38.0
376,15.04,143,player,Greuther Furth,0.384,339.9,541.5,361.5,606.3,22.63,30.27,38.0
376,15.04,119,player,Greuther Furth,0.383,890.8,491.9,910.4,542.6,49.56,24.14,20.2
376,15.04,0,ball,Ball,0.7,872.0,443.0,888.0,459.0,48.49,15.12,0.0
377,15.08,86,player,Greuther Furth,0.598,399.8,801.8,432.5,887.2,26.9,55.98,18.5
377,15.08,90,player,Greuther Furth,0.56,507.1,660.6,534.5,733.7,31.37,42.19,14.6
377,15.08,118,player,Greuther Furth,0.557,1019.7,515.6,1040.9,576.7,55.96,27.44,10.1
377,15.08,132,player,Greuther Furth,0.518,653.0,482.5,676.8,537.8,37.88,23.68,6.6
377,15.08,143,player,Greuther Furth,0.509,337.5,542.4,358.7,611.4,22.52,30.76,38.0
377,15.08,10,player,Greuther Furth,0.506,1491.4,501.9,1516.2,565.5,79.32,26.36,30.7
377,15.08,138,player,Greuther Furth,0.463,478.3,458.9,496.5,512.8,29.0,21.23,14.5
377,15.08,139,player,Greuther Furth,0.439,379.5,562.2,402.3,626.1,24.68,32.16,21.7
377,15.08,123,player,VfB Stuttgart,0.385,245.3,953.0,303.6,1050.2,20.96,69.98,13.3
377,15.08,142,player,Greuther Furth,0.381,1699.7,838.8,1731.1,928.0,87.86,59.54,38.0
377,15.08,137,player,Greuther Furth,0.379,1472.6,369.7,1495.5,414.9,78.94,11.5,13.5
377,15.08,125,player,Greuther Furth,0.318,1371.8,852.7,1403.7,925.1,72.53,59.3,9.2
377,15.08,119,player,Greuther Furth,0.315,884.8,491.8,906.8,541.5,49.32,24.04,23.1
377,15.08,0,ball,Ball,0.7,872.0,444.0,887.0,460.0,48.46,15.22,0.0
378,15.12,143,player,Greuther Furth,0.567,335.1,545.2,354.8,613.2,22.38,30.93,20.2
378,15.12,86,player,Greuther Furth,0.566,398.3,803.9,430.4,892.4,26.83,56.44,38.0
378,15.12,10,player,Greuther Furth,0.552,1491.5,505.0,1516.2,566.3,79.32,26.44,7.5
378,15.12,118,player,Greuther Furth,0.546,1017.4,515.9,1040.6,573.6,55.9,27.14,27.0
378,15.12,132,player,Greuther Furth,0.546,655.0,481.9,677.4,539.0,37.95,23.79,11.7
378,15.12,90,player,Greuther Furth,0.538,503.4,661.4,532.0,737.2,31.23,42.52,31.5
378,15.12,138,player,Greuther Furth,0.426,476.1,461.4,495.8,513.2,28.94,21.28,7.4
378,15.12,139,player,Greuther Furth,0.426,379.3,562.7,400.2,627.4,24.63,32.28,11.8
378,15.12,144,player,Greuther Furth,0.397,972.7,971.6,1020.7,1078.3,54.18,72.33,0.0
378,15.12,142,player,Greuther Furth,0.384,1702.6,840.2,1733.3,927.3,87.98,59.49,11.9
378,15.12,123,player,VfB Stuttgart,0.381,243.0,955.8,301.3,1053.2,20.87,70.23,24.4
378,15.12,125,player,Greuther Furth,0.354,1371.0,852.8,1403.4,924.2,72.51,59.21,7.7
378,15.12,137,player,Greuther Furth,0.349,1473.3,373.8,1496.1,417.6,78.96,11.77,24.6
378,15.12,0,ball,Ball,0.7,872.0,445.0,887.0,460.0,48.46,15.27,0.0
379,15.16,10,player,Greuther Furth,0.593,1491.3,505.9,1516.2,568.7,79.31,26.67,20.9
379,15.16,143,player,Greuther Furth,0.586,332.6,544.9,353.0,613.1,22.27,30.92,9.6
379,15.16,118,player,Greuther Furth,0.557,1016.9,516.6,1039.3,574.4,55.85,27.21,7.6
379,15.16,86,player,Greuther Furth,0.54,396.1,805.0,427.9,894.7,26.73,56.64,20.6
379,15.16,90,player,Greuther Furth,0.511,500.5,661.6,529.0,740.9,31.1,42.86,32.7
379,15.16,123,player,VfB Stuttgart,0.495,235.0,960.1,297.6,1055.2,20.6,70.4,27.9
379,15.16,132,player,Greuther Furth,0.491,656.8,485.3,678.5,539.2,38.02,23.81,6.8
379,15.16,144,player,Greuther Furth,0.473,970.0,974.9,1019.5,1080.0,54.09,72.47,15.3
379,15.16,139,player,Greuther Furth,0.382,375.0,561.4,398.8,629.4,24.5,32.47,20.7
379,15.16,142,player,Greuther Furth,0.373,1703.1,841.4,1733.4,932.2,87.97,59.91,38.0
379,15.16,125,player,Greuther Furth,0.36,1370.1,853.8,1404.2,928.2,72.49,59.56,31.3
379,15.16,138,player,Greuther Furth,0.339,473.9,461.7,494.7,512.4,28.85,21.2,10.1
379,15.16,0,ball,Ball,0.7,873.0,446.0,887.0,461.0,48.49,15.37,0.0
380,15.2,118,player,Greuther Furth,0.548,1017.1,516.4,1039.8,574.2,55.87,27.2,2.2
380,15.2,10,player,Greuther Furth,0.539,1491.3,506.3,1516.5,568.5,79.31,26.65,2.0
380,15.2,86,player,Greuther Furth,0.538,394.7,806.5,425.2,893.9,26.63,56.57,10.9
380,15.2,123,player,VfB Stuttgart,0.534,228.9,960.9,295.4,1057.6,20.43,70.6,24.7
380,15.2,144,player,Greuther Furth,0.531,967.5,979.1,1018.2,1080.0,54.01,72.47,7.8
380,15.2,145,player,Greuther Furth,0.441,512.4,461.6,532.6,518.2,30.77,21.77,0.0
380,15.2,143,player,Greuther Furth,0.432,328.6,547.2,351.0,610.3,22.11,30.65,28.1
380,15.2,125,player,Greuther Furth,0.404,1370.0,855.3,1405.4,937.3,72.49,60.35,38.0
380,15.2,142,player,Greuther Furth,0.4,1704.7,843.9,1735.8,938.9,88.03,60.49,38.0
380,15.2,90,player,Greuther Furth,0.395,497.8,663.2,527.5,742.9,31.0,43.04,18.5
380,15.2,132,player,Greuther Furth,0.381,658.2,484.6,679.9,539.0,38.09,23.79,6.6
380,15.2,139,player,Greuther Furth,0.357,372.6,559.9,397.9,630.3,24.42,32.55,10.4
380,15.2,0,ball,Ball,0.7,873.0,446.0,887.0,462.0,48.49,15.42,0.0
381,15.24,118,player,Greuther Furth,0.584,1016.0,516.1,1038.1,577.0,55.8,27.47,25.5
381,15.24,10,player,Greuther Furth,0.583,1491.1,507.8,1518.0,569.1,79.34,26.71,5.9
381,15.24,123,player,VfB Stuttgart,0.573,227.7,966.1,292.2,1063.6,20.35,71.11,38.0
381,15.24,86,player,Greuther Furth,0.53,392.4,807.7,425.7,896.0,26.6,56.76,17.2
381,15.24,139,player,Greuther Furth,0.486,370.2,559.7,397.6,630.0,24.36,32.53,6.5
381,15.24,125,player,Greuther Furth,0.476,1372.1,857.7,1405.3,938.7,72.53,60.47,11.5
381,15.24,144,player,Greuther Furth,0.454,968.1,979.4,1017.2,1072.6,54.0,71.86,38.0
381,15.24,145,player,Greuther Furth,0.441,508.9,461.3,530.0,522.6,30.63,22.19,38.0
381,15.24,142,player,Greuther Furth,0.42,1706.4,845.9,1740.2,942.0,88.15,60.76,26.7
381,15.24,90,player,Greuther Furth,0.41,493.6,663.7,524.7,744.3,30.84,43.16,18.5
381,15.24,0,ball,Ball,0.7,873.0,447.0,887.0,463.0,48.49,15.52,0.0
382,15.28,118,player,Greuther Furth,0.622,1015.6,515.4,1036.6,577.5,55.75,27.51,5.7
382,15.28,10,player,Greuther Furth,0.565,1491.2,507.4,1518.7,570.9,79.36,26.89,15.9
382,15.28,86,player,Greuther Furth,0.508,389.3,812.2,422.8,900.0,26.47,57.1,33.2
382,15.28,139,player,Greuther Furth,0.505,368.4,558.9,395.0,629.4,24.25,32.47,11.3
382,15.28,123,player,VfB Stuttgart,0.496,227.5,968.3,289.7,1065.0,20.3,71.22,11.7
382,15.28,125,player,Greuther Furth,0.442,1371.7,859.7,1404.6,937.2,72.51,60.35,11.1
382,15.28,145,player,Greuther Furth,0.401,505.3,461.6,529.5,525.6,30.54,22.48,27.5
382,15.28,142,player,Greuther Furth,0.386,1709.8,847.5,1742.2,943.1,88.27,60.86,14.0
382,15.28,146,player,VfB Stuttgart,0.375,1197.9,1019.3,1230.3,1078.4,64.14,72.34,0.0
382,15.28,144,player,Greuther Furth,0.366,967.6,985.9,1014.2,1076.0,53.92,72.14,26.8
382,15.28,0,ball,Ball,0.7,874.0,447.0,888.0,463.0,48.54,15.52,0.0
383,15.32,118,player,Greuther Furth,0.658,1014.6,514.7,1034.8,576.4,55.69,27.41,11.4
383,15.32,86,player,Greuther Furth,0.601,387.4,814.3,420.4,904.4,26.39,57.49,35.7
383,15.32,139,player,Greuther Furth,0.581,368.1,558.6,391.7,627.1,24.15,32.25,21.8
383,15.32,143,player,Greuther Furth,0.557,320.6,549.3,344.3,612.7,21.76,30.88,12.6
383,15.32,10,player,Greuther Furth,0.527,1493.5,506.9,1519.7,570.0,79.44,26.79,11.6
383,15.32,125,player,Greuther Furth,0.458,1371.9,860.3,1405.8,939.0,72.54,60.5,14.2
383,15.32,144,player,Greuther Furth,0.45,965.2,986.9,1013.8,1076.3,53.85,72.17,6.1
383,15.32,147,player,Greuther Furth,0.437,583.6,370.8,602.0,424.7,34.0,12.49,0.0
383,15.32,145,player,Greuther Furth,0.431,502.6,462.6,528.2,526.0,30.44,22.53,9.9
383,15.32,142,player,Greuther Furth,0.391,1710.0,849.9,1744.4,944.1,88.33,60.94,8.8
383,15.32,123,player,VfB Stuttgart,0.368,227.1,969.7,289.0,1069.4,20.29,71.59,33.2
383,15.32,138,player,Greuther Furth,0.36,466.4,456.8,487.7,514.2,28.5,21.37,8.9
383,15.32,132,player,Greuther Furth,0.334,663.4,483.8,686.9,540.5,38.4,23.94,10.2
383,15.32,0,ball,Ball,0.7,874.0,447.0,888.0,463.0,48.54,15.52,0.0
384,15.36,86,player,Greuther Furth,0.68,385.4,815.3,416.2,906.2,26.25,57.64,18.5
384,15.36,118,player,Greuther Furth,0.671,1013.0,512.6,1034.0,576.4,55.63,27.41,5.3
384,15.36,139,player,Greuther Furth,0.58,365.5,558.7,390.3,628.3,24.06,32.36,13.4
384,15.36,143,player,Greuther Furth,0.542,320.2,547.2,340.7,612.9,21.67,30.91,8.8
384,15.36,10,player,Greuther Furth,0.512,1494.7,505.4,1520.9,570.4,79.5,26.84,6.7
384,15.36,132,player,Greuther Furth,0.468,663.4,479.6,688.5,542.9,38.44,24.17,21.7
384,15.36,148,player,VfB Stuttgart,0.445,1493.6,367.0,1510.7,414.7,79.85,11.48,0.0
384,15.36,138,player,Greuther Furth,0.439,465.8,456.8,485.1,513.5,28.41,21.3,9.8
384,15.36,125,player,Greuther Furth,0.406,1374.2,862.2,1406.6,938.7,72.61,60.48,7.0
384,15.36,147,player,Greuther Furth,0.393,583.4,371.0,599.7,417.4,33.92,11.75,38.0
384,15.36,145,player,Greuther Furth,0.392,499.9,466.4,524.3,527.2,30.28,22.64,17.6
384,15.36,144,player,Greuther Furth,0.381,966.1,978.7,1011.1,1075.7,53.81,72.12,6.0
384,15.36,142,player,Greuther Furth,0.345,1712.8,853.7,1746.0,943.3,88.43,60.87,11.5
384,15.36,90,player,Greuther Furth,0.305,487.4,670.9,513.4,745.6,30.42,43.28,13.0
384,15.36,0,ball,Ball,0.7,875.0,447.0,889.0,462.0,48.59,15.47,0.0
385,15.4,86,player,Greuther Furth,0.754,384.5,815.8,415.6,905.7,26.21,57.6,5.0
385,15.4,118,player,Greuther Furth,0.674,1011.2,512.4,1033.8,576.9,55.58,27.46,6.2
385,15.4,139,player,Greuther Furth,0.645,364.1,557.9,388.7,628.4,23.98,32.37,6.6
385,15.4,90,player,Greuther Furth,0.593,484.4,670.1,513.0,748.8,30.35,43.57,26.7
385,15.4,143,player,Greuther Furth,0.536,317.8,543.9,338.3,616.7,21.57,31.26,33.0
385,15.4,10,player,Greuther Furth,0.498,1496.7,505.0,1520.8,570.3,79.55,26.82,4.3
385,15.4,125,player,Greuther Furth,0.468,1372.3,862.8,1407.1,941.4,72.57,60.71,20.8
385,15.4,132,player,Greuther Furth,0.457,665.3,479.6,690.7,542.8,38.54,24.16,9.1
385,15.4,138,player,Greuther Furth,0.428,465.1,458.0,482.1,513.4,28.32,21.29,8.2
385,15.4,147,player,Greuther Furth,0.424,581.5,368.0,599.4,417.3,33.86,11.74,5.1
385,15.4,123,player,VfB Stuttgart,0.413,224.3,969.1,283.3,1073.9,20.11,71.97,18.6
385,15.4,142,player,Greuther Furth,0.39,1713.0,854.0,1748.9,944.0,88.5,60.93,8.2
385,15.4,148,player,VfB Stuttgart,0.384,1496.4,367.7,1513.2,414.7,79.99,11.48,12.0
385,15.4,144,player,Greuther Furth,0.35,965.3,982.0,1009.6,1075.0,53.76,72.06,7.1
385,15.4,145,player,Greuther Furth,0.313,497.4,466.8,520.3,524.0,30.11,22.33,32.2
385,15.4,0,ball,Ball,0.7,876.0,446.0,889.0,462.0,48.61,15.42,0.0
386,15.44,86,player,Greuther Furth,0.778,381.7,816.3,412.0,907.7,26.07,57.78,20.6
386,15.44,90,player,Greuther Furth,0.711,480.4,670.9,507.5,747.3,30.12,43.43,24.3
386,15.44,118,player,Greuther Furth,0.704,1008.6,513.7,1033.6,576.9,55.51,27.46,6.2
386,15.44,139,player,Greuther Furth,0.703,362.9,557.7,386.0,627.5,23.88,32.29,11.7
386,15.44,143,player,Greuther Furth,0.609,315.0,542.9,334.6,619.8,21.42,31.56,30.0
386,15.44,10,player,Greuther Furth,0.534,1496.7,507.5,1521.2,570.5,79.56,26.84,1.9
386,15.44,142,player,Greuther Furth,0.529,1717.2,851.8,1751.8,949.0,88.64,61.37,38.0
386,15.44,125,player,Greuther Furth,0.518,1374.3,863.9,1407.4,944.2,72.62,60.95,22.2
386,15.44,149,player,Greuther Furth,0.445,692.8,908.4,730.8,1016.1,41.03,67.1,0.0
386,15.44,132,player,Greuther Furth,0.436,666.0,480.3,692.9,541.4,38.61,24.03,13.8
386,15.44,147,player,Greuther Furth,0.434,579.7,366.8,598.7,415.2,33.8,11.53,19.4
386,15.44,138,player,Greuther Furth,0.371,464.2,459.2,481.5,510.0,28.27,20.96,30.3
386,15.44,144,player,Greuther Furth,0.37,966.8,986.4,1007.9,1077.4,53.76,72.25,17.4
386,15.44,0,ball,Ball,0.7,876.0,446.0,890.0,461.0,48.64,15.37,0.0
387,15.48,86,player,Greuther Furth,0.752,379.5,816.5,410.4,906.7,25.97,57.69,11.4
387,15.48,118,player,Greuther Furth,0.719,1007.8,514.1,1033.9,577.5,55.49,27.52,5.5
387,15.48,139,player,Greuther Furth,0.694,360.2,556.0,384.3,627.0,23.77,32.24,10.7
387,15.48,143,player,Greuther Furth,0.609,312.7,542.4,334.5,615.0,21.34,31.1,38.0
387,15.48,90,player,Greuther Furth,0.59,477.5,672.0,505.5,749.7,30.01,43.66,22.3
387,15.48,125,player,Greuther Furth,0.545,1374.9,865.2,1407.3,943.7,72.63,60.91,4.1
387,15.48,10,player,Greuther Furth,0.532,1498.2,505.4,1522.6,568.7,79.63,26.66,17.5
387,15.48,147,player,Greuther Furth,0.487,580.0,366.1,599.0,417.8,33.81,11.79,23.3
387,15.48,138,player,Greuther Furth,0.477,461.8,459.7,481.6,510.5,28.22,21.01,6.8
387,15.48,144,player,Greuther Furth,0.447,966.5,980.7,1006.3,1079.1,53.71,72.4,13.5
387,15.48,132,player,Greuther Furth,0.442,665.7,480.8,694.4,540.3,38.64,23.92,10.2
387,15.48,149,player,Greuther Furth,0.424,690.9,913.1,731.0,1013.3,40.98,66.86,21.7
387,15.48,142,player,Greuther Furth,0.394,1719.4,852.6,1754.2,945.6,88.77,61.07,28.6
387,15.48,0,ball,Ball,0.7,877.0,444.0,891.0,460.0,48.69,15.22,0.0
388,15.52,118,player,Greuther Furth,0.726,1007.0,514.3,1032.7,577.8,55.45,27.54,4.7
388,15.52,139,player,Greuther Furth,0.684,358.5,553.8,383.3,629.6,23.72,32.48,22.2
388,15.52,86,player,Greuther Furth,0.683,376.7,818.2,409.4,907.4,25.89,57.75,9.4
388,15.52,90,player,Greuther Furth,0.639,475.0,673.7,503.3,751.3,29.9,43.81,16.7
388,15.52,143,player,Greuther Furth,0.631,310.0,540.9,333.3,615.5,21.25,31.15,9.3
388,15.52,132,player,Greuther Furth,0.538,669.5,482.6,695.2,538.6,38.75,23.75,17.9
388,15.52,10,player,Greuther Furth,0.536,1499.7,504.7,1522.9,569.2,79.68,26.72,6.0
388,15.52,125,player,Greuther Furth,0.536,1372.9,866.7,1407.4,944.9,72.58,61.01,10.5
388,15.52,144,player,Greuther Furth,0.516,965.6,980.1,1006.5,1080.0,53.69,72.47,7.1
388,15.52,142,player,Greuther Furth,0.51,1722.5,855.9,1758.3,951.5,88.9,61.58,38.0
388,15.52,147,player,Greuther Furth,0.486,580.3,365.9,598.5,416.2,33.81,11.63,14.5
388,15.52,150,player,Greuther Furth,0.438,1232.7,376.6,1250.8,421.7,66.7,12.18,0.0
388,15.52,138,player,Greuther Furth,0.405,460.2,459.7,480.4,510.3,28.15,20.99,6.6
388,15.52,149,player,Greuther Furth,0.397,691.2,917.3,728.7,1010.7,40.93,66.65,20.0
388,15.52,0,ball,Ball,0.7,877.0,444.0,891.0,459.0,48.69,15.17,0.0
389,15.56,86,player,Greuther Furth,0.661,374.1,818.6,407.8,909.4,25.8,57.93,17.6
389,15.56,139,player,Greuther Furth,0.652,357.0,552.3,382.1,627.0,23.64,32.24,22.9
389,15.56,118,player,Greuther Furth,0.624,1006.8,513.5,1031.4,573.1,55.41,27.09,38.0
389,15.56,90,player,Greuther Furth,0.604,470.6,674.8,498.9,757.4,29.71,44.36,38.0
389,15.56,125,player,Greuther Furth,0.603,1372.6,867.3,1407.7,943.8,72.59,60.92,8.7
389,15.56,10,player,Greuther Furth,0.549,1501.5,503.8,1526.8,569.3,79.82,26.73,12.7
389,15.56,143,player,Greuther Furth,0.522,306.5,540.9,330.1,615.6,21.08,31.16,14.9
389,15.56,132,player,Greuther Furth,0.521,670.4,481.8,696.4,538.1,38.8,23.71,5.7
389,15.56,144,player,Greuther Furth,0.485,966.5,980.4,1005.0,1080.0,53.68,72.47,1.3
389,15.56,142,player,Greuther Furth,0.474,1725.7,857.0,1760.8,952.0,89.03,61.62,12.2
389,15.56,147,player,Greuther Furth,0.465,578.3,367.0,596.6,417.1,33.71,11.72,12.1
389,15.56,149,player,Greuther Furth,0.432,690.3,915.8,728.9,1007.9,40.91,66.41,21.4
389,15.56,150,player,Greuther Furth,0.404,1229.9,377.1,1249.9,421.2,66.61,12.13,9.5
389,15.56,123,player,VfB Stuttgart,0.309,210.1,979.6,271.6,1079.8,19.55,72.46,16.9
389,15.56,0,ball,Ball,0.7,878.0,442.0,892.0,458.0,48.74,15.02,0.0
390,15.6,139,player,Greuther Furth,0.679,357.7,552.4,381.2,623.6,23.62,31.91,29.7
390,15.6,90,player,Greuther Furth,0.625,468.4,675.4,496.7,755.6,29.6,44.2,18.0
390,15.6,118,player,Greuther Furth,0.596,1006.4,511.6,1030.3,573.8,55.37,27.16,7.2
390,15.6,86,player,Greuther Furth,0.595,373.2,819.3,406.6,910.0,25.75,57.98,6.3
390,15.6,125,player,Greuther Furth,0.595,1372.2,867.5,1408.0,946.4,72.58,61.14,20.3
390,15.6,10,player,Greuther Furth,0.506,1503.5,504.3,1528.6,569.7,79.91,26.77,9.2
390,15.6,143,player,Greuther Furth,0.485,304.4,540.9,328.8,618.0,21.01,31.39,22.0
390,15.6,132,player,Greuther Furth,0.453,674.3,480.6,698.8,537.2,38.96,23.62,16.3
390,15.6,147,player,Greuther Furth,0.443,577.4,366.8,595.7,416.9,33.66,11.7,4.8
390,15.6,142,player,Greuther Furth,0.421,1727.3,858.9,1763.9,950.1,89.15,61.46,18.2
390,15.6,144,player,Greuther Furth,0.389,965.6,987.0,1002.9,1080.0,53.61,72.47,6.1
390,15.6,150,player,Greuther Furth,0.372,1226.6,377.5,1249.3,419.7,66.51,11.98,16.0
390,15.6,123,player,VfB Stuttgart,0.342,212.0,974.5,270.2,1079.8,19.56,72.45,1.1
390,15.6,149,player,Greuther Furth,0.307,690.6,917.3,728.2,1011.6,40.91,66.72,27.9
390,15.6,0,ball,Ball,0.7,878.0,442.0,893.0,457.0,48.76,14.97,0.0
391,15.64,139,player,Greuther Furth,0.675,354.1,551.8,376.3,623.8,23.41,31.94,18.8
391,15.64,118,player,Greuther Furth,0.617,1006.1,508.1,1030.0,573.7,55.36,27.15,1.4
391,15.64,90,player,Greuther Furth,0.534,463.7,674.5,494.0,757.5,29.43,44.37,21.9
391,15.64,125,player,Greuther Furth,0.512,1374.8,871.2,1409.2,945.4,72.67,61.05,11.5
391,15.64,10,player,Greuther Furth,0.498,1504.4,503.2,1528.7,567.4,79.94,26.54,20.3
391,15.64,86,player,Greuther Furth,0.491,369.6,820.4,403.4,912.4,25.6,58.19,23.1
391,15.64,132,player,Greuther Furth,0.489,679.3,481.2,700.2,536.6,39.11,23.56,15.0
391,15.64,147,player,Greuther Furth,0.456,576.5,366.0,594.0,416.5,33.6,11.66,6.8
391,15.64,143,player,Greuther Furth,0.428,300.5,539.7,325.8,614.7,20.83,31.08,32.7
391,15.64,142,player,Greuther Furth,0.413,1732.4,859.8,1768.7,956.8,89.35,62.04,38.0
391,15.64,150,player,Greuther Furth,0.401,1224.5,376.2,1247.7,419.9,66.42,12.0,8.8
391,15.64,144,player,Greuther Furth,0.372,963.6,987.4,1001.8,1080.0,53.54,72.47,6.4
391,15.64,0,ball,Ball,0.7,878.0,440.0,893.0,456.0,48.76,14.82,0.0
392,15.68,139,player,Greuther Furth,0.679,351.9,551.9,375.3,622.4,23.33,31.8,14.1
392,15.68,90,player,Greuther Furth,0.636,461.2,678.3,491.7,759.3,29.32,44.53,17.5
392,15.68,86,player,Greuther Furth,0.598,366.7,819.3,402.7,917.4,25.53,58.63,38.0
392,15.68,118,player,Greuther Furth,0.591,1005.4,507.8,1029.5,571.4,55.33,26.93,20.2
392,15.68,10,player,Greuther Furth,0.524,1505.9,502.4,1532.2,569.9,80.06,26.79,23.9
392,15.68,125,player,Greuther Furth,0.517,1372.6,872.9,1409.2,949.1,72.61,61.38,29.6
392,15.68,142,player,Greuther Furth,0.498,1734.0,860.5,1772.3,956.3,89.47,61.99,11.9
392,15.68,143,player,Greuther Furth,0.463,299.4,539.4,321.8,613.2,20.7,30.93,17.9
392,15.68,151,player,VfB Stuttgart,0.431,1516.2,366.0,1539.0,412.3,81.15,11.23,0.0
392,15.68,132,player,Greuther Furth,0.429,681.2,480.5,702.5,535.2,39.22,23.42,15.8
392,15.68,147,player,Greuther Furth,0.424,575.7,364.6,592.9,414.5,33.55,11.46,18.7
392,15.68,144,player,Greuther Furth,0.393,961.3,989.5,1000.0,1080.0,53.45,72.47,8.3
392,15.68,152,player,VfB Stuttgart,0.392,438.6,940.0,482.3,1055.1,29.53,70.39,0.0
392,15.68,153,player,Greuther Furth,0.358,1173.5,991.1,1210.8,1068.6,63.15,71.53,0.0
392,15.68,150,player,Greuther Furth,0.356,1222.3,376.9,1245.7,419.4,66.31,11.95,10.2
392,15.68,0,ball,Ball,0.7,878.0,440.0,894.0,456.0,48.79,14.82,0.0
393,15.72,90,player,Greuther Furth,0.659,458.3,678.7,488.9,760.6,29.18,44.65,16.1
393,15.72,118,player,Greuther Furth,0.645,1004.8,506.4,1030.3,569.9,55.34,26.79,12.6
393,15.72,139,player,Greuther Furth,0.613,348.5,550.1,374.6,620.7,23.22,31.64,17.3
393,15.72,86,player,Greuther Furth,0.587,364.1,823.1,400.6,916.2,25.42,58.52,14.0
393,15.72,10,player,Greuther Furth,0.58,1508.1,502.8,1532.4,569.2,80.12,26.71,8.5
393,15.72,153,player,Greuther Furth,0.496,1175.0,993.0,1212.9,1074.0,63.23,71.97,38.0
393,15.72,125,player,Greuther Furth,0.473,1374.0,874.5,1409.6,956.5,72.63,62.02,38.0
393,15.72,143,player,Greuther Furth,0.453,297.0,539.4,320.7,615.6,20.62,31.15,21.6
393,15.72,142,player,Greuther Furth,0.447,1739.9,863.2,1775.9,957.9,89.69,62.14,23.2
393,15.72,123,player,VfB Stuttgart,0.427,199.0,982.3,264.3,1080.0,19.13,72.47,13.0
393,15.72,147,player,Greuther Furth,0.418,575.4,363.9,593.0,412.7,33.53,11.28,16.8
393,15.72,144,player,Greuther Furth,0.4,959.5,990.5,999.6,1080.0,53.4,72.47,4.6
393,15.72,152,player,VfB Stuttgart,0.386,439.1,939.7,484.0,1058.3,29.59,70.66,24.8
393,15.72,132,player,Greuther Furth,0.311,682.2,476.7,704.5,536.3,39.29,23.53,11.8
393,15.72,0,ball,Ball,0.7,879.0,439.0,895.0,455.0,48.83,14.72,0.0
394,15.76,118,player,Greuther Furth,0.672,1004.5,505.4,1029.2,571.9,55.3,26.97,16.9
394,15.76,90,player,Greuther Furth,0.672,451.9,679.4,487.2,761.9,29.0,44.77,19.9
394,15.76,10,player,Greuther Furth,0.613,1509.1,502.9,1534.0,569.6,80.18,26.75,6.8
394,15.76,86,player,Greuther Furth,0.606,363.1,823.8,397.8,920.7,25.35,58.91,35.9
394,15.76,139,player,Greuther Furth,0.586,346.4,549.5,373.8,621.2,23.16,31.69,7.5
394,15.76,153,player,Greuther Furth,0.579,1176.4,994.0,1216.3,1076.1,63.33,72.15,18.8
394,15.76,143,player,Greuther Furth,0.574,296.5,537.0,320.6,607.9,20.57,30.42,38.0
394,15.76,142,player,Greuther Furth,0.553,1741.8,863.4,1778.2,959.4,89.78,62.26,13.7
394,15.76,125,player,Greuther Furth,0.492,1374.6,874.9,1410.5,963.2,72.64,62.59,38.0
394,15.76,123,player,VfB Stuttgart,0.478,195.0,984.3,261.2,1080.0,18.97,72.47,14.3
394,15.76,147,player,Greuther Furth,0.434,574.8,361.4,592.2,410.5,33.49,11.06,20.2
394,15.76,132,player,Greuther Furth,0.414,683.4,476.3,706.3,535.7,39.36,23.47,8.3
394,15.76,144,player,Greuther Furth,0.377,957.8,992.3,997.7,1080.0,53.31,72.47,7.5
394,15.76,0,ball,Ball,0.7,879.0,438.0,895.0,455.0,48.83,14.67,0.0
395,15.8,90,player,Greuther Furth,0.689,449.8,679.9,485.2,765.9,28.91,45.13,33.7
395,15.8,118,player,Greuther Furth,0.652,1003.5,505.0,1026.3,570.5,55.21,26.84,14.7
395,15.8,86,player,Greuther Furth,0.61,362.5,824.5,397.9,921.3,25.34,58.96,4.5
395,15.8,10,player,Greuther Furth,0.6,1509.5,503.1,1533.7,569.9,80.18,26.79,3.0
395,15.8,139,player,Greuther Furth,0.58,347.0,549.9,374.3,622.1,23.19,31.78,8.1
395,15.8,153,player,Greuther Furth,0.555,1176.8,993.8,1216.0,1076.0,63.34,72.14,0.7
395,15.8,143,player,Greuther Furth,0.544,297.0,537.9,320.2,607.9,20.57,30.43,0.4
395,15.8,142,player,Greuther Furth,0.517,1742.8,862.8,1778.2,964.1,89.78,62.67,36.6
395,15.8,125,player,Greuther Furth,0.483,1373.3,875.7,1410.1,955.6,72.62,61.94,38.0
395,15.8,147,player,Greuther Furth,0.469,575.3,361.2,593.3,411.8,33.54,11.19,12.4
395,15.8,123,player,VfB Stuttgart,0.467,194.5,983.7,261.5,1080.0,18.96,72.47,0.7
395,15.8,132,player,Greuther Furth,0.405,685.1,476.2,710.4,535.7,39.51,23.48,12.7
395,15.8,144,player,Greuther Furth,0.402,953.7,992.9,994.3,1080.0,53.14,72.47,15.3
395,15.8,154,player,VfB Stuttgart,0.4,511.5,412.2,528.6,464.7,30.47,16.49,0.0
395,15.8,0,ball,Ball,0.7,880.0,439.0,896.0,455.0,48.89,14.72,0.0
396,15.84,90,player,Greuther Furth,0.688,448.6,680.5,484.8,765.5,28.87,45.1,4.8
396,15.84,118,player,Greuther Furth,0.673,1002.4,504.2,1025.1,570.9,55.15,26.88,6.0
396,15.84,10,player,Greuther Furth,0.631,1509.0,503.2,1533.9,569.9,80.18,26.78,1.0
396,15.84,86,player,Greuther Furth,0.623,362.5,824.5,397.9,921.0,25.34,58.93,2.6
396,15.84,139,player,Greuther Furth,0.616,347.9,550.4,374.7,624.0,23.22,31.96,16.6
396,15.84,143,player,Greuther Furth,0.6,296.5,537.4,320.3,609.1,20.57,30.54,10.5
396,15.84,153,player,Greuther Furth,0.566,1176.8,993.9,1216.6,1075.9,63.35,72.13,1.6
396,15.84,142,player,Greuther Furth,0.525,1743.0,862.8,1778.5,964.2,89.78,62.68,1.3
396,15.84,147,player,Greuther Furth,0.504,575.6,360.7,594.5,412.9,33.58,11.3,10.8
396,15.84,125,player,Greuther Furth,0.492,1373.0,875.8,1409.8,955.0,72.61,61.88,5.0
396,15.84,123,player,VfB Stuttgart,0.475,195.3,984.2,261.3,1080.0,18.97,72.47,1.2
396,15.84,132,player,Greuther Furth,0.424,685.8,474.9,712.9,537.2,39.59,23.62,14.9
396,15.84,154,player,VfB Stuttgart,0.392,511.8,411.8,528.9,464.3,30.48,16.45,4.2
396,15.84,144,player,Greuther Furth,0.347,950.6,993.3,990.8,1080.0,52.99,72.47,13.7
396,15.84,0,ball,Ball,0.7,881.0,438.0,897.0,455.0,48.94,14.67,0.0
397,15.88,90,player,Greuther Furth,0.66,448.0,681.9,482.4,765.1,28.8,45.06,7.2
397,15.88,139,player,Greuther Furth,0.655,348.4,550.0,374.9,623.3,23.24,31.89,6.1
397,15.88,118,player,Greuther Furth,0.629,1000.7,504.3,1025.0,568.3,55.11,26.63,22.6
397,15.88,86,player,Greuther Furth,0.624,362.6,824.3,397.8,920.8,25.34,58.92,1.4
397,15.88,10,player,Greuther Furth,0.617,1508.5,503.3,1534.3,570.0,80.17,26.79,0.9
397,15.88,143,player,Greuther Furth,0.579,297.0,537.0,320.5,607.7,20.58,30.4,12.5
397,15.88,153,player,Greuther Furth,0.568,1176.8,993.9,1216.6,1075.7,63.35,72.12,1.5
397,15.88,142,player,Greuther Furth,0.524,1743.7,862.8,1778.8,964.3,89.81,62.68,2.2
397,15.88,125,player,Greuther Furth,0.51,1372.0,875.3,1409.4,952.9,72.59,61.71,16.3
397,15.88,123,player,VfB Stuttgart,0.478,195.1,984.2,261.1,1080.0,18.96,72.47,0.7
397,15.88,147,player,Greuther Furth,0.441,576.2,360.3,596.4,411.6,33.64,11.17,12.9
397,15.88,132,player,Greuther Furth,0.388,688.4,476.3,715.2,534.9,39.7,23.39,22.7
397,15.88,154,player,VfB Stuttgart,0.376,511.7,411.4,529.0,463.8,30.48,16.39,4.7
397,15.88,144,player,Greuther Furth,0.37,947.8,991.8,987.6,1080.0,52.85,72.47,12.2
397,15.88,0,ball,Ball,0.7,881.0,438.0,897.0,454.0,48.93,14.62,0.0
398,15.92,90,player,Greuther Furth,0.661,447.2,680.5,480.5,764.2,28.73,44.98,9.4
398,15.92,10,player,Greuther Furth,0.623,1507.9,503.7,1534.5,570.0,80.16,26.79,1.0
398,15.92,118,player,Greuther Furth,0.619,1000.3,504.9,1024.6,567.1,55.09,26.52,10.4
398,15.92,86,player,Greuther Furth,0.618,362.6,824.3,397.7,920.6,25.33,58.9,1.5
398,15.92,139,player,Greuther Furth,0.604,348.7,549.5,374.8,623.3,23.25,31.89,0.7
398,15.92,143,player,Greuther Furth,0.572,297.0,536.4,320.7,607.5,20.58,30.39,1.3
398,15.92,153,player,Greuther Furth,0.567,1176.8,993.9,1216.5,1075.8,63.35,72.12,0.4
398,15.92,142,player,Greuther Furth,0.521,1744.4,862.9,1779.2,964.9,89.83,62.74,5.6
398,15.92,125,player,Greuther Furth,0.503,1371.8,875.2,1408.9,948.7,72.58,61.34,32.9
398,15.92,123,player,VfB Stuttgart,0.473,194.7,984.7,260.9,1080.0,18.95,72.47,1.3
398,15.92,132,player,Greuther Furth,0.462,692.4,475.5,717.7,534.4,39.87,23.34,15.2
398,15.92,147,player,Greuther Furth,0.393,576.6,361.4,599.6,411.8,33.73,11.19,8.6
398,15.92,154,player,VfB Stuttgart,0.365,511.4,411.1,529.5,463.7,30.49,16.39,1.0
398,15.92,144,player,Greuther Furth,0.341,945.9,989.7,986.7,1080.0,52.79,72.47,6.0
398,15.92,0,ball,Ball,0.7,882.0,438.0,898.0,454.0,48.99,14.62,0.0
399,15.96,139,player,Greuther Furth,0.683,349.0,545.9,375.5,622.6,23.27,31.83,5.9
399,15.96,90,player,Greuther Furth,0.666,446.0,681.3,477.8,765.5,28.64,45.1,12.9
399,15.96,118,player,Greuther Furth,0.643,1000.1,505.3,1023.6,569.1,55.06,26.71,17.7
399,15.96,86,player,Greuther Furth,0.623,362.8,823.9,397.7,920.6,25.34,58.9,0.3
399,15.96,10,player,Greuther Furth,0.622,1508.1,503.6,1534.7,569.8,80.17,26.77,2.3
399,15.96,153,player,Greuther Furth,0.576,1176.5,994.0,1216.7,1075.1,63.35,72.06,5.1
399,15.96,142,player,Greuther Furth,0.518,1745.1,863.6,1778.5,963.2,89.84,62.59,13.9
399,15.96,125,player,Greuther Furth,0.511,1371.5,874.2,1408.9,950.2,72.57,61.47,11.6
399,15.96,143,player,Greuther Furth,0.503,297.6,536.5,320.8,607.3,20.6,30.37,2.1
399,15.96,123,player,VfB Stuttgart,0.472,195.4,984.1,261.8,1080.0,18.99,72.47,3.3
399,15.96,132,player,Greuther Furth,0.425,696.1,475.3,719.1,533.9,39.99,23.29,12.2
399,15.96,147,player,Greuther Furth,0.415,578.9,361.6,601.0,411.6,33.82,11.17,8.5
399,15.96,154,player,VfB Stuttgart,0.362,512.0,411.4,530.7,464.7,30.54,16.49,10.0
399,15.96,0,ball,Ball,0.7,883.0,437.0,899.0,453.0,49.03,14.52,0.0
400,16.0,10,player,Greuther Furth,0.661,1509.2,503.4,1535.3,570.1,80.21,26.81,4.9
400,16.0,139,player,Greuther Furth,0.648,349.3,544.7,375.7,620.9,23.27,31.66,15.3
400,16.0,90,player,Greuther Furth,0.635,446.2,681.2,477.8,767.3,28.65,45.26,14.8
400,16.0,86,player,Greuther Furth,0.618,362.8,823.7,397.9,919.9,25.34,58.84,5.2
400,16.0,118,player,Greuther Furth,0.615,998.8,504.5,1023.0,569.0,55.01,26.7,4.2
400,16.0,153,player,Greuther Furth,0.593,1176.5,994.3,1217.1,1074.9,63.36,72.05,1.8
400,16.0,143,player,Greuther Furth,0.507,297.7,536.7,320.1,605.6,20.58,30.21,14.9
400,16.0,142,player,Greuther Furth,0.501,1746.4,863.6,1780.3,960.4,89.93,62.35,22.4
400,16.0,125,player,Greuther Furth,0.49,1371.6,873.4,1408.8,949.8,72.57,61.43,3.3
400,16.0,123,player,VfB Stuttgart,0.454,195.4,985.8,260.9,1080.0,18.97,72.47,1.8
400,16.0,132,player,Greuther Furth,0.451,702.1,474.3,721.2,532.2,40.19,23.13,23.1
400,16.0,154,player,VfB Stuttgart,0.376,511.8,410.8,530.8,465.2,30.54,16.53,4.3
400,16.0,147,player,Greuther Furth,0.365,578.9,362.0,602.1,410.8,33.85,11.08,7.9
400,16.0,0,ball,Ball,0.7,884.0,436.0,899.0,452.0,49.06,14.42,0.0
401,16.04,10,player,Greuther Furth,0.658,1511.0,502.5,1538.4,569.8,80.33,26.77,11.3
401,16.04,90,player,Greuther Furth,0.611,443.6,682.8,473.9,765.2,28.49,45.07,22.5
401,16.04,118,player,Greuther Furth,0.558,997.7,502.4,1022.4,568.9,54.97,26.69,4.0
401,16.04,86,player,Greuther Furth,0.551,362.5,823.9,394.4,920.9,25.26,58.93,10.6
401,16.04,143,player,Greuther Furth,0.537,296.4,535.1,318.1,605.0,20.49,30.15,9.3
401,16.04,139,player,Greuther Furth,0.532,347.9,541.0,375.2,620.1,23.22,31.59,7.9
401,16.04,142,player,Greuther Furth,0.527,1750.3,863.6,1783.3,964.2,90.07,62.67,31.5
401,16.04,125,player,Greuther Furth,0.515,1372.2,874.9,1409.5,962.0,72.57,62.48,38.0
401,16.04,153,player,Greuther Furth,0.487,1177.1,996.4,1215.9,1076.1,63.34,72.15,9.7
401,16.04,123,player,VfB Stuttgart,0.475,191.1,991.7,255.8,1080.0,18.75,72.47,19.2
401,16.04,132,player,Greuther Furth,0.392,705.4,472.4,726.1,529.8,40.39,22.9,27.4
401,16.04,154,player,VfB Stuttgart,0.389,509.1,410.4,528.9,464.5,30.42,16.47,12.0
401,16.04,155,player,Greuther Furth,0.388,881.7,427.9,902.7,482.4,49.11,18.24,0.0
401,16.04,147,player,Greuther Furth,0.344,578.6,361.8,602.2,409.9,33.84,11.0,7.8
401,16.04,144,player,Greuther Furth,0.327,936.9,985.9,987.2,1079.9,52.59,72.46,5.8
401,16.04,0,ball,Ball,0.7,1495.0,1065.0,1505.0,1080.0,77.27,71.85,0.0
402,16.08,10,player,Greuther Furth,0.639,1514.6,504.1,1541.0,568.9,80.49,26.69,15.9
402,16.08,86,player,Greuther Furth,0.638,360.1,823.4,393.1,919.5,25.16,58.8,13.7
402,16.08,90,player,Greuther Furth,0.638,441.1,681.8,472.3,765.1,28.39,45.06,8.9
402,16.08,143,player,Greuther Furth,0.574,294.8,533.7,316.8,607.8,20.44,30.42,24.7
402,16.08,123,player,VfB Stuttgart,0.543,189.8,994.9,253.7,1080.0,18.67,72.47,7.1
402,16.08,118,player,Greuther Furth,0.525,997.0,499.3,1021.9,567.0,54.94,26.51,17.0
402,16.08,139,player,Greuther Furth,0.522,346.9,541.1,373.8,620.1,23.16,31.58,5.3
402,16.08,142,player,Greuther Furth,0.507,1754.7,865.3,1784.7,967.3,90.19,62.94,26.3
402,16.08,125,player,Greuther Furth,0.493,1373.6,875.6,1409.6,963.0,72.6,62.57,8.6
402,16.08,153,player,Greuther Furth,0.459,1176.1,995.9,1216.4,1074.5,63.33,72.02,12.3
402,16.08,155,player,Greuther Furth,0.363,882.2,427.2,903.4,482.2,49.14,18.22,3.1
402,16.08,149,player,Greuther Furth,0.355,680.6,920.8,723.7,1020.6,40.59,67.49,0.0
402,16.08,147,player,Greuther Furth,0.355,578.8,360.6,601.2,407.1,33.81,10.71,25.9
402,16.08,154,player,VfB Stuttgart,0.338,509.3,409.2,527.9,462.5,30.39,16.27,18.0
402,16.08,144,player,Greuther Furth,0.302,935.5,986.0,985.1,1079.4,52.51,72.42,8.3
402,16.08,0,ball,Ball,0.7,1495.0,1066.0,1506.0,1080.0,77.29,71.89,0.0
403,16.12,86,player,Greuther Furth,0.644,359.8,823.8,392.6,917.1,25.13,58.6,18.7
403,16.12,90,player,Greuther Furth,0.64,440.6,682.6,470.5,764.1,28.33,44.97,9.7
403,16.12,10,player,Greuther Furth,0.616,1514.4,505.2,1541.5,570.1,80.49,26.8,9.8
403,16.12,143,player,Greuther Furth,0.537,295.0,533.1,317.0,608.4,20.45,30.48,5.5
403,16.12,125,player,Greuther Furth,0.532,1373.2,875.7,1409.8,962.6,72.6,62.54,3.4
403,16.12,142,player,Greuther Furth,0.518,1753.8,864.2,1787.2,966.9,90.22,62.9,4.7
403,16.12,123,player,VfB Stuttgart,0.506,190.0,990.2,253.8,1080.0,18.68,72.47,0.7
403,16.12,139,player,Greuther Furth,0.493,346.9,540.3,373.3,620.2,23.15,31.59,1.3
403,16.12,153,player,Greuther Furth,0.465,1176.5,995.8,1216.2,1074.4,63.34,72.0,1.1
403,16.12,155,player,Greuther Furth,0.419,883.2,425.9,903.8,483.5,49.18,18.35,11.8
403,16.12,147,player,Greuther Furth,0.348,580.6,360.1,601.1,407.5,33.86,10.76,5.7
403,16.12,118,player,Greuther Furth,0.336,996.5,497.3,1021.6,565.5,54.92,26.36,12.9
403,16.12,149,player,Greuther Furth,0.328,681.3,920.2,722.0,1025.5,40.57,67.9,37.2
403,16.12,0,ball,Ball,0.7,1495.0,1066.0,1507.0,1080.0,77.31,71.89,0.0
404,16.16,90,player,Greuther Furth,0.647,438.5,683.7,468.2,763.9,28.23,44.96,9.5
404,16.16,86,player,Greuther Furth,0.635,359.2,822.3,391.3,915.6,25.08,58.47,12.5
404,16.16,123,player,VfB Stuttgart,0.622,187.1,972.4,252.7,1080.0,18.59,72.47,8.4
404,16.16,10,player,Greuther Furth,0.582,1518.0,504.4,1543.4,568.3,80.64,26.63,19.9
404,16.16,142,player,Greuther Furth,0.546,1754.1,862.9,1790.8,967.4,90.31,62.95,9.2
404,16.16,143,player,Greuther Furth,0.5,294.3,533.0,316.1,604.8,20.39,30.13,31.9
404,16.16,139,player,Greuther Furth,0.495,347.1,540.0,373.1,618.5,23.14,31.43,14.7
404,16.16,125,player,Greuther Furth,0.481,1373.9,876.0,1410.8,961.9,72.64,62.48,6.4
404,16.16,153,player,Greuther Furth,0.449,1177.1,997.0,1216.8,1079.4,63.36,72.43,38.0
404,16.16,147,player,Greuther Furth,0.404,581.6,359.0,601.6,406.4,33.89,10.64,11.2
404,16.16,155,player,Greuther Furth,0.371,885.4,425.2,905.4,480.7,49.27,18.07,26.3
404,16.16,154,player,VfB Stuttgart,0.32,505.8,406.6,527.1,462.9,30.28,16.3,4.9
404,16.16,149,player,Greuther Furth,0.319,680.6,920.4,722.3,1042.7,40.59,69.35,38.0
404,16.16,0,ball,Ball,0.7,154.0,254.0,169.0,269.0,11.25,-4.36,0.0
405,16.2,90,player,Greuther Furth,0.71,435.9,682.5,464.9,766.3,28.09,45.18,23.2
405,16.2,86,player,Greuther Furth,0.594,356.4,823.7,390.2,915.2,24.99,58.43,8.8
405,16.2,123,player,VfB Stuttgart,0.559,182.7,978.2,252.7,1080.0,18.49,72.47,8.9
405,16.2,125,player,Greuther Furth,0.533,1376.4,875.8,1411.6,962.0,72.72,62.49,6.9
405,16.2,142,player,Greuther Furth,0.5,1757.6,862.0,1793.1,965.9,90.46,62.82,17.5
405,16.2,10,player,Greuther Furth,0.483,1518.3,503.2,1548.5,569.0,80.77,26.7,13.2
405,16.2,143,player,Greuther Furth,0.481,292.8,530.8,313.9,603.9,20.3,30.04,11.7
405,16.2,153,player,Greuther Furth,0.471,1177.6,997.2,1218.2,1079.5,63.4,72.44,4.0
405,16.2,139,player,Greuther Furth,0.471,345.2,540.3,371.1,619.6,23.05,31.54,12.8
405,16.2,155,player,Greuther Furth,0.436,885.5,425.4,906.4,481.7,49.3,18.17,9.0
405,16.2,147,player,Greuther Furth,0.417,584.3,357.1,601.1,404.7,33.94,10.46,16.3
405,16.2,154,player,VfB Stuttgart,0.362,504.1,405.2,524.9,461.2,30.18,16.14,17.6
405,16.2,149,player,Greuther Furth,0.332,679.3,924.2,724.0,1054.7,40.62,70.36,38.0
405,16.2,118,player,Greuther Furth,0.318,994.3,495.6,1018.0,561.9,54.78,26.01,17.0
405,16.2,0,ball,Ball,0.7,1475.0,1066.0,1488.0,1080.0,76.42,71.89,0.0
406,16.24,90,player,Greuther Furth,0.734,431.2,684.2,463.2,766.2,27.94,45.16,13.9
406,16.24,86,player,Greuther Furth,0.679,351.9,824.3,388.6,919.7,24.87,58.83,37.1
406,16.24,123,player,VfB Stuttgart,0.574,181.1,991.4,247.5,1080.0,18.33,72.47,14.0
406,16.24,139,player,Greuther Furth,0.553,343.2,539.8,368.9,619.2,22.95,31.5,10.0
406,16.24,125,player,Greuther Furth,0.552,1377.8,875.8,1414.4,960.3,72.82,62.34,16.0
406,16.24,143,player,Greuther Furth,0.495,290.0,531.3,314.0,604.4,20.23,30.09,7.3
406,16.24,142,player,Greuther Furth,0.488,1762.0,862.8,1796.7,965.7,90.65,62.8,17.0
406,16.24,10,player,Greuther Furth,0.483,1519.9,499.5,1552.2,568.8,80.9,26.68,12.1
406,16.24,147,player,Greuther Furth,0.47,583.4,353.2,600.6,402.6,33.9,10.25,19.2
406,16.24,153,player,Greuther Furth,0.466,1179.3,997.6,1219.5,1077.9,63.47,72.29,14.1
406,16.24,154,player,VfB Stuttgart,0.413,503.3,403.3,523.8,461.7,30.14,16.19,6.3
406,16.24,155,player,Greuther Furth,0.399,885.8,423.5,907.8,480.6,49.34,18.07,10.1
406,16.24,118,player,Greuther Furth,0.328,994.0,494.1,1016.8,561.4,54.74,25.96,5.9
406,16.24,0,ball,Ball,0.7,287.0,251.0,305.0,267.0,18.19,-4.62,0.0
407,16.28,90,player,Greuther Furth,0.743,428.4,684.1,460.0,767.4,27.8,45.27,16.0
407,16.28,125,player,Greuther Furth,0.635,1378.3,875.9,1415.7,961.8,72.86,62.47,12.1
407,16.28,86,player,Greuther Furth,0.619,352.0,824.9,387.5,919.6,24.84,58.82,2.4
407,16.28,10,player,Greuther Furth,0.573,1521.7,500.3,1554.4,568.6,81.0,26.66,9.0
407,16.28,123,player,VfB Stuttgart,0.573,180.9,989.1,246.2,1079.8,18.3,72.46,3.5
407,16.28,139,player,Greuther Furth,0.535,345.1,538.7,368.9,612.3,22.97,30.84,38.0
407,16.28,142,player,Greuther Furth,0.522,1765.3,863.8,1799.9,961.2,90.82,62.42,38.0
407,16.28,143,player,Greuther Furth,0.518,288.8,529.5,313.2,603.0,20.18,29.96,13.0
407,16.28,147,player,Greuther Furth,0.49,585.4,352.1,601.4,403.1,33.97,10.31,8.1
407,16.28,154,player,VfB Stuttgart,0.479,503.0,403.6,522.9,461.9,30.11,16.21,3.2
407,16.28,118,player,Greuther Furth,0.472,994.1,494.2,1017.0,560.0,54.75,25.83,11.7
407,16.28,155,player,Greuther Furth,0.418,886.3,421.7,910.0,480.7,49.41,18.08,6.1
407,16.28,149,player,Greuther Furth,0.339,676.7,921.7,721.5,1043.7,40.49,69.44,38.0
407,16.28,0,ball,Ball,0.7,1478.0,1068.0,1490.0,1080.0,76.53,71.97,0.0
408,16.32,90,player,Greuther Furth,0.734,426.9,684.0,457.3,768.2,27.7,45.35,10.9
408,16.32,86,player,Greuther Furth,0.636,350.3,825.6,386.3,921.0,24.78,58.94,12.4
408,16.32,10,player,Greuther Furth,0.621,1521.1,500.2,1556.5,569.5,81.03,26.75,8.8
408,16.32,125,player,Greuther Furth,0.619,1379.2,876.0,1415.9,964.2,72.87,62.67,18.5
408,16.32,139,player,Greuther Furth,0.576,345.0,538.5,368.6,611.4,22.95,30.76,7.7
408,16.32,123,player,VfB Stuttgart,0.545,180.9,994.0,246.0,1079.5,18.29,72.44,2.1
408,16.32,118,player,Greuther Furth,0.541,993.6,495.3,1016.9,559.1,54.73,25.74,7.8
408,16.32,143,player,Greuther Furth,0.535,285.5,530.9,314.1,605.1,20.13,30.16,18.2
408,16.32,142,player,Greuther Furth,0.532,1768.0,864.1,1801.0,961.1,90.91,62.41,7.9
408,16.32,154,player,VfB Stuttgart,0.501,502.9,402.6,522.7,460.7,30.09,16.09,10.6
408,16.32,156,player,Greuther Furth,0.452,823.7,466.7,847.2,523.5,46.32,22.29,0.0
408,16.32,155,player,Greuther Furth,0.432,886.1,423.2,912.8,479.9,49.48,18.0,9.2
408,16.32,147,player,Greuther Furth,0.385,585.9,351.2,601.9,401.6,33.99,10.15,13.8
408,16.32,149,player,Greuther Furth,0.364,676.1,918.8,719.1,1046.1,40.42,69.64,18.9
408,16.32,132,player,Greuther Furth,0.331,713.6,469.2,740.3,529.1,40.94,22.83,0.0
408,16.32,0,ball,Ball,0.7,1479.0,1069.0,1490.0,1080.0,76.55,72.02,0.0
409,16.36,90,player,Greuther Furth,0.682,426.2,685.7,457.6,768.9,27.7,45.41,6.0
409,16.36,10,player,Greuther Furth,0.659,1520.6,498.8,1558.4,568.0,81.07,26.6,13.6
409,16.36,118,player,Greuther Furth,0.641,992.3,494.3,1016.4,559.5,54.69,25.78,5.3
409,16.36,86,player,Greuther Furth,0.617,350.9,825.2,386.8,922.2,24.81,59.04,9.7
409,16.36,125,player,Greuther Furth,0.612,1379.4,875.8,1415.9,964.4,72.88,62.69,2.0
409,16.36,143,player,Greuther Furth,0.579,285.0,530.0,316.6,609.8,20.2,30.61,38.0
409,16.36,139,player,Greuther Furth,0.554,343.7,538.7,368.6,611.4,22.92,30.76,3.0
409,16.36,123,player,VfB Stuttgart,0.553,181.1,993.8,246.8,1079.6,18.31,72.44,1.9
409,16.36,154,player,VfB Stuttgart,0.539,503.0,402.2,524.0,460.2,30.13,16.04,5.5
409,16.36,142,player,Greuther Furth,0.518,1768.4,864.3,1801.2,962.0,90.92,62.49,7.2
409,16.36,155,player,Greuther Furth,0.51,886.6,422.9,914.6,479.8,49.53,17.98,5.3
409,16.36,156,player,Greuther Furth,0.433,822.5,465.6,845.9,522.8,46.26,22.21,8.6
409,16.36,132,player,Greuther Furth,0.388,719.3,468.6,741.0,527.4,41.1,22.67,19.9
409,16.36,149,player,Greuther Furth,0.367,670.2,919.8,721.4,1067.5,40.37,71.43,38.0
409,16.36,0,ball,Ball,0.7,220.0,252.0,236.0,267.0,14.68,-4.57,0.0
410,16.4,90,player,Greuther Furth,0.685,425.6,686.2,456.2,769.6,27.65,45.47,6.6
410,16.4,86,player,Greuther Furth,0.66,351.2,824.9,388.4,919.9,24.84,58.84,18.4
410,16.4,10,player,Greuther Furth,0.652,1520.3,499.8,1559.0,568.1,81.08,26.62,1.3
410,16.4,125,player,Greuther Furth,0.626,1379.9,875.7,1416.0,964.5,72.89,62.7,1.3
410,16.4,118,player,Greuther Furth,0.618,991.9,492.5,1014.4,559.1,54.63,25.74,6.6
410,16.4,143,player,Greuther Furth,0.589,285.6,530.0,316.8,609.9,20.22,30.61,1.9
410,16.4,139,player,Greuther Furth,0.55,344.7,538.5,369.2,612.2,22.96,30.83,7.9
410,16.4,154,player,VfB Stuttgart,0.543,503.1,401.7,525.4,460.3,30.16,16.05,3.1
410,16.4,123,player,VfB Stuttgart,0.541,180.9,993.3,246.8,1079.6,18.31,72.44,0.4
410,16.4,142,player,Greuther Furth,0.508,1768.8,863.8,1801.3,962.8,90.92,62.56,6.2
410,16.4,155,player,Greuther Furth,0.483,886.9,423.9,913.4,479.3,49.51,17.93,4.8
410,16.4,156,player,Greuther Furth,0.455,822.4,464.4,844.7,521.0,46.22,22.04,16.1
410,16.4,132,player,Greuther Furth,0.425,721.8,468.4,742.7,527.7,41.2,22.69,9.5
410,16.4,158,player,Greuther Furth,0.405,629.2,353.4,646.9,402.4,36.23,10.24,0.0
410,16.4,157,player,Greuther Furth,0.37,446.6,447.1,480.6,523.9,27.86,22.32,0.0
410,16.4,149,player,Greuther Furth,0.355,673.1,919.7,720.8,1068.3,40.43,71.5,7.8
410,16.4,147,player,Greuther Furth,0.322,586.7,351.0,605.6,400.5,34.1,10.05,7.0
410,16.4,0,ball,Ball,0.7,222.0,252.0,236.0,267.0,14.73,-4.57,0.0
411,16.44,90,player,Greuther Furth,0.691,424.2,687.5,455.2,768.2,27.59,45.34,12.7
411,16.44,86,player,Greuther Furth,0.684,350.9,825.3,390.1,921.0,24.88,58.94,9.2
411,16.44,125,player,Greuther Furth,0.645,1380.4,875.5,1416.4,963.9,72.91,62.65,4.9
411,16.44,118,player,Greuther Furth,0.615,992.4,492.5,1013.6,558.7,54.62,25.7,3.6
411,16.44,10,player,Greuther Furth,0.599,1523.5,499.2,1561.4,567.8,81.22,26.58,13.1
411,16.44,143,player,Greuther Furth,0.57,287.3,529.3,317.0,608.1,20.26,30.44,15.8
411,16.44,154,player,VfB Stuttgart,0.528,503.0,402.1,526.2,459.6,30.18,15.98,5.7
411,16.44,123,player,VfB Stuttgart,0.519,180.6,991.9,245.7,1079.6,18.28,72.44,3.0
411,16.44,139,player,Greuther Furth,0.518,344.8,538.4,370.2,608.6,22.97,30.49,30.9
411,16.44,156,player,Greuther Furth,0.488,821.9,464.1,842.9,519.5,46.16,21.9,13.8
411,16.44,155,player,Greuther Furth,0.485,888.8,423.9,913.9,477.7,49.57,17.78,14.9
411,16.44,142,player,Greuther Furth,0.443,1769.3,864.2,1802.9,964.4,90.96,62.69,12.3
411,16.44,158,player,Greuther Furth,0.437,630.0,353.7,647.5,402.7,36.26,10.26,3.7
411,16.44,132,player,Greuther Furth,0.435,723.1,468.1,742.3,524.4,41.22,22.37,28.9
411,16.44,149,player,Greuther Furth,0.368,673.2,919.8,720.0,1073.4,40.42,71.92,38.0
411,16.44,153,player,Greuther Furth,0.329,1179.3,999.4,1217.6,1076.2,63.43,72.16,2.6
411,16.44,0,ball,Ball,0.7,283.0,249.0,296.0,265.0,17.84,-4.83,0.0
412,16.48,86,player,Greuther Furth,0.711,351.2,825.6,391.3,920.4,24.92,58.88,5.9
412,16.48,90,player,Greuther Furth,0.666,423.1,687.2,454.2,770.5,27.55,45.56,19.6
412,16.48,125,player,Greuther Furth,0.648,1380.7,875.5,1416.4,963.5,72.92,62.62,3.2
412,16.48,10,player,Greuther Furth,0.636,1529.7,499.5,1564.0,568.3,81.43,26.63,19.5
412,16.48,118,player,Greuther Furth,0.612,992.2,492.9,1012.9,559.0,54.6,25.73,3.9
412,16.48,143,player,Greuther Furth,0.597,289.8,528.8,315.7,604.8,20.27,30.13,28.3
412,16.48,123,player,VfB Stuttgart,0.514,180.8,990.5,243.9,1079.6,18.24,72.44,3.3
412,16.48,155,player,Greuther Furth,0.513,889.0,425.2,914.9,477.7,49.6,17.78,2.4
412,16.48,154,player,VfB Stuttgart,0.511,502.7,402.2,526.9,459.1,30.19,15.93,4.9
412,16.48,139,player,Greuther Furth,0.495,346.3,537.7,371.6,608.1,23.04,30.44,7.4
412,16.48,156,player,Greuther Furth,0.465,820.0,465.8,840.9,517.1,46.07,21.66,23.0
412,16.48,132,player,Greuther Furth,0.449,723.7,464.8,746.0,527.6,41.33,22.69,30.3
412,16.48,142,player,Greuther Furth,0.447,1769.4,864.2,1804.4,963.8,91.01,62.64,6.0
412,16.48,158,player,Greuther Furth,0.408,630.0,353.9,648.1,403.3,36.28,10.33,6.0
412,16.48,149,player,Greuther Furth,0.317,674.1,919.5,719.0,1067.9,40.41,71.46,38.0
412,16.48,157,player,Greuther Furth,0.301,446.6,449.4,479.7,519.5,27.83,21.89,19.1
412,16.48,0,ball,Ball,0.7,184.0,248.0,210.0,266.0,13.06,-4.83,0.0
413,16.52,86,player,Greuther Furth,0.699,351.9,826.5,392.8,921.4,24.97,58.98,9.8
413,16.52,125,player,Greuther Furth,0.671,1380.6,874.1,1417.0,963.6,72.94,62.63,1.2
413,16.52,90,player,Greuther Furth,0.631,421.1,688.1,453.6,771.9,27.49,45.68,12.2
413,16.52,10,player,Greuther Furth,0.618,1537.2,500.1,1566.4,568.5,81.68,26.65,22.2
413,16.52,118,player,Greuther Furth,0.61,991.8,492.2,1012.1,559.0,54.57,25.73,2.6
413,16.52,143,player,Greuther Furth,0.582,291.6,529.0,314.9,603.6,20.29,30.01,10.5
413,16.52,123,player,VfB Stuttgart,0.522,180.5,990.6,242.7,1079.4,18.21,72.43,3.1
413,16.52,155,player,Greuther Furth,0.517,890.1,424.0,915.6,476.7,49.64,17.68,10.4
413,16.52,154,player,VfB Stuttgart,0.496,502.6,402.1,527.5,458.6,30.2,15.88,4.4
413,16.52,139,player,Greuther Furth,0.494,347.3,538.7,373.4,609.5,23.12,30.58,13.5
413,16.52,132,player,Greuther Furth,0.465,725.2,465.6,748.6,527.6,41.43,22.69,9.2
413,16.52,156,player,Greuther Furth,0.436,819.7,465.0,841.2,516.0,46.06,21.55,10.3
413,16.52,142,player,Greuther Furth,0.427,1770.3,865.3,1804.5,965.3,91.02,62.77,11.9
413,16.52,158,player,Greuther Furth,0.367,630.9,352.9,648.3,403.4,36.31,10.34,2.7
413,16.52,0,ball,Ball,0.7,220.0,253.0,234.0,267.0,14.63,-4.51,0.0
414,16.56,86,player,Greuther Furth,0.703,353.7,827.1,393.3,919.8,25.02,58.83,13.8
414,16.56,125,player,Greuther Furth,0.672,1380.8,874.1,1417.0,963.3,72.94,62.6,2.5
414,16.56,90,player,Greuther Furth,0.646,420.3,686.7,452.2,772.2,27.44,45.71,5.4
414,16.56,118,player,Greuther Furth,0.627,989.6,491.4,1011.3,558.1,54.5,25.64,10.1
414,16.56,143,player,Greuther Furth,0.61,291.6,528.1,315.8,603.2,20.31,29.97,4.2
414,16.56,154,player,VfB Stuttgart,0.514,502.7,402.9,528.1,459.7,30.22,15.99,10.1
414,16.56,10,player,Greuther Furth,0.513,1538.8,501.3,1568.3,567.7,81.76,26.57,10.4
414,16.56,123,player,VfB Stuttgart,0.503,180.7,991.0,242.8,1079.5,18.21,72.43,0.7
414,16.56,139,player,Greuther Furth,0.494,347.9,541.1,374.8,607.8,23.16,30.42,14.6
414,16.56,155,player,Greuther Furth,0.482,892.1,424.8,918.3,475.5,49.76,17.56,14.7
414,16.56,132,player,Greuther Furth,0.477,725.9,463.9,750.3,526.6,41.49,22.58,10.5
414,16.56,142,player,Greuther Furth,0.422,1771.0,865.5,1804.5,966.5,91.03,62.87,9.5
414,16.56,156,player,Greuther Furth,0.402,819.5,463.9,841.2,516.7,46.06,21.62,6.4
414,16.56,158,player,Greuther Furth,0.337,632.0,352.8,649.7,402.5,36.37,10.24,10.1
414,16.56,0,ball,Ball,0.7,1479.0,1070.0,1490.0,1080.0,76.55,72.06,0.0
415,16.6,86,player,Greuther Furth,0.698,355.0,827.0,394.0,918.6,25.06,58.73,9.8
415,16.6,125,player,Greuther Furth,0.661,1380.9,875.0,1417.0,963.4,72.94,62.6,0.4
415,16.6,90,player,Greuther Furth,0.65,419.4,687.9,451.9,773.0,27.41,45.78,7.0
415,16.6,118,player,Greuther Furth,0.596,989.1,492.2,1011.1,557.6,54.48,25.59,4.8
415,16.6,143,player,Greuther Furth,0.583,292.7,527.6,316.6,603.4,20.36,30.0,4.9
415,16.6,154,player,VfB Stuttgart,0.513,502.5,403.3,529.0,460.8,30.24,16.1,9.4
415,16.6,139,player,Greuther Furth,0.494,348.9,541.6,375.7,608.1,23.2,30.44,4.6
415,16.6,132,player,Greuther Furth,0.464,727.5,465.0,751.0,525.6,41.55,22.49,10.1
415,16.6,123,player,VfB Stuttgart,0.461,180.8,991.6,242.6,1079.5,18.21,72.43,0.3
415,16.6,10,player,Greuther Furth,0.457,1542.9,501.0,1571.5,571.0,81.93,26.89,32.0
415,16.6,156,player,Greuther Furth,0.42,818.0,465.1,839.0,518.1,45.97,21.76,15.2
415,16.6,159,player,Greuther Furth,0.411,1150.0,463.6,1169.1,518.6,62.41,21.8,0.0
415,16.6,142,player,Greuther Furth,0.405,1771.3,865.7,1804.5,968.0,91.03,63.0,11.6
415,16.6,155,player,Greuther Furth,0.37,893.3,423.8,919.7,474.7,49.82,17.48,9.2
415,16.6,0,ball,Ball,0.7,282.0,248.0,297.0,265.0,17.84,-4.89,0.0
416,16.64,86,player,Greuther Furth,0.692,356.6,828.3,394.9,917.2,25.11,58.61,11.6
416,16.64,125,player,Greuther Furth,0.662,1381.2,875.7,1417.0,963.2,72.95,62.59,1.7
416,16.64,90,player,Greuther Furth,0.604,418.1,688.4,451.0,773.4,27.36,45.82,5.6
416,16.64,159,player,Greuther Furth,0.593,1151.3,460.9,1171.9,517.9,62.51,21.74,11.0
416,16.64,118,player,Greuther Furth,0.568,988.8,492.7,1010.9,557.5,54.47,25.59,1.3
416,16.64,143,player,Greuther Furth,0.567,293.6,527.5,317.3,603.4,20.4,29.99,3.5
416,16.64,154,player,VfB Stuttgart,0.515,503.1,403.4,529.2,460.8,30.26,16.1,1.5
416,16.64,139,player,Greuther Furth,0.508,349.7,541.7,376.4,606.9,23.24,30.33,10.6
416,16.64,10,player,Greuther Furth,0.474,1544.4,499.0,1575.2,569.5,82.07,26.75,17.5
416,16.64,123,player,VfB Stuttgart,0.469,180.7,991.1,242.6,1079.5,18.21,72.43,0.3
416,16.64,156,player,Greuther Furth,0.454,816.7,462.2,839.1,517.9,45.94,21.73,3.7
416,16.64,142,player,Greuther Furth,0.433,1771.9,866.1,1804.6,969.3,91.04,63.12,10.3
416,16.64,132,player,Greuther Furth,0.411,727.7,466.3,752.9,525.0,41.6,22.43,6.9
416,16.64,155,player,Greuther Furth,0.363,895.5,421.6,920.0,473.8,49.89,17.39,10.0
416,16.64,0,ball,Ball,0.7,282.0,248.0,297.0,265.0,17.84,-4.89,0.0
417,16.68,86,player,Greuther Furth,0.668,356.9,827.4,397.3,916.6,25.18,58.55,7.9
417,16.68,125,player,Greuther Furth,0.663,1381.3,875.9,1416.9,963.2,72.95,62.59,0.1
417,16.68,159,player,Greuther Furth,0.62,1152.6,461.9,1174.3,518.6,62.6,21.8,9.9
417,16.68,143,player,Greuther Furth,0.604,294.5,527.1,317.1,603.2,20.41,29.97,2.2
417,16.68,10,player,Greuther Furth,0.596,1545.6,499.4,1577.5,572.5,82.14,27.03,26.6
417,16.68,90,player,Greuther Furth,0.591,416.6,688.5,449.8,773.9,27.3,45.86,6.8
417,16.68,118,player,Greuther Furth,0.579,987.1,491.6,1010.7,557.7,54.42,25.6,4.4
417,16.68,139,player,Greuther Furth,0.523,350.3,540.4,377.6,606.6,23.28,30.3,4.5
417,16.68,154,player,VfB Stuttgart,0.493,503.3,403.3,529.2,460.6,30.27,16.08,1.1
417,16.68,142,player,Greuther Furth,0.463,1772.1,864.9,1804.7,970.2,91.04,63.19,7.1
417,16.68,156,player,Greuther Furth,0.457,815.3,461.2,837.5,516.7,45.86,21.62,12.0
417,16.68,123,player,VfB Stuttgart,0.45,180.5,991.7,242.6,1079.4,18.2,72.43,0.5
417,16.68,132,player,Greuther Furth,0.426,728.5,466.7,755.4,526.5,41.68,22.58,15.7
417,16.68,0,ball,Ball,0.7,904.0,425.0,917.0,442.0,50.01,13.37,0.0
418,16.72,125,player,Greuther Furth,0.667,1381.6,875.8,1417.4,963.2,72.97,62.59,1.5
418,16.72,86,player,Greuther Furth,0.65,357.8,828.8,398.5,916.8,25.23,58.57,4.7
418,16.72,90,player,Greuther Furth,0.612,416.4,689.6,449.3,776.1,27.29,46.07,18.5
418,16.72,10,player,Greuther Furth,0.605,1546.0,501.2,1578.6,573.8,82.17,27.16,11.4
418,16.72,143,player,Greuther Furth,0.602,295.7,527.0,317.4,601.4,20.44,29.81,15.1
418,16.72,118,player,Greuther Furth,0.557,987.0,491.4,1009.9,555.7,54.4,25.41,17.4
418,16.72,159,player,Greuther Furth,0.553,1154.5,463.5,1175.7,520.6,62.68,22.0,19.3
418,16.72,139,player,Greuther Furth,0.533,350.6,540.6,379.6,606.4,23.34,30.28,5.4
418,16.72,154,player,VfB Stuttgart,0.498,504.2,402.6,529.7,461.1,30.3,16.13,4.9
418,16.72,142,player,Greuther Furth,0.471,1772.8,866.2,1805.4,968.8,91.08,63.07,11.5
418,16.72,123,player,VfB Stuttgart,0.439,180.2,991.3,242.7,1079.5,18.2,72.43,0.6
418,16.72,132,player,Greuther Furth,0.433,731.5,465.6,757.8,527.2,41.82,22.64,13.5
418,16.72,156,player,Greuther Furth,0.43,815.0,462.0,836.3,517.2,45.83,21.67,5.6
418,16.72,160,player,Greuther Furth,0.354,599.1,351.2,616.9,401.1,34.7,10.11,0.0
418,16.72,0,ball,Ball,0.7,905.0,425.0,918.0,441.0,50.06,13.32,0.0
419,16.76,125,player,Greuther Furth,0.665,1381.5,875.8,1417.6,963.5,72.97,62.62,2.2
419,16.76,86,player,Greuther Furth,0.641,359.6,828.2,401.0,916.3,25.32,58.53,9.5
419,16.76,10,player,Greuther Furth,0.63,1547.0,503.2,1581.7,572.3,82.28,27.01,16.2
419,16.76,143,player,Greuther Furth,0.606,296.5,526.6,318.2,600.5,20.48,29.72,8.2
419,16.76,90,player,Greuther Furth,0.599,416.8,690.6,448.6,777.0,27.28,46.14,6.9
419,16.76,118,player,Greuther Furth,0.598,986.4,491.3,1009.2,553.1,54.37,25.16,22.8
419,16.76,142,player,Greuther Furth,0.515,1772.8,866.2,1805.6,969.3,91.08,63.11,3.5
419,16.76,139,player,Greuther Furth,0.505,351.3,538.5,382.6,603.7,23.42,30.02,24.4
419,16.76,159,player,Greuther Furth,0.481,1154.9,462.6,1176.1,518.9,62.71,21.83,15.0
419,16.76,154,player,VfB Stuttgart,0.467,505.2,403.0,529.7,460.9,30.33,16.11,2.5
419,16.76,156,player,Greuther Furth,0.449,813.1,459.5,835.4,516.3,45.76,21.58,10.0
419,16.76,123,player,VfB Stuttgart,0.441,180.0,991.1,242.9,1079.6,18.2,72.44,0.5
419,16.76,160,player,Greuther Furth,0.406,600.6,350.3,618.3,401.3,34.78,10.13,6.6
419,16.76,132,player,Greuther Furth,0.382,732.8,463.8,757.1,525.7,41.83,22.49,13.5
419,16.76,0,ball,Ball,0.7,906.0,425.0,919.0,441.0,50.11,13.32,0.0
420,16.8,125,player,Greuther Furth,0.641,1381.1,875.9,1417.9,962.9,72.97,62.57,4.6
420,16.8,86,player,Greuther Furth,0.637,359.8,825.7,404.2,913.8,25.39,58.31,20.9
420,16.8,90,player,Greuther Furth,0.605,416.5,693.1,448.6,780.8,27.29,46.49,31.1
420,16.8,143,player,Greuther Furth,0.604,297.0,526.9,319.0,601.7,20.51,29.84,10.6
420,16.8,118,player,Greuther Furth,0.594,985.1,489.2,1008.8,555.0,54.33,25.35,17.5
420,16.8,10,player,Greuther Furth,0.578,1546.7,503.8,1582.6,571.8,82.29,26.96,4.6
420,16.8,142,player,Greuther Furth,0.522,1772.8,866.4,1805.7,969.2,91.09,63.1,0.5
420,16.8,159,player,Greuther Furth,0.493,1156.5,463.3,1177.5,518.3,62.78,21.78,8.3
420,16.8,139,player,Greuther Furth,0.486,352.8,536.6,382.3,603.0,23.44,29.95,6.6
420,16.8,123,player,VfB Stuttgart,0.465,179.3,990.5,242.7,1079.6,18.18,72.44,1.9
420,16.8,156,player,Greuther Furth,0.438,811.1,459.3,834.7,515.4,45.69,21.49,10.3
420,16.8,149,player,Greuther Furth,0.412,679.5,919.3,719.8,1044.2,40.51,69.48,0.0
420,16.8,160,player,Greuther Furth,0.383,602.7,350.5,620.3,401.7,34.88,10.17,10.4
420,16.8,132,player,Greuther Furth,0.377,734.4,461.0,759.0,525.3,41.92,22.46,8.6
420,16.8,154,player,VfB Stuttgart,0.363,510.9,403.6,530.8,458.6,30.49,15.88,25.7
420,16.8,0,ball,Ball,0.7,907.0,424.0,920.0,441.0,50.16,13.27,0.0
421,16.84,86,player,Greuther Furth,0.657,362.0,825.5,404.2,913.8,25.45,58.31,4.7
421,16.84,90,player,Greuther Furth,0.653,416.0,695.5,447.7,781.0,27.26,46.5,3.1
421,16.84,125,player,Greuther Furth,0.65,1380.1,875.8,1418.2,962.4,72.95,62.52,3.9
421,16.84,10,player,Greuther Furth,0.591,1549.1,503.7,1584.4,573.1,82.39,27.09,14.2
421,16.84,143,player,Greuther Furth,0.579,297.6,527.0,319.2,602.1,20.54,29.87,4.0
421,16.84,142,player,Greuther Furth,0.506,1772.3,864.8,1806.2,969.2,91.09,63.1,0.2
421,16.84,118,player,Greuther Furth,0.491,984.4,488.5,1007.0,550.1,54.26,24.87,38.0
421,16.84,139,player,Greuther Furth,0.48,356.1,537.4,381.5,602.0,23.5,29.86,10.1
421,16.84,123,player,VfB Stuttgart,0.458,179.6,991.0,242.1,1079.7,18.17,72.45,0.9
421,16.84,160,player,Greuther Furth,0.45,605.0,350.0,622.8,401.6,35.0,10.15,10.8
421,16.84,156,player,Greuther Furth,0.445,809.5,458.7,833.7,516.1,45.62,21.56,8.0
421,16.84,149,player,Greuther Furth,0.436,680.2,917.8,721.1,1040.0,40.55,69.12,32.0
421,16.84,132,player,Greuther Furth,0.36,736.9,460.5,761.9,524.1,42.05,22.34,15.8
421,16.84,159,player,Greuther Furth,0.356,1160.5,461.1,1180.5,518.9,62.96,21.84,16.5
421,16.84,157,player,Greuther Furth,0.323,454.9,448.2,479.2,514.1,28.0,21.37,0.0
421,16.84,0,ball,Ball,0.7,908.0,424.0,921.0,441.0,50.21,13.27,0.0
422,16.88,90,player,Greuther Furth,0.654,415.3,695.4,447.5,781.9,27.24,46.59,7.9
422,16.88,86,player,Greuther Furth,0.646,365.4,825.5,403.6,914.2,25.51,58.35,6.9
422,16.88,125,player,Greuther Furth,0.636,1379.8,875.4,1418.5,962.3,72.95,62.52,0.8
422,16.88,143,player,Greuther Furth,0.576,297.7,525.7,319.6,604.1,20.56,30.06,17.1
422,16.88,139,player,Greuther Furth,0.539,358.3,536.5,382.2,601.3,23.57,29.8,8.0
422,16.88,10,player,Greuther Furth,0.526,1552.3,503.2,1585.1,571.6,82.49,26.94,16.0
422,16.88,142,player,Greuther Furth,0.509,1772.3,864.6,1806.7,968.5,91.1,63.05,5.3
422,16.88,161,player,Greuther Furth,0.49,620.0,900.3,667.7,1040.6,37.94,69.17,0.0
422,16.88,160,player,Greuther Furth,0.469,606.7,350.5,624.2,400.2,35.08,10.01,14.7
422,16.88,149,player,Greuther Furth,0.435,680.1,915.0,721.9,1050.9,40.58,70.04,38.0
422,16.88,123,player,VfB Stuttgart,0.432,179.9,990.5,242.3,1079.6,18.18,72.44,1.2
422,16.88,156,player,Greuther Furth,0.414,808.7,458.3,832.7,515.7,45.58,21.52,4.9
422,16.88,118,player,Greuther Furth,0.387,983.7,486.3,1006.1,543.3,54.23,24.22,38.0
422,16.88,132,player,Greuther Furth,0.364,738.7,460.5,761.5,521.7,42.08,22.11,21.7
422,16.88,144,player,Greuther Furth,0.302,905.7,972.2,949.0,1080.0,51.0,72.47,0.0
422,16.88,157,player,Greuther Furth,0.301,456.1,448.5,479.3,513.4,28.03,21.29,7.2
422,16.88,0,ball,Ball,0.7,909.0,424.0,922.0,440.0,50.26,13.22,0.0
423,16.92,90,player,Greuther Furth,0.673,414.7,696.5,447.6,784.4,27.24,46.81,20.1
423,16.92,86,player,Greuther Furth,0.644,366.5,821.6,406.8,914.4,25.61,58.37,9.3
423,16.92,125,player,Greuther Furth,0.631,1379.5,875.4,1419.2,961.6,72.96,62.45,5.7
423,16.92,143,player,Greuther Furth,0.552,297.7,526.1,319.9,603.5,20.56,30.01,4.8
423,16.92,139,player,Greuther Furth,0.535,359.2,536.2,382.7,600.0,23.6,29.67,11.6
423,16.92,142,player,Greuther Furth,0.521,1772.7,864.9,1806.9,968.4,91.12,63.04,1.6
423,16.92,160,player,Greuther Furth,0.504,606.9,350.7,624.8,400.9,35.1,10.09,7.4
423,16.92,161,player,Greuther Furth,0.504,620.8,899.7,667.1,1033.7,37.93,68.59,38.0
423,16.92,10,player,Greuther Furth,0.499,1555.1,500.5,1586.0,570.1,82.59,26.81,15.1
423,16.92,149,player,Greuther Furth,0.476,679.6,914.4,722.4,1051.2,40.58,70.06,1.7
423,16.92,118,player,Greuther Furth,0.437,982.7,485.2,1006.0,545.6,54.2,24.43,19.5
423,16.92,123,player,VfB Stuttgart,0.434,179.6,989.3,242.0,1079.6,18.17,72.44,1.1
423,16.92,156,player,Greuther Furth,0.428,806.8,458.7,832.2,515.5,45.52,21.5,6.0
423,16.92,132,player,Greuther Furth,0.408,738.6,458.2,762.1,522.7,42.09,22.2,8.8
423,16.92,155,player,Greuther Furth,0.321,904.9,418.3,928.7,475.6,50.34,17.57,0.0
423,16.92,153,player,Greuther Furth,0.305,1179.3,998.9,1218.5,1077.7,63.45,72.29,0.0
423,16.92,0,ball,Ball,0.7,1478.0,1068.0,1490.0,1080.0,76.53,71.97,0.0
424,16.96,90,player,Greuther Furth,0.666,414.8,697.7,448.1,785.9,27.26,46.95,12.8
424,16.96,86,player,Greuther Furth,0.665,368.8,822.8,407.0,913.3,25.67,58.27,10.2
424,16.96,125,player,Greuther Furth,0.634,1379.4,875.1,1419.7,961.1,72.98,62.41,4.5
424,16.96,139,player,Greuther Furth,0.554,358.6,534.1,383.3,600.3,23.6,29.7,2.0
424,16.96,161,player,Greuther Furth,0.542,621.3,898.7,666.7,1036.6,37.93,68.84,22.2
424,16.96,142,player,Greuther Furth,0.523,1772.8,864.6,1806.9,967.9,91.12,62.99,4.0
424,16.96,143,player,Greuther Furth,0.523,297.7,525.7,320.1,602.2,20.56,29.89,11.2
424,16.96,160,player,Greuther Furth,0.521,607.1,351.1,625.2,400.8,35.12,10.07,2.0
424,16.96,10,player,Greuther Furth,0.517,1558.2,500.2,1587.5,569.2,82.71,26.72,13.4
424,16.96,149,player,Greuther Furth,0.497,679.6,913.8,722.2,1049.7,40.58,69.94,11.0
424,16.96,118,player,Greuther Furth,0.438,981.9,484.2,1005.1,548.1,54.16,24.68,22.4
424,16.96,123,player,VfB Stuttgart,0.436,180.1,990.0,243.3,1079.8,18.21,72.46,4.0
424,16.96,156,player,Greuther Furth,0.404,805.9,458.6,832.2,514.9,45.5,21.44,5.6
424,16.96,132,player,Greuther Furth,0.365,741.3,459.0,762.4,521.2,42.17,22.06,14.6
424,16.96,155,player,Greuther Furth,0.344,907.3,416.8,929.5,475.2,50.42,17.53,8.2
424,16.96,159,player,Greuther Furth,0.343,1165.0,458.2,1187.6,521.4,63.24,22.08,11.2
424,16.96,0,ball,Ball,0.7,1478.0,1068.0,1490.0,1080.0,76.53,71.97,0.0
425,17.0,86,player,Greuther Furth,0.664,370.9,821.6,408.3,912.5,25.75,58.2,9.3
425,17.0,90,player,Greuther Furth,0.661,413.7,696.1,447.7,786.4,27.22,46.99,4.6
425,17.0,125,player,Greuther Furth,0.648,1379.7,875.0,1420.7,960.6,73.01,62.36,4.8
425,17.0,139,player,Greuther Furth,0.574,359.3,533.0,384.5,600.3,23.64,29.7,4.1
425,17.0,10,player,Greuther Furth,0.542,1561.8,499.6,1588.9,569.5,82.83,26.75,11.3
425,17.0,143,player,Greuther Furth,0.509,297.8,525.6,320.4,600.6,20.56,29.73,14.1
425,17.0,142,player,Greuther Furth,0.488,1772.7,864.4,1806.7,967.2,91.12,62.93,5.8
425,17.0,160,player,Greuther Furth,0.482,608.5,351.5,626.9,402.0,35.2,10.2,13.5
425,17.0,118,player,Greuther Furth,0.48,979.6,483.2,1005.4,549.2,54.11,24.78,10.6
425,17.0,149,player,Greuther Furth,0.48,681.3,915.9,719.7,1044.3,40.55,69.48,38.0
425,17.0,123,player,VfB Stuttgart,0.435,180.0,989.8,243.4,1079.9,18.21,72.47,0.6
425,17.0,161,player,Greuther Furth,0.423,622.2,899.8,665.1,1034.6,37.92,68.67,15.2
425,17.0,132,player,Greuther Furth,0.4,742.2,458.5,765.3,521.7,42.26,22.1,9.6
425,17.0,156,player,Greuther Furth,0.376,805.2,457.9,831.3,514.4,45.46,21.39,5.5
425,17.0,155,player,Greuther Furth,0.372,909.2,417.5,928.6,474.9,50.44,17.5,3.1
425,17.0,159,player,Greuther Furth,0.324,1166.1,457.6,1190.2,519.0,63.33,21.84,23.2
425,17.0,0,ball,Ball,0.7,1478.0,1068.0,1491.0,1080.0,76.55,71.97,0.0
426,17.04,86,player,Greuther Furth,0.715,373.7,821.9,409.3,912.3,25.83,58.18,7.9
426,17.04,125,player,Greuther Furth,0.648,1379.7,874.7,1420.3,960.1,73.0,62.32,3.9
426,17.04,90,player,Greuther Furth,0.648,413.3,695.4,447.8,786.8,27.22,47.03,3.3
426,17.04,139,player,Greuther Furth,0.613,360.3,530.4,387.8,600.0,23.75,29.67,9.7
426,17.04,10,player,Greuther Furth,0.586,1563.3,501.4,1590.4,569.7,82.91,26.77,6.7
426,17.04,143,player,Greuther Furth,0.519,297.8,525.8,320.4,599.2,20.56,29.6,11.8
426,17.04,118,player,Greuther Furth,0.504,978.4,484.6,1005.2,546.6,54.07,24.53,22.8
426,17.04,149,player,Greuther Furth,0.451,681.5,916.4,719.3,1045.6,40.55,69.6,10.3
426,17.04,142,player,Greuther Furth,0.446,1772.3,864.6,1806.7,967.7,91.11,62.97,3.9
426,17.04,160,player,Greuther Furth,0.432,609.3,350.6,628.6,402.0,35.26,10.2,5.8
426,17.04,123,player,VfB Stuttgart,0.42,180.8,989.7,243.2,1079.9,18.23,72.47,1.2
426,17.04,132,player,Greuther Furth,0.415,742.6,458.3,767.4,520.7,42.32,22.01,10.0
426,17.04,159,player,Greuther Furth,0.41,1168.7,458.3,1192.1,515.5,63.45,21.5,32.4
426,17.04,155,player,Greuther Furth,0.396,909.7,417.0,928.6,474.3,50.46,17.44,5.8
426,17.04,156,player,Greuther Furth,0.348,804.5,455.2,831.1,513.4,45.43,21.3,8.8
426,17.04,144,player,Greuther Furth,0.322,897.2,973.1,942.0,1065.2,50.65,71.24,28.9
426,17.04,161,player,Greuther Furth,0.321,622.2,901.5,664.3,1037.9,37.9,68.95,25.0
426,17.04,0,ball,Ball,0.7,1478.0,1068.0,1491.0,1080.0,76.55,71.97,0.0
427,17.08,86,player,Greuther Furth,0.686,375.8,821.0,410.9,912.9,25.92,58.23,9.2
427,17.08,125,player,Greuther Furth,0.653,1380.1,873.4,1420.5,960.0,73.01,62.31,1.6
427,17.08,139,player,Greuther Furth,0.611,360.9,530.1,390.9,600.5,23.84,29.72,9.3
427,17.08,90,player,Greuther Furth,0.606,413.5,696.4,447.0,786.5,27.2,47.01,2.3
427,17.08,10,player,Greuther Furth,0.549,1565.4,504.4,1591.6,569.1,82.99,26.7,9.5
427,17.08,118,player,Greuther Furth,0.548,977.9,482.6,1004.8,547.8,54.05,24.65,10.5
427,17.08,149,player,Greuther Furth,0.448,680.2,914.1,719.7,1048.5,40.53,69.84,21.7
427,17.08,143,player,Greuther Furth,0.443,298.1,525.7,319.4,599.5,20.54,29.62,2.9
427,17.08,155,player,Greuther Furth,0.433,909.3,417.0,931.2,474.6,50.51,17.47,5.8
427,17.08,132,player,Greuther Furth,0.408,744.1,459.6,769.0,520.9,42.4,22.03,7.1
427,17.08,123,player,VfB Stuttgart,0.395,181.5,989.1,243.2,1079.9,18.24,72.46,1.6
427,17.08,142,player,Greuther Furth,0.389,1772.0,864.6,1807.0,972.5,91.08,63.38,37.1
427,17.08,161,player,Greuther Furth,0.387,619.9,903.0,664.4,1042.2,37.86,69.31,32.6
427,17.08,159,player,Greuther Furth,0.381,1169.7,459.2,1192.9,514.7,63.5,21.42,8.3
427,17.08,144,player,Greuther Furth,0.366,896.5,971.8,942.5,1080.0,50.64,72.47,38.0
427,17.08,153,player,Greuther Furth,0.321,1178.9,998.1,1219.2,1077.8,63.46,72.29,0.2
427,17.08,162,player,VfB Stuttgart,0.315,453.7,942.3,498.4,1065.3,30.28,71.25,0.0
427,17.08,156,player,Greuther Furth,0.315,802.3,454.0,825.5,510.8,45.24,21.04,29.4
427,17.08,0,ball,Ball,0.7,1499.0,1068.0,1513.0,1080.0,77.54,71.97,0.0
428,17.12,86,player,Greuther Furth,0.676,378.6,821.6,411.7,911.7,26.0,58.13,11.8
428,17.12,125,player,Greuther Furth,0.672,1380.9,872.0,1420.7,959.6,73.04,62.28,3.5
428,17.12,90,player,Greuther Furth,0.618,413.4,697.2,445.7,786.9,27.17,47.04,4.3
428,17.12,118,player,Greuther Furth,0.583,977.0,482.4,1002.3,548.3,53.97,24.7,8.7
428,17.12,139,player,Greuther Furth,0.579,362.7,530.1,392.7,600.0,23.93,29.67,9.0
428,17.12,10,player,Greuther Furth,0.511,1565.6,504.5,1594.7,569.4,83.07,26.74,7.7
428,17.12,159,player,Greuther Furth,0.451,1172.0,459.4,1194.1,514.5,63.58,21.4,7.9
428,17.12,163,player,Greuther Furth,0.451,1545.2,360.6,1563.3,411.1,82.5,11.11,0.0
428,17.12,155,player,Greuther Furth,0.449,910.1,417.4,930.7,472.8,50.52,17.29,16.1
428,17.12,132,player,Greuther Furth,0.427,745.5,459.6,769.7,518.8,42.45,21.82,19.7
428,17.12,149,player,Greuther Furth,0.426,681.9,916.7,719.1,1047.1,40.56,69.72,10.8
428,17.12,156,player,Greuther Furth,0.408,802.0,453.0,824.0,512.0,45.19,21.15,11.3
428,17.12,144,player,Greuther Furth,0.387,896.1,971.2,941.2,1077.6,50.61,72.27,18.6
428,17.12,143,player,Greuther Furth,0.386,299.0,527.0,320.3,599.5,20.58,29.62,4.0
428,17.12,142,player,Greuther Furth,0.373,1772.2,864.7,1807.0,972.2,91.08,63.36,2.2
428,17.12,123,player,VfB Stuttgart,0.358,183.6,989.3,243.1,1079.8,18.29,72.46,4.0
428,17.12,153,player,Greuther Furth,0.356,1178.8,998.0,1218.9,1077.1,63.45,72.23,5.5
428,17.12,0,ball,Ball,0.7,1499.0,1068.0,1512.0,1080.0,77.52,71.97,0.0
429,17.16,90,player,Greuther Furth,0.674,412.8,696.7,445.8,788.1,27.16,47.15,9.6
429,17.16,86,player,Greuther Furth,0.662,379.4,821.1,413.2,911.8,26.06,58.13,4.9
429,17.16,125,player,Greuther Furth,0.658,1380.8,870.8,1421.0,961.5,73.04,62.44,14.3
429,17.16,139,player,Greuther Furth,0.606,362.9,530.5,392.5,599.7,23.92,29.65,2.3
429,17.16,118,player,Greuther Furth,0.6,975.6,482.4,1001.6,547.0,53.91,24.57,12.0
429,17.16,10,player,Greuther Furth,0.527,1565.3,503.5,1598.6,570.2,83.16,26.81,10.4
429,17.16,159,player,Greuther Furth,0.515,1172.0,460.2,1196.3,514.7,63.64,21.42,5.2
429,17.16,132,player,Greuther Furth,0.491,745.2,459.8,770.7,520.6,42.47,22.0,16.6
429,17.16,156,player,Greuther Furth,0.485,801.4,454.9,822.3,511.9,45.13,21.15,5.3
429,17.16,155,player,Greuther Furth,0.463,912.0,417.4,931.4,472.9,50.58,17.3,5.9
429,17.16,149,player,Greuther Furth,0.454,681.5,915.0,718.7,1051.8,40.55,70.12,35.6
429,17.16,144,player,Greuther Furth,0.44,893.2,971.5,940.8,1079.5,50.53,72.43,15.9
429,17.16,163,player,Greuther Furth,0.419,1543.0,360.8,1562.3,411.1,82.42,11.11,7.3
429,17.16,143,player,Greuther Furth,0.413,299.1,527.5,320.7,599.5,20.6,29.63,1.3
429,17.16,153,player,Greuther Furth,0.402,1177.5,997.6,1218.6,1077.1,63.41,72.23,3.2
429,17.16,123,player,VfB Stuttgart,0.373,181.6,988.8,242.3,1080.0,18.23,72.47,5.8
429,17.16,142,player,Greuther Furth,0.367,1771.6,864.6,1806.9,970.2,91.08,63.19,14.9
429,17.16,161,player,Greuther Furth,0.318,617.3,904.2,662.3,1040.2,37.75,69.14,8.9
429,17.16,0,ball,Ball,0.7,1498.0,1068.0,1512.0,1080.0,77.49,71.97,0.0
430,17.2,86,player,Greuther Furth,0.695,380.6,821.0,413.6,913.8,26.1,58.31,16.3
430,17.2,90,player,Greuther Furth,0.68,412.1,696.6,444.9,788.9,27.13,47.22,7.2
430,17.2,139,player,Greuther Furth,0.629,362.5,531.5,392.4,599.6,23.91,29.64,1.5
430,17.2,118,player,Greuther Furth,0.596,974.1,481.9,999.6,548.4,53.83,24.71,14.2
430,17.2,159,player,Greuther Furth,0.586,1174.4,459.0,1197.2,515.2,63.72,21.47,8.5
430,17.2,10,player,Greuther Furth,0.585,1564.2,503.4,1599.7,571.3,83.15,26.92,9.7
430,17.2,125,player,Greuther Furth,0.582,1380.3,870.9,1420.7,960.7,73.02,62.37,6.3
430,17.2,132,player,Greuther Furth,0.526,746.7,459.1,768.8,519.4,42.45,21.88,10.6
430,17.2,155,player,Greuther Furth,0.522,912.2,417.3,932.7,472.7,50.62,17.28,4.0
430,17.2,149,player,Greuther Furth,0.521,680.3,913.6,717.5,1051.2,40.49,70.07,7.0
430,17.2,142,player,Greuther Furth,0.488,1770.8,864.9,1805.5,965.4,91.06,62.78,37.3
430,17.2,156,player,Greuther Furth,0.478,800.8,455.2,819.4,512.3,45.05,21.19,8.6
430,17.2,161,player,Greuther Furth,0.443,615.7,902.1,661.1,1049.8,37.7,69.95,38.0
430,17.2,143,player,Greuther Furth,0.438,299.6,528.3,322.1,599.1,20.64,29.58,5.6
430,17.2,164,player,Greuther Furth,0.391,521.0,405.8,551.0,460.1,31.25,16.02,0.0
430,17.2,163,player,Greuther Furth,0.382,1541.2,360.7,1560.1,411.0,82.32,11.11,9.0
430,17.2,123,player,VfB Stuttgart,0.37,177.7,989.1,240.4,1079.9,18.09,72.46,12.0
430,17.2,153,player,Greuther Furth,0.367,1177.0,997.1,1218.2,1078.6,63.39,72.36,11.3
430,17.2,144,player,Greuther Furth,0.334,889.8,971.1,940.3,1080.0,50.44,72.47,8.8
430,17.2,162,player,VfB Stuttgart,0.31,452.6,944.1,500.2,1066.2,30.3,71.32,2.3
430,17.2,0,ball,Ball,0.7,1497.0,1068.0,1511.0,1080.0,77.45,71.97,0.0
431,17.24,86,player,Greuther Furth,0.686,381.6,821.1,414.2,914.2,26.14,58.35,4.7
431,17.24,90,player,Greuther Furth,0.666,412.2,698.3,444.0,787.7,27.1,47.11,10.5
431,17.24,118,player,Greuther Furth,0.61,971.6,482.0,999.3,547.0,53.76,24.57,13.9
431,17.24,159,player,Greuther Furth,0.603,1175.6,459.2,1197.9,514.2,63.77,21.38,9.2
431,17.24,132,player,Greuther Furth,0.584,747.9,458.2,768.4,517.5,42.47,21.7,16.8
431,17.24,10,player,Greuther Furth,0.554,1563.6,504.7,1600.6,572.9,83.15,27.07,13.6
431,17.24,155,player,Greuther Furth,0.552,913.1,416.3,932.7,473.0,50.64,17.31,3.8
431,17.24,125,player,Greuther Furth,0.55,1380.5,870.9,1420.5,961.6,73.02,62.45,7.1
431,17.24,139,player,Greuther Furth,0.516,364.4,530.2,392.9,599.7,23.97,29.64,5.6
431,17.24,142,player,Greuther Furth,0.499,1769.5,864.6,1805.1,966.3,91.01,62.85,7.7
431,17.24,149,player,Greuther Furth,0.496,680.3,912.1,714.3,1047.4,40.41,69.75,29.7
431,17.24,156,player,Greuther Furth,0.447,799.4,454.7,816.5,510.4,44.94,21.0,19.8
431,17.24,161,player,Greuther Furth,0.432,614.2,900.2,658.7,1053.5,37.62,70.26,29.2
431,17.24,143,player,Greuther Furth,0.383,300.6,527.1,323.2,598.9,20.69,29.56,4.8
431,17.24,153,player,Greuther Furth,0.374,1175.9,996.7,1217.0,1072.3,63.34,71.83,38.0
431,17.24,123,player,VfB Stuttgart,0.368,177.5,991.9,239.4,1079.8,18.06,72.46,2.6
431,17.24,164,player,Greuther Furth,0.351,522.7,402.6,551.0,460.3,31.3,16.05,5.0
431,17.24,163,player,Greuther Furth,0.346,1540.3,357.5,1559.7,407.0,82.3,10.7,36.8
431,17.24,0,ball,Ball,0.7,1499.0,1068.0,1511.0,1080.0,77.49,71.97,0.0
432,17.28,86,player,Greuther Furth,0.677,382.2,822.4,414.5,913.7,26.16,58.3,4.4
432,17.28,90,player,Greuther Furth,0.658,412.2,698.1,443.1,787.3,27.08,47.08,3.4
432,17.28,118,player,Greuther Furth,0.576,971.1,479.0,999.9,545.2,53.76,24.4,15.3
432,17.28,132,player,Greuther Furth,0.558,750.4,457.4,768.5,516.7,42.54,21.62,9.2
432,17.28,142,player,Greuther Furth,0.557,1769.4,864.3,1804.4,963.3,91.01,62.6,22.7
432,17.28,159,player,Greuther Furth,0.543,1177.0,457.0,1198.4,514.9,63.82,21.44,7.1
432,17.28,155,player,Greuther Furth,0.537,914.3,418.2,933.4,472.9,50.69,17.3,4.3
432,17.28,125,player,Greuther Furth,0.531,1380.5,869.8,1419.7,960.3,73.0,62.34,9.7
432,17.28,149,player,Greuther Furth,0.504,680.0,912.5,714.2,1048.3,40.4,69.82,6.6
432,17.28,10,player,Greuther Furth,0.502,1562.8,505.5,1601.5,572.5,83.15,27.03,3.4
432,17.28,139,player,Greuther Furth,0.464,366.9,530.3,393.3,599.5,24.04,29.62,6.4
432,17.28,156,player,Greuther Furth,0.454,798.5,453.4,816.4,509.3,44.91,20.9,9.6
432,17.28,153,player,Greuther Furth,0.424,1176.7,995.6,1216.8,1075.0,63.35,72.06,20.4
432,17.28,123,player,VfB Stuttgart,0.414,176.9,990.4,239.1,1079.8,18.04,72.46,1.9
432,17.28,164,player,Greuther Furth,0.406,527.5,402.1,551.0,459.0,31.41,15.92,16.2
432,17.28,143,player,Greuther Furth,0.398,300.5,527.2,324.1,598.1,20.71,29.49,6.9
432,17.28,161,player,Greuther Furth,0.374,613.1,899.4,658.9,1046.8,37.59,69.7,38.0
432,17.28,163,player,Greuther Furth,0.352,1539.6,358.1,1559.0,404.7,82.28,10.47,20.8
432,17.28,0,ball,Ball,0.7,1498.0,1067.0,1510.0,1080.0,77.45,71.93,0.0
433,17.32,86,player,Greuther Furth,0.669,384.1,822.2,414.3,912.7,26.2,58.21,8.5
433,17.32,90,player,Greuther Furth,0.652,411.4,699.1,441.5,786.2,27.02,46.98,10.7
433,17.32,159,player,Greuther Furth,0.649,1179.8,456.8,1198.5,514.9,63.89,21.45,6.4
433,17.32,142,player,Greuther Furth,0.585,1769.3,863.4,1803.7,963.7,90.99,62.64,3.6
433,17.32,118,player,Greuther Furth,0.577,970.0,479.6,997.5,542.3,53.68,24.12,26.2
433,17.32,10,player,Greuther Furth,0.553,1566.7,505.2,1603.5,571.6,83.3,26.95,15.3
433,17.32,125,player,Greuther Furth,0.552,1378.9,868.6,1418.8,960.0,72.95,62.31,5.7
433,17.32,132,player,Greuther Furth,0.548,751.3,457.8,768.1,515.1,42.55,21.46,14.4
433,17.32,155,player,Greuther Furth,0.526,914.7,419.3,934.0,472.6,50.72,17.27,3.9
433,17.32,153,player,Greuther Furth,0.465,1176.6,995.7,1216.9,1078.7,63.35,72.37,28.2
433,17.32,149,player,Greuther Furth,0.46,678.9,913.9,714.1,1051.1,40.38,70.06,21.4
433,17.32,123,player,VfB Stuttgart,0.454,175.7,988.2,238.4,1080.0,18.0,72.47,4.0
433,17.32,139,player,Greuther Furth,0.45,368.4,528.8,394.6,598.7,24.11,29.55,9.1
433,17.32,164,player,Greuther Furth,0.448,530.4,400.5,551.3,458.9,31.49,15.91,7.2
433,17.32,143,player,Greuther Furth,0.43,300.6,527.4,324.3,598.1,20.72,29.49,1.0
433,17.32,156,player,Greuther Furth,0.407,796.7,453.4,816.2,506.3,44.86,20.59,27.5
433,17.32,163,player,Greuther Furth,0.352,1536.9,356.5,1558.6,408.3,82.18,10.83,33.3
433,17.32,157,player,Greuther Furth,0.306,459.5,445.5,480.8,510.6,28.14,21.02,0.0
433,17.32,0,ball,Ball,0.7,1498.0,1067.0,1509.0,1080.0,77.43,71.93,0.0
434,17.36,86,player,Greuther Furth,0.668,385.7,822.3,416.1,915.4,26.29,58.45,22.5
434,17.36,159,player,Greuther Furth,0.663,1181.2,456.4,1199.6,515.3,63.95,21.48,6.3
434,17.36,90,player,Greuther Furth,0.651,411.2,700.2,440.4,784.1,26.98,46.78,17.8
434,17.36,142,player,Greuther Furth,0.607,1769.0,863.6,1803.1,961.4,90.98,62.44,17.7
434,17.36,10,player,Greuther Furth,0.59,1572.9,502.8,1605.0,572.8,83.49,27.06,19.3
434,17.36,118,player,Greuther Furth,0.579,967.9,479.6,995.1,542.9,53.56,24.17,11.3
434,17.36,125,player,Greuther Furth,0.548,1379.1,869.0,1418.4,960.1,72.94,62.32,1.2
434,17.36,132,player,Greuther Furth,0.496,752.3,457.1,770.2,515.2,42.62,21.48,7.2
434,17.36,153,player,Greuther Furth,0.485,1174.7,995.0,1216.5,1075.8,63.3,72.12,22.4
434,17.36,123,player,VfB Stuttgart,0.48,175.7,986.2,238.4,1080.0,18.0,72.47,0.1
434,17.36,155,player,Greuther Furth,0.473,915.3,418.8,935.1,473.4,50.76,17.35,8.3
434,17.36,149,player,Greuther Furth,0.454,678.4,913.3,714.0,1051.1,40.36,70.06,1.4
434,17.36,164,player,Greuther Furth,0.448,532.8,399.0,551.9,459.9,31.57,16.01,11.7
434,17.36,143,player,Greuther Furth,0.434,300.8,527.9,325.2,598.8,20.75,29.56,6.0
434,17.36,156,player,Greuther Furth,0.427,795.6,451.9,815.2,509.7,44.81,20.93,30.8
434,17.36,139,player,Greuther Furth,0.401,368.9,529.5,395.9,599.2,24.15,29.6,6.0
434,17.36,157,player,Greuther Furth,0.319,460.3,445.4,480.9,509.9,28.16,20.95,5.9
434,17.36,0,ball,Ball,0.7,1498.0,1067.0,1509.0,1080.0,77.43,71.93,0.0
435,17.4,86,player,Greuther Furth,0.712,386.5,823.0,418.6,916.4,26.37,58.53,10.6
435,17.4,10,player,Greuther Furth,0.663,1577.0,502.2,1606.2,572.6,83.62,27.04,12.2
435,17.4,159,player,Greuther Furth,0.646,1183.0,456.9,1200.7,513.3,64.02,21.28,18.8
435,17.4,118,player,Greuther Furth,0.642,967.4,478.6,992.3,541.3,53.48,24.02,15.7
435,17.4,90,player,Greuther Furth,0.623,410.6,700.4,439.1,785.8,26.94,46.94,14.8
435,17.4,142,player,Greuther Furth,0.586,1768.8,863.6,1802.5,960.1,90.97,62.32,10.5
435,17.4,125,player,Greuther Furth,0.55,1378.6,868.0,1418.1,959.9,72.92,62.31,2.2
435,17.4,132,player,Greuther Furth,0.531,752.6,456.8,771.7,516.5,42.67,21.59,11.4
435,17.4,155,player,Greuther Furth,0.529,915.5,418.9,935.4,473.6,50.77,17.37,2.1
435,17.4,149,player,Greuther Furth,0.471,679.1,911.0,715.3,1040.7,40.39,69.18,38.0
435,17.4,153,player,Greuther Furth,0.455,1174.3,995.1,1215.5,1073.8,63.27,71.95,15.6
435,17.4,164,player,Greuther Furth,0.454,536.8,399.2,552.7,459.2,31.69,15.94,12.2
435,17.4,143,player,Greuther Furth,0.454,300.9,528.6,326.6,598.3,20.78,29.51,5.0
435,17.4,156,player,Greuther Furth,0.444,794.4,451.1,814.1,509.8,44.75,20.94,5.1
435,17.4,123,player,VfB Stuttgart,0.438,175.4,987.2,238.8,1080.0,18.0,72.47,0.2
435,17.4,165,player,Greuther Furth,0.422,1200.0,372.6,1227.5,417.4,65.3,11.75,0.0
435,17.4,139,player,Greuther Furth,0.401,372.6,528.4,398.2,597.8,24.29,29.46,17.6
435,17.4,157,player,Greuther Furth,0.346,460.6,446.0,480.5,509.8,28.16,20.94,1.1
435,17.4,160,player,Greuther Furth,0.318,616.4,356.0,639.8,401.9,35.72,10.19,0.0
435,17.4,0,ball,Ball,0.7,1497.0,1066.0,1508.0,1080.0,77.38,71.89,0.0
436,17.44,86,player,Greuther Furth,0.663,388.1,823.6,420.0,913.4,26.43,58.28,23.7
436,17.44,159,player,Greuther Furth,0.639,1183.4,456.9,1203.2,514.0,64.1,21.36,9.3
436,17.44,10,player,Greuther Furth,0.637,1580.0,500.2,1607.2,570.4,83.73,26.83,21.2
436,17.44,118,player,Greuther Furth,0.591,967.6,479.6,992.1,540.9,53.48,23.98,3.3
436,17.44,142,player,Greuther Furth,0.589,1768.4,863.4,1801.4,958.6,90.94,62.19,11.7
436,17.44,90,player,Greuther Furth,0.578,410.8,701.8,438.6,787.4,26.94,47.09,13.0
436,17.44,125,player,Greuther Furth,0.522,1379.1,867.9,1417.8,956.2,72.94,61.99,28.6
436,17.44,139,player,Greuther Furth,0.512,374.8,528.2,398.9,597.0,24.36,29.39,8.9
436,17.44,155,player,Greuther Furth,0.503,915.7,420.6,936.5,473.9,50.8,17.4,3.8
436,17.44,153,player,Greuther Furth,0.491,1174.0,995.0,1215.0,1074.0,63.25,71.97,2.5
436,17.44,132,player,Greuther Furth,0.481,751.5,456.6,772.2,514.4,42.65,21.4,17.8
436,17.44,149,player,Greuther Furth,0.452,677.6,906.5,713.9,1051.2,40.34,70.07,38.0
436,17.44,143,player,Greuther Furth,0.436,301.3,528.0,326.7,598.1,20.79,29.49,2.2
436,17.44,165,player,Greuther Furth,0.433,1202.1,372.9,1228.9,419.3,65.38,11.95,19.5
436,17.44,156,player,Greuther Furth,0.425,791.5,450.7,811.7,507.8,44.62,20.75,21.0
436,17.44,123,player,VfB Stuttgart,0.418,175.6,987.7,239.1,1080.0,18.01,72.47,1.1
436,17.44,164,player,Greuther Furth,0.405,537.8,398.2,556.1,461.0,31.8,16.12,19.1
436,17.44,166,player,Greuther Furth,0.393,430.8,446.7,449.5,507.7,26.64,20.74,0.0
436,17.44,157,player,Greuther Furth,0.332,461.2,445.6,480.4,508.5,28.17,20.82,11.2
436,17.44,0,ball,Ball,0.7,1497.0,1066.0,1508.0,1080.0,77.38,71.89,0.0
437,17.48,86,player,Greuther Furth,0.657,388.3,823.2,423.7,915.9,26.53,58.5,21.7
437,17.48,90,player,Greuther Furth,0.617,410.4,702.3,438.5,789.6,26.94,47.29,18.0
437,17.48,142,player,Greuther Furth,0.598,1766.6,862.1,1801.4,959.9,90.89,62.3,10.8
437,17.48,159,player,Greuther Furth,0.571,1184.1,457.9,1206.3,514.5,64.19,21.4,9.2
437,17.48,10,player,Greuther Furth,0.557,1582.6,499.3,1609.3,571.1,83.84,26.9,11.9
437,17.48,118,player,Greuther Furth,0.553,968.3,479.1,991.6,542.2,53.49,24.11,11.6
437,17.48,139,player,Greuther Furth,0.528,376.2,527.4,399.2,597.7,24.41,29.45,6.6
437,17.48,155,player,Greuther Furth,0.517,915.6,423.1,938.8,474.2,50.86,17.43,5.8
437,17.48,125,player,Greuther Furth,0.511,1379.1,867.9,1417.5,953.8,72.94,61.78,19.0
437,17.48,153,player,Greuther Furth,0.479,1173.3,995.9,1213.9,1073.7,63.21,71.95,4.1
437,17.48,149,player,Greuther Furth,0.454,677.5,904.1,715.1,1050.8,40.37,70.03,4.1
437,17.48,123,player,VfB Stuttgart,0.442,175.8,988.6,238.9,1080.0,18.02,72.47,0.0
437,17.48,143,player,Greuther Furth,0.431,302.8,528.2,326.7,598.6,20.83,29.54,5.5
437,17.48,132,player,Greuther Furth,0.422,751.3,456.9,773.4,512.0,42.67,21.16,21.2
437,17.48,167,player,VfB Stuttgart,0.363,1527.0,360.2,1558.2,414.2,81.89,11.43,0.0
437,17.48,166,player,Greuther Furth,0.362,430.7,446.8,449.1,507.5,26.62,20.72,2.1
437,17.48,165,player,Greuther Furth,0.362,1204.0,375.8,1228.4,419.1,65.42,11.93,3.5
437,17.48,156,player,Greuther Furth,0.357,789.1,449.2,810.1,505.8,44.52,20.55,20.3
437,17.48,157,player,Greuther Furth,0.311,461.7,446.0,480.5,507.6,28.18,20.73,8.0
437,17.48,160,player,Greuther Furth,0.306,617.4,357.8,641.6,399.9,35.79,9.98,9.9
437,17.48,0,ball,Ball,0.7,1473.0,1065.0,1486.0,1080.0,76.33,71.85,0.0
438,17.52,90,player,Greuther Furth,0.626,408.1,703.0,437.6,789.3,26.86,47.25,7.7
438,17.52,86,player,Greuther Furth,0.608,390.6,823.1,423.0,914.3,26.56,58.35,13.3
438,17.52,118,player,Greuther Furth,0.599,967.7,476.9,991.2,542.2,53.46,24.11,2.1
438,17.52,142,player,Greuther Furth,0.59,1766.6,861.5,1800.4,958.9,90.87,62.22,8.0
438,17.52,10,player,Greuther Furth,0.576,1584.9,500.9,1612.0,571.0,83.96,26.89,11.2
438,17.52,139,player,Greuther Furth,0.504,377.7,527.1,400.5,597.5,24.47,29.43,6.3
438,17.52,155,player,Greuther Furth,0.501,915.5,423.7,939.5,473.3,50.87,17.34,7.9
438,17.52,125,player,Greuther Furth,0.484,1379.8,867.9,1417.2,951.8,72.95,61.6,15.9
438,17.52,159,player,Greuther Furth,0.461,1184.5,458.9,1208.6,515.4,64.25,21.49,9.8
438,17.52,149,player,Greuther Furth,0.445,677.3,902.7,715.9,1050.6,40.38,70.02,1.7
438,17.52,166,player,Greuther Furth,0.441,430.4,446.7,448.7,508.8,26.61,20.85,11.6
438,17.52,123,player,VfB Stuttgart,0.438,174.2,988.6,239.2,1080.0,17.98,72.47,3.0
438,17.52,132,player,Greuther Furth,0.42,751.2,457.4,774.3,513.7,42.7,21.33,15.0
438,17.52,153,player,Greuther Furth,0.398,1173.8,997.3,1213.1,1075.1,63.2,72.06,10.3
438,17.52,143,player,Greuther Furth,0.386,304.5,528.0,326.8,598.5,20.87,29.53,4.0
438,17.52,156,player,Greuther Furth,0.359,787.2,448.9,809.1,507.2,44.45,20.68,13.7
438,17.52,157,player,Greuther Furth,0.338,462.3,445.8,481.2,505.0,28.2,20.47,23.0
438,17.52,160,player,Greuther Furth,0.334,618.9,357.2,641.4,400.2,35.82,10.01,4.1
438,17.52,165,player,Greuther Furth,0.311,1206.3,376.2,1231.2,419.7,65.55,11.98,12.6
438,17.52,0,ball,Ball,0.7,1473.0,1065.0,1486.0,1080.0,76.33,71.85,0.0
439,17.56,118,player,Greuther Furth,0.587,967.8,475.3,990.3,541.2,53.44,24.0,9.4
439,17.56,86,player,Greuther Furth,0.578,390.5,821.6,425.7,914.3,26.62,58.36,5.4
439,17.56,90,player,Greuther Furth,0.577,407.4,703.7,436.4,790.1,26.82,47.33,7.6
439,17.56,142,player,Greuther Furth,0.575,1766.2,860.7,1800.2,958.2,90.86,62.16,5.5
439,17.56,139,player,Greuther Furth,0.543,379.1,528.2,401.9,598.2,24.55,29.5,8.9
439,17.56,10,player,Greuther Furth,0.504,1587.4,504.2,1612.6,570.3,84.04,26.82,9.7
439,17.56,155,player,Greuther Furth,0.489,915.5,421.8,939.4,472.8,50.87,17.3,4.0
439,17.56,125,player,Greuther Furth,0.479,1378.9,869.0,1416.5,952.7,72.92,61.68,8.1
439,17.56,149,player,Greuther Furth,0.46,676.1,902.9,717.4,1044.8,40.38,69.52,38.0
439,17.56,166,player,Greuther Furth,0.438,430.0,447.3,448.9,508.9,26.61,20.85,0.7
439,17.56,153,player,Greuther Furth,0.424,1173.9,998.2,1212.6,1076.0,63.19,72.14,7.3
439,17.56,143,player,Greuther Furth,0.4,304.8,527.6,326.6,598.8,20.88,29.56,2.6
439,17.56,159,player,Greuther Furth,0.393,1184.9,461.4,1210.1,516.2,64.3,21.57,8.4
439,17.56,123,player,VfB Stuttgart,0.389,171.8,988.9,238.3,1080.0,17.91,72.47,6.6
439,17.56,132,player,Greuther Furth,0.386,750.8,457.8,775.3,514.4,42.71,21.39,5.7
439,17.56,160,player,Greuther Furth,0.37,622.1,357.1,641.9,399.1,35.91,9.9,12.8
439,17.56,157,player,Greuther Furth,0.345,463.1,446.6,481.8,506.8,28.24,20.65,16.0
439,17.56,156,player,Greuther Furth,0.344,786.0,448.6,807.8,500.9,44.38,20.07,38.0
439,17.56,164,player,Greuther Furth,0.339,540.6,401.3,563.0,458.7,32.04,15.89,9.9
439,17.56,0,ball,Ball,0.7,1472.0,1065.0,1486.0,1080.0,76.31,71.85,0.0
440,17.6,90,player,Greuther Furth,0.619,406.4,703.3,435.7,790.6,26.78,47.38,5.7
440,17.6,139,player,Greuther Furth,0.616,379.9,526.6,407.7,598.4,24.71,29.52,14.7
440,17.6,86,player,Greuther Furth,0.606,393.1,823.1,429.4,914.4,26.77,58.36,13.2
440,17.6,142,player,Greuther Furth,0.578,1765.4,860.4,1799.7,959.4,90.83,62.26,9.7
440,17.6,118,player,Greuther Furth,0.55,968.2,475.5,989.7,538.7,53.44,23.76,21.6
440,17.6,10,player,Greuther Furth,0.533,1588.8,505.9,1615.6,572.0,84.15,26.98,17.5
440,17.6,155,player,Greuther Furth,0.49,916.0,425.4,940.0,472.6,50.9,17.28,2.9
440,17.6,125,player,Greuther Furth,0.484,1377.7,867.7,1416.8,953.0,72.89,61.71,2.8
440,17.6,143,player,Greuther Furth,0.469,306.6,528.4,327.4,598.0,20.94,29.48,9.3
440,17.6,149,player,Greuther Furth,0.44,674.8,902.3,718.4,1053.4,40.39,70.25,38.0
440,17.6,132,player,Greuther Furth,0.42,750.3,455.9,775.2,514.0,42.7,21.35,3.9
440,17.6,153,player,Greuther Furth,0.4,1173.6,998.3,1212.2,1074.3,63.18,72.0,13.1
440,17.6,123,player,VfB Stuttgart,0.396,170.7,986.4,238.6,1080.0,17.89,72.47,1.8
440,17.6,166,player,Greuther Furth,0.378,430.5,447.9,448.8,509.1,26.62,20.87,2.3
440,17.6,160,player,Greuther Furth,0.368,623.3,354.7,643.2,399.8,35.98,9.97,8.6
440,17.6,157,player,Greuther Furth,0.354,463.1,447.2,482.3,510.1,28.26,20.97,29.6
440,17.6,164,player,Greuther Furth,0.329,542.0,402.2,565.8,458.2,32.14,15.84,10.4
440,17.6,156,player,Greuther Furth,0.324,784.0,447.1,806.7,503.8,44.3,20.35,26.8
440,17.6,159,player,Greuther Furth,0.316,1185.9,461.5,1212.2,517.8,64.38,21.72,15.3
440,17.6,0,ball,Ball,0.7,1472.0,1064.0,1485.0,1080.0,76.28,71.81,0.0
441,17.64,139,player,Greuther Furth,0.637,381.3,525.9,410.7,598.5,24.82,29.52,9.8
441,17.64,86,player,Greuther Furth,0.633,394.2,822.9,431.5,916.0,26.85,58.5,14.6
441,17.64,90,player,Greuther Furth,0.632,406.1,703.2,435.5,790.8,26.77,47.39,1.9
441,17.64,142,player,Greuther Furth,0.593,1765.0,860.3,1799.6,959.2,90.82,62.25,1.6
441,17.64,155,player,Greuther Furth,0.552,916.1,426.4,941.6,473.9,50.94,17.4,11.8
441,17.64,118,player,Greuther Furth,0.546,967.8,475.8,988.6,537.4,53.4,23.64,12.0
441,17.64,10,player,Greuther Furth,0.533,1589.6,505.1,1619.5,574.9,84.25,27.26,26.5
441,17.64,125,player,Greuther Furth,0.521,1379.1,868.9,1416.5,953.0,72.92,61.71,2.1
441,17.64,149,player,Greuther Furth,0.485,674.6,901.8,718.4,1052.6,40.38,70.18,6.6
441,17.64,143,player,Greuther Furth,0.459,308.1,528.5,328.0,597.5,20.99,29.44,5.8
441,17.64,144,player,Greuther Furth,0.404,873.8,962.5,915.2,1068.2,49.5,71.49,0.0
441,17.64,153,player,Greuther Furth,0.398,1172.8,998.0,1212.5,1073.8,63.17,71.96,3.8
441,17.64,123,player,VfB Stuttgart,0.378,170.7,985.8,237.3,1080.0,17.86,72.47,2.5
441,17.64,132,player,Greuther Furth,0.371,750.3,456.0,775.6,513.6,42.7,21.31,3.6
441,17.64,160,player,Greuther Furth,0.345,624.6,350.9,643.6,399.8,36.02,9.97,3.6
441,17.64,157,player,Greuther Furth,0.341,462.5,447.3,483.2,510.2,28.27,20.98,1.0
441,17.64,166,player,Greuther Furth,0.322,430.2,448.5,449.2,509.2,26.62,20.88,0.5
441,17.64,164,player,Greuther Furth,0.313,542.0,402.3,567.7,459.4,32.2,15.96,12.0
441,17.64,159,player,Greuther Furth,0.303,1189.2,459.9,1214.6,516.5,64.52,21.6,17.2
441,17.64,0,ball,Ball,0.7,1472.0,1064.0,1485.0,1080.0,76.28,71.81,0.0
442,17.68,90,player,Greuther Furth,0.657,405.9,703.3,436.3,791.0,26.78,47.41,1.9
442,17.68,86,player,Greuther Furth,0.648,396.6,822.0,431.3,914.2,26.9,58.35,14.1
442,17.68,139,player,Greuther Furth,0.637,381.6,527.2,411.6,598.3,24.85,29.51,3.1
442,17.68,142,player,Greuther Furth,0.585,1764.3,859.5,1799.4,959.2,90.79,62.25,2.0
442,17.68,10,player,Greuther Furth,0.564,1591.1,507.0,1621.2,574.9,84.33,27.26,7.2
442,17.68,155,player,Greuther Furth,0.556,916.6,427.0,942.2,473.0,50.97,17.31,8.5
442,17.68,143,player,Greuther Furth,0.535,309.5,528.1,329.5,596.4,21.05,29.33,11.6
442,17.68,118,player,Greuther Furth,0.534,966.2,475.5,987.6,536.7,53.34,23.57,8.6
442,17.68,125,player,Greuther Furth,0.517,1378.6,869.1,1416.3,956.1,72.89,61.98,23.8
442,17.68,149,player,Greuther Furth,0.47,674.7,900.3,718.7,1053.1,40.39,70.22,4.0
442,17.68,153,player,Greuther Furth,0.402,1172.4,998.0,1212.0,1072.7,63.15,71.87,8.5
442,17.68,123,player,VfB Stuttgart,0.395,170.1,985.0,237.1,1080.0,17.84,72.47,1.7
442,17.68,157,player,Greuther Furth,0.375,463.5,446.7,484.3,508.6,28.32,20.83,14.6
442,17.68,166,player,Greuther Furth,0.365,430.3,449.4,449.0,509.5,26.62,20.92,3.2
442,17.68,132,player,Greuther Furth,0.353,750.4,455.2,774.9,512.8,42.69,21.24,6.5
442,17.68,144,player,Greuther Furth,0.337,872.5,962.8,912.0,1067.3,49.39,71.41,11.9
442,17.68,160,player,Greuther Furth,0.325,625.4,350.7,645.1,398.7,36.08,9.86,10.7
442,17.68,0,ball,Ball,0.7,1472.0,1064.0,1485.0,1080.0,76.28,71.81,0.0
443,17.72,86,player,Greuther Furth,0.657,399.3,822.7,432.1,914.1,26.98,58.34,7.3
443,17.72,90,player,Greuther Furth,0.636,405.4,703.2,436.2,790.8,26.77,47.4,1.5
443,17.72,10,player,Greuther Furth,0.629,1591.8,506.6,1622.5,576.2,84.37,27.39,11.9
443,17.72,139,player,Greuther Furth,0.628,382.3,527.6,412.5,598.5,24.89,29.53,4.0
443,17.72,142,player,Greuther Furth,0.581,1762.7,859.8,1799.1,960.8,90.74,62.38,13.0
443,17.72,143,player,Greuther Furth,0.57,309.4,529.3,331.9,597.9,21.12,29.48,14.7
443,17.72,125,player,Greuther Furth,0.537,1377.9,869.5,1416.0,957.8,72.87,62.12,13.3
443,17.72,118,player,Greuther Furth,0.532,964.6,474.1,986.7,534.8,53.28,23.39,17.1
443,17.72,155,player,Greuther Furth,0.53,917.1,427.0,942.3,472.5,50.99,17.26,4.1
443,17.72,149,player,Greuther Furth,0.478,676.7,899.8,718.2,1049.8,40.42,69.94,25.2
443,17.72,144,player,Greuther Furth,0.458,872.3,961.9,911.7,1072.0,49.38,71.81,35.8
443,17.72,123,player,VfB Stuttgart,0.424,169.7,983.7,237.2,1080.0,17.84,72.47,0.5
443,17.72,153,player,Greuther Furth,0.422,1171.6,997.6,1211.6,1072.7,63.12,71.86,2.4
443,17.72,166,player,Greuther Furth,0.368,429.9,450.4,449.0,509.5,26.61,20.92,0.8
443,17.72,157,player,Greuther Furth,0.345,464.1,446.8,486.2,507.6,28.38,20.72,10.6
443,17.72,132,player,Greuther Furth,0.331,750.7,454.8,774.4,511.1,42.68,21.06,15.8
443,17.72,164,player,Greuther Furth,0.326,544.5,401.9,570.0,458.6,32.31,15.88,6.6
443,17.72,160,player,Greuther Furth,0.314,626.7,350.5,647.3,398.3,36.16,9.82,8.6
443,17.72,159,player,Greuther Furth,0.307,1193.1,459.6,1214.9,517.4,64.62,21.69,6.1
443,17.72,0,ball,Ball,0.7,1471.0,1064.0,1485.0,1080.0,76.26,71.81,0.0
444,17.76,86,player,Greuther Furth,0.662,401.6,820.3,432.2,911.3,27.02,58.09,22.8
444,17.76,90,player,Greuther Furth,0.659,405.3,702.8,436.8,790.7,26.78,47.39,1.4
444,17.76,10,player,Greuther Furth,0.652,1592.5,506.7,1624.1,577.2,84.42,27.48,9.7
444,17.76,143,player,Greuther Furth,0.628,309.5,529.6,335.9,598.7,21.22,29.54,11.3
444,17.76,139,player,Greuther Furth,0.617,382.3,528.0,413.4,598.2,24.91,29.5,3.4
444,17.76,142,player,Greuther Furth,0.577,1760.7,860.0,1798.6,963.2,90.67,62.59,20.0
444,17.76,125,player,Greuther Furth,0.539,1377.6,869.5,1415.9,958.8,72.85,62.21,7.8
444,17.76,118,player,Greuther Furth,0.534,965.0,473.9,985.7,533.4,53.26,23.25,12.7
444,17.76,155,player,Greuther Furth,0.508,917.9,427.6,941.9,471.1,50.99,17.13,12.5
444,17.76,149,player,Greuther Furth,0.473,677.9,899.2,717.9,1050.1,40.44,69.98,3.4
444,17.76,153,player,Greuther Furth,0.432,1170.7,997.9,1211.2,1072.9,63.09,71.88,3.1
444,17.76,166,player,Greuther Furth,0.424,429.6,449.9,449.2,511.0,26.61,21.06,12.8
444,17.76,123,player,VfB Stuttgart,0.397,169.4,984.5,237.9,1080.0,17.84,72.47,0.7
444,17.76,164,player,Greuther Furth,0.377,547.5,401.3,570.0,460.3,32.4,16.05,17.2
444,17.76,160,player,Greuther Furth,0.375,627.5,349.5,646.9,394.2,36.16,9.41,37.3
444,17.76,159,player,Greuther Furth,0.369,1194.9,459.4,1215.1,518.1,64.67,21.75,7.5
444,17.76,157,player,Greuther Furth,0.365,463.9,447.3,486.8,507.6,28.39,20.73,0.9
444,17.76,144,player,Greuther Furth,0.334,871.7,961.3,909.6,1068.1,49.32,71.48,30.2
444,17.76,0,ball,Ball,0.7,1471.0,1064.0,1484.0,1080.0,76.24,71.81,0.0
445,17.8,86,player,Greuther Furth,0.705,404.9,818.3,432.9,911.0,27.11,58.07,8.6
445,17.8,10,player,Greuther Furth,0.672,1594.5,506.0,1624.3,578.1,84.47,27.57,9.4
445,17.8,90,player,Greuther Furth,0.661,405.4,702.5,437.0,790.8,26.79,47.4,1.3
445,17.8,139,player,Greuther Furth,0.656,383.6,528.2,415.0,598.6,24.98,29.54,7.6
445,17.8,143,player,Greuther Furth,0.638,309.6,529.2,338.2,599.5,21.28,29.62,8.9
445,17.8,142,player,Greuther Furth,0.555,1759.9,859.6,1798.3,965.0,90.64,62.75,14.0
445,17.8,118,player,Greuther Furth,0.55,964.6,473.3,985.8,533.4,53.25,23.25,0.7
445,17.8,125,player,Greuther Furth,0.535,1376.5,868.9,1415.9,959.0,72.83,62.23,2.9
445,17.8,155,player,Greuther Furth,0.5,920.0,430.4,942.1,469.4,51.05,16.95,16.6
445,17.8,164,player,Greuther Furth,0.456,551.4,400.8,570.7,461.0,32.51,16.11,12.0
445,17.8,168,player,VfB Stuttgart,0.452,1227.2,373.4,1252.8,420.3,66.61,12.04,0.0
445,17.8,149,player,Greuther Furth,0.448,679.5,898.2,717.6,1050.4,40.47,70.0,3.3
445,17.8,159,player,Greuther Furth,0.44,1197.4,457.6,1215.7,517.8,64.75,21.72,7.5
445,17.8,153,player,Greuther Furth,0.436,1170.1,998.0,1210.1,1072.3,63.05,71.83,5.6
445,17.8,123,player,VfB Stuttgart,0.406,169.0,984.4,237.8,1080.0,17.83,72.47,1.0
445,17.8,166,player,Greuther Furth,0.398,429.2,449.8,449.1,511.2,26.6,21.08,2.0
445,17.8,160,player,Greuther Furth,0.397,628.8,349.5,648.7,395.2,36.24,9.5,11.1
445,17.8,144,player,Greuther Furth,0.355,871.3,960.4,907.6,1046.9,49.25,69.7,38.0
445,17.8,157,player,Greuther Furth,0.34,464.2,446.7,487.3,508.1,28.41,20.78,5.0
445,17.8,0,ball,Ball,0.7,1471.0,1064.0,1484.0,1080.0,76.24,71.81,0.0
446,17.84,86,player,Greuther Furth,0.708,405.7,818.0,434.4,908.2,27.16,57.82,22.3
446,17.84,90,player,Greuther Furth,0.682,405.3,703.5,437.1,790.6,26.78,47.38,2.0
446,17.84,10,player,Greuther Furth,0.66,1596.0,505.6,1625.3,578.0,84.53,27.56,5.7
446,17.84,143,player,Greuther Furth,0.61,310.4,529.7,337.1,598.9,21.27,29.57,5.1
446,17.84,139,player,Greuther Furth,0.585,381.4,528.1,414.3,598.7,24.91,29.55,6.6
446,17.84,125,player,Greuther Furth,0.54,1376.9,869.3,1415.8,958.2,72.84,62.16,5.7
446,17.84,142,player,Greuther Furth,0.538,1758.9,859.9,1797.6,966.2,90.59,62.85,10.0
446,17.84,118,player,Greuther Furth,0.515,964.4,473.0,985.7,532.0,53.24,23.11,12.7
446,17.84,159,player,Greuther Furth,0.497,1198.8,458.1,1216.3,517.6,64.8,21.71,4.8
446,17.84,164,player,Greuther Furth,0.485,555.0,401.0,573.8,460.5,32.68,16.07,15.5
446,17.84,155,player,Greuther Furth,0.465,920.1,430.5,941.6,469.0,51.04,16.91,3.7
446,17.84,149,player,Greuther Furth,0.433,679.8,898.1,717.4,1049.6,40.47,69.93,5.9
446,17.84,160,player,Greuther Furth,0.413,632.5,350.1,650.9,398.7,36.4,9.86,35.7
446,17.84,144,player,Greuther Furth,0.399,870.0,959.5,907.1,1050.5,49.21,70.01,27.7
446,17.84,153,player,Greuther Furth,0.394,1169.4,998.0,1209.0,1070.6,63.02,71.69,13.5
446,17.84,166,player,Greuther Furth,0.382,428.8,449.4,449.1,510.5,26.59,21.01,5.7
446,17.84,168,player,VfB Stuttgart,0.38,1228.6,374.1,1254.9,421.1,66.7,12.13,11.3
446,17.84,123,player,VfB Stuttgart,0.373,168.7,990.1,236.8,1080.0,17.8,72.47,2.6
446,17.84,157,player,Greuther Furth,0.353,464.4,445.7,487.6,507.8,28.42,20.74,3.3
446,17.84,0,ball,Ball,0.7,1494.0,1064.0,1505.0,1080.0,77.25,71.81,0.0
447,17.88,86,player,Greuther Furth,0.787,408.1,817.2,436.8,908.6,27.27,57.86,10.6
447,17.88,10,player,Greuther Furth,0.668,1598.8,506.1,1626.9,578.4,84.64,27.6,10.2
447,17.88,90,player,Greuther Furth,0.662,405.2,705.3,437.4,790.8,26.79,47.39,1.3
447,17.88,139,player,Greuther Furth,0.645,385.7,526.3,414.5,598.5,25.02,29.53,10.0
447,17.88,143,player,Greuther Furth,0.604,310.4,529.4,337.5,602.7,21.3,29.93,32.6
447,17.88,142,player,Greuther Furth,0.55,1757.1,859.6,1797.6,965.8,90.55,62.81,4.8
447,17.88,125,player,Greuther Furth,0.54,1376.7,869.0,1415.2,957.0,72.82,62.05,10.0
447,17.88,118,player,Greuther Furth,0.512,962.7,471.6,984.7,531.0,53.18,23.01,10.7
447,17.88,164,player,Greuther Furth,0.484,558.0,399.7,575.1,460.5,32.79,16.07,9.6
447,17.88,159,player,Greuther Furth,0.476,1199.0,458.1,1216.9,517.0,64.82,21.65,5.4
447,17.88,149,player,Greuther Furth,0.422,679.7,897.2,717.4,1050.2,40.47,69.98,4.3
447,17.88,155,player,Greuther Furth,0.41,920.8,429.6,941.7,469.5,51.06,16.96,5.1
447,17.88,153,player,Greuther Furth,0.4,1169.2,998.0,1209.0,1071.6,63.01,71.77,7.8
447,17.88,160,player,Greuther Furth,0.387,633.0,351.4,650.8,397.5,36.41,9.74,11.3
447,17.88,123,player,VfB Stuttgart,0.379,167.6,990.7,237.0,1080.0,17.78,72.47,2.0
447,17.88,166,player,Greuther Furth,0.353,427.6,449.0,448.7,510.6,26.55,21.02,3.5
447,17.88,156,player,Greuther Furth,0.326,774.4,447.2,799.2,507.8,43.88,20.75,0.0
447,17.88,144,player,Greuther Furth,0.312,867.3,959.7,907.7,1039.9,49.16,69.11,38.0
447,17.88,0,ball,Ball,0.7,1493.0,1064.0,1505.0,1079.0,77.23,71.77,0.0
448,17.92,86,player,Greuther Furth,0.732,409.9,817.6,439.0,909.5,27.37,57.94,11.4
448,17.92,139,player,Greuther Furth,0.647,386.0,526.8,415.1,598.6,25.04,29.54,2.3
448,17.92,10,player,Greuther Furth,0.643,1600.2,505.6,1627.7,578.1,84.7,27.57,5.9
448,17.92,143,player,Greuther Furth,0.624,313.2,530.0,339.3,601.7,21.41,29.84,12.6
448,17.92,125,player,Greuther Furth,0.55,1378.3,867.5,1414.5,951.5,72.86,61.58,38.0
448,17.92,142,player,Greuther Furth,0.55,1757.0,858.7,1796.8,965.3,90.53,62.77,4.1
448,17.92,164,player,Greuther Furth,0.548,559.5,400.1,576.6,459.7,32.86,15.99,9.9
448,17.92,90,player,Greuther Furth,0.542,405.3,705.4,438.5,792.5,26.82,47.55,14.4
448,17.92,118,player,Greuther Furth,0.535,962.0,470.8,984.4,530.3,53.16,22.94,6.7
448,17.92,163,player,Greuther Furth,0.52,1514.9,358.1,1541.9,412.5,81.19,11.26,0.0
448,17.92,159,player,Greuther Furth,0.47,1199.4,457.6,1217.6,517.5,64.84,21.7,4.8
448,17.92,123,player,VfB Stuttgart,0.43,166.5,989.5,237.4,1080.0,17.77,72.47,1.5
448,17.92,149,player,Greuther Furth,0.43,680.5,897.0,717.1,1049.7,40.48,69.94,3.6
448,17.92,153,player,Greuther Furth,0.406,1168.9,998.0,1208.8,1071.8,63.0,71.79,2.0
448,17.92,155,player,Greuther Furth,0.4,921.0,429.7,941.9,470.3,51.07,17.04,7.1
448,17.92,160,player,Greuther Furth,0.396,634.1,352.3,652.5,398.6,36.48,9.85,12.4
448,17.92,166,player,Greuther Furth,0.361,427.5,448.5,448.6,510.4,26.54,21.0,1.9
448,17.92,144,player,Greuther Furth,0.346,865.7,958.9,905.8,1054.4,49.09,70.34,38.0
448,17.92,0,ball,Ball,0.7,1493.0,1064.0,1504.0,1079.0,77.2,71.77,0.0
449,17.96,86,player,Greuther Furth,0.689,411.0,817.0,440.3,916.0,27.45,58.5,38.0
449,17.96,10,player,Greuther Furth,0.603,1601.6,504.4,1629.7,576.2,84.79,27.39,18.6
449,17.96,118,player,Greuther Furth,0.594,960.3,470.4,984.3,532.2,53.11,23.13,17.8
449,17.96,139,player,Greuther Furth,0.581,389.3,525.1,415.0,597.0,25.11,29.39,14.8
449,17.96,125,player,Greuther Furth,0.565,1378.3,867.8,1412.5,949.9,72.82,61.44,12.7
449,17.96,143,player,Greuther Furth,0.553,315.3,531.4,337.9,602.9,21.43,29.95,10.0
449,17.96,163,player,Greuther Furth,0.553,1507.6,360.6,1540.4,413.0,80.96,11.3,20.4
449,17.96,142,player,Greuther Furth,0.537,1757.1,857.7,1795.6,965.0,90.51,62.74,3.3
449,17.96,159,player,Greuther Furth,0.528,1200.5,457.7,1219.8,520.1,64.92,21.95,23.5
449,17.96,164,player,Greuther Furth,0.509,558.5,399.4,581.3,457.3,32.94,15.75,22.3
449,17.96,123,player,VfB Stuttgart,0.427,167.1,985.6,238.1,1080.0,17.8,72.47,2.7
449,17.96,166,player,Greuther Furth,0.379,427.5,449.6,447.8,510.5,26.52,21.01,2.2
449,17.96,149,player,Greuther Furth,0.362,681.4,896.8,717.2,1048.9,40.5,69.87,6.6
449,17.96,160,player,Greuther Furth,0.353,634.6,352.9,653.9,398.8,36.53,9.87,4.6
449,17.96,153,player,Greuther Furth,0.333,1168.8,998.2,1207.3,1068.8,62.96,71.54,22.8
449,17.96,155,player,Greuther Furth,0.328,921.4,430.2,941.6,470.9,51.07,17.1,5.3
449,17.96,156,player,Greuther Furth,0.328,773.0,449.4,798.0,509.9,43.82,20.95,9.4
449,17.96,132,player,Greuther Furth,0.325,750.6,449.9,772.5,510.7,42.63,21.03,0.0
449,17.96,90,player,Greuther Furth,0.308,405.2,706.9,438.6,792.2,26.83,47.52,2.0
449,17.96,0,ball,Ball,0.7,1469.0,1064.0,1483.0,1080.0,76.17,71.81,0.0
450,18.0,86,player,Greuther Furth,0.692,411.8,818.1,443.4,916.5,27.54,58.55,9.3
450,18.0,10,player,Greuther Furth,0.636,1604.1,506.1,1630.1,575.3,84.86,27.31,9.9
450,18.0,118,player,Greuther Furth,0.585,960.0,470.7,984.1,531.7,53.1,23.08,4.9
450,18.0,159,player,Greuther Furth,0.563,1200.0,458.2,1220.5,519.7,64.93,21.91,3.0
450,18.0,125,player,Greuther Furth,0.56,1377.7,867.6,1412.2,951.4,72.79,61.57,12.0
450,18.0,163,player,Greuther Furth,0.54,1505.4,362.1,1538.2,413.6,80.85,11.37,11.9
450,18.0,142,player,Greuther Furth,0.524,1756.4,857.8,1794.5,963.7,90.47,62.63,10.2
450,18.0,143,player,Greuther Furth,0.512,317.6,530.6,338.9,601.9,21.51,29.85,10.9
450,18.0,139,player,Greuther Furth,0.494,392.3,524.7,415.6,597.1,25.2,29.4,8.0
450,18.0,164,player,Greuther Furth,0.448,558.3,399.1,585.3,458.4,33.04,15.86,13.1
450,18.0,123,player,VfB Stuttgart,0.411,167.0,982.7,236.1,1080.0,17.75,72.47,4.2
450,18.0,155,player,Greuther Furth,0.395,921.4,429.4,941.7,470.5,51.08,17.07,3.2
450,18.0,149,player,Greuther Furth,0.347,681.4,896.5,717.3,1048.9,40.51,69.87,0.3
450,18.0,144,player,Greuther Furth,0.342,865.8,958.1,903.9,1071.4,49.05,71.76,38.0
450,18.0,90,player,Greuther Furth,0.338,404.1,708.4,438.8,794.8,26.81,47.75,20.6
450,18.0,166,player,Greuther Furth,0.337,426.0,448.8,447.7,510.0,26.48,20.96,6.2
450,18.0,160,player,Greuther Furth,0.324,634.8,352.8,654.8,398.9,36.56,9.88,2.6
450,18.0,132,player,Greuther Furth,0.315,750.3,450.1,772.4,510.4,42.62,21.0,2.1
450,18.0,153,player,Greuther Furth,0.307,1169.3,997.5,1206.2,1064.3,62.96,71.16,33.9
450,18.0,0,ball,Ball,0.7,753.0,1035.0,767.0,1048.0,43.29,69.25,0.0
451,18.04,90,player,Greuther Furth,0.639,404.0,708.1,439.0,796.2,26.82,47.88,12.0
451,18.04,86,player,Greuther Furth,0.638,412.0,820.7,443.7,915.4,27.55,58.45,8.4
451,18.04,10,player,Greuther Furth,0.613,1603.9,506.7,1630.8,575.2,84.88,27.3,1.6
451,18.04,125,player,Greuther Furth,0.594,1376.2,867.0,1412.0,951.5,72.75,61.58,3.9
451,18.04,159,player,Greuther Furth,0.582,1200.4,458.6,1220.6,518.6,64.94,21.8,10.1
451,18.04,118,player,Greuther Furth,0.566,959.2,470.8,984.2,531.5,53.08,23.07,2.1
451,18.04,142,player,Greuther Furth,0.537,1755.6,857.6,1794.2,963.8,90.45,62.64,2.4
451,18.04,143,player,Greuther Furth,0.529,318.8,531.1,340.2,602.6,21.57,29.92,8.2
451,18.04,163,player,Greuther Furth,0.513,1507.1,362.4,1536.6,414.1,80.85,11.42,4.2
451,18.04,139,player,Greuther Furth,0.463,393.5,525.5,416.6,596.9,25.26,29.38,5.1
451,18.04,123,player,VfB Stuttgart,0.443,166.7,985.4,232.8,1080.0,17.67,72.47,7.3
451,18.04,144,player,Greuther Furth,0.434,864.4,957.7,902.9,1073.5,49.0,71.93,16.1
451,18.04,155,player,Greuther Furth,0.431,921.3,428.8,940.8,471.1,51.05,17.13,6.0
451,18.04,166,player,Greuther Furth,0.352,424.7,448.1,447.6,509.4,26.44,20.9,6.6
451,18.04,164,player,Greuther Furth,0.351,557.2,401.8,586.2,458.6,33.04,15.88,2.4
451,18.04,153,player,Greuther Furth,0.341,1169.1,997.7,1205.2,1060.4,62.94,70.84,29.2
451,18.04,160,player,Greuther Furth,0.336,634.0,353.2,654.2,398.1,36.52,9.8,7.7
451,18.04,132,player,Greuther Furth,0.304,749.1,451.4,772.9,511.7,42.61,21.13,11.7
451,18.04,0,ball,Ball,0.7,1468.0,1064.0,1482.0,1080.0,76.12,71.81,0.0
452,18.08,10,player,Greuther Furth,0.619,1605.2,507.5,1632.7,576.6,84.95,27.43,13.4
452,18.08,125,player,Greuther Furth,0.599,1375.9,866.7,1411.6,950.4,72.74,61.49,8.5
452,18.08,159,player,Greuther Furth,0.592,1201.9,458.7,1221.9,518.3,65.01,21.77,6.9
452,18.08,86,player,Greuther Furth,0.579,413.0,820.9,446.3,919.7,27.65,58.83,34.9
452,18.08,118,player,Greuther Furth,0.565,958.3,471.0,984.3,531.6,53.06,23.07,1.9
452,18.08,144,player,Greuther Furth,0.547,863.2,958.2,902.6,1074.7,48.96,72.03,9.6
452,18.08,90,player,Greuther Furth,0.541,404.2,710.4,438.6,798.5,26.82,48.09,18.3
452,18.08,142,player,Greuther Furth,0.538,1755.4,857.2,1793.6,962.5,90.44,62.53,9.9
452,18.08,169,player,Greuther Furth,0.511,1250.4,374.9,1272.2,420.4,67.69,12.05,0.0
452,18.08,143,player,Greuther Furth,0.498,320.9,530.9,340.2,604.4,21.63,30.09,16.2
452,18.08,163,player,Greuther Furth,0.474,1505.0,362.5,1535.7,414.2,80.77,11.43,6.9
452,18.08,166,player,Greuther Furth,0.423,424.3,448.3,448.1,511.4,26.45,21.1,18.0
452,18.08,155,player,Greuther Furth,0.419,921.2,426.6,939.4,471.9,51.01,17.21,7.9
452,18.08,123,player,VfB Stuttgart,0.415,166.7,990.0,232.5,1080.0,17.66,72.47,0.8
452,18.08,139,player,Greuther Furth,0.394,394.6,524.5,414.9,594.1,25.23,29.11,24.2
452,18.08,160,player,Greuther Furth,0.344,634.2,352.8,655.4,399.5,36.56,9.94,13.0
452,18.08,153,player,Greuther Furth,0.341,1168.5,997.4,1205.1,1059.6,62.92,70.77,6.4
452,18.08,132,player,Greuther Furth,0.339,747.2,447.2,773.4,512.1,42.57,21.17,4.6
452,18.08,156,player,Greuther Furth,0.304,771.4,448.4,793.1,511.6,43.66,21.12,7.0
452,18.08,0,ball,Ball,0.7,752.0,1036.0,766.0,1047.0,43.24,69.25,0.0
453,18.12,159,player,Greuther Furth,0.631,1202.2,458.6,1222.2,518.6,65.03,21.8,3.0
453,18.12,125,player,Greuther Furth,0.631,1375.3,866.9,1409.8,951.2,72.68,61.56,8.1
453,18.12,118,player,Greuther Furth,0.622,958.3,470.9,984.3,531.8,53.06,23.09,1.6
453,18.12,10,player,Greuther Furth,0.595,1604.8,508.2,1635.8,579.1,85.0,27.67,22.5
453,18.12,169,player,Greuther Furth,0.576,1251.3,374.4,1275.4,421.4,67.79,12.15,13.0
453,18.12,90,player,Greuther Furth,0.555,404.4,710.7,438.8,799.1,26.83,48.14,4.8
453,18.12,143,player,Greuther Furth,0.55,321.5,530.6,341.2,604.8,21.67,30.13,4.8
453,18.12,144,player,Greuther Furth,0.533,861.6,957.4,902.3,1073.5,48.92,71.94,9.4
453,18.12,142,player,Greuther Furth,0.517,1755.6,856.8,1793.1,962.5,90.43,62.53,0.9
453,18.12,123,player,VfB Stuttgart,0.502,165.6,988.0,232.9,1080.0,17.64,72.47,1.4
453,18.12,86,player,Greuther Furth,0.5,413.3,821.1,446.5,917.8,27.65,58.66,14.8
453,18.12,139,player,Greuther Furth,0.463,395.7,526.0,415.6,595.5,25.28,29.24,12.2
453,18.12,155,player,Greuther Furth,0.446,920.9,425.4,938.7,472.2,50.99,17.23,3.1
453,18.12,166,player,Greuther Furth,0.443,423.8,448.5,447.5,512.3,26.43,21.19,8.6
453,18.12,163,player,Greuther Furth,0.415,1506.1,363.2,1535.1,415.1,80.78,11.52,8.0
453,18.12,160,player,Greuther Furth,0.323,634.3,352.9,656.5,401.3,36.6,10.12,16.6
453,18.12,132,player,Greuther Furth,0.307,746.7,446.2,772.7,508.3,42.54,20.8,33.6
453,18.12,153,player,Greuther Furth,0.301,1168.1,997.2,1205.1,1064.4,62.91,71.18,36.4
453,18.12,0,ball,Ball,0.7,1491.0,1064.0,1501.0,1079.0,77.09,71.77,0.0
454,18.16,159,player,Greuther Furth,0.665,1202.8,458.7,1222.4,520.2,65.04,21.96,14.6
454,18.16,125,player,Greuther Furth,0.647,1373.1,867.2,1410.0,951.8,72.63,61.61,6.3
454,18.16,118,player,Greuther Furth,0.642,957.6,470.8,984.2,532.7,53.04,23.18,8.5
454,18.16,10,player,Greuther Furth,0.601,1606.4,508.8,1636.5,579.3,85.06,27.69,5.5
454,18.16,90,player,Greuther Furth,0.592,404.5,711.5,439.1,799.4,26.85,48.17,3.0
454,18.16,144,player,Greuther Furth,0.574,858.9,958.5,903.3,1075.2,48.88,72.08,13.1
454,18.16,142,player,Greuther Furth,0.562,1754.8,856.9,1792.6,961.0,90.41,62.4,11.7
454,18.16,86,player,Greuther Furth,0.541,414.8,820.4,449.9,920.4,27.78,58.88,22.8
454,18.16,169,player,Greuther Furth,0.507,1253.2,373.3,1278.9,421.2,67.93,12.14,12.2
454,18.16,143,player,Greuther Furth,0.504,321.7,532.2,342.8,605.6,21.72,30.2,8.1
454,18.16,155,player,Greuther Furth,0.49,920.7,424.9,938.4,471.6,50.98,17.17,5.7
454,18.16,139,player,Greuther Furth,0.47,396.3,526.2,416.7,595.0,25.32,29.19,5.6
454,18.16,123,player,VfB Stuttgart,0.47,164.9,988.5,233.2,1080.0,17.63,72.47,0.8
454,18.16,166,player,Greuther Furth,0.389,422.8,449.0,446.9,512.5,26.39,21.21,3.9
454,18.16,163,player,Greuther Furth,0.333,1505.9,364.1,1531.9,415.0,80.7,11.5,7.8
454,18.16,153,player,Greuther Furth,0.319,1168.0,997.0,1205.2,1066.5,62.9,71.35,15.4
454,18.16,0,ball,Ball,0.7,1215.0,1051.0,1232.0,1067.0,64.61,70.72,0.0
455,18.2,159,player,Greuther Furth,0.684,1203.5,458.8,1222.8,521.2,65.07,22.06,8.4
455,18.2,125,player,Greuther Furth,0.645,1371.8,866.9,1410.2,952.4,72.6,61.66,5.4
455,18.2,118,player,Greuther Furth,0.639,956.6,470.1,984.6,532.2,53.03,23.13,5.1
455,18.2,90,player,Greuther Furth,0.628,404.8,711.3,439.3,799.2,26.86,48.15,1.7
455,18.2,142,player,Greuther Furth,0.574,1754.6,857.2,1791.9,961.4,90.38,62.43,3.6
455,18.2,10,player,Greuther Furth,0.567,1608.8,509.8,1636.5,579.3,85.12,27.69,5.2
455,18.2,86,player,Greuther Furth,0.556,415.9,820.2,452.5,920.5,27.86,58.9,7.7
455,18.2,144,player,Greuther Furth,0.549,857.4,957.9,902.0,1075.2,48.82,72.08,5.7
455,18.2,155,player,Greuther Furth,0.505,920.2,424.1,938.3,471.3,50.96,17.14,2.8
455,18.2,139,player,Greuther Furth,0.454,396.9,526.8,417.9,595.7,25.36,29.27,7.7
455,18.2,123,player,VfB Stuttgart,0.419,163.7,982.0,232.7,1080.0,17.59,72.47,3.6
455,18.2,143,player,Greuther Furth,0.411,321.9,532.9,344.2,605.3,21.76,30.18,4.3
455,18.2,169,player,Greuther Furth,0.405,1255.0,375.2,1281.9,420.8,68.05,12.09,11.8
455,18.2,132,player,Greuther Furth,0.345,744.0,445.2,774.2,507.6,42.5,20.73,3.4
455,18.2,163,player,Greuther Furth,0.327,1504.6,364.2,1529.3,416.4,80.59,11.65,16.3
455,18.2,153,player,Greuther Furth,0.326,1167.5,996.8,1204.2,1069.7,62.86,71.61,24.3
455,18.2,0,ball,Ball,0.7,1490.0,1064.0,1501.0,1079.0,77.07,71.77,0.0
456,18.24,125,player,Greuther Furth,0.653,1371.5,867.0,1410.3,952.7,72.6,61.69,2.6
456,18.24,118,player,Greuther Furth,0.627,956.2,470.0,984.7,531.7,53.02,23.09,3.8
456,18.24,159,player,Greuther Furth,0.619,1205.0,459.0,1223.3,519.8,65.12,21.92,13.2
456,18.24,90,player,Greuther Furth,0.613,404.8,711.6,439.6,800.0,26.87,48.22,6.3
456,18.24,86,player,Greuther Furth,0.605,417.8,821.7,454.7,919.7,27.96,58.82,10.8
456,18.24,142,player,Greuther Furth,0.556,1754.2,857.4,1791.8,961.7,90.37,62.46,2.6
456,18.24,10,player,Greuther Furth,0.552,1610.7,510.4,1635.9,580.2,85.14,27.77,8.0
456,18.24,144,player,Greuther Furth,0.515,856.7,957.4,901.0,1073.0,48.78,71.89,17.0
456,18.24,155,player,Greuther Furth,0.512,920.1,423.4,938.2,470.8,50.96,17.09,4.8
456,18.24,139,player,Greuther Furth,0.483,396.7,527.9,420.4,596.6,25.42,29.35,8.9
456,18.24,143,player,Greuther Furth,0.388,321.8,533.2,346.4,605.6,21.81,30.21,5.7
456,18.24,123,player,VfB Stuttgart,0.382,162.9,983.2,232.6,1080.0,17.57,72.47,1.8
456,18.24,163,player,Greuther Furth,0.332,1502.8,364.0,1527.8,413.3,80.52,11.34,29.2
456,18.24,153,player,Greuther Furth,0.314,1167.5,996.9,1203.6,1066.5,62.85,71.35,24.2
456,18.24,157,player,Greuther Furth,0.307,471.4,440.6,494.3,507.1,28.76,20.68,0.0
456,18.24,0,ball,Ball,0.7,1490.0,1064.0,1501.0,1079.0,77.07,71.77,0.0
457,18.28,125,player,Greuther Furth,0.646,1370.9,867.0,1409.8,952.1,72.57,61.63,5.4
457,18.28,118,player,Greuther Furth,0.583,956.4,469.2,984.6,530.7,53.02,22.98,9.5
457,18.28,86,player,Greuther Furth,0.58,418.8,821.9,456.7,916.9,28.02,58.58,22.4
457,18.28,159,player,Greuther Furth,0.578,1205.7,459.7,1223.4,519.1,65.14,21.85,6.6
457,18.28,142,player,Greuther Furth,0.553,1753.7,857.5,1791.6,962.3,90.35,62.51,5.1
457,18.28,144,player,Greuther Furth,0.527,855.3,957.7,899.8,1072.7,48.72,71.86,6.0
457,18.28,90,player,Greuther Furth,0.504,405.2,711.6,439.9,799.9,26.88,48.21,1.7
457,18.28,10,player,Greuther Furth,0.5,1612.5,510.5,1636.6,579.6,85.21,27.72,7.5
457,18.28,155,player,Greuther Furth,0.495,919.9,423.4,937.7,470.7,50.94,17.09,1.6
457,18.28,139,player,Greuther Furth,0.459,396.3,528.2,427.4,597.6,25.59,29.44,17.5
457,18.28,170,player,Greuther Furth,0.395,1060.1,337.2,1078.9,376.8,58.06,7.63,0.0
457,18.28,123,player,VfB Stuttgart,0.34,171.7,978.7,230.9,1072.8,17.7,71.87,38.0
457,18.28,166,player,Greuther Furth,0.326,422.7,450.3,446.3,512.4,26.38,21.2,0.6
457,18.28,153,player,Greuther Furth,0.314,1167.6,996.8,1202.8,1062.3,62.84,70.99,31.6
457,18.28,157,player,Greuther Furth,0.311,472.1,439.6,494.5,506.1,28.78,20.58,8.6
457,18.28,143,player,Greuther Furth,0.309,324.1,533.6,350.9,604.7,21.97,30.12,16.5
457,18.28,0,ball,Ball,0.7,1490.0,1064.0,1500.0,1079.0,77.04,71.77,0.0
458,18.32,125,player,Greuther Furth,0.597,1370.8,867.8,1408.5,950.7,72.54,61.51,11.0
458,18.32,118,player,Greuther Furth,0.59,956.2,468.6,984.4,530.0,53.01,22.92,5.8
458,18.32,86,player,Greuther Furth,0.586,420.5,821.7,457.5,914.5,28.07,58.37,19.3
458,18.32,142,player,Greuther Furth,0.582,1753.7,858.3,1790.9,963.3,90.33,62.59,7.7
458,18.32,159,player,Greuther Furth,0.578,1207.0,459.3,1224.1,520.4,65.19,21.98,12.7
458,18.32,10,player,Greuther Furth,0.526,1613.2,509.9,1637.9,580.6,85.25,27.81,8.9
458,18.32,90,player,Greuther Furth,0.507,405.5,710.1,439.1,799.4,26.87,48.17,3.8
458,18.32,155,player,Greuther Furth,0.489,919.7,424.5,937.7,472.1,50.93,17.22,12.3
458,18.32,144,player,Greuther Furth,0.442,854.2,956.5,898.9,1069.3,48.67,71.58,25.5
458,18.32,170,player,Greuther Furth,0.439,1058.1,338.1,1077.5,378.3,57.97,7.78,15.5
458,18.32,139,player,Greuther Furth,0.41,396.9,528.1,429.2,597.2,25.65,29.41,6.4
458,18.32,157,player,Greuther Furth,0.362,472.7,439.7,495.9,506.4,28.83,20.61,5.2
458,18.32,143,player,Greuther Furth,0.36,325.2,534.3,353.1,605.2,22.06,30.17,8.8
458,18.32,166,player,Greuther Furth,0.342,422.7,451.1,446.1,512.7,26.37,21.23,2.8
458,18.32,123,player,VfB Stuttgart,0.342,166.8,980.4,230.2,1078.6,17.6,72.35,38.0
458,18.32,164,player,Greuther Furth,0.33,574.7,401.4,592.5,459.1,33.64,15.93,0.0
458,18.32,153,player,Greuther Furth,0.306,1167.0,997.1,1202.6,1062.0,62.83,70.97,2.8
458,18.32,0,ball,Ball,0.7,1489.0,1064.0,1500.0,1078.0,77.02,71.72,0.0
459,18.36,159,player,Greuther Furth,0.61,1207.1,459.6,1224.5,520.9,65.2,22.03,4.6
459,18.36,118,player,Greuther Furth,0.597,957.5,468.3,984.2,525.6,53.04,22.49,38.0
459,18.36,86,player,Greuther Furth,0.578,421.3,820.2,459.3,913.8,28.13,58.31,7.3
459,18.36,125,player,Greuther Furth,0.567,1370.5,868.3,1408.2,950.8,72.53,61.52,1.5
459,18.36,142,player,Greuther Furth,0.561,1753.1,858.8,1790.4,963.8,90.3,62.64,5.2
459,18.36,10,player,Greuther Furth,0.521,1615.9,510.1,1638.7,581.5,85.33,27.9,10.8
459,18.36,90,player,Greuther Furth,0.515,406.6,710.7,439.2,800.0,26.9,48.22,5.6
459,18.36,155,player,Greuther Furth,0.493,919.9,424.9,937.9,472.4,50.94,17.25,2.5
459,18.36,170,player,Greuther Furth,0.458,1056.9,338.1,1075.6,378.0,57.89,7.75,7.6
459,18.36,139,player,Greuther Furth,0.447,397.6,527.4,429.3,597.0,25.67,29.38,2.8
459,18.36,143,player,Greuther Furth,0.403,325.9,535.6,354.5,605.1,22.11,30.15,4.7
459,18.36,144,player,Greuther Furth,0.401,852.7,954.7,898.4,1068.5,48.63,71.52,7.4
459,18.36,157,player,Greuther Furth,0.384,472.8,440.3,497.1,506.4,28.86,20.6,3.1
459,18.36,164,player,Greuther Furth,0.382,577.2,400.9,593.9,457.5,33.73,15.77,16.8
459,18.36,123,player,VfB Stuttgart,0.341,165.1,980.1,230.3,1078.9,17.57,72.38,4.2
459,18.36,166,player,Greuther Furth,0.333,422.8,451.7,445.9,512.1,26.37,21.17,5.3
459,18.36,153,player,Greuther Furth,0.321,1166.7,996.9,1202.4,1063.1,62.81,71.06,8.5
459,18.36,0,ball,Ball,0.7,730.0,1061.0,742.0,1069.0,42.22,71.22,0.0
460,18.4,159,player,Greuther Furth,0.627,1207.8,460.2,1226.4,520.2,65.27,21.96,8.6
460,18.4,86,player,Greuther Furth,0.618,422.9,819.8,460.8,914.0,28.2,58.33,7.0
460,18.4,118,player,Greuther Furth,0.615,958.2,467.2,983.9,528.8,53.05,22.8,27.7
460,18.4,142,player,Greuther Furth,0.555,1753.5,859.2,1789.8,963.7,90.3,62.63,0.8
460,18.4,171,player,VfB Stuttgart,0.537,1278.2,373.6,1295.4,418.8,68.98,11.89,0.0
460,18.4,125,player,Greuther Furth,0.521,1370.2,868.4,1407.7,950.1,72.51,61.46,5.4
460,18.4,10,player,Greuther Furth,0.519,1616.7,510.9,1640.2,581.6,85.39,27.91,5.3
460,18.4,155,player,Greuther Furth,0.46,919.6,424.9,938.0,472.2,50.94,17.23,1.9
460,18.4,90,player,Greuther Furth,0.405,408.5,711.7,439.4,799.5,26.95,48.18,5.9
460,18.4,157,player,Greuther Furth,0.402,472.3,439.7,498.6,506.5,28.89,20.62,2.4
460,18.4,164,player,Greuther Furth,0.387,578.8,401.1,598.8,460.5,33.9,16.07,31.0
460,18.4,139,player,Greuther Furth,0.376,398.2,529.5,429.8,597.1,25.7,29.39,2.5
460,18.4,170,player,Greuther Furth,0.367,1055.7,338.9,1074.5,380.8,57.83,8.04,26.5
460,18.4,144,player,Greuther Furth,0.328,852.4,954.6,896.6,1041.1,48.56,69.22,38.0
460,18.4,153,player,Greuther Furth,0.325,1166.5,996.7,1202.4,1064.8,62.81,71.21,12.9
460,18.4,143,player,Greuther Furth,0.325,327.9,535.2,353.9,604.1,22.14,30.06,8.9
460,18.4,0,ball,Ball,0.7,1213.0,1051.0,1231.0,1068.0,64.54,70.76,0.0
461,18.44,86,player,Greuther Furth,0.656,424.2,820.1,463.1,914.4,28.29,58.36,8.3
461,18.44,118,player,Greuther Furth,0.62,958.6,467.1,983.6,527.3,53.05,22.66,12.6
461,18.44,159,player,Greuther Furth,0.619,1208.3,461.0,1227.6,520.7,65.31,22.01,5.5
461,18.44,142,player,Greuther Furth,0.554,1753.2,859.4,1789.2,964.3,90.27,62.68,4.7
461,18.44,125,player,Greuther Furth,0.533,1369.6,867.9,1407.5,951.3,72.49,61.57,9.3
461,18.44,90,player,Greuther Furth,0.531,408.2,712.5,439.4,801.5,26.95,48.36,15.9
461,18.44,10,player,Greuther Furth,0.514,1617.0,511.8,1641.6,581.5,85.43,27.9,3.9
461,18.44,171,player,VfB Stuttgart,0.464,1281.1,371.4,1297.7,418.8,69.11,11.89,11.9
461,18.44,164,player,Greuther Furth,0.451,581.0,400.5,603.2,459.9,34.07,16.01,15.9
461,18.44,139,player,Greuther Furth,0.45,399.2,528.1,429.8,596.7,25.72,29.35,3.9
461,18.44,155,player,Greuther Furth,0.438,918.9,424.0,937.5,471.3,50.91,17.14,8.3
461,18.44,157,player,Greuther Furth,0.383,472.8,440.5,500.1,505.3,28.93,20.5,11.1
461,18.44,143,player,Greuther Furth,0.369,329.0,535.7,354.3,606.9,22.19,30.33,25.3
461,18.44,163,player,Greuther Furth,0.35,1495.4,366.6,1519.3,411.1,80.13,11.11,8.1
461,18.44,0,ball,Ball,0.7,1487.0,1064.0,1499.0,1080.0,76.95,71.81,0.0
462,18.48,86,player,Greuther Furth,0.604,425.7,821.1,463.6,914.9,28.34,58.41,5.7
462,18.48,118,player,Greuther Furth,0.595,959.1,467.1,983.7,527.2,53.07,22.65,1.6
462,18.48,142,player,Greuther Furth,0.558,1753.5,859.0,1788.6,964.2,90.27,62.68,0.4
462,18.48,159,player,Greuther Furth,0.546,1209.6,462.1,1229.1,520.2,65.38,21.96,7.4
462,18.48,125,player,Greuther Furth,0.543,1369.3,867.6,1407.4,951.5,72.48,61.58,1.4
462,18.48,10,player,Greuther Furth,0.491,1617.6,513.3,1644.7,582.7,85.52,28.02,12.9
462,18.48,155,player,Greuther Furth,0.477,918.8,426.0,936.8,472.0,50.89,17.21,6.5
462,18.48,90,player,Greuther Furth,0.472,409.8,713.8,440.2,802.2,27.01,48.42,8.3
462,18.48,143,player,Greuther Furth,0.433,331.5,536.4,354.3,606.7,22.25,30.31,5.9
462,18.48,157,player,Greuther Furth,0.415,473.2,439.9,501.5,505.2,28.98,20.49,4.0
462,18.48,164,player,Greuther Furth,0.4,581.0,401.8,607.7,460.5,34.18,16.07,11.6
462,18.48,163,player,Greuther Furth,0.359,1495.1,366.4,1517.1,402.8,80.1,10.28,38.0
462,18.48,144,player,Greuther Furth,0.34,849.8,953.1,893.5,1034.2,48.43,68.64,26.8
462,18.48,123,player,VfB Stuttgart,0.34,164.7,992.3,227.7,1080.0,17.5,72.47,3.3
462,18.48,139,player,Greuther Furth,0.312,400.0,528.1,428.9,596.5,25.72,29.34,1.5
462,18.48,0,ball,Ball,0.7,1487.0,1064.0,1499.0,1080.0,76.95,71.81,0.0
463,18.52,118,player,Greuther Furth,0.6,959.4,467.4,984.0,527.4,53.08,22.66,2.0
463,18.52,142,player,Greuther Furth,0.564,1753.3,859.4,1788.5,963.9,90.26,62.65,2.3
463,18.52,86,player,Greuther Furth,0.56,428.3,822.2,464.4,911.6,28.4,58.12,26.5
463,18.52,125,player,Greuther Furth,0.558,1369.3,867.5,1407.4,952.2,72.48,61.64,5.4
463,18.52,143,player,Greuther Furth,0.549,335.2,536.9,354.8,607.1,22.35,30.35,10.4
463,18.52,159,player,Greuther Furth,0.498,1210.0,462.7,1229.7,522.5,65.4,22.18,19.6
463,18.52,123,player,VfB Stuttgart,0.497,166.5,980.5,227.5,1080.0,17.54,72.47,3.3
463,18.52,155,player,Greuther Furth,0.49,918.0,423.6,937.1,474.1,50.88,17.42,19.2
463,18.52,157,player,Greuther Furth,0.482,474.3,439.3,502.2,506.2,29.02,20.59,9.6
463,18.52,10,player,Greuther Furth,0.466,1618.2,512.1,1647.4,583.1,85.6,28.05,7.9
463,18.52,164,player,Greuther Furth,0.423,581.5,402.6,609.7,462.3,34.25,16.25,17.0
463,18.52,139,player,Greuther Furth,0.386,400.8,528.1,428.6,596.6,25.73,29.35,1.6
463,18.52,90,player,Greuther Furth,0.379,410.4,716.5,439.4,803.4,27.01,48.53,9.4
463,18.52,144,player,Greuther Furth,0.339,847.4,951.7,892.7,1035.9,48.35,68.78,14.6
463,18.52,153,player,Greuther Furth,0.315,1165.2,996.9,1202.6,1069.7,62.78,71.62,12.3
463,18.52,0,ball,Ball,0.7,1487.0,1064.0,1498.0,1080.0,76.93,71.81,0.0
464,18.56,118,player,Greuther Furth,0.606,959.7,467.9,984.2,526.7,53.09,22.59,6.6
464,18.56,86,player,Greuther Furth,0.594,432.8,823.1,466.4,912.7,28.56,58.21,16.4
464,18.56,142,player,Greuther Furth,0.558,1753.4,859.9,1788.3,963.5,90.26,62.62,3.2
464,18.56,143,player,Greuther Furth,0.537,336.1,537.2,356.9,607.7,22.43,30.41,8.3
464,18.56,125,player,Greuther Furth,0.529,1368.9,867.3,1407.6,952.8,72.47,61.7,5.3
464,18.56,123,player,VfB Stuttgart,0.527,170.2,981.2,226.7,1080.0,17.61,72.47,6.0
464,18.56,159,player,Greuther Furth,0.518,1209.4,464.2,1230.4,524.1,65.4,22.34,14.2
464,18.56,157,player,Greuther Furth,0.505,475.6,440.5,503.0,505.6,29.08,20.53,7.0
464,18.56,155,player,Greuther Furth,0.496,917.3,421.9,938.3,474.8,50.89,17.49,6.5
464,18.56,10,player,Greuther Furth,0.463,1618.5,514.4,1648.6,584.6,85.63,28.2,13.8
464,18.56,139,player,Greuther Furth,0.374,403.5,527.9,429.6,596.4,25.82,29.33,8.3
464,18.56,164,player,Greuther Furth,0.374,582.2,404.8,609.9,461.8,34.27,16.2,4.6
464,18.56,144,player,Greuther Furth,0.364,846.1,951.2,891.1,1035.1,48.29,68.71,8.8
464,18.56,90,player,Greuther Furth,0.35,410.2,718.6,439.5,803.9,27.01,48.58,4.2
464,18.56,153,player,Greuther Furth,0.314,1165.4,997.1,1202.4,1070.6,62.77,71.69,6.7
464,18.56,0,ball,Ball,0.7,1487.0,1064.0,1498.0,1080.0,76.93,71.81,0.0
465,18.6,118,player,Greuther Furth,0.647,959.5,467.3,985.1,528.4,53.11,22.76,15.1
465,18.6,123,player,VfB Stuttgart,0.586,172.3,980.5,226.3,1080.0,17.65,72.47,3.5
465,18.6,143,player,Greuther Furth,0.562,336.4,538.2,360.0,608.7,22.52,30.5,11.8
465,18.6,142,player,Greuther Furth,0.561,1753.4,859.9,1788.4,963.4,90.26,62.61,1.0
465,18.6,86,player,Greuther Furth,0.544,434.6,822.6,467.8,914.4,28.64,58.36,14.9
465,18.6,125,player,Greuther Furth,0.531,1368.3,867.6,1406.8,960.7,72.42,62.38,38.0
465,18.6,159,player,Greuther Furth,0.525,1209.9,465.1,1230.8,523.7,65.42,22.3,3.8
465,18.6,157,player,Greuther Furth,0.522,476.3,438.9,503.3,505.4,29.1,20.51,3.2
465,18.6,155,player,Greuther Furth,0.496,917.1,422.8,937.5,474.4,50.87,17.46,4.1
465,18.6,10,player,Greuther Furth,0.405,1619.5,516.1,1648.8,586.4,85.65,28.37,15.0
465,18.6,172,player,Greuther Furth,0.359,670.5,327.1,695.4,387.1,38.46,8.68,0.0
465,18.6,90,player,Greuther Furth,0.348,410.0,719.1,439.4,806.4,27.01,48.8,19.9
465,18.6,164,player,Greuther Furth,0.338,584.9,407.0,613.4,466.4,34.44,16.66,38.0
465,18.6,139,player,Greuther Furth,0.318,406.0,529.0,428.6,596.0,25.85,29.29,4.2
465,18.6,153,player,Greuther Furth,0.306,1165.4,997.3,1202.3,1071.1,62.77,71.73,3.8
465,18.6,0,ball,Ball,0.7,1487.0,1064.0,1498.0,1080.0,76.93,71.81,0.0
466,18.64,118,player,Greuther Furth,0.644,960.0,467.4,985.6,527.2,53.14,22.64,10.8
466,18.64,123,player,VfB Stuttgart,0.603,175.2,980.8,226.3,1080.0,17.71,72.47,6.0
466,18.64,142,player,Greuther Furth,0.562,1753.5,859.9,1788.2,963.2,90.26,62.59,1.2
466,18.64,143,player,Greuther Furth,0.554,338.0,539.1,361.1,608.5,22.58,30.48,6.1
466,18.64,159,player,Greuther Furth,0.536,1211.4,466.1,1231.8,523.3,65.48,22.27,6.4
466,18.64,125,player,Greuther Furth,0.521,1367.9,867.1,1406.3,961.4,72.4,62.43,5.6
466,18.64,157,player,Greuther Furth,0.512,477.7,438.6,503.3,505.4,29.13,20.51,3.0
466,18.64,86,player,Greuther Furth,0.482,435.2,823.8,469.0,913.5,28.68,58.28,7.8
466,18.64,155,player,Greuther Furth,0.48,917.1,424.7,937.0,473.3,50.85,17.35,9.9
466,18.64,10,player,Greuther Furth,0.418,1619.4,516.5,1650.0,588.4,85.67,28.56,17.6
466,18.64,139,player,Greuther Furth,0.395,407.6,529.1,429.7,595.5,25.92,29.25,7.3
466,18.64,90,player,Greuther Furth,0.393,411.1,719.9,439.9,810.7,27.06,49.19,35.3
466,18.64,164,player,Greuther Furth,0.339,586.2,407.4,613.8,467.4,34.48,16.76,9.7
466,18.64,172,player,Greuther Furth,0.33,671.1,328.1,695.2,381.3,38.46,8.09,38.0
466,18.64,144,player,Greuther Furth,0.301,840.9,949.4,890.5,1032.3,48.15,68.47,12.3
466,18.64,0,ball,Ball,0.7,1487.0,1064.0,1498.0,1080.0,76.93,71.81,0.0
467,18.68,118,player,Greuther Furth,0.609,960.8,467.8,985.4,527.2,53.15,22.65,1.5
467,18.68,143,player,Greuther Furth,0.57,338.9,541.1,363.5,614.9,22.69,31.09,38.0
467,18.68,142,player,Greuther Furth,0.547,1753.0,858.0,1788.4,963.3,90.25,62.6,0.9
467,18.68,159,player,Greuther Furth,0.537,1212.0,466.2,1232.2,524.4,65.51,22.37,9.6
467,18.68,157,player,Greuther Furth,0.536,479.8,438.0,503.3,503.7,29.18,20.34,15.4
467,18.68,123,player,VfB Stuttgart,0.524,177.2,982.1,226.2,1080.0,17.75,72.47,3.6
467,18.68,86,player,Greuther Furth,0.516,437.6,822.5,470.0,915.0,28.76,58.41,14.1
467,18.68,90,player,Greuther Furth,0.505,411.0,720.6,439.3,811.4,27.05,49.25,5.6
467,18.68,125,player,Greuther Furth,0.498,1368.8,867.7,1405.3,955.4,72.41,61.92,38.0
467,18.68,10,player,Greuther Furth,0.496,1620.4,517.1,1651.4,589.1,85.72,28.63,8.2
467,18.68,155,player,Greuther Furth,0.489,917.0,425.1,936.9,473.5,50.85,17.36,1.7
467,18.68,139,player,Greuther Furth,0.418,408.9,528.0,431.2,594.7,25.98,29.16,9.5
467,18.68,172,player,Greuther Furth,0.318,671.5,329.5,695.1,383.9,38.47,8.35,23.8
467,18.68,164,player,Greuther Furth,0.315,586.7,408.0,613.6,467.7,34.49,16.78,2.4
467,18.68,153,player,Greuther Furth,0.302,1165.9,998.2,1202.1,1071.9,62.78,71.8,2.9
467,18.68,0,ball,Ball,0.7,1486.0,1064.0,1498.0,1078.0,76.91,71.72,0.0
468,18.72,86,player,Greuther Furth,0.591,438.7,821.3,472.3,914.7,28.84,58.39,7.5
468,18.72,118,player,Greuther Furth,0.576,962.4,468.2,985.5,528.0,53.19,22.72,7.5
468,18.72,123,player,VfB Stuttgart,0.556,179.2,982.7,226.1,1080.0,17.8,72.47,4.1
468,18.72,142,player,Greuther Furth,0.542,1753.5,858.4,1788.2,961.9,90.27,62.48,10.8
468,18.72,143,player,Greuther Furth,0.538,339.8,543.0,364.5,614.1,22.74,31.01,8.2
468,18.72,10,player,Greuther Furth,0.537,1622.1,517.6,1652.4,588.5,85.79,28.57,8.6
468,18.72,159,player,Greuther Furth,0.533,1212.3,466.1,1233.0,524.8,65.53,22.41,3.8
468,18.72,157,player,Greuther Furth,0.522,480.6,438.6,503.6,502.9,29.2,20.27,7.1
468,18.72,125,player,Greuther Furth,0.518,1368.4,868.5,1405.1,951.6,72.41,61.59,30.1
468,18.72,90,player,Greuther Furth,0.491,411.1,720.4,439.0,812.2,27.05,49.32,6.3
468,18.72,155,player,Greuther Furth,0.48,916.9,426.2,936.8,473.3,50.84,17.34,2.3
468,18.72,173,player,Greuther Furth,0.43,1302.6,374.5,1324.5,421.2,70.32,12.13,0.0
468,18.72,139,player,Greuther Furth,0.39,411.1,527.0,433.0,595.3,26.08,29.22,10.5
468,18.72,164,player,Greuther Furth,0.335,587.2,406.2,614.3,467.0,34.52,16.72,6.7
468,18.72,172,player,Greuther Furth,0.322,671.5,328.4,695.2,384.1,38.48,8.38,2.2
468,18.72,153,player,Greuther Furth,0.307,1165.7,997.9,1202.3,1072.1,62.78,71.82,2.0
468,18.72,0,ball,Ball,0.7,1486.0,1064.0,1497.0,1080.0,76.88,71.81,0.0
469,18.76,86,player,Greuther Furth,0.67,441.1,820.9,473.6,912.3,28.92,58.18,20.2
469,18.76,10,player,Greuther Furth,0.563,1624.0,517.8,1653.1,588.5,85.86,28.57,5.9
469,18.76,159,player,Greuther Furth,0.552,1212.5,466.2,1233.0,525.7,65.54,22.5,8.2
469,18.76,142,player,Greuther Furth,0.551,1753.4,858.2,1788.2,961.8,90.27,62.47,0.8
469,18.76,118,player,Greuther Furth,0.537,963.6,468.2,986.9,526.4,53.26,22.57,14.8
469,18.76,90,player,Greuther Furth,0.533,411.5,720.8,439.0,812.3,27.06,49.33,1.7
469,18.76,157,player,Greuther Furth,0.53,482.3,438.0,504.4,502.3,29.27,20.21,7.8
469,18.76,123,player,VfB Stuttgart,0.53,180.0,983.9,226.2,1080.0,17.82,72.47,1.8
469,18.76,125,player,Greuther Furth,0.508,1368.7,868.1,1404.3,955.3,72.38,61.91,29.0
469,18.76,155,player,Greuther Furth,0.483,915.5,420.6,938.3,474.0,50.84,17.41,6.4
469,18.76,143,player,Greuther Furth,0.466,342.9,542.3,364.8,610.9,22.8,30.71,27.4
469,18.76,173,player,Greuther Furth,0.454,1305.0,373.2,1326.0,421.5,70.42,12.16,9.4
469,18.76,139,player,Greuther Furth,0.393,411.8,527.4,434.0,594.2,26.12,29.12,10.0
469,18.76,172,player,Greuther Furth,0.349,671.9,328.4,694.9,384.9,38.48,8.46,7.3
469,18.76,153,player,Greuther Furth,0.348,1165.6,997.2,1202.2,1072.6,62.77,71.85,3.1
469,18.76,164,player,Greuther Furth,0.33,587.4,406.2,615.7,468.1,34.56,16.82,10.1
469,18.76,0,ball,Ball,0.7,1486.0,1064.0,1497.0,1080.0,76.88,71.81,0.0
470,18.8,86,player,Greuther Furth,0.671,442.7,820.6,477.3,911.3,29.04,58.09,13.5
470,18.8,10,player,Greuther Furth,0.592,1625.0,517.3,1653.5,588.9,85.89,28.61,4.4
470,18.8,157,player,Greuther Furth,0.572,485.5,436.8,504.6,501.9,29.35,20.17,8.4
470,18.8,142,player,Greuther Furth,0.56,1753.4,858.3,1788.2,961.1,90.27,62.41,5.7
470,18.8,143,player,Greuther Furth,0.54,343.5,544.3,363.7,614.0,22.8,31.01,26.6
470,18.8,159,player,Greuther Furth,0.539,1212.6,466.9,1233.3,525.1,65.55,22.44,5.3
470,18.8,90,player,Greuther Furth,0.534,412.0,720.3,439.0,812.5,27.07,49.35,2.0
470,18.8,118,player,Greuther Furth,0.513,963.4,467.8,987.4,524.3,53.26,22.36,18.6
470,18.8,125,player,Greuther Furth,0.497,1368.6,868.2,1403.9,955.6,72.37,61.94,2.9
470,18.8,155,player,Greuther Furth,0.47,914.9,420.4,939.0,474.2,50.85,17.43,2.3
470,18.8,123,player,VfB Stuttgart,0.44,182.4,982.5,226.2,1080.0,17.87,72.47,5.0
470,18.8,139,player,Greuther Furth,0.405,412.5,527.1,438.1,593.8,26.24,29.08,10.8
470,18.8,164,player,Greuther Furth,0.37,589.0,404.3,615.8,464.8,34.59,16.5,29.2
470,18.8,172,player,Greuther Furth,0.35,672.6,330.3,694.7,384.2,38.49,8.38,6.9
470,18.8,153,player,Greuther Furth,0.342,1165.4,997.0,1202.3,1072.2,62.77,71.82,2.9
470,18.8,173,player,Greuther Furth,0.332,1307.1,370.5,1326.9,423.7,70.49,12.38,20.8
470,18.8,0,ball,Ball,0.7,1486.0,1064.0,1497.0,1080.0,76.88,71.81,0.0
471,18.84,86,player,Greuther Furth,0.684,444.8,820.6,478.6,911.9,29.12,58.15,8.9
471,18.84,10,player,Greuther Furth,0.622,1626.0,517.0,1653.3,589.6,85.9,28.67,6.1
471,18.84,157,player,Greuther Furth,0.611,486.9,434.7,505.6,502.3,29.41,20.21,6.6
471,18.84,143,player,Greuther Furth,0.584,342.9,543.5,365.7,619.1,22.86,31.49,38.0
471,18.84,159,player,Greuther Furth,0.58,1212.7,467.1,1232.9,528.7,65.53,22.79,31.6
471,18.84,142,player,Greuther Furth,0.554,1753.9,858.1,1788.0,960.6,90.28,62.37,3.6
471,18.84,118,player,Greuther Furth,0.552,965.7,466.6,989.1,524.7,53.36,22.4,9.8
471,18.84,90,player,Greuther Furth,0.523,411.9,721.0,439.2,812.3,27.07,49.33,2.2
471,18.84,155,player,Greuther Furth,0.52,913.2,410.9,940.0,473.9,50.83,17.4,3.3
471,18.84,125,player,Greuther Furth,0.502,1368.6,867.7,1403.2,955.1,72.36,61.89,4.6
471,18.84,139,player,Greuther Furth,0.466,413.6,527.1,439.8,595.2,26.31,29.22,14.1
471,18.84,174,player,Greuther Furth,0.464,429.1,459.1,452.4,515.7,26.7,21.52,0.0
471,18.84,123,player,VfB Stuttgart,0.396,184.4,983.1,225.9,1080.0,17.91,72.47,3.4
471,18.84,164,player,Greuther Furth,0.373,590.0,405.9,616.4,465.9,34.64,16.61,10.9
471,18.84,172,player,Greuther Furth,0.362,672.9,330.7,694.7,385.2,38.5,8.49,9.7
471,18.84,153,player,Greuther Furth,0.342,1165.5,996.9,1201.7,1071.2,62.76,71.74,7.5
471,18.84,0,ball,Ball,0.7,746.0,1036.0,761.0,1047.0,42.99,69.25,0.0
472,18.88,86,player,Greuther Furth,0.682,445.9,820.3,479.8,914.5,29.19,58.38,21.4
472,18.88,157,player,Greuther Furth,0.615,488.7,434.8,507.5,503.4,29.51,20.31,12.9
472,18.88,159,player,Greuther Furth,0.577,1212.5,467.7,1233.0,528.8,65.53,22.8,0.9
472,18.88,118,player,Greuther Furth,0.574,967.2,465.1,990.5,525.7,53.44,22.5,10.5
472,18.88,10,player,Greuther Furth,0.573,1628.6,517.3,1653.4,588.7,85.97,28.59,9.7
472,18.88,143,player,Greuther Furth,0.556,343.3,544.9,366.9,615.0,22.88,31.1,34.5
472,18.88,142,player,Greuther Furth,0.556,1753.9,858.6,1787.9,960.5,90.28,62.35,1.2
472,18.88,90,player,Greuther Furth,0.524,412.1,721.6,439.8,811.8,27.09,49.29,3.8
472,18.88,125,player,Greuther Furth,0.515,1368.6,867.8,1403.1,955.0,72.36,61.89,0.2
472,18.88,155,player,Greuther Furth,0.497,912.4,411.8,939.2,473.4,50.79,17.35,5.7
472,18.88,174,player,Greuther Furth,0.462,429.6,460.1,453.1,516.2,26.73,21.57,4.9
472,18.88,175,player,Greuther Furth,0.391,1035.9,339.8,1055.4,386.5,56.84,8.62,0.0
472,18.88,164,player,Greuther Furth,0.369,591.1,407.0,616.0,467.2,34.66,16.74,11.3
472,18.88,172,player,Greuther Furth,0.367,672.2,331.8,694.8,385.8,38.49,8.55,5.8
472,18.88,153,player,Greuther Furth,0.36,1165.4,996.5,1201.7,1070.6,62.76,71.69,4.4
472,18.88,139,player,Greuther Furth,0.324,416.1,526.5,440.8,595.4,26.4,29.24,8.0
472,18.88,123,player,VfB Stuttgart,0.324,184.5,988.6,226.2,1080.0,17.92,72.47,0.9
472,18.88,0,ball,Ball,0.7,746.0,1036.0,761.0,1047.0,42.99,69.25,0.0
473,18.92,86,player,Greuther Furth,0.674,448.2,820.3,481.0,914.6,29.27,58.38,7.2
473,18.92,10,player,Greuther Furth,0.641,1629.4,517.0,1654.5,586.7,86.03,28.4,18.5
473,18.92,157,player,Greuther Furth,0.603,489.2,435.2,508.3,503.2,29.54,20.3,3.1
473,18.92,90,player,Greuther Furth,0.593,411.9,722.7,440.5,811.6,27.1,49.26,2.4
473,18.92,118,player,Greuther Furth,0.591,967.9,463.6,990.8,524.4,53.46,22.37,11.5
473,18.92,159,player,Greuther Furth,0.582,1212.1,467.9,1232.1,528.4,65.5,22.76,4.3
473,18.92,143,player,Greuther Furth,0.569,343.9,549.6,367.2,615.7,22.91,31.17,6.3
473,18.92,142,player,Greuther Furth,0.555,1753.8,858.9,1788.0,959.8,90.28,62.3,5.2
473,18.92,125,player,Greuther Furth,0.503,1368.3,867.7,1402.7,955.0,72.34,61.89,1.8
473,18.92,174,player,Greuther Furth,0.458,430.5,460.6,453.4,516.2,26.76,21.57,2.7
473,18.92,176,player,Greuther Furth,0.444,839.6,944.4,889.1,1065.4,48.11,71.26,0.0
473,18.92,155,player,Greuther Furth,0.42,911.6,424.4,931.3,471.8,50.57,17.19,24.7
473,18.92,139,player,Greuther Furth,0.392,416.5,526.9,441.9,596.7,26.44,29.36,11.3
473,18.92,172,player,Greuther Furth,0.39,672.2,331.8,694.9,385.5,38.49,8.52,3.0
473,18.92,164,player,Greuther Furth,0.363,591.2,407.3,616.3,467.7,34.67,16.79,4.6
473,18.92,153,player,Greuther Furth,0.35,1165.5,996.5,1201.6,1070.0,62.76,71.64,4.7
473,18.92,175,player,Greuther Furth,0.345,1032.5,342.6,1053.7,387.7,56.71,8.74,15.6
473,18.92,123,player,VfB Stuttgart,0.33,183.8,990.2,226.3,1080.0,17.91,72.47,1.2
473,18.92,0,ball,Ball,0.7,1486.0,1064.0,1497.0,1080.0,76.88,71.81,0.0
474,18.96,86,player,Greuther Furth,0.679,449.3,820.6,481.7,913.6,29.31,58.29,8.7
474,18.96,10,player,Greuther Furth,0.624,1630.1,517.3,1655.7,587.4,86.07,28.47,7.6
474,18.96,90,player,Greuther Furth,0.622,411.5,722.5,441.6,811.2,27.11,49.23,3.6
474,18.96,159,player,Greuther Furth,0.611,1212.0,468.2,1232.1,531.5,65.49,23.07,27.6
474,18.96,118,player,Greuther Furth,0.605,967.9,462.8,991.3,525.4,53.47,22.47,8.9
474,18.96,157,player,Greuther Furth,0.603,489.4,435.3,510.6,503.4,29.6,20.32,5.9
474,18.96,143,player,Greuther Furth,0.587,344.1,552.4,366.6,614.0,22.89,31.0,15.0
474,18.96,142,player,Greuther Furth,0.557,1753.5,858.7,1787.9,959.8,90.27,62.3,0.6
474,18.96,125,player,Greuther Furth,0.508,1368.0,868.1,1402.3,954.6,72.32,61.85,3.2
474,18.96,176,player,Greuther Furth,0.464,840.4,944.2,888.7,1075.0,48.12,72.06,38.0
474,18.96,174,player,Greuther Furth,0.439,432.7,460.6,453.5,514.6,26.81,21.41,14.8
474,18.96,177,player,Greuther Furth,0.431,759.6,447.6,782.4,505.9,43.09,20.56,0.0
474,18.96,178,player,Greuther Furth,0.425,724.9,440.4,748.9,500.2,41.39,19.99,0.0
474,18.96,155,player,Greuther Furth,0.42,910.8,420.5,930.1,470.9,50.52,17.1,8.9
474,18.96,172,player,Greuther Furth,0.412,671.5,332.1,694.9,386.6,38.47,8.63,9.8
474,18.96,164,player,Greuther Furth,0.377,591.1,407.7,616.3,468.2,34.67,16.83,4.4
474,18.96,123,player,VfB Stuttgart,0.369,175.6,990.4,225.4,1080.0,17.7,72.47,18.9
474,18.96,153,player,Greuther Furth,0.34,1165.3,996.5,1201.6,1070.4,62.75,71.67,3.2
474,18.96,175,player,Greuther Furth,0.33,1032.5,344.7,1053.1,387.1,56.69,8.68,5.9
474,18.96,139,player,Greuther Furth,0.304,417.2,525.1,442.1,596.8,26.46,29.37,2.6
474,18.96,0,ball,Ball,0.7,1486.0,1064.0,1497.0,1080.0,76.88,71.81,0.0
475,19.0,86,player,Greuther Furth,0.753,452.1,821.9,483.8,912.8,29.42,58.23,11.6
475,19.0,10,player,Greuther Furth,0.658,1630.7,516.9,1656.9,588.4,86.11,28.57,9.4
475,19.0,90,player,Greuther Furth,0.656,411.3,722.8,441.8,811.1,27.12,49.22,0.5
475,19.0,159,player,Greuther Furth,0.61,1211.5,468.2,1231.2,530.9,65.46,23.0,6.6
475,19.0,142,player,Greuther Furth,0.57,1753.7,858.6,1787.9,960.1,90.27,62.32,2.5
475,19.0,157,player,Greuther Furth,0.545,489.6,437.4,512.4,502.5,29.65,20.23,9.3
475,19.0,125,player,Greuther Furth,0.534,1367.5,868.3,1402.1,952.6,72.31,61.68,15.8
475,19.0,143,player,Greuther Furth,0.533,344.0,553.4,366.5,610.7,22.87,30.69,28.4
475,19.0,118,player,Greuther Furth,0.522,968.2,462.4,990.8,524.2,53.47,22.35,10.6
475,19.0,176,player,Greuther Furth,0.473,840.6,944.2,888.7,1074.4,48.13,72.01,4.6
475,19.0,177,player,Greuther Furth,0.457,759.5,448.7,782.5,506.1,43.09,20.58,1.0
475,19.0,178,player,Greuther Furth,0.441,723.9,439.7,747.1,498.4,41.31,19.82,17.2
475,19.0,174,player,Greuther Furth,0.426,433.4,459.7,453.6,513.7,26.83,21.33,7.7
475,19.0,172,player,Greuther Furth,0.402,670.7,332.2,694.8,385.6,38.45,8.52,9.7
475,19.0,155,player,Greuther Furth,0.38,910.3,425.6,929.2,470.7,50.49,17.08,3.8
475,19.0,164,player,Greuther Furth,0.372,591.8,406.9,615.6,468.4,34.67,16.86,2.3
475,19.0,123,player,VfB Stuttgart,0.348,171.2,1000.8,223.1,1080.0,17.55,72.47,13.7
475,19.0,139,player,Greuther Furth,0.337,417.4,525.7,442.2,596.4,26.47,29.33,3.5
475,19.0,153,player,Greuther Furth,0.325,1165.3,996.2,1201.9,1069.8,62.76,71.62,4.7
475,19.0,0,ball,Ball,0.7,1197.0,1050.0,1208.0,1066.0,63.65,70.64,0.0
476,19.04,86,player,Greuther Furth,0.736,453.0,823.4,484.5,915.4,29.47,58.45,20.4
476,19.04,10,player,Greuther Furth,0.657,1631.3,517.1,1659.8,592.4,86.18,28.94,34.3
476,19.04,90,player,Greuther Furth,0.651,411.1,722.6,443.3,811.7,27.15,49.28,5.9
476,19.04,159,player,Greuther Furth,0.599,1210.9,468.6,1230.7,530.3,65.43,22.95,5.7
476,19.04,143,player,Greuther Furth,0.594,342.6,553.3,367.3,616.9,22.88,31.28,38.0
476,19.04,142,player,Greuther Furth,0.575,1754.4,858.8,1787.6,957.5,90.3,62.1,20.7
476,19.04,118,player,Greuther Furth,0.57,968.5,461.9,991.2,524.4,53.49,22.37,2.7
476,19.04,125,player,Greuther Furth,0.542,1367.0,867.2,1401.9,953.3,72.3,61.73,5.4
476,19.04,157,player,Greuther Furth,0.479,489.7,434.4,514.4,502.5,29.7,20.23,4.8
476,19.04,177,player,Greuther Furth,0.45,759.0,448.8,782.5,507.7,43.09,20.73,14.3
476,19.04,179,player,Greuther Furth,0.416,1440.5,373.6,1470.2,419.3,77.47,11.94,0.0
476,19.04,178,player,Greuther Furth,0.412,723.5,439.7,746.2,497.9,41.28,19.78,4.8
476,19.04,172,player,Greuther Furth,0.411,670.9,331.8,694.7,389.5,38.46,8.93,36.6
476,19.04,123,player,VfB Stuttgart,0.398,171.5,1003.8,222.8,1080.0,17.55,72.47,0.1
476,19.04,176,player,Greuther Furth,0.383,840.3,943.3,889.4,1073.1,48.14,71.9,10.2
476,19.04,174,player,Greuther Furth,0.373,434.0,459.4,454.0,513.7,26.85,21.32,2.3
476,19.04,139,player,Greuther Furth,0.366,417.8,526.0,442.4,596.2,26.48,29.31,2.2
476,19.04,164,player,Greuther Furth,0.344,591.8,408.1,615.6,468.6,34.67,16.88,1.5
476,19.04,155,player,Greuther Furth,0.339,909.6,432.5,928.0,469.9,50.44,17.0,8.2
476,19.04,153,player,Greuther Furth,0.315,1165.0,996.0,1201.9,1068.8,62.75,71.54,7.0
476,19.04,0,ball,Ball,0.7,1197.0,1050.0,1208.0,1066.0,63.65,70.64,0.0
477,19.08,86,player,Greuther Furth,0.73,454.4,823.0,487.3,919.6,29.58,58.82,34.9
477,19.08,90,player,Greuther Furth,0.647,410.9,722.5,444.0,812.8,27.16,49.38,9.1
477,19.08,10,player,Greuther Furth,0.622,1632.3,518.3,1661.3,592.2,86.24,28.93,5.6
477,19.08,143,player,Greuther Furth,0.605,342.3,553.1,369.5,621.4,22.95,31.71,38.0
477,19.08,142,player,Greuther Furth,0.585,1754.0,858.8,1787.5,957.1,90.29,62.06,2.9
477,19.08,118,player,Greuther Furth,0.58,968.7,461.2,991.7,524.7,53.5,22.4,2.8
477,19.08,159,player,Greuther Furth,0.55,1209.7,468.2,1230.3,529.2,65.39,22.84,10.4
477,19.08,125,player,Greuther Furth,0.536,1366.2,867.0,1401.5,954.5,72.26,61.84,10.2
477,19.08,123,player,VfB Stuttgart,0.531,163.5,1001.8,222.7,1080.0,17.36,72.47,16.7
477,19.08,176,player,Greuther Furth,0.487,839.2,942.6,888.7,1079.4,48.1,72.42,38.0
477,19.08,157,player,Greuther Furth,0.456,491.0,436.8,516.9,501.6,29.79,20.14,11.6
477,19.08,177,player,Greuther Furth,0.45,759.1,448.1,782.8,508.2,43.09,20.78,4.4
477,19.08,172,player,Greuther Furth,0.437,670.7,330.0,694.7,390.0,38.46,8.97,4.0
477,19.08,174,player,Greuther Furth,0.366,434.5,457.9,454.7,513.4,26.88,21.29,3.6
477,19.08,178,player,Greuther Furth,0.356,723.1,440.5,745.8,498.1,41.26,19.79,2.1
477,19.08,164,player,Greuther Furth,0.341,592.5,408.8,615.3,469.6,34.68,16.98,9.2
477,19.08,179,player,Greuther Furth,0.337,1442.6,372.9,1469.6,416.8,77.52,11.69,23.1
477,19.08,153,player,Greuther Furth,0.309,1163.9,995.9,1201.3,1070.5,62.71,71.68,13.2
477,19.08,0,ball,Ball,0.7,727.0,1061.0,738.0,1069.0,42.05,71.22,0.0
478,19.12,86,player,Greuther Furth,0.693,455.0,823.6,487.9,921.2,29.61,58.95,12.4
478,19.12,90,player,Greuther Furth,0.65,410.2,723.0,444.2,814.2,27.16,49.5,11.3
478,19.12,159,player,Greuther Furth,0.645,1209.5,467.7,1230.8,527.5,65.4,22.67,14.7
478,19.12,142,player,Greuther Furth,0.623,1753.4,858.6,1785.9,956.3,90.24,62.0,7.4
478,19.12,10,player,Greuther Furth,0.601,1632.4,519.9,1661.3,592.2,86.24,28.93,0.3
478,19.12,125,player,Greuther Furth,0.592,1365.6,866.7,1400.9,959.4,72.22,62.26,38.0
478,19.12,118,player,Greuther Furth,0.58,968.3,460.8,992.4,524.8,53.51,22.41,1.3
478,19.12,143,player,Greuther Furth,0.579,341.5,554.3,369.6,621.7,22.93,31.74,2.8
478,19.12,123,player,VfB Stuttgart,0.539,162.4,998.9,223.9,1080.0,17.36,72.47,0.1
478,19.12,157,player,Greuther Furth,0.45,491.4,436.3,516.8,501.1,29.8,20.08,4.7
478,19.12,172,player,Greuther Furth,0.449,670.9,331.1,694.8,387.8,38.46,8.76,19.6
478,19.12,178,player,Greuther Furth,0.427,723.0,439.3,744.3,496.2,41.22,19.6,17.2
478,19.12,177,player,Greuther Furth,0.425,758.8,446.9,782.9,508.2,43.09,20.78,0.3
478,19.12,164,player,Greuther Furth,0.396,592.7,407.0,615.3,468.3,34.68,16.84,11.9
478,19.12,174,player,Greuther Furth,0.393,435.0,459.2,456.1,513.6,26.93,21.31,4.6
478,19.12,176,player,Greuther Furth,0.381,839.8,942.9,889.5,1062.3,48.12,71.0,38.0
478,19.12,180,player,Greuther Furth,0.366,1322.2,376.9,1344.6,423.7,71.31,12.39,0.0
478,19.12,153,player,Greuther Furth,0.322,1162.6,996.5,1200.1,1075.7,62.65,72.11,38.0
478,19.12,0,ball,Ball,0.7,1210.0,1052.0,1228.0,1068.0,64.4,70.8,0.0
479,19.16,86,player,Greuther Furth,0.666,457.6,825.2,490.4,921.6,29.73,58.99,11.5
479,19.16,159,player,Greuther Furth,0.659,1208.6,468.3,1230.2,527.3,65.37,22.66,3.8
479,19.16,90,player,Greuther Furth,0.632,410.7,723.9,444.7,816.1,27.19,49.67,15.5
479,19.16,143,player,Greuther Furth,0.628,340.8,555.6,369.0,623.4,22.91,31.9,14.6
479,19.16,10,player,Greuther Furth,0.61,1633.5,521.9,1662.8,593.2,86.3,29.03,10.2
479,19.16,142,player,Greuther Furth,0.607,1753.1,858.5,1784.8,957.0,90.21,62.05,6.0
479,19.16,125,player,Greuther Furth,0.595,1365.0,867.3,1400.7,958.3,72.21,62.17,8.6
479,19.16,118,player,Greuther Furth,0.549,968.0,460.6,992.6,524.6,53.51,22.39,2.2
479,19.16,123,player,VfB Stuttgart,0.499,158.1,995.5,224.1,1080.0,17.27,72.47,8.5
479,19.16,176,player,Greuther Furth,0.436,839.4,942.4,886.3,1058.6,48.04,70.69,28.8
479,19.16,178,player,Greuther Furth,0.435,722.1,439.7,743.7,497.2,41.19,19.7,9.4
479,19.16,157,player,Greuther Furth,0.43,492.4,437.0,517.5,501.7,29.84,20.14,6.5
479,19.16,172,player,Greuther Furth,0.428,670.0,332.2,694.1,389.2,38.42,8.89,12.7
479,19.16,177,player,Greuther Furth,0.426,759.0,447.0,782.8,509.0,43.09,20.87,7.4
479,19.16,164,player,Greuther Furth,0.392,592.5,406.4,615.2,468.7,34.68,16.88,3.3
479,19.16,179,player,Greuther Furth,0.369,1439.7,371.7,1466.7,415.0,77.38,11.5,10.3
479,19.16,153,player,Greuther Furth,0.359,1162.2,996.5,1199.3,1074.6,62.62,72.03,7.8
479,19.16,180,player,Greuther Furth,0.353,1324.4,375.6,1344.9,423.6,71.38,12.38,6.1
479,19.16,174,player,Greuther Furth,0.31,434.8,462.2,458.2,518.8,27.0,21.82,38.0
479,19.16,0,ball,Ball,0.7,1209.0,1052.0,1228.0,1068.0,64.38,70.8,0.0
480,19.2,159,player,Greuther Furth,0.656,1206.8,467.6,1228.3,527.1,65.28,22.64,8.1
480,19.2,86,player,Greuther Furth,0.639,458.4,823.9,491.1,921.5,29.77,58.98,3.2
480,19.2,90,player,Greuther Furth,0.635,410.5,724.9,445.4,818.5,27.21,49.88,19.0
480,19.2,142,player,Greuther Furth,0.621,1752.0,859.4,1784.4,958.0,90.17,62.14,8.9
480,19.2,143,player,Greuther Furth,0.619,341.8,558.4,366.2,627.2,22.88,32.26,33.0
480,19.2,10,player,Greuther Furth,0.574,1634.4,522.6,1662.5,593.6,86.31,29.06,3.5
480,19.2,125,player,Greuther Furth,0.553,1364.6,867.2,1399.9,956.2,72.18,61.99,16.3
480,19.2,118,player,Greuther Furth,0.486,967.6,461.9,992.5,523.3,53.5,22.26,11.3
480,19.2,176,player,Greuther Furth,0.401,838.4,941.7,886.4,1059.9,48.02,70.79,9.5
480,19.2,177,player,Greuther Furth,0.39,760.6,447.0,782.8,509.3,43.14,20.89,4.5
480,19.2,172,player,Greuther Furth,0.387,669.1,333.7,693.9,389.2,38.39,8.89,2.4
480,19.2,153,player,Greuther Furth,0.381,1161.6,996.7,1199.0,1076.0,62.6,72.14,10.2
480,19.2,123,player,VfB Stuttgart,0.368,157.1,996.7,224.8,1080.0,17.26,72.47,0.5
480,19.2,181,player,Greuther Furth,0.365,887.2,943.6,930.0,1057.1,50.14,70.56,0.0
480,19.2,157,player,Greuther Furth,0.352,493.6,439.5,517.3,501.1,29.86,20.08,5.8
480,19.2,179,player,Greuther Furth,0.343,1438.4,370.6,1465.0,414.7,77.31,11.48,7.2
480,19.2,164,player,Greuther Furth,0.34,593.0,405.9,615.6,469.3,34.7,16.94,5.8
480,19.2,180,player,Greuther Furth,0.332,1326.1,375.1,1345.6,422.1,71.44,12.23,14.8
480,19.2,178,player,Greuther Furth,0.327,720.5,440.3,741.9,495.0,41.1,19.48,21.3
480,19.2,174,player,Greuther Furth,0.318,438.3,461.8,461.0,522.0,27.16,22.13,31.6
480,19.2,0,ball,Ball,0.7,744.0,1036.0,759.0,1048.0,42.9,69.29,0.0
481,19.24,90,player,Greuther Furth,0.635,410.9,727.8,446.1,818.9,27.24,49.92,4.3
481,19.24,86,player,Greuther Furth,0.631,458.5,822.6,492.1,920.7,29.79,58.91,6.5
481,19.24,159,player,Greuther Furth,0.619,1204.9,467.9,1226.6,526.4,65.19,22.57,10.2
481,19.24,142,player,Greuther Furth,0.608,1751.0,859.1,1784.1,957.9,90.14,62.14,2.6
481,19.24,143,player,Greuther Furth,0.596,342.0,563.0,366.1,627.2,22.89,32.26,0.6
481,19.24,10,player,Greuther Furth,0.587,1633.5,522.5,1662.3,593.8,86.29,29.08,2.9
481,19.24,125,player,Greuther Furth,0.555,1363.7,867.1,1399.5,956.2,72.15,61.98,2.6
481,19.24,118,player,Greuther Furth,0.511,968.1,462.0,992.4,520.5,53.5,21.99,24.8
481,19.24,179,player,Greuther Furth,0.431,1437.1,366.2,1463.6,415.9,77.24,11.6,12.3
481,19.24,153,player,Greuther Furth,0.43,1161.2,996.9,1199.2,1077.0,62.59,72.22,7.5
481,19.24,172,player,Greuther Furth,0.407,669.0,334.8,693.2,391.0,38.38,9.08,16.7
481,19.24,177,player,Greuther Furth,0.385,760.9,446.7,783.1,508.2,43.15,20.79,9.5
481,19.24,123,player,VfB Stuttgart,0.379,156.6,992.7,226.5,1080.0,17.29,72.47,2.4
481,19.24,176,player,Greuther Furth,0.378,837.9,941.5,885.5,1052.1,47.98,70.14,38.0
481,19.24,180,player,Greuther Furth,0.36,1325.3,375.1,1345.6,421.4,71.42,12.15,7.2
481,19.24,157,player,Greuther Furth,0.354,494.2,438.2,517.9,501.7,29.9,20.15,6.7
481,19.24,164,player,Greuther Furth,0.349,593.0,405.9,614.4,468.4,34.67,16.85,8.5
481,19.24,178,player,Greuther Furth,0.347,719.2,439.9,742.3,495.0,41.07,19.48,1.9
481,19.24,181,player,Greuther Furth,0.335,885.1,939.0,930.2,1052.5,50.09,70.17,35.1
481,19.24,174,player,Greuther Furth,0.326,438.6,464.4,462.9,522.8,27.22,22.21,9.0
481,19.24,0,ball,Ball,0.7,744.0,1036.0,758.0,1049.0,42.87,69.34,0.0
482,19.28,86,player,Greuther Furth,0.636,460.0,822.8,493.3,921.1,29.86,58.95,6.6
482,19.28,125,player,Greuther Furth,0.601,1364.3,866.6,1399.3,956.1,72.16,61.98,0.9
482,19.28,10,player,Greuther Furth,0.6,1633.5,522.7,1661.7,593.3,86.27,29.03,4.2
482,19.28,159,player,Greuther Furth,0.6,1204.1,468.3,1225.3,525.1,65.14,22.43,12.9
482,19.28,90,player,Greuther Furth,0.6,411.3,729.0,446.3,821.0,27.26,50.11,16.9
482,19.28,142,player,Greuther Furth,0.589,1750.3,858.0,1783.9,957.2,90.12,62.07,6.2
482,19.28,143,player,Greuther Furth,0.552,339.4,564.9,366.3,627.7,22.83,32.3,6.7
482,19.28,118,player,Greuther Furth,0.512,968.7,459.3,992.4,520.2,53.52,21.96,3.1
482,19.28,179,player,Greuther Furth,0.451,1438.7,367.0,1462.5,416.1,77.25,11.62,2.5
482,19.28,153,player,Greuther Furth,0.436,1159.8,997.4,1198.8,1076.6,62.55,72.19,4.7
482,19.28,177,player,Greuther Furth,0.387,762.2,446.1,783.3,509.2,43.19,20.88,9.1
482,19.28,123,player,VfB Stuttgart,0.365,158.1,987.1,226.1,1080.0,17.31,72.47,2.2
482,19.28,172,player,Greuther Furth,0.363,669.5,335.0,693.3,390.2,38.39,9.0,6.9
482,19.28,176,player,Greuther Furth,0.358,837.7,940.1,885.7,1052.3,47.98,70.16,1.7
482,19.28,180,player,Greuther Furth,0.357,1326.5,374.4,1345.9,419.1,71.47,11.93,20.5
482,19.28,157,player,Greuther Furth,0.353,494.8,437.7,518.5,501.7,29.93,20.14,2.6
482,19.28,178,player,Greuther Furth,0.339,718.6,438.8,740.9,493.4,41.02,19.33,14.4
482,19.28,174,player,Greuther Furth,0.335,438.8,465.2,464.8,522.1,27.27,22.15,7.3
482,19.28,164,player,Greuther Furth,0.319,592.7,407.0,613.8,468.4,34.65,16.85,2.1
482,19.28,0,ball,Ball,0.7,1208.0,1052.0,1226.0,1070.0,64.31,70.89,0.0
483,19.32,125,player,Greuther Furth,0.603,1363.1,866.5,1398.8,956.6,72.12,62.02,4.9
483,19.32,159,player,Greuther Furth,0.583,1202.2,467.7,1224.5,525.7,65.07,22.5,8.6
483,19.32,118,player,Greuther Furth,0.582,968.8,456.6,991.8,518.9,53.51,21.83,11.3
483,19.32,10,player,Greuther Furth,0.575,1632.2,522.5,1661.0,593.8,86.22,29.08,6.1
483,19.32,86,player,Greuther Furth,0.571,460.3,822.3,496.6,920.8,29.94,58.92,7.6
483,19.32,90,player,Greuther Furth,0.569,412.3,731.4,446.7,822.3,27.3,50.23,11.3
483,19.32,142,player,Greuther Furth,0.568,1749.0,857.9,1783.3,956.6,90.08,62.02,5.9
483,19.32,143,player,Greuther Furth,0.546,335.9,565.5,366.4,626.5,22.74,32.19,13.1
483,19.32,153,player,Greuther Furth,0.403,1158.9,996.7,1197.7,1076.4,62.51,72.17,4.5
483,19.32,179,player,Greuther Furth,0.395,1440.1,366.2,1460.6,414.8,77.24,11.49,11.8
483,19.32,177,player,Greuther Furth,0.374,764.0,445.8,783.5,510.1,43.24,20.97,8.9
483,19.32,123,player,VfB Stuttgart,0.337,160.6,988.3,223.9,1080.0,17.32,72.47,0.8
483,19.32,157,player,Greuther Furth,0.333,496.8,437.7,518.6,501.0,29.98,20.08,7.4
483,19.32,176,player,Greuther Furth,0.327,835.3,940.6,886.6,1065.7,47.95,71.28,38.0
483,19.32,164,player,Greuther Furth,0.323,590.9,405.9,613.3,467.9,34.59,16.81,6.9
483,19.32,172,player,Greuther Furth,0.317,668.7,336.1,692.8,391.2,38.36,9.1,9.0
483,19.32,180,player,Greuther Furth,0.313,1327.4,373.8,1348.9,416.8,71.57,11.69,23.1
483,19.32,178,player,Greuther Furth,0.309,717.5,437.9,739.6,492.3,40.96,19.22,11.6
483,19.32,0,ball,Ball,0.7,1194.0,1050.0,1205.0,1066.0,63.51,70.64,0.0
484,19.36,125,player,Greuther Furth,0.616,1361.8,866.7,1397.9,956.4,72.07,62.0,4.9
484,19.36,143,player,Greuther Furth,0.612,331.2,565.8,366.6,629.5,22.64,32.47,27.2
484,19.36,118,player,Greuther Furth,0.608,969.2,456.7,991.5,516.6,53.51,21.61,20.4
484,19.36,10,player,Greuther Furth,0.597,1629.9,522.6,1660.6,594.7,86.15,29.17,10.3
484,19.36,159,player,Greuther Furth,0.593,1201.0,468.5,1224.2,527.1,65.03,22.63,12.3
484,19.36,90,player,Greuther Furth,0.583,412.6,730.9,447.5,823.1,27.32,50.3,6.7
484,19.36,142,player,Greuther Furth,0.58,1748.4,857.9,1782.5,956.8,90.04,62.04,3.7
484,19.36,86,player,Greuther Furth,0.556,461.0,821.2,501.5,920.7,30.07,58.91,11.8
484,19.36,179,player,Greuther Furth,0.442,1440.7,365.8,1461.3,415.3,77.27,11.54,4.8
484,19.36,180,player,Greuther Furth,0.439,1328.1,373.7,1348.4,418.2,71.57,11.84,12.9
484,19.36,153,player,Greuther Furth,0.41,1158.9,994.8,1196.9,1076.5,62.49,72.18,1.9
484,19.36,177,player,Greuther Furth,0.393,763.9,446.2,783.9,509.5,43.24,20.91,5.0
484,19.36,176,player,Greuther Furth,0.391,832.5,940.1,885.8,1076.2,47.88,72.15,38.0
484,19.36,157,player,Greuther Furth,0.336,497.6,437.1,519.2,501.4,30.01,20.11,4.4
484,19.36,172,player,Greuther Furth,0.309,667.0,336.4,690.7,391.4,38.27,9.12,8.6
484,19.36,123,player,VfB Stuttgart,0.304,159.6,992.5,221.7,1079.8,17.25,72.46,6.9
484,19.36,0,ball,Ball,0.7,508.0,480.0,514.0,485.0,30.08,18.25,0.0
485,19.4,118,player,Greuther Furth,0.627,968.6,456.8,990.8,518.1,53.48,21.76,14.0
485,19.4,143,player,Greuther Furth,0.625,330.3,566.7,364.8,633.3,22.59,32.83,32.6
485,19.4,86,player,Greuther Furth,0.62,461.4,820.3,501.1,925.4,30.08,59.32,36.7
485,19.4,10,player,Greuther Furth,0.617,1629.1,521.7,1659.4,593.9,86.11,29.09,8.0
485,19.4,125,player,Greuther Furth,0.608,1360.6,866.4,1396.1,958.2,72.0,62.16,15.3
485,19.4,142,player,Greuther Furth,0.576,1747.4,858.5,1782.3,957.9,90.01,62.14,9.2
485,19.4,159,player,Greuther Furth,0.575,1197.2,468.1,1223.3,527.6,64.91,22.68,11.4
485,19.4,90,player,Greuther Furth,0.566,413.1,731.0,448.1,823.5,27.35,50.33,3.9
485,19.4,180,player,Greuther Furth,0.45,1328.0,372.1,1344.8,418.2,71.48,11.84,8.5
485,19.4,178,player,Greuther Furth,0.413,716.4,436.8,736.9,498.1,40.88,19.79,26.1
485,19.4,179,player,Greuther Furth,0.404,1440.0,365.2,1461.3,415.1,77.25,11.52,2.0
485,19.4,153,player,Greuther Furth,0.384,1158.4,994.7,1196.4,1075.8,62.47,72.12,5.2
485,19.4,177,player,Greuther Furth,0.383,764.9,446.6,784.0,506.6,43.27,20.63,25.5
485,19.4,157,player,Greuther Furth,0.378,497.5,434.8,519.3,500.6,30.01,20.04,6.3
485,19.4,176,player,Greuther Furth,0.372,832.9,940.5,884.5,1075.6,47.86,72.11,4.6
485,19.4,183,player,Greuther Furth,0.355,717.8,887.4,749.9,930.3,41.92,59.75,0.0
485,19.4,182,player,VfB Stuttgart,0.352,1017.6,347.1,1035.8,390.1,55.88,8.99,0.0
485,19.4,172,player,Greuther Furth,0.312,665.0,335.8,688.9,395.7,38.18,9.55,38.0
485,19.4,0,ball,Ball,0.7,1458.0,1062.0,1472.0,1080.0,75.67,71.72,0.0
486,19.44,118,player,Greuther Furth,0.625,967.9,456.4,990.4,517.8,53.45,21.72,4.1
486,19.44,86,player,Greuther Furth,0.624,463.2,821.3,502.1,923.2,30.14,59.13,17.4
486,19.44,125,player,Greuther Furth,0.612,1360.3,866.1,1396.6,957.7,72.0,62.12,3.3
486,19.44,10,player,Greuther Furth,0.61,1629.6,521.6,1658.7,593.3,86.11,29.03,5.2
486,19.44,142,player,Greuther Furth,0.594,1747.3,858.7,1781.6,956.5,90.0,62.01,11.2
486,19.44,159,player,Greuther Furth,0.577,1196.3,468.4,1222.0,527.8,64.86,22.7,5.4
486,19.44,90,player,Greuther Furth,0.572,413.7,731.3,447.9,824.2,27.37,50.39,6.0
486,19.44,143,player,Greuther Furth,0.556,329.1,567.0,364.1,633.8,22.55,32.88,5.8
486,19.44,178,player,Greuther Furth,0.508,714.0,436.7,736.9,500.5,40.82,20.03,22.1
486,19.44,180,player,Greuther Furth,0.465,1325.5,371.6,1345.2,417.4,71.43,11.75,8.8
486,19.44,157,player,Greuther Furth,0.444,497.7,433.9,520.0,500.5,30.03,20.03,2.1
486,19.44,177,player,Greuther Furth,0.436,766.4,446.5,784.6,505.2,43.32,20.49,13.8
486,19.44,153,player,Greuther Furth,0.394,1158.5,995.1,1195.7,1075.3,62.45,72.08,4.2
486,19.44,176,player,Greuther Furth,0.361,834.0,940.5,882.6,1074.3,47.84,72.0,10.4
486,19.44,179,player,Greuther Furth,0.344,1437.6,364.9,1461.5,413.2,77.2,11.33,18.2
486,19.44,183,player,Greuther Furth,0.334,718.3,888.1,750.8,930.8,41.95,59.79,4.9
486,19.44,182,player,VfB Stuttgart,0.302,1016.9,346.4,1033.9,388.0,55.81,8.77,20.0
486,19.44,0,ball,Ball,0.7,902.0,419.0,914.0,435.0,49.88,12.72,0.0
487,19.48,86,player,Greuther Furth,0.628,464.3,823.1,503.4,926.8,30.21,59.44,28.3
487,19.48,118,player,Greuther Furth,0.605,966.5,456.1,988.5,518.5,53.37,21.79,9.3
487,19.48,10,player,Greuther Furth,0.604,1628.4,521.2,1657.1,593.1,86.04,29.01,6.5
487,19.48,142,player,Greuther Furth,0.599,1745.5,859.1,1780.7,956.0,89.94,61.97,6.7
487,19.48,90,player,Greuther Furth,0.598,413.4,731.8,447.6,823.9,27.35,50.37,2.5
487,19.48,125,player,Greuther Furth,0.593,1360.0,865.7,1395.8,953.3,71.99,61.74,34.4
487,19.48,159,player,Greuther Furth,0.523,1193.8,469.2,1221.4,528.4,64.78,22.76,8.9
487,19.48,143,player,Greuther Furth,0.523,327.9,568.3,362.4,636.9,22.49,33.17,26.9
487,19.48,178,player,Greuther Furth,0.49,712.7,436.7,735.6,498.5,40.75,19.83,19.2
487,19.48,177,player,Greuther Furth,0.467,766.8,446.7,785.5,506.2,43.35,20.59,9.9
487,19.48,157,player,Greuther Furth,0.441,497.8,434.0,519.9,500.1,30.03,19.99,4.1
487,19.48,180,player,Greuther Furth,0.413,1329.3,371.6,1345.4,416.9,71.53,11.7,10.5
487,19.48,176,player,Greuther Furth,0.411,831.7,941.4,881.4,1076.3,47.76,72.16,16.7
487,19.48,153,player,Greuther Furth,0.39,1157.4,995.8,1195.3,1074.6,62.42,72.03,5.6
487,19.48,181,player,Greuther Furth,0.378,876.8,934.8,925.5,1043.1,49.79,69.39,0.0
487,19.48,183,player,Greuther Furth,0.332,719.5,888.4,751.2,930.6,41.99,59.78,3.7
487,19.48,179,player,Greuther Furth,0.317,1436.5,364.9,1464.8,414.5,77.26,11.45,12.4
487,19.48,0,ball,Ball,0.7,1456.0,1062.0,1470.0,1080.0,75.58,71.72,0.0
488,19.52,86,player,Greuther Furth,0.639,464.6,822.5,503.3,927.7,30.22,59.52,7.5
488,19.52,118,player,Greuther Furth,0.615,965.5,456.1,987.0,519.3,53.31,21.87,9.2
488,19.52,10,player,Greuther Furth,0.604,1627.0,521.7,1655.9,593.5,85.97,29.05,6.9
488,19.52,125,player,Greuther Furth,0.587,1358.6,866.5,1393.6,958.4,71.89,62.18,38.0
488,19.52,142,player,Greuther Furth,0.563,1744.4,858.6,1779.1,956.0,89.88,61.97,5.7
488,19.52,90,player,Greuther Furth,0.561,413.3,732.2,446.8,823.8,27.33,50.36,2.4
488,19.52,159,player,Greuther Furth,0.514,1191.3,469.4,1216.9,529.3,64.61,22.85,17.3
488,19.52,181,player,Greuther Furth,0.487,875.8,930.6,924.5,1043.9,49.75,69.46,7.5
488,19.52,176,player,Greuther Furth,0.481,831.5,941.5,880.8,1076.9,47.74,72.22,5.2
488,19.52,177,player,Greuther Furth,0.455,767.2,447.1,785.7,507.0,43.37,20.66,6.6
488,19.52,157,player,Greuther Furth,0.442,497.4,435.0,519.9,500.0,30.02,19.98,1.2
488,19.52,143,player,Greuther Furth,0.437,324.9,570.0,358.6,640.2,22.34,33.49,31.3
488,19.52,185,player,Greuther Furth,0.433,623.9,361.4,642.2,412.9,36.0,11.3,0.0
488,19.52,180,player,Greuther Furth,0.429,1328.5,369.3,1345.5,416.7,71.51,11.68,2.5
488,19.52,178,player,Greuther Furth,0.417,712.5,437.1,734.9,496.4,40.73,19.63,18.2
488,19.52,184,player,Greuther Furth,0.394,895.2,422.7,915.1,470.8,49.76,17.09,0.0
488,19.52,153,player,Greuther Furth,0.368,1157.5,995.8,1194.7,1074.1,62.41,71.99,3.9
488,19.52,139,player,Greuther Furth,0.363,422.6,524.6,449.7,595.9,26.78,29.28,0.0
488,19.52,183,player,Greuther Furth,0.333,720.5,887.4,751.3,930.4,42.01,59.76,2.7
488,19.52,0,ball,Ball,0.7,1455.0,1062.0,1470.0,1080.0,75.55,71.72,0.0
489,19.56,86,player,Greuther Furth,0.643,464.9,822.0,504.5,920.8,30.23,58.92,38.0
489,19.56,118,player,Greuther Furth,0.588,965.3,456.0,986.3,519.3,53.28,21.88,1.9
489,19.56,90,player,Greuther Furth,0.578,412.5,731.9,445.6,824.9,27.28,50.46,9.4
489,19.56,142,player,Greuther Furth,0.572,1744.2,857.7,1778.6,959.4,89.84,62.26,26.7
489,19.56,125,player,Greuther Furth,0.567,1356.7,866.2,1392.6,960.3,71.82,62.34,15.8
489,19.56,10,player,Greuther Furth,0.541,1626.8,520.9,1655.8,593.0,85.97,29.0,4.5
489,19.56,159,player,Greuther Furth,0.488,1190.8,468.3,1216.2,529.0,64.57,22.82,3.5
489,19.56,176,player,Greuther Furth,0.477,828.8,941.2,880.2,1075.0,47.66,72.06,15.7
489,19.56,177,player,Greuther Furth,0.473,767.1,447.8,787.2,509.2,43.41,20.89,20.5
489,19.56,178,player,Greuther Furth,0.429,708.5,437.0,734.8,497.1,40.62,19.7,11.0
489,19.56,180,player,Greuther Furth,0.417,1327.6,369.2,1346.3,416.6,71.51,11.67,1.0
489,19.56,157,player,Greuther Furth,0.416,497.7,436.2,520.5,500.4,30.04,20.02,4.0
489,19.56,185,player,Greuther Furth,0.412,623.0,361.1,641.1,413.0,35.95,11.3,4.6
489,19.56,184,player,Greuther Furth,0.41,894.1,415.1,913.9,470.5,49.7,17.07,5.8
489,19.56,181,player,Greuther Furth,0.379,873.3,932.0,920.9,1043.1,49.6,69.38,14.3
489,19.56,153,player,Greuther Furth,0.373,1156.4,994.6,1194.3,1079.6,62.37,72.44,38.0
489,19.56,183,player,Greuther Furth,0.37,721.8,886.6,753.0,930.7,42.09,59.78,7.0
489,19.56,139,player,Greuther Furth,0.358,422.2,523.5,450.1,595.9,26.78,29.28,0.1
489,19.56,143,player,Greuther Furth,0.324,323.5,569.1,353.3,640.6,22.18,33.53,14.9
489,19.56,0,ball,Ball,0.7,1455.0,1062.0,1469.0,1080.0,75.53,71.72,0.0
490,19.6,86,player,Greuther Furth,0.674,464.7,822.7,505.0,919.9,30.24,58.84,6.5
490,19.6,142,player,Greuther Furth,0.629,1743.3,857.3,1777.0,956.4,89.8,62.0,23.7
490,19.6,90,player,Greuther Furth,0.611,411.6,732.3,445.1,824.3,27.25,50.4,5.7
490,19.6,118,player,Greuther Furth,0.571,965.0,455.7,984.6,516.6,53.24,21.61,24.1
490,19.6,125,player,Greuther Furth,0.557,1356.2,866.4,1391.7,957.3,71.79,62.08,23.1
490,19.6,10,player,Greuther Furth,0.471,1626.2,520.0,1654.9,594.5,85.92,29.14,13.2
490,19.6,176,player,Greuther Furth,0.468,828.5,940.6,878.5,1073.2,47.62,71.91,14.2
490,19.6,177,player,Greuther Furth,0.455,767.2,447.9,786.8,509.1,43.4,20.87,1.2
490,19.6,185,player,Greuther Furth,0.414,622.3,361.0,640.8,413.8,35.93,11.39,8.2
490,19.6,157,player,Greuther Furth,0.405,497.4,436.6,520.9,500.4,30.05,20.01,0.5
490,19.6,180,player,Greuther Furth,0.405,1327.1,370.4,1346.8,416.6,71.51,11.67,0.5
490,19.6,184,player,Greuther Furth,0.405,893.6,416.6,914.0,471.3,49.69,17.15,7.3
490,19.6,183,player,Greuther Furth,0.399,721.9,887.1,754.5,931.3,42.12,59.83,5.3
490,19.6,139,player,Greuther Furth,0.388,421.6,523.0,449.7,595.4,26.75,29.23,5.1
490,19.6,159,player,Greuther Furth,0.379,1188.0,467.8,1214.6,530.4,64.46,22.95,15.5
490,19.6,153,player,Greuther Furth,0.357,1156.1,995.4,1193.3,1076.6,62.34,72.19,22.1
490,19.6,178,player,Greuther Furth,0.339,708.6,437.5,734.0,495.8,40.61,19.57,11.7
490,19.6,186,player,Greuther Furth,0.331,429.9,942.0,474.6,1069.8,29.2,71.63,0.0
490,19.6,181,player,Greuther Furth,0.303,870.4,927.5,917.5,1040.2,49.46,69.14,25.6
490,19.6,0,ball,Ball,0.7,1454.0,1062.0,1469.0,1080.0,75.51,71.72,0.0
491,19.64,86,player,Greuther Furth,0.668,465.3,822.2,505.7,920.5,30.27,58.89,5.0
491,19.64,90,player,Greuther Furth,0.612,411.3,732.8,444.2,825.5,27.22,50.51,9.7
491,19.64,142,player,Greuther Furth,0.593,1742.6,856.9,1775.9,955.3,89.76,61.9,9.4
491,19.64,118,player,Greuther Furth,0.579,964.9,455.9,984.3,517.8,53.23,21.73,10.6
491,19.64,10,player,Greuther Furth,0.554,1624.5,521.3,1653.0,594.6,85.83,29.16,8.0
491,19.64,125,player,Greuther Furth,0.543,1355.1,866.9,1391.2,957.3,71.76,62.08,3.4
491,19.64,176,player,Greuther Furth,0.51,825.6,939.6,876.5,1076.3,47.5,72.17,25.4
491,19.64,159,player,Greuther Furth,0.474,1185.8,466.9,1211.1,528.9,64.32,22.81,18.2
491,19.64,177,player,Greuther Furth,0.468,767.1,448.0,787.0,509.7,43.4,20.93,5.4
491,19.64,143,player,Greuther Furth,0.451,321.2,570.2,346.3,642.3,21.96,33.68,12.1
491,19.64,183,player,Greuther Furth,0.443,722.3,887.0,755.9,930.4,42.16,59.76,7.5
491,19.64,157,player,Greuther Furth,0.411,497.5,436.6,520.7,500.0,30.04,19.98,3.3
491,19.64,184,player,Greuther Furth,0.407,891.7,417.6,911.9,472.3,49.59,17.24,12.5
491,19.64,180,player,Greuther Furth,0.373,1326.8,372.4,1347.1,416.4,71.51,11.65,1.8
491,19.64,186,player,Greuther Furth,0.367,429.9,946.9,473.3,1069.8,29.17,71.62,2.8
491,19.64,139,player,Greuther Furth,0.364,421.1,522.5,448.9,598.5,26.73,29.53,26.2
491,19.64,178,player,Greuther Furth,0.357,706.1,434.1,731.9,494.0,40.49,19.39,19.1
491,19.64,181,player,Greuther Furth,0.333,867.4,922.4,916.3,1042.9,49.36,69.37,22.1
491,19.64,153,player,Greuther Furth,0.328,1155.3,996.3,1193.2,1078.9,62.32,72.38,16.9
491,19.64,185,player,Greuther Furth,0.324,619.6,360.4,640.0,412.4,35.84,11.25,15.5
491,19.64,0,ball,Ball,0.7,1453.0,1062.0,1468.0,1080.0,75.46,71.72,0.0
492,19.68,86,player,Greuther Furth,0.658,465.9,824.5,507.1,921.4,30.32,58.97,8.5
492,19.68,90,player,Greuther Furth,0.646,410.9,733.2,444.2,826.1,27.22,50.56,5.0
492,19.68,142,player,Greuther Furth,0.588,1740.9,857.1,1775.4,958.3,89.7,62.16,24.0
492,19.68,125,player,Greuther Furth,0.544,1354.5,866.3,1389.4,961.1,71.69,62.41,30.2
492,19.68,159,player,Greuther Furth,0.529,1185.4,467.2,1209.0,525.5,64.27,22.48,29.8
492,19.68,143,player,Greuther Furth,0.525,320.1,568.9,343.5,642.2,21.87,33.68,8.6
492,19.68,10,player,Greuther Furth,0.521,1624.8,521.8,1650.9,594.8,85.79,29.18,4.6
492,19.68,118,player,Greuther Furth,0.517,965.3,456.0,983.7,515.7,53.22,21.52,18.8
492,19.68,183,player,Greuther Furth,0.475,723.3,886.0,757.4,930.1,42.22,59.73,5.8
492,19.68,176,player,Greuther Furth,0.458,825.2,939.8,876.2,1073.2,47.49,71.91,23.7
492,19.68,177,player,Greuther Furth,0.438,767.0,448.5,787.5,510.0,43.41,20.97,2.9
492,19.68,178,player,Greuther Furth,0.432,705.8,434.2,728.6,492.7,40.39,19.26,14.9
492,19.68,187,player,VfB Stuttgart,0.419,584.0,409.7,602.6,464.8,34.14,16.5,0.0
492,19.68,180,player,Greuther Furth,0.398,1325.9,371.6,1346.4,416.6,71.47,11.67,4.0
492,19.68,157,player,Greuther Furth,0.385,497.3,436.9,520.4,499.6,30.03,19.94,3.8
492,19.68,184,player,Greuther Furth,0.374,889.5,421.5,908.0,471.6,49.43,17.18,15.2
492,19.68,186,player,Greuther Furth,0.372,428.8,947.4,473.3,1069.4,29.15,71.59,3.5
492,19.68,123,player,VfB Stuttgart,0.361,150.3,996.5,215.9,1080.0,16.9,72.47,0.0
492,19.68,139,player,Greuther Furth,0.344,420.3,522.5,448.5,595.2,26.69,29.21,28.7
492,19.68,153,player,Greuther Furth,0.33,1154.8,994.8,1192.6,1067.1,62.31,71.4,38.0
492,19.68,181,player,Greuther Furth,0.305,867.1,921.7,912.9,1038.9,49.27,69.03,31.2
492,19.68,0,ball,Ball,0.7,1471.0,1074.0,1476.0,1080.0,76.04,72.22,0.0
493,19.72,86,player,Greuther Furth,0.668,466.8,825.3,506.7,923.4,30.34,59.14,15.5
493,19.72,90,player,Greuther Furth,0.666,410.1,733.4,442.7,827.0,27.16,50.65,8.7
493,19.72,159,player,Greuther Furth,0.571,1185.4,467.0,1209.1,527.7,64.27,22.69,18.8
493,19.72,143,player,Greuther Furth,0.558,316.5,567.2,339.8,642.0,21.69,33.65,16.4
493,19.72,142,player,Greuther Furth,0.555,1740.2,857.4,1774.5,958.8,89.65,62.21,5.6
493,19.72,118,player,Greuther Furth,0.53,963.8,456.1,983.6,515.7,53.18,21.52,3.8
493,19.72,178,player,Greuther Furth,0.527,704.4,433.2,727.8,493.7,40.34,19.36,10.0
493,19.72,125,player,Greuther Furth,0.508,1353.7,866.5,1387.2,958.1,71.63,62.15,24.2
493,19.72,10,player,Greuther Furth,0.481,1622.4,520.9,1650.4,594.4,85.72,29.14,7.0
493,19.72,183,player,Greuther Furth,0.478,724.7,885.9,757.1,930.1,42.25,59.73,2.4
493,19.72,188,player,Greuther Furth,0.46,655.6,335.3,675.2,388.2,37.58,8.79,0.0
493,19.72,180,player,Greuther Furth,0.428,1324.5,370.4,1345.5,417.0,71.41,11.71,6.5
493,19.72,177,player,Greuther Furth,0.414,766.7,448.6,787.7,508.7,43.41,20.84,11.6
493,19.72,176,player,Greuther Furth,0.4,825.9,938.5,872.6,1061.1,47.41,70.9,38.0
493,19.72,184,player,Greuther Furth,0.391,888.3,419.7,906.9,471.4,49.38,17.15,5.5
493,19.72,157,player,Greuther Furth,0.39,497.1,436.2,519.6,498.8,30.0,19.86,7.2
493,19.72,123,player,VfB Stuttgart,0.377,148.3,995.1,213.4,1080.0,16.8,72.47,9.2
493,19.72,187,player,VfB Stuttgart,0.359,581.8,409.9,601.9,465.4,34.07,16.56,8.6
493,19.72,139,player,Greuther Furth,0.347,420.6,522.2,448.4,596.0,26.7,29.29,7.4
493,19.72,153,player,Greuther Furth,0.331,1154.3,994.5,1191.4,1063.2,62.28,71.07,30.1
493,19.72,0,ball,Ball,0.7,1471.0,1074.0,1475.0,1080.0,76.02,72.22,0.0
494,19.76,86,player,Greuther Furth,0.666,466.4,826.6,506.0,922.5,30.31,59.07,7.3
494,19.76,90,player,Greuther Furth,0.658,410.1,733.6,439.9,827.7,27.1,50.71,7.9
494,19.76,178,player,Greuther Furth,0.619,703.6,433.7,725.6,491.4,40.26,19.13,21.4
494,19.76,159,player,Greuther Furth,0.603,1183.4,467.3,1205.8,530.1,64.13,22.93,24.8
494,19.76,118,player,Greuther Furth,0.543,962.7,456.2,983.7,516.6,53.16,21.61,8.5
494,19.76,143,player,Greuther Furth,0.522,313.8,566.5,335.6,642.4,21.52,33.7,15.3
494,19.76,125,player,Greuther Furth,0.51,1354.0,867.2,1385.9,953.9,71.62,61.79,32.5
494,19.76,142,player,Greuther Furth,0.502,1740.1,857.4,1773.0,957.0,89.63,62.06,14.0
494,19.76,188,player,Greuther Furth,0.493,650.6,334.9,672.4,388.1,37.38,8.78,17.8
494,19.76,10,player,Greuther Furth,0.447,1619.6,521.3,1649.8,594.8,85.63,29.17,8.1
494,19.76,177,player,Greuther Furth,0.437,766.5,448.2,788.6,508.0,43.42,20.77,6.5
494,19.76,183,player,Greuther Furth,0.425,725.2,887.0,758.7,929.8,42.3,59.7,4.8
494,19.76,180,player,Greuther Furth,0.402,1323.4,370.0,1344.2,416.0,71.36,11.61,10.7
494,19.76,184,player,Greuther Furth,0.402,887.6,417.6,906.2,471.3,49.34,17.14,3.3
494,19.76,153,player,Greuther Furth,0.395,1153.1,992.8,1191.2,1064.5,62.24,71.18,10.6
494,19.76,157,player,Greuther Furth,0.377,497.2,436.5,519.4,498.7,30.0,19.85,0.8
494,19.76,176,player,Greuther Furth,0.366,824.3,938.4,869.2,1053.6,47.29,70.27,38.0
494,19.76,139,player,Greuther Furth,0.349,420.2,520.1,448.2,592.5,26.67,28.96,30.2
494,19.76,179,player,Greuther Furth,0.349,1432.7,367.1,1461.2,420.2,77.05,12.04,0.0
494,19.76,123,player,VfB Stuttgart,0.346,152.1,993.0,212.0,1080.0,16.85,72.47,4.7
494,19.76,187,player,VfB Stuttgart,0.316,580.5,408.7,601.8,464.5,34.03,16.46,9.4
494,19.76,0,ball,Ball,0.7,1451.0,1062.0,1466.0,1080.0,75.37,71.72,0.0
495,19.8,86,player,Greuther Furth,0.674,467.4,826.5,506.8,920.7,30.35,58.91,14.7
495,19.8,159,player,Greuther Furth,0.63,1182.0,468.4,1204.2,528.2,64.06,22.74,18.5
495,19.8,90,player,Greuther Furth,0.623,409.6,734.1,439.8,827.3,27.09,50.67,3.7
495,19.8,178,player,Greuther Furth,0.614,701.9,434.6,723.7,491.3,40.17,19.12,8.1
495,19.8,118,player,Greuther Furth,0.549,961.7,454.8,983.2,515.4,53.12,21.49,11.6
495,19.8,125,player,Greuther Furth,0.549,1352.6,867.3,1385.1,951.3,71.57,61.57,20.2
495,19.8,143,player,Greuther Furth,0.521,309.3,565.7,333.7,641.4,21.36,33.6,16.9
495,19.8,188,player,Greuther Furth,0.486,648.6,336.3,671.8,390.1,37.32,8.99,19.8
495,19.8,153,player,Greuther Furth,0.459,1153.0,993.0,1192.0,1068.2,62.25,71.49,28.1
495,19.8,142,player,Greuther Furth,0.456,1738.2,856.1,1772.4,956.6,89.57,62.02,6.1
495,19.8,177,player,Greuther Furth,0.411,766.0,448.1,787.9,508.4,43.39,20.81,4.5
495,19.8,183,player,Greuther Furth,0.409,726.8,887.1,759.3,930.3,42.35,59.74,6.3
495,19.8,10,player,Greuther Furth,0.404,1617.4,520.9,1645.0,592.4,85.47,28.94,25.1
495,19.8,123,player,VfB Stuttgart,0.386,146.2,992.5,211.9,1080.0,16.72,72.47,12.2
495,19.8,157,player,Greuther Furth,0.374,496.9,435.9,519.2,497.5,29.98,19.73,11.3
495,19.8,179,player,Greuther Furth,0.37,1434.1,366.8,1459.8,419.8,77.05,11.99,4.0
495,19.8,184,player,Greuther Furth,0.347,886.1,416.3,905.5,470.2,49.29,17.03,11.5
495,19.8,176,player,Greuther Furth,0.343,823.8,939.0,867.2,1030.3,47.22,68.31,38.0
495,19.8,180,player,Greuther Furth,0.34,1321.3,370.3,1342.7,414.1,71.27,11.41,18.8
495,19.8,0,ball,Ball,0.7,1451.0,1062.0,1465.0,1080.0,75.35,71.72,0.0
496,19.84,86,player,Greuther Furth,0.674,468.3,826.3,507.1,918.4,30.37,58.71,18.0
496,19.84,159,player,Greuther Furth,0.659,1179.7,467.4,1201.6,527.1,63.94,22.63,14.1
496,19.84,90,player,Greuther Furth,0.591,408.8,734.2,438.7,826.1,27.04,50.56,10.7
496,19.84,125,player,Greuther Furth,0.576,1350.6,867.2,1384.2,946.9,71.52,61.18,34.8
496,19.84,178,player,Greuther Furth,0.569,699.9,433.7,721.4,491.4,40.06,19.13,9.6
496,19.84,10,player,Greuther Furth,0.557,1616.4,521.2,1641.7,592.5,85.37,28.96,9.6
496,19.84,143,player,Greuther Furth,0.499,303.7,564.7,331.6,642.7,21.18,33.72,19.7
496,19.84,118,player,Greuther Furth,0.496,961.5,454.6,982.9,512.8,53.11,21.24,22.7
496,19.84,153,player,Greuther Furth,0.48,1153.4,993.8,1192.4,1075.2,62.26,72.08,38.0
496,19.84,142,player,Greuther Furth,0.454,1737.3,857.0,1770.1,955.6,89.5,61.94,9.8
496,19.84,183,player,Greuther Furth,0.43,730.5,885.6,757.8,928.9,42.4,59.63,11.6
496,19.84,176,player,Greuther Furth,0.387,816.9,935.6,868.2,1069.2,47.11,71.57,38.0
496,19.84,177,player,Greuther Furth,0.383,765.6,447.8,787.2,509.0,43.37,20.87,5.9
496,19.84,157,player,Greuther Furth,0.375,496.9,435.4,518.8,497.7,29.97,19.75,2.3
496,19.84,184,player,Greuther Furth,0.368,883.1,419.7,904.7,470.4,49.19,17.05,8.6
496,19.84,179,player,Greuther Furth,0.354,1435.0,365.5,1458.3,418.8,77.04,11.89,9.0
496,19.84,123,player,VfB Stuttgart,0.348,145.6,989.0,211.1,1080.0,16.69,72.47,2.9
496,19.84,181,player,Greuther Furth,0.343,862.1,921.7,898.5,1017.4,48.82,67.22,38.0
496,19.84,188,player,Greuther Furth,0.335,645.9,336.1,671.8,392.4,37.26,9.22,21.3
496,19.84,0,ball,Ball,0.7,1450.0,1062.0,1464.0,1080.0,75.3,71.72,0.0
497,19.88,86,player,Greuther Furth,0.655,468.8,826.3,506.2,918.6,30.35,58.73,2.0
497,19.88,10,player,Greuther Furth,0.619,1615.3,522.1,1639.4,592.4,85.28,28.94,7.6
497,19.88,159,player,Greuther Furth,0.596,1177.6,467.3,1199.6,526.0,63.84,22.53,13.3
497,19.88,90,player,Greuther Furth,0.584,406.6,734.2,437.5,825.1,26.95,50.48,10.6
497,19.88,178,player,Greuther Furth,0.519,698.3,432.7,719.7,490.6,39.98,19.05,10.3
497,19.88,118,player,Greuther Furth,0.488,960.1,452.8,982.4,513.0,53.06,21.26,4.6
497,19.88,125,player,Greuther Furth,0.482,1347.1,867.3,1383.5,949.3,71.41,61.4,21.2
497,19.88,183,player,Greuther Furth,0.464,727.6,885.8,762.7,932.2,42.45,59.91,26.3
497,19.88,142,player,Greuther Furth,0.438,1735.9,855.7,1768.7,957.1,89.43,62.06,12.9
497,19.88,153,player,Greuther Furth,0.426,1150.3,993.0,1191.2,1067.9,62.17,71.46,38.0
497,19.88,143,player,Greuther Furth,0.394,302.2,564.7,329.4,643.6,21.09,33.81,11.2
497,19.88,179,player,Greuther Furth,0.364,1437.4,365.4,1458.3,419.1,77.1,11.92,5.9
497,19.88,176,player,Greuther Furth,0.36,817.2,935.0,867.2,1072.5,47.1,71.85,24.7
497,19.88,184,player,Greuther Furth,0.359,881.1,418.6,903.0,470.2,49.1,17.04,8.5
497,19.88,177,player,Greuther Furth,0.353,765.1,447.7,786.4,507.9,43.33,20.75,10.5
497,19.88,157,player,Greuther Furth,0.344,496.1,434.6,518.4,496.9,29.94,19.67,8.1
497,19.88,188,player,Greuther Furth,0.34,643.3,336.4,671.6,397.4,37.19,9.73,38.0
497,19.88,187,player,VfB Stuttgart,0.325,577.7,408.2,598.9,463.1,33.88,16.33,5.9
497,19.88,0,ball,Ball,0.7,1449.0,1062.0,1463.0,1080.0,75.25,71.72,0.0
498,19.92,86,player,Greuther Furth,0.668,469.2,826.3,506.0,917.6,30.36,58.64,8.1
498,19.92,159,player,Greuther Furth,0.609,1174.7,468.7,1198.2,525.2,63.74,22.44,12.1
498,19.92,90,player,Greuther Furth,0.609,405.6,733.3,437.1,826.0,26.92,50.56,7.7
498,19.92,10,player,Greuther Furth,0.602,1612.9,521.1,1638.0,592.9,85.19,28.99,9.6
498,19.92,178,player,Greuther Furth,0.518,697.0,431.7,718.7,492.3,39.93,19.23,16.6
498,19.92,125,player,Greuther Furth,0.497,1345.5,868.0,1380.7,957.9,71.29,62.14,38.0
498,19.92,142,player,Greuther Furth,0.496,1734.6,855.6,1768.2,955.7,89.39,61.95,10.9
498,19.92,153,player,Greuther Furth,0.483,1149.6,993.4,1188.5,1066.8,62.1,71.37,11.0
498,19.92,183,player,Greuther Furth,0.454,729.0,884.6,761.1,932.2,42.45,59.91,0.7
498,19.92,118,player,Greuther Furth,0.445,958.5,451.4,982.1,512.9,53.01,21.25,4.3
498,19.92,187,player,VfB Stuttgart,0.359,576.3,407.9,598.2,463.7,33.83,16.39,6.9
498,19.92,177,player,Greuther Furth,0.354,764.1,448.3,785.4,508.5,43.29,20.81,6.7
498,19.92,184,player,Greuther Furth,0.345,879.5,416.4,903.3,469.0,49.07,16.91,11.6
498,19.92,157,player,Greuther Furth,0.318,497.2,437.5,516.8,493.3,29.92,19.32,31.5
498,19.92,139,player,Greuther Furth,0.304,419.0,519.2,446.3,588.5,26.58,28.57,8.9
498,19.92,0,ball,Ball,0.7,1448.0,1062.0,1463.0,1080.0,75.23,71.72,0.0
499,19.96,86,player,Greuther Furth,0.681,469.2,825.9,505.9,917.8,30.36,58.66,2.0
499,19.96,10,player,Greuther Furth,0.672,1610.0,520.0,1635.0,593.6,85.04,29.06,14.7
499,19.96,90,player,Greuther Furth,0.661,403.7,733.7,436.6,825.7,26.86,50.53,5.7
499,19.96,159,player,Greuther Furth,0.63,1172.3,468.5,1196.2,525.6,63.63,22.49,10.6
499,19.96,125,player,Greuther Furth,0.547,1344.5,867.7,1378.4,957.3,71.21,62.08,8.3
499,19.96,118,player,Greuther Furth,0.513,957.4,450.4,981.5,513.1,52.97,21.26,4.0
499,19.96,178,player,Greuther Furth,0.509,694.6,433.0,718.4,492.1,39.86,19.2,6.4
499,19.96,153,player,Greuther Furth,0.495,1149.0,994.4,1186.5,1067.4,62.04,71.43,7.5
499,19.96,142,player,Greuther Furth,0.474,1733.5,855.7,1767.1,953.9,89.35,61.78,14.9
499,19.96,183,player,Greuther Furth,0.429,729.8,884.5,764.0,934.5,42.54,60.11,19.6
499,19.96,143,player,Greuther Furth,0.418,297.2,564.5,327.7,643.1,20.93,33.76,7.8
499,19.96,177,player,Greuther Furth,0.405,762.7,448.7,786.0,509.0,43.27,20.86,4.9
499,19.96,187,player,VfB Stuttgart,0.381,575.3,408.0,596.8,464.8,33.78,16.49,10.8
499,19.96,139,player,Greuther Furth,0.369,418.3,519.3,446.5,588.2,26.56,28.54,3.0
499,19.96,179,player,Greuther Furth,0.369,1438.2,367.7,1459.6,419.2,77.15,11.93,2.4
499,19.96,157,player,Greuther Furth,0.361,494.3,434.5,518.1,496.8,29.89,19.67,30.9
499,19.96,184,player,Greuther Furth,0.316,878.6,417.1,903.6,470.6,49.05,17.08,14.8
499,19.96,0,ball,Ball,0.7,1448.0,1062.0,1462.0,1080.0,75.21,71.72,0.0
