frame_idx,timestamp_sec,track_id,entity_type,team,confidence,bbox_x1,bbox_y1,bbox_x2,bbox_y2,pitch_x_m,pitch_y_m,speed_kmh
0,0.0,0,ball,Ball,0.7,746.0,572.0,755.0,579.0,42.18,27.32,0.0
1,0.04,0,ball,Ball,0.7,747.0,569.0,756.0,578.0,42.23,27.13,0.0
2,0.08,0,ball,Ball,0.7,749.0,567.0,758.0,578.0,42.33,27.04,0.0
3,0.12,0,ball,Ball,0.7,751.0,568.0,759.0,578.0,42.4,27.08,0.0
4,0.16,0,ball,Ball,0.7,752.0,569.0,761.0,578.0,42.47,27.13,0.0
5,0.2,0,ball,Ball,0.7,374.0,272.0,386.0,280.0,22.61,-2.83,0.0
6,0.24,0,ball,Ball,0.7,55.0,174.0,64.0,181.0,5.37,-13.36,0.0
7,0.28,0,ball,Ball,0.7,1201.0,538.0,1210.0,550.0,64.65,24.28,0.0
8,0.32,0,ball,Ball,0.7,1546.0,624.0,1555.0,630.0,81.36,32.24,0.0
9,0.36,0,ball,Ball,0.7,275.0,236.0,288.0,247.0,17.34,-6.48,0.0
10,0.4,0,ball,Ball,0.7,380.0,268.0,392.0,278.0,22.9,-3.14,0.0
11,0.44,0,ball,Ball,0.7,283.0,237.0,292.0,245.0,17.65,-6.53,0.0
12,0.48,0,ball,Ball,0.7,432.0,224.0,442.0,232.0,25.34,-7.92,0.0
13,0.52,0,ball,Ball,0.7,697.0,221.0,705.0,228.0,39.04,-8.29,0.0
14,0.56,0,ball,Ball,0.7,134.0,264.0,142.0,272.0,10.08,-3.67,0.0
15,0.6,0,ball,Ball,0.7,134.0,264.0,143.0,270.0,10.1,-3.77,0.0
16,0.64,0,ball,Ball,0.7,1195.0,516.0,1203.0,524.0,64.37,21.94,0.0
17,0.68,0,ball,Ball,0.7,1049.0,880.0,1057.0,886.0,56.88,55.61,0.0
18,0.72,0,ball,Ball,0.7,948.0,214.0,955.0,219.0,52.06,-9.15,0.0
19,0.76,0,ball,Ball,0.7,949.0,213.0,956.0,219.0,52.11,-9.21,0.0
20,0.8,0,ball,Ball,0.7,1192.0,522.0,1200.0,531.0,64.21,22.58,0.0
21,0.84,0,ball,Ball,0.7,951.0,213.0,958.0,218.0,52.21,-9.26,0.0
22,0.88,0,ball,Ball,0.7,9.0,327.0,16.0,336.0,4.08,2.97,0.0
23,0.92,0,ball,Ball,0.7,9.0,328.0,17.0,336.0,4.11,3.02,0.0
24,0.96,0,ball,Ball,0.7,10.0,326.0,16.0,335.0,4.1,2.87,0.0
25,1.0,0,ball,Ball,0.7,292.0,224.0,302.0,235.0,18.08,-7.76,0.0
26,1.04,0,ball,Ball,0.7,292.0,224.0,300.0,233.0,18.02,-7.87,0.0
27,1.08,0,ball,Ball,0.7,290.0,223.0,298.0,233.0,17.92,-7.92,0.0
28,1.12,0,ball,Ball,0.7,288.0,222.0,297.0,234.0,17.84,-7.92,0.0
29,1.16,0,ball,Ball,0.7,288.0,220.0,297.0,231.0,17.83,-8.19,0.0
30,1.2,0,ball,Ball,0.7,286.0,218.0,295.0,231.0,17.72,-8.29,0.0
31,1.24,0,ball,Ball,0.7,287.0,218.0,296.0,231.0,17.77,-8.29,0.0
32,1.28,0,ball,Ball,0.7,319.0,269.0,324.0,275.0,19.57,-3.25,0.0
33,1.32,0,ball,Ball,0.7,285.0,216.0,294.0,226.0,17.65,-8.67,0.0
34,1.36,0,ball,Ball,0.7,286.0,214.0,293.0,224.0,17.63,-8.88,0.0
35,1.4,0,ball,Ball,0.7,283.0,214.0,292.0,223.0,17.53,-8.94,0.0
36,1.44,0,ball,Ball,0.7,280.0,213.0,295.0,228.0,17.54,-8.72,0.0
37,1.48,0,ball,Ball,0.7,280.0,211.0,295.0,229.0,17.54,-8.78,0.0
38,1.52,0,ball,Ball,0.7,278.0,211.0,293.0,226.0,17.42,-8.94,0.0
39,1.56,0,ball,Ball,0.7,278.0,209.0,293.0,225.0,17.42,-9.1,0.0
40,1.6,0,ball,Ball,0.7,715.0,198.0,722.0,206.0,39.91,-10.71,0.0
41,1.64,0,ball,Ball,0.7,274.0,208.0,290.0,225.0,17.23,-9.15,0.0
42,1.68,0,ball,Ball,0.7,279.0,182.0,288.0,191.0,17.14,-12.39,0.0
43,1.72,0,ball,Ball,0.7,277.0,180.0,286.0,189.0,17.03,-12.6,0.0
44,1.76,0,ball,Ball,0.7,277.0,180.0,284.0,187.0,16.97,-12.71,0.0
45,1.8,0,ball,Ball,0.7,273.0,178.0,282.0,185.0,16.8,-12.93,0.0
46,1.84,0,ball,Ball,0.7,272.0,178.0,278.0,183.0,16.66,-13.04,0.0
47,1.88,0,ball,Ball,0.7,268.0,175.0,276.0,183.0,16.5,-13.2,0.0
48,1.92,0,ball,Ball,0.7,258.0,199.0,272.0,212.0,16.28,-10.33,0.0
49,1.96,0,ball,Ball,0.7,254.0,198.0,269.0,210.0,16.09,-10.5,0.0
50,2.0,0,ball,Ball,0.7,253.0,198.0,266.0,208.0,15.98,-10.6,0.0
51,2.04,0,ball,Ball,0.7,248.0,195.0,263.0,208.0,15.77,-10.77,0.0
52,2.08,1,player,Borussia Mgladbach,0.373,1599.0,688.0,1629.2,760.3,83.86,44.62,0.0
52,2.08,0,ball,Ball,0.7,246.0,195.0,260.0,206.0,15.63,-10.87,0.0
53,2.12,0,ball,Ball,0.7,242.0,191.0,257.0,206.0,15.44,-11.09,0.0
54,2.16,1,player,Borussia Mgladbach,0.345,1597.0,686.6,1629.6,764.9,83.8,45.05,19.3
54,2.16,0,ball,Ball,0.7,239.0,191.0,254.0,205.0,15.28,-11.14,0.0
55,2.2,0,ball,Ball,0.7,236.0,190.0,251.0,204.0,15.11,-11.25,0.0
56,2.24,0,ball,Ball,0.7,234.0,189.0,248.0,202.0,14.97,-11.41,0.0
57,2.28,0,ball,Ball,0.7,232.0,186.0,245.0,202.0,14.84,-11.57,0.0
58,2.32,0,ball,Ball,0.7,228.0,185.0,244.0,200.0,14.7,-11.74,0.0
59,2.36,0,ball,Ball,0.7,226.0,183.0,242.0,201.0,14.59,-11.79,0.0
60,2.4,0,ball,Ball,0.7,234.0,208.0,241.0,213.0,14.88,-9.8,0.0
61,2.44,2,player,Borussia Mgladbach,0.372,505.1,432.7,532.3,471.6,30.43,17.17,0.0
61,2.44,0,ball,Ball,0.7,231.0,206.0,241.0,215.0,14.8,-9.8,0.0
62,2.48,0,ball,Ball,0.7,222.0,184.0,231.0,194.0,14.18,-12.12,0.0
63,2.52,0,ball,Ball,0.7,220.0,183.0,228.0,193.0,14.04,-12.22,0.0
64,2.56,0,ball,Ball,0.7,215.0,183.0,223.0,191.0,13.77,-12.33,0.0
65,2.6,3,player,Borussia Mgladbach,0.409,1581.9,677.1,1611.3,743.6,83.09,43.1,0.0
65,2.6,0,ball,Ball,0.7,212.0,181.0,220.0,190.0,13.61,-12.49,0.0
66,2.64,4,player,Borussia Mgladbach,0.382,721.4,739.3,750.0,813.0,41.83,49.39,0.0
66,2.64,0,ball,Ball,0.7,208.0,181.0,216.0,190.0,13.4,-12.49,0.0
67,2.68,4,player,Borussia Mgladbach,0.365,720.2,740.5,748.3,812.0,41.76,49.3,10.2
67,2.68,0,ball,Ball,0.7,205.0,180.0,213.0,188.0,13.23,-12.66,0.0
68,2.72,4,player,Borussia Mgladbach,0.335,717.9,742.2,747.6,813.5,41.69,49.44,13.8
68,2.72,0,ball,Ball,0.7,202.0,177.0,211.0,187.0,13.09,-12.87,0.0
69,2.76,0,ball,Ball,0.7,198.0,177.0,207.0,186.0,12.88,-12.93,0.0
70,2.8,5,player,Borussia Mgladbach,0.335,1198.3,559.9,1221.9,616.2,64.74,31.22,0.0
70,2.8,0,ball,Ball,0.7,196.0,176.0,204.0,184.0,12.74,-13.09,0.0
71,2.84,0,ball,Ball,0.7,192.0,176.0,200.0,183.0,12.53,-13.15,0.0
72,2.88,0,ball,Ball,0.7,182.0,164.0,196.0,182.0,12.12,-13.85,0.0
73,2.92,4,player,Borussia Mgladbach,0.341,712.5,744.8,743.4,822.6,41.47,50.25,15.1
73,2.92,0,ball,Ball,0.7,1083.0,922.0,1100.0,938.0,58.65,59.72,0.0
74,2.96,4,player,Borussia Mgladbach,0.383,711.7,744.8,740.8,822.6,41.39,50.26,7.3
74,2.96,0,ball,Ball,0.7,176.0,161.0,190.0,178.0,11.78,-14.23,0.0
75,3.0,4,player,Borussia Mgladbach,0.363,710.7,745.0,738.8,824.2,41.33,50.39,13.7
75,3.0,0,ball,Ball,0.7,1084.0,924.0,1102.0,940.0,58.72,59.89,0.0
76,3.04,4,player,Borussia Mgladbach,0.414,710.2,746.2,738.4,824.2,41.31,50.4,2.0
76,3.04,0,ball,Ball,0.7,352.0,143.0,369.0,156.0,20.98,-16.42,0.0
77,3.08,4,player,Borussia Mgladbach,0.434,710.3,747.8,738.2,824.3,41.3,50.41,0.9
77,3.08,0,ball,Ball,0.7,1084.0,926.0,1102.0,940.0,58.72,59.98,0.0
78,3.12,4,player,Borussia Mgladbach,0.481,709.1,749.7,737.5,828.2,41.27,50.75,31.5
78,3.12,0,ball,Ball,0.7,348.0,140.0,365.0,153.0,20.76,-16.75,0.0
79,3.16,4,player,Borussia Mgladbach,0.479,708.3,751.0,736.4,829.2,41.22,50.85,9.1
79,3.16,0,ball,Ball,0.7,344.0,139.0,362.0,152.0,20.57,-16.86,0.0
80,3.2,4,player,Borussia Mgladbach,0.482,707.6,753.6,736.1,830.9,41.2,51.0,13.9
80,3.2,0,ball,Ball,0.7,157.0,153.0,171.0,170.0,10.73,-15.11,0.0
81,3.24,4,player,Borussia Mgladbach,0.428,707.1,755.5,735.7,834.7,41.18,51.33,30.0
81,3.24,6,player,Borussia Mgladbach,0.393,1203.6,569.1,1230.4,631.6,65.05,32.67,0.0
81,3.24,0,ball,Ball,0.7,49.0,79.0,54.0,86.0,4.23,-23.84,0.0
82,3.28,4,player,Borussia Mgladbach,0.445,706.4,755.9,735.5,835.0,41.16,51.36,3.2
82,3.28,6,player,Borussia Mgladbach,0.306,1202.1,568.6,1229.9,630.8,65.0,32.6,7.8
82,3.28,0,ball,Ball,0.7,338.0,136.0,356.0,148.0,20.24,-17.24,0.0
83,3.32,4,player,Borussia Mgladbach,0.494,705.4,755.5,735.5,836.0,41.14,51.45,8.5
83,3.32,7,player,Borussia Mgladbach,0.379,1263.1,691.8,1289.4,764.7,67.65,45.03,0.0
83,3.32,0,ball,Ball,0.7,336.0,135.0,354.0,147.0,20.13,-17.35,0.0
84,3.36,7,player,Borussia Mgladbach,0.42,1257.6,693.2,1291.1,766.3,67.56,45.17,15.4
84,3.36,8,player,Borussia Mgladbach,0.401,1196.5,737.1,1220.7,812.8,64.33,49.38,0.0
84,3.36,4,player,Borussia Mgladbach,0.385,705.5,757.6,734.6,834.3,41.12,51.3,14.2
84,3.36,0,ball,Ball,0.7,1373.0,468.0,1384.0,478.0,73.43,17.31,0.0
85,3.4,7,player,Borussia Mgladbach,0.44,1254.0,696.5,1292.5,767.5,67.5,45.28,11.1
85,3.4,4,player,Borussia Mgladbach,0.414,704.9,757.6,735.1,835.5,41.12,51.41,10.0
85,3.4,8,player,Borussia Mgladbach,0.355,1194.4,738.3,1221.5,817.1,64.29,49.76,34.6
85,3.4,0,ball,Ball,0.7,334.0,131.0,350.0,144.0,19.95,-17.74,0.0
86,3.44,4,player,Borussia Mgladbach,0.484,704.9,757.9,733.9,836.7,41.09,51.51,9.7
86,3.44,9,player,Borussia Mgladbach,0.437,1714.0,727.5,1759.5,794.3,89.55,47.71,0.0
86,3.44,8,player,Borussia Mgladbach,0.434,1196.3,739.4,1224.3,818.2,64.4,49.85,13.2
86,3.44,7,player,Borussia Mgladbach,0.42,1258.0,697.3,1292.6,767.5,67.6,45.28,8.9
86,3.44,10,player,Borussia Mgladbach,0.407,855.8,532.6,881.6,591.0,48.01,28.81,0.0
86,3.44,0,ball,Ball,0.7,330.0,128.0,347.0,142.0,19.75,-18.01,0.0
87,3.48,9,player,Borussia Mgladbach,0.449,1715.6,727.3,1763.4,800.4,89.65,48.26,38.0
87,3.48,10,player,Borussia Mgladbach,0.448,854.7,531.1,881.1,591.6,47.97,28.87,6.8
87,3.48,8,player,Borussia Mgladbach,0.442,1196.8,741.3,1225.0,819.5,64.42,49.97,10.9
87,3.48,7,player,Borussia Mgladbach,0.434,1254.8,696.6,1295.0,768.3,67.58,45.35,7.1
87,3.48,4,player,Borussia Mgladbach,0.396,703.1,759.7,732.9,836.7,41.03,51.51,6.1
87,3.48,0,ball,Ball,0.7,164.0,198.0,185.0,212.0,11.57,-10.39,0.0
88,3.52,8,player,Borussia Mgladbach,0.556,1196.5,740.8,1227.3,819.7,64.47,49.99,4.6
88,3.52,9,player,Borussia Mgladbach,0.499,1721.0,727.9,1768.6,799.8,89.91,48.2,23.7
88,3.52,7,player,Borussia Mgladbach,0.453,1254.9,698.5,1295.3,770.0,67.58,45.5,13.5
88,3.52,10,player,Borussia Mgladbach,0.452,854.5,533.0,880.7,592.1,47.96,28.92,4.6
88,3.52,11,player,Borussia Mgladbach,0.45,778.1,691.7,808.8,758.7,44.52,44.48,0.0
88,3.52,4,player,Borussia Mgladbach,0.428,701.4,760.0,732.4,836.0,40.97,51.45,7.4
88,3.52,0,ball,Ball,0.7,75.0,226.0,81.0,231.0,6.71,-7.87,0.0
89,3.56,8,player,Borussia Mgladbach,0.597,1197.3,740.8,1229.2,824.3,64.53,50.4,37.3
89,3.56,10,player,Borussia Mgladbach,0.448,854.6,532.1,880.1,591.6,47.95,28.87,4.4
89,3.56,4,player,Borussia Mgladbach,0.446,700.3,761.5,732.1,837.4,40.94,51.58,11.7
89,3.56,7,player,Borussia Mgladbach,0.445,1253.8,696.9,1292.1,771.6,67.48,45.65,16.3
89,3.56,11,player,Borussia Mgladbach,0.419,775.1,690.8,800.4,759.7,44.24,44.57,25.9
89,3.56,9,player,Borussia Mgladbach,0.347,1729.4,729.5,1771.8,804.2,90.16,48.6,38.0
89,3.56,0,ball,Ball,0.7,1479.0,678.0,1493.0,695.0,77.99,37.83,0.0
90,3.6,8,player,Borussia Mgladbach,0.561,1198.3,742.8,1227.0,827.3,64.5,50.67,24.5
90,3.6,11,player,Borussia Mgladbach,0.507,773.5,692.0,800.0,759.1,44.19,44.52,6.8
90,3.6,7,player,Borussia Mgladbach,0.498,1253.1,697.9,1289.2,773.0,67.39,45.78,14.0
90,3.6,10,player,Borussia Mgladbach,0.445,853.1,532.4,879.8,593.7,47.91,29.07,18.5
90,3.6,9,player,Borussia Mgladbach,0.415,1737.7,728.4,1775.8,808.4,90.43,48.98,38.0
90,3.6,4,player,Borussia Mgladbach,0.401,698.1,761.9,730.5,837.1,40.85,51.55,8.4
90,3.6,13,player,Borussia Mgladbach,0.391,1043.6,818.6,1085.1,903.6,57.4,57.42,0.0
90,3.6,12,player,VfL Wolfsburg,0.374,1471.6,672.6,1504.7,739.5,77.89,42.73,0.0
90,3.6,0,ball,Ball,0.7,942.0,625.0,958.0,637.0,52.01,32.62,0.0
91,3.64,11,player,Borussia Mgladbach,0.58,767.6,691.1,798.0,761.0,44.01,44.69,23.2
91,3.64,8,player,Borussia Mgladbach,0.558,1200.2,743.2,1229.0,825.4,64.59,50.5,17.6
91,3.64,4,player,Borussia Mgladbach,0.526,697.5,763.4,729.7,840.2,40.82,51.83,25.1
91,3.64,13,player,Borussia Mgladbach,0.483,1044.6,818.5,1085.8,902.7,57.44,57.34,8.1
91,3.64,7,player,Borussia Mgladbach,0.465,1256.4,697.9,1282.3,772.9,67.3,45.77,7.6
91,3.64,9,player,Borussia Mgladbach,0.456,1739.5,731.0,1782.1,799.8,90.67,48.21,38.0
91,3.64,10,player,Borussia Mgladbach,0.441,852.7,531.5,880.0,594.0,47.9,29.1,2.3
91,3.64,14,player,Borussia Mgladbach,0.407,1593.4,660.7,1618.0,727.3,83.6,41.6,0.0
91,3.64,0,ball,Ball,0.7,942.0,625.0,957.0,638.0,51.99,32.67,0.0
92,3.68,4,player,Borussia Mgladbach,0.592,695.7,765.2,729.2,839.6,40.77,51.77,7.0
92,3.68,11,player,Borussia Mgladbach,0.576,764.0,691.7,794.5,761.1,43.84,44.7,15.4
92,3.68,8,player,Borussia Mgladbach,0.552,1201.2,745.0,1230.9,828.9,64.65,50.81,28.7
92,3.68,7,player,Borussia Mgladbach,0.451,1257.1,697.7,1280.7,773.8,67.28,45.85,7.7
92,3.68,9,player,Borussia Mgladbach,0.427,1743.6,730.7,1784.5,804.4,90.8,48.62,38.0
92,3.68,13,player,Borussia Mgladbach,0.411,1044.5,818.4,1086.2,904.1,57.45,57.46,11.1
92,3.68,10,player,Borussia Mgladbach,0.41,852.1,532.2,879.5,594.6,47.87,29.16,6.0
92,3.68,14,player,Borussia Mgladbach,0.33,1594.1,661.2,1619.5,726.5,83.66,41.53,8.5
92,3.68,0,ball,Ball,0.7,1100.0,949.0,1116.0,960.0,59.4,61.84,0.0
93,3.72,4,player,Borussia Mgladbach,0.52,695.0,767.2,727.4,841.4,40.71,51.93,15.4
93,3.72,7,player,Borussia Mgladbach,0.468,1257.2,700.0,1279.2,777.0,67.24,46.14,25.9
93,3.72,10,player,Borussia Mgladbach,0.43,849.6,531.4,877.5,594.9,47.76,29.18,10.1
93,3.72,13,player,Borussia Mgladbach,0.418,1049.4,820.0,1086.1,902.0,57.56,57.28,19.4
93,3.72,8,player,Borussia Mgladbach,0.411,1202.5,746.6,1233.2,826.0,64.74,50.56,24.0
93,3.72,11,player,Borussia Mgladbach,0.396,761.6,696.0,790.7,763.2,43.69,44.89,21.9
93,3.72,9,player,Borussia Mgladbach,0.302,1749.5,732.5,1788.1,803.6,91.03,48.55,21.8
93,3.72,0,ball,Ball,0.7,1100.0,950.0,1118.0,962.0,59.45,61.97,0.0
94,3.76,4,player,Borussia Mgladbach,0.608,693.2,767.6,726.6,845.3,40.66,52.28,31.3
94,3.76,15,player,Borussia Mgladbach,0.483,820.6,458.4,845.9,511.9,46.2,21.15,0.0
94,3.76,8,player,Borussia Mgladbach,0.445,1203.4,748.8,1235.4,830.3,64.81,50.94,34.7
94,3.76,10,player,Borussia Mgladbach,0.443,849.2,528.8,877.0,594.4,47.74,29.13,4.7
94,3.76,7,player,Borussia Mgladbach,0.405,1255.5,702.4,1278.1,777.4,67.17,46.18,7.4
94,3.76,13,player,Borussia Mgladbach,0.395,1048.8,821.6,1087.9,903.8,57.59,57.43,14.4
94,3.76,16,player,Borussia Mgladbach,0.369,115.9,492.3,140.0,529.4,11.24,22.86,0.0
94,3.76,11,player,Borussia Mgladbach,0.363,758.7,698.6,786.3,763.8,43.51,44.94,16.5
94,3.76,9,player,Borussia Mgladbach,0.361,1756.0,733.9,1792.7,801.4,91.3,48.35,30.6
94,3.76,0,ball,Ball,0.7,1105.0,952.0,1119.0,966.0,59.58,62.23,0.0
95,3.8,7,player,Borussia Mgladbach,0.549,1252.4,701.3,1278.1,780.2,67.09,46.44,23.8
95,3.8,10,player,Borussia Mgladbach,0.465,849.0,528.4,874.4,595.1,47.67,29.2,8.4
95,3.8,4,player,Borussia Mgladbach,0.459,690.7,768.2,725.3,845.6,40.57,52.3,8.1
95,3.8,8,player,Borussia Mgladbach,0.446,1203.8,749.3,1236.4,832.0,64.84,51.09,14.0
95,3.8,13,player,Borussia Mgladbach,0.389,1048.9,822.1,1088.1,907.3,57.59,57.74,27.6
95,3.8,16,player,Borussia Mgladbach,0.385,115.8,489.5,137.8,531.3,11.2,23.04,17.0
95,3.8,15,player,Borussia Mgladbach,0.382,816.9,458.4,842.6,510.3,46.02,20.99,20.9
95,3.8,9,player,Borussia Mgladbach,0.345,1762.3,733.3,1797.7,810.9,91.52,49.2,38.0
95,3.8,0,ball,Ball,0.7,896.0,963.0,910.0,978.0,49.85,63.22,0.0
96,3.84,10,player,Borussia Mgladbach,0.546,847.8,528.2,873.8,595.3,47.63,29.22,4.3
96,3.84,4,player,Borussia Mgladbach,0.529,688.5,768.6,725.3,848.9,40.52,52.6,26.8
96,3.84,7,player,Borussia Mgladbach,0.512,1248.7,705.9,1278.7,781.5,67.01,46.55,12.2
96,3.84,11,player,Borussia Mgladbach,0.504,753.0,698.0,774.6,764.1,43.1,44.97,18.7
96,3.84,8,player,Borussia Mgladbach,0.493,1205.0,749.3,1236.1,834.4,64.86,51.3,19.1
96,3.84,9,player,Borussia Mgladbach,0.433,1762.6,735.4,1802.4,809.0,91.65,49.03,19.4
96,3.84,15,player,Borussia Mgladbach,0.324,814.1,459.4,837.6,511.5,45.83,21.1,20.1
96,3.84,16,player,Borussia Mgladbach,0.32,114.8,489.8,138.6,531.3,11.19,23.04,0.4
96,3.84,13,player,Borussia Mgladbach,0.31,1050.2,824.3,1089.7,909.5,57.66,57.93,18.4
96,3.84,0,ball,Ball,0.7,1103.0,956.0,1120.0,979.0,59.55,62.96,0.0
97,3.88,4,player,Borussia Mgladbach,0.584,688.1,769.5,725.1,849.7,40.51,52.67,6.4
97,3.88,9,player,Borussia Mgladbach,0.553,1764.1,737.4,1805.2,816.0,91.71,49.66,38.0
97,3.88,11,player,Borussia Mgladbach,0.549,750.5,698.9,773.2,765.0,43.01,45.06,11.4
97,3.88,8,player,Borussia Mgladbach,0.482,1206.1,752.8,1238.5,835.0,64.94,51.36,8.8
97,3.88,10,player,Borussia Mgladbach,0.474,846.5,528.4,873.4,597.6,47.59,29.44,20.0
97,3.88,7,player,Borussia Mgladbach,0.39,1242.3,708.0,1279.2,783.2,66.87,46.7,19.1
97,3.88,13,player,Borussia Mgladbach,0.34,1050.3,824.0,1091.8,912.5,57.71,58.2,24.2
97,3.88,16,player,Borussia Mgladbach,0.324,115.1,489.3,138.7,532.5,11.21,23.16,10.6
97,3.88,15,player,Borussia Mgladbach,0.323,813.1,459.7,834.2,512.1,45.72,21.17,11.5
97,3.88,0,ball,Ball,0.7,1103.0,958.0,1122.0,981.0,59.6,63.13,0.0
98,3.92,11,player,Borussia Mgladbach,0.615,745.0,698.0,770.7,767.2,42.82,45.25,24.4
98,3.92,9,player,Borussia Mgladbach,0.523,1767.7,738.6,1809.9,813.9,91.92,49.47,25.4
98,3.92,10,player,Borussia Mgladbach,0.461,844.7,530.0,873.1,594.2,47.53,29.12,29.2
98,3.92,14,player,Borussia Mgladbach,0.411,1602.8,660.0,1627.7,724.1,84.07,41.31,0.0
98,3.92,4,player,Borussia Mgladbach,0.407,687.4,770.9,721.5,850.9,40.41,52.78,13.3
98,3.92,8,player,Borussia Mgladbach,0.367,1207.1,752.0,1239.1,831.9,64.98,51.09,24.7
98,3.92,12,player,VfL Wolfsburg,0.334,1470.7,676.4,1505.6,745.7,77.87,43.29,0.0
98,3.92,0,ball,Ball,0.7,894.0,964.0,913.0,987.0,49.87,63.65,0.0
99,3.96,10,player,Borussia Mgladbach,0.509,842.8,529.9,872.8,596.0,47.48,29.29,16.3
99,3.96,9,player,Borussia Mgladbach,0.503,1771.9,737.2,1815.5,817.5,92.14,49.79,34.6
99,3.96,11,player,Borussia Mgladbach,0.489,739.4,697.2,768.5,767.7,42.63,45.3,17.3
99,3.96,14,player,Borussia Mgladbach,0.419,1606.7,659.9,1629.6,724.2,84.21,41.32,12.7
99,3.96,4,player,Borussia Mgladbach,0.419,684.6,771.1,722.4,853.4,40.37,53.0,20.7
99,3.96,8,player,Borussia Mgladbach,0.355,1208.5,753.6,1241.4,833.5,65.07,51.23,14.6
99,3.96,7,player,Borussia Mgladbach,0.353,1237.1,707.4,1281.1,787.2,66.78,47.06,16.8
99,3.96,16,player,Borussia Mgladbach,0.328,113.4,488.6,134.2,534.1,11.06,23.31,9.4
99,3.96,12,player,VfL Wolfsburg,0.308,1470.6,677.4,1506.2,748.4,77.87,43.54,21.9
99,3.96,0,ball,Ball,0.7,898.0,981.0,904.0,986.0,49.76,64.33,0.0
100,4.0,10,player,Borussia Mgladbach,0.584,841.5,530.5,872.5,599.8,47.45,29.66,32.8
100,4.0,9,player,Borussia Mgladbach,0.511,1776.9,739.2,1820.0,819.8,92.35,50.0,26.8
100,4.0,14,player,Borussia Mgladbach,0.493,1608.3,659.4,1632.4,724.8,84.32,41.38,10.7
100,4.0,4,player,Borussia Mgladbach,0.456,683.2,772.9,719.7,855.3,40.27,53.17,17.0
100,4.0,17,player,Borussia Mgladbach,0.417,1038.0,374.0,1056.2,415.4,56.89,11.55,0.0
100,4.0,16,player,Borussia Mgladbach,0.409,111.3,487.9,133.3,536.1,11.0,23.51,18.6
100,4.0,11,player,Borussia Mgladbach,0.394,738.0,696.7,765.6,767.8,42.53,45.3,9.4
100,4.0,8,player,Borussia Mgladbach,0.358,1209.6,750.4,1243.5,835.7,65.14,51.42,18.9
100,4.0,12,player,VfL Wolfsburg,0.35,1473.2,678.6,1506.9,749.8,77.95,43.67,13.3
100,4.0,7,player,Borussia Mgladbach,0.347,1239.9,709.6,1283.2,787.7,66.9,47.11,11.4
100,4.0,0,ball,Ball,0.7,1107.0,962.0,1123.0,974.0,59.71,63.0,0.0
101,4.04,10,player,Borussia Mgladbach,0.59,839.7,531.6,872.0,602.5,47.39,29.91,23.3
101,4.04,9,player,Borussia Mgladbach,0.533,1779.0,740.5,1821.8,826.1,92.4,50.56,38.0
101,4.04,17,player,Borussia Mgladbach,0.475,1039.0,373.9,1057.0,416.9,56.94,11.7,14.4
101,4.04,4,player,Borussia Mgladbach,0.473,681.7,772.6,720.0,857.4,40.25,53.35,16.5
101,4.04,14,player,Borussia Mgladbach,0.468,1610.1,658.3,1635.0,724.4,84.43,41.34,10.4
101,4.04,18,player,VfL Wolfsburg,0.403,1423.4,439.5,1448.8,496.7,76.22,19.66,0.0
101,4.04,11,player,Borussia Mgladbach,0.385,732.6,698.5,762.5,767.6,42.33,45.29,18.3
101,4.04,7,player,Borussia Mgladbach,0.377,1240.7,712.2,1283.6,790.7,66.92,47.38,24.6
101,4.04,8,player,Borussia Mgladbach,0.374,1210.8,749.4,1245.2,835.0,65.21,51.36,8.6
101,4.04,15,player,Borussia Mgladbach,0.306,800.3,459.5,821.3,512.9,45.08,21.25,14.5
101,4.04,16,player,Borussia Mgladbach,0.304,110.1,485.2,134.1,535.3,10.99,23.43,7.1
101,4.04,0,ball,Ball,0.7,1117.0,980.0,1124.0,986.0,59.95,64.29,0.0
102,4.08,15,player,Borussia Mgladbach,0.547,796.4,459.6,820.4,513.6,44.96,21.32,12.3
102,4.08,14,player,Borussia Mgladbach,0.515,1612.6,656.0,1637.0,725.3,84.53,41.42,12.0
102,4.08,4,player,Borussia Mgladbach,0.515,679.7,773.9,716.9,857.2,40.13,53.34,10.9
102,4.08,10,player,Borussia Mgladbach,0.458,837.7,535.2,870.7,604.1,47.31,30.07,15.9
102,4.08,9,player,Borussia Mgladbach,0.442,1782.9,741.6,1824.2,824.1,92.57,50.39,21.6
102,4.08,8,player,Borussia Mgladbach,0.416,1212.8,750.9,1248.5,835.1,65.34,51.37,11.4
102,4.08,17,player,Borussia Mgladbach,0.405,1041.5,370.8,1059.1,416.1,57.06,11.62,12.7
102,4.08,19,player,Borussia Mgladbach,0.403,1557.5,521.3,1589.2,585.2,82.67,28.26,0.0
102,4.08,18,player,VfL Wolfsburg,0.384,1425.4,437.9,1451.2,496.4,76.34,19.63,10.3
102,4.08,16,player,Borussia Mgladbach,0.36,110.0,484.7,133.8,537.6,10.99,23.66,20.1
102,4.08,0,ball,Ball,0.7,1483.0,689.0,1496.0,700.0,78.12,38.57,0.0
103,4.12,10,player,Borussia Mgladbach,0.587,836.6,533.0,869.9,603.2,47.27,29.98,9.1
103,4.12,15,player,Borussia Mgladbach,0.586,791.2,458.6,821.5,514.0,44.86,21.35,9.5
103,4.12,14,player,Borussia Mgladbach,0.536,1614.3,655.8,1639.9,726.6,84.63,41.54,14.1
103,4.12,4,player,Borussia Mgladbach,0.465,678.6,776.8,714.2,857.6,40.04,53.37,8.6
103,4.12,11,player,Borussia Mgladbach,0.453,727.5,700.4,753.5,768.2,41.99,45.34,15.3
103,4.12,16,player,Borussia Mgladbach,0.433,109.2,485.3,133.4,541.2,10.98,24.01,32.0
103,4.12,19,player,Borussia Mgladbach,0.406,1559.1,520.9,1590.4,585.5,82.73,28.28,6.2
103,4.12,9,player,Borussia Mgladbach,0.394,1786.5,742.1,1827.4,818.0,92.76,49.84,38.0
103,4.12,8,player,Borussia Mgladbach,0.367,1213.6,749.4,1249.4,838.6,65.37,51.68,28.3
103,4.12,17,player,Borussia Mgladbach,0.344,1042.4,368.1,1061.9,414.6,57.15,11.47,16.5
103,4.12,0,ball,Ball,0.7,1108.0,967.0,1127.0,990.0,59.82,63.9,0.0
104,4.16,4,player,Borussia Mgladbach,0.553,678.4,776.6,713.8,858.4,40.03,53.44,6.5
104,4.16,14,player,Borussia Mgladbach,0.547,1613.6,654.9,1640.7,726.4,84.64,41.52,1.5
104,4.16,10,player,Borussia Mgladbach,0.493,836.5,534.3,870.0,603.6,47.27,30.02,3.5
104,4.16,16,player,Borussia Mgladbach,0.446,108.6,486.2,132.0,541.1,10.93,23.99,4.8
104,4.16,11,player,Borussia Mgladbach,0.438,723.1,699.4,750.0,767.3,41.8,45.27,18.4
104,4.16,19,player,Borussia Mgladbach,0.404,1562.4,520.4,1590.2,585.8,82.81,28.31,7.5
104,4.16,17,player,Borussia Mgladbach,0.398,1042.5,366.1,1062.3,415.9,57.16,11.6,12.3
104,4.16,9,player,Borussia Mgladbach,0.371,1789.6,742.3,1828.9,810.8,92.92,49.2,38.0
104,4.16,8,player,Borussia Mgladbach,0.342,1215.4,753.4,1249.0,845.4,65.39,52.28,38.0
104,4.16,15,player,Borussia Mgladbach,0.335,788.2,459.0,814.1,512.6,44.6,21.22,26.4
104,4.16,18,player,VfL Wolfsburg,0.303,1430.1,437.0,1456.3,492.8,76.59,19.27,20.0
104,4.16,0,ball,Ball,0.7,653.0,102.0,665.0,114.0,36.57,-21.0,0.0
105,4.2,11,player,Borussia Mgladbach,0.512,718.9,696.6,748.4,770.9,41.67,45.59,31.9
105,4.2,10,player,Borussia Mgladbach,0.486,834.5,535.6,869.2,604.7,47.2,30.12,11.0
105,4.2,16,player,Borussia Mgladbach,0.484,107.8,489.8,129.6,541.8,10.86,24.07,9.6
105,4.2,4,player,Borussia Mgladbach,0.466,676.8,778.4,712.1,859.0,39.95,53.49,8.2
105,4.2,8,player,Borussia Mgladbach,0.463,1217.3,752.0,1258.7,850.3,65.66,52.72,38.0
105,4.2,9,player,Borussia Mgladbach,0.462,1791.3,744.9,1831.6,821.8,92.95,50.18,38.0
105,4.2,14,player,Borussia Mgladbach,0.428,1615.0,656.1,1642.3,727.8,84.7,41.65,12.6
105,4.2,20,player,Borussia Mgladbach,0.422,1224.2,434.5,1242.9,488.8,66.15,18.87,0.0
105,4.2,13,player,Borussia Mgladbach,0.325,1060.6,829.1,1099.3,922.7,58.12,59.08,0.0
105,4.2,19,player,Borussia Mgladbach,0.324,1564.6,520.7,1589.7,587.1,82.84,28.44,11.6
105,4.2,18,player,VfL Wolfsburg,0.316,1432.4,438.8,1458.6,493.9,76.7,19.38,14.3
105,4.2,0,ball,Ball,0.7,1108.0,970.0,1130.0,992.0,59.89,64.12,0.0
106,4.24,16,player,Borussia Mgladbach,0.549,106.7,490.1,129.9,542.4,10.84,24.13,5.2
106,4.24,11,player,Borussia Mgladbach,0.543,715.5,695.9,746.9,770.0,41.55,45.51,13.3
106,4.24,4,player,Borussia Mgladbach,0.534,676.3,778.8,711.7,860.0,39.93,53.58,8.3
106,4.24,10,player,Borussia Mgladbach,0.534,834.0,537.7,867.2,603.7,47.13,30.03,9.8
106,4.24,13,player,Borussia Mgladbach,0.442,1063.0,830.5,1098.9,929.6,58.16,59.68,38.0
106,4.24,8,player,Borussia Mgladbach,0.423,1220.3,751.8,1257.3,848.6,65.7,52.57,13.7
106,4.24,9,player,Borussia Mgladbach,0.418,1791.6,745.6,1833.6,817.0,93.04,49.75,38.0
106,4.24,12,player,VfL Wolfsburg,0.373,1475.6,679.0,1504.2,755.3,77.92,44.17,0.0
106,4.24,18,player,VfL Wolfsburg,0.363,1434.4,435.9,1458.6,492.4,76.76,19.23,13.9
106,4.24,20,player,Borussia Mgladbach,0.359,1224.2,435.8,1244.2,488.8,66.18,18.87,3.0
106,4.24,19,player,Borussia Mgladbach,0.354,1566.6,520.5,1590.9,586.9,82.92,28.42,7.1
106,4.24,14,player,Borussia Mgladbach,0.344,1616.9,655.6,1644.0,728.0,84.79,41.66,7.9
106,4.24,0,ball,Ball,0.7,1111.0,971.0,1129.0,992.0,59.93,64.16,0.0
107,4.28,4,player,Borussia Mgladbach,0.566,675.4,778.3,710.1,861.9,39.87,53.75,16.1
107,4.28,10,player,Borussia Mgladbach,0.551,833.0,539.6,864.0,604.2,47.03,30.07,9.9
107,4.28,16,player,Borussia Mgladbach,0.538,105.4,490.5,128.5,542.5,10.78,24.14,6.0
107,4.28,11,player,Borussia Mgladbach,0.47,713.3,698.1,742.9,766.0,41.39,45.15,35.4
107,4.28,13,player,Borussia Mgladbach,0.361,1063.8,834.6,1099.2,926.9,58.19,59.45,20.6
107,4.28,8,player,Borussia Mgladbach,0.36,1223.9,742.8,1256.7,848.5,65.77,52.56,6.5
107,4.28,9,player,Borussia Mgladbach,0.354,1794.2,746.4,1835.9,819.6,93.14,49.98,22.3
107,4.28,18,player,VfL Wolfsburg,0.351,1436.3,436.2,1461.7,491.8,76.89,19.17,12.7
107,4.28,19,player,Borussia Mgladbach,0.349,1568.0,521.3,1592.4,591.8,82.97,28.89,38.0
107,4.28,12,player,VfL Wolfsburg,0.346,1473.4,681.9,1505.9,757.8,77.9,44.4,20.4
107,4.28,0,ball,Ball,0.7,1111.0,974.0,1132.0,994.0,60.0,64.37,0.0
108,4.32,4,player,Borussia Mgladbach,0.577,674.9,777.2,708.5,862.1,39.83,53.77,4.4
108,4.32,10,player,Borussia Mgladbach,0.54,833.6,538.1,861.6,603.7,46.99,30.03,5.7
108,4.32,16,player,Borussia Mgladbach,0.505,105.5,490.9,127.0,541.7,10.74,24.06,7.8
108,4.32,8,player,Borussia Mgladbach,0.484,1225.8,725.7,1259.1,853.0,65.86,52.96,36.8
108,4.32,13,player,Borussia Mgladbach,0.476,1064.7,834.4,1103.5,928.9,58.31,59.63,18.9
108,4.32,15,player,Borussia Mgladbach,0.438,776.5,457.2,799.4,512.1,43.95,21.17,14.9
108,4.32,14,player,Borussia Mgladbach,0.361,1620.7,658.4,1647.8,726.8,84.98,41.56,9.8
108,4.32,21,player,Borussia Mgladbach,0.355,1349.1,395.4,1367.7,446.0,72.51,14.63,0.0
108,4.32,12,player,VfL Wolfsburg,0.35,1469.0,683.9,1506.9,757.9,77.82,44.41,7.2
108,4.32,9,player,Borussia Mgladbach,0.346,1796.8,746.8,1838.6,826.4,93.22,50.59,38.0
108,4.32,18,player,VfL Wolfsburg,0.319,1438.7,435.2,1463.5,493.6,76.98,19.35,18.1
108,4.32,0,ball,Ball,0.7,985.0,88.0,995.0,95.0,54.09,-22.83,0.0
109,4.36,4,player,Borussia Mgladbach,0.61,673.9,778.0,707.6,863.6,39.78,53.9,12.7
109,4.36,10,player,Borussia Mgladbach,0.535,832.6,541.7,858.7,603.8,46.89,30.03,8.5
109,4.36,14,player,Borussia Mgladbach,0.527,1623.5,656.3,1649.3,723.8,85.09,41.29,26.8
109,4.36,16,player,Borussia Mgladbach,0.506,105.4,490.5,126.7,542.5,10.73,24.14,7.0
109,4.36,13,player,Borussia Mgladbach,0.426,1065.0,836.4,1104.0,928.3,58.33,59.58,5.0
109,4.36,12,player,VfL Wolfsburg,0.409,1468.5,684.9,1508.9,758.5,77.85,44.46,5.6
109,4.36,18,player,VfL Wolfsburg,0.396,1441.6,434.2,1464.4,492.5,77.08,19.24,13.4
109,4.36,15,player,Borussia Mgladbach,0.376,774.0,458.2,796.5,508.8,43.81,20.85,31.8
109,4.36,9,player,Borussia Mgladbach,0.374,1798.2,747.9,1840.0,824.1,93.3,50.39,19.9
109,4.36,8,player,Borussia Mgladbach,0.341,1225.3,740.6,1261.3,851.7,65.9,52.85,10.8
109,4.36,0,ball,Ball,0.7,648.0,93.0,662.0,104.0,36.34,-22.05,0.0
110,4.4,4,player,Borussia Mgladbach,0.583,674.0,781.0,705.2,865.2,39.73,54.04,13.1
110,4.4,16,player,Borussia Mgladbach,0.543,104.9,490.5,127.3,543.2,10.74,24.2,5.9
110,4.4,14,player,Borussia Mgladbach,0.502,1625.0,654.8,1653.0,720.4,85.24,40.97,31.3
110,4.4,13,player,Borussia Mgladbach,0.487,1066.1,839.8,1104.4,930.0,58.36,59.72,13.5
110,4.4,10,player,Borussia Mgladbach,0.442,831.4,542.4,856.5,605.2,46.81,30.17,14.3
110,4.4,18,player,VfL Wolfsburg,0.42,1446.9,435.0,1467.4,491.5,77.29,19.14,20.9
110,4.4,15,player,Borussia Mgladbach,0.383,771.6,456.7,792.4,509.2,43.65,20.88,14.9
110,4.4,12,player,VfL Wolfsburg,0.365,1469.8,686.2,1510.2,758.4,77.91,44.45,5.6
110,4.4,8,player,Borussia Mgladbach,0.357,1217.0,721.9,1263.9,856.1,65.76,53.24,37.4
110,4.4,9,player,Borussia Mgladbach,0.353,1804.4,747.1,1842.9,821.6,93.54,50.16,29.0
110,4.4,11,player,Borussia Mgladbach,0.317,700.2,702.7,733.9,770.0,40.87,45.51,19.1
110,4.4,0,ball,Ball,0.7,649.0,91.0,661.0,102.0,36.33,-22.28,0.0
111,4.44,4,player,Borussia Mgladbach,0.608,673.5,781.5,704.8,867.5,39.72,54.25,19.0
111,4.44,16,player,Borussia Mgladbach,0.593,105.1,489.2,127.1,542.1,10.73,24.1,9.4
111,4.44,13,player,Borussia Mgladbach,0.504,1065.2,840.5,1105.4,933.3,58.36,60.0,25.3
111,4.44,14,player,Borussia Mgladbach,0.479,1628.6,653.0,1654.8,715.6,85.39,40.53,38.0
111,4.44,18,player,VfL Wolfsburg,0.46,1448.3,432.7,1471.3,492.5,77.42,19.24,14.7
111,4.44,22,player,Borussia Mgladbach,0.451,1190.0,569.4,1220.8,635.5,64.48,33.05,0.0
111,4.44,12,player,VfL Wolfsburg,0.439,1470.7,686.8,1511.3,758.8,77.96,44.49,5.2
111,4.44,9,player,Borussia Mgladbach,0.417,1808.3,748.2,1844.1,829.7,93.61,50.89,38.0
111,4.44,10,player,Borussia Mgladbach,0.411,831.0,541.2,856.8,605.7,46.81,30.21,4.2
111,4.44,19,player,Borussia Mgladbach,0.312,1571.0,522.3,1603.6,590.8,83.32,28.79,8.3
111,4.44,0,ball,Ball,0.7,649.0,88.0,661.0,100.0,36.32,-22.56,0.0
112,4.48,4,player,Borussia Mgladbach,0.644,671.6,781.9,705.1,866.8,39.67,54.19,6.7
112,4.48,16,player,Borussia Mgladbach,0.64,104.1,490.1,126.1,543.4,10.69,24.22,11.8
112,4.48,14,player,Borussia Mgladbach,0.594,1630.3,651.7,1657.3,716.7,85.49,40.62,12.4
112,4.48,9,player,Borussia Mgladbach,0.513,1808.9,749.8,1848.6,834.3,93.7,51.3,37.7
112,4.48,12,player,VfL Wolfsburg,0.51,1473.4,687.4,1512.5,760.1,78.05,44.6,13.2
112,4.48,13,player,Borussia Mgladbach,0.491,1064.1,840.4,1106.5,936.0,58.36,60.24,21.3
112,4.48,8,player,Borussia Mgladbach,0.479,1236.8,764.2,1274.0,854.9,66.47,53.13,32.3
112,4.48,23,player,VfL Wolfsburg,0.452,862.6,433.3,888.3,498.1,48.29,19.79,0.0
112,4.48,22,player,Borussia Mgladbach,0.434,1189.0,569.1,1222.1,635.9,64.49,33.08,3.5
112,4.48,11,player,Borussia Mgladbach,0.427,696.6,708.2,730.5,772.2,40.71,45.71,11.7
112,4.48,18,player,VfL Wolfsburg,0.427,1450.3,435.1,1473.8,491.1,77.54,19.1,16.6
112,4.48,15,player,Borussia Mgladbach,0.369,765.2,455.9,790.9,513.9,43.46,21.35,22.6
112,4.48,20,player,Borussia Mgladbach,0.335,1229.5,432.1,1249.6,490.8,66.44,19.08,0.0
112,4.48,10,player,Borussia Mgladbach,0.32,829.7,538.9,855.8,605.2,46.75,30.17,6.6
112,4.48,19,player,Borussia Mgladbach,0.311,1575.5,528.6,1603.9,590.4,83.44,28.76,11.2
112,4.48,0,ball,Ball,0.7,80.0,130.0,91.0,142.0,6.43,-17.9,0.0
113,4.52,16,player,Borussia Mgladbach,0.681,103.4,489.1,126.0,544.4,10.68,24.32,8.6
113,4.52,8,player,Borussia Mgladbach,0.62,1238.9,765.6,1277.7,857.4,66.6,53.35,23.0
113,4.52,4,player,Borussia Mgladbach,0.618,670.8,784.5,704.6,867.9,39.65,54.28,8.8
113,4.52,14,player,Borussia Mgladbach,0.569,1631.7,651.1,1661.1,718.3,85.6,40.78,17.5
113,4.52,9,player,Borussia Mgladbach,0.542,1810.2,750.2,1852.5,827.9,93.86,50.73,38.0
113,4.52,23,player,VfL Wolfsburg,0.52,860.6,434.7,887.7,498.0,48.22,19.79,5.8
113,4.52,13,player,Borussia Mgladbach,0.508,1067.6,841.6,1107.3,934.5,58.46,60.11,14.7
113,4.52,12,player,VfL Wolfsburg,0.492,1475.6,687.2,1512.7,761.1,78.1,44.69,9.6
113,4.52,11,player,Borussia Mgladbach,0.445,694.0,708.3,727.1,772.3,40.56,45.72,13.1
113,4.52,24,player,Borussia Mgladbach,0.437,1219.5,720.2,1252.4,797.3,65.66,47.98,0.0
113,4.52,22,player,Borussia Mgladbach,0.437,1188.2,569.1,1223.0,636.4,64.49,33.13,3.9
113,4.52,18,player,VfL Wolfsburg,0.426,1452.5,435.3,1476.2,491.7,77.65,19.16,11.7
113,4.52,20,player,Borussia Mgladbach,0.382,1229.4,431.9,1252.0,491.8,66.5,19.17,9.7
113,4.52,10,player,Borussia Mgladbach,0.368,829.0,538.1,854.5,604.1,46.7,30.06,10.3
113,4.52,15,player,Borussia Mgladbach,0.31,763.3,457.9,787.7,513.9,43.33,21.34,11.4
113,4.52,0,ball,Ball,0.7,648.0,86.0,660.0,96.0,36.26,-22.89,0.0
114,4.56,8,player,Borussia Mgladbach,0.684,1241.5,764.1,1279.3,859.4,66.7,53.53,18.4
114,4.56,4,player,Borussia Mgladbach,0.636,670.1,785.2,703.4,868.9,39.6,54.37,8.9
114,4.56,16,player,Borussia Mgladbach,0.627,104.4,487.5,127.5,545.5,10.74,24.42,11.2
114,4.56,14,player,Borussia Mgladbach,0.576,1633.6,650.1,1663.4,720.0,85.7,40.93,16.3
114,4.56,9,player,Borussia Mgladbach,0.554,1811.5,750.2,1854.9,818.3,94.01,49.87,38.0
114,4.56,23,player,VfL Wolfsburg,0.521,860.0,433.8,886.9,497.3,48.19,19.72,7.0
114,4.56,12,player,VfL Wolfsburg,0.51,1478.0,686.7,1512.2,761.1,78.15,44.7,4.1
114,4.56,22,player,Borussia Mgladbach,0.462,1189.6,568.6,1223.4,636.4,64.53,33.13,3.9
114,4.56,24,player,Borussia Mgladbach,0.446,1215.3,719.1,1250.1,800.9,65.49,48.3,32.7
114,4.56,13,player,Borussia Mgladbach,0.439,1068.2,841.6,1107.9,935.8,58.49,60.22,10.0
114,4.56,11,player,Borussia Mgladbach,0.402,697.8,708.8,725.2,770.6,40.61,45.57,13.9
114,4.56,20,player,Borussia Mgladbach,0.334,1230.0,431.1,1253.2,494.2,66.54,19.41,22.0
114,4.56,18,player,VfL Wolfsburg,0.325,1455.3,437.8,1477.7,492.1,77.76,19.2,10.2
114,4.56,19,player,Borussia Mgladbach,0.315,1579.0,526.2,1608.6,592.0,83.64,28.91,11.2
114,4.56,0,ball,Ball,0.7,704.0,109.0,711.0,117.0,39.15,-20.44,0.0
115,4.6,8,player,Borussia Mgladbach,0.663,1243.8,766.4,1282.2,860.0,66.82,53.58,12.0
115,4.6,4,player,Borussia Mgladbach,0.642,669.6,788.5,702.6,872.4,39.58,54.68,28.2
115,4.6,16,player,Borussia Mgladbach,0.631,103.3,489.8,127.8,547.3,10.74,24.6,16.2
115,4.6,24,player,Borussia Mgladbach,0.495,1217.3,719.2,1249.9,801.2,65.54,48.33,4.9
115,4.6,12,player,VfL Wolfsburg,0.481,1480.2,686.2,1512.2,758.3,78.21,44.44,23.6
115,4.6,25,player,Borussia Mgladbach,0.47,586.7,376.6,607.2,430.7,34.23,13.09,0.0
115,4.6,13,player,Borussia Mgladbach,0.46,1068.8,841.7,1109.1,937.9,58.53,60.41,17.2
115,4.6,14,player,Borussia Mgladbach,0.457,1636.9,649.5,1666.7,722.2,85.84,41.13,22.4
115,4.6,22,player,Borussia Mgladbach,0.457,1191.3,567.6,1224.7,635.5,64.61,33.05,9.9
115,4.6,23,player,VfL Wolfsburg,0.45,860.2,433.7,886.3,495.3,48.17,19.52,18.0
115,4.6,9,player,Borussia Mgladbach,0.424,1816.5,752.1,1858.9,822.3,94.2,50.23,36.5
115,4.6,17,player,Borussia Mgladbach,0.416,1063.0,359.6,1079.1,400.6,58.12,10.05,0.0
115,4.6,11,player,Borussia Mgladbach,0.389,697.4,708.3,723.3,770.4,40.55,45.54,5.5
115,4.6,19,player,Borussia Mgladbach,0.308,1580.9,527.7,1611.7,593.8,83.75,29.08,18.3
115,4.6,20,player,Borussia Mgladbach,0.3,1231.7,431.9,1256.2,493.7,66.66,19.36,11.8
115,4.6,0,ball,Ball,0.7,704.0,107.0,711.0,115.0,39.14,-20.66,0.0
116,4.64,8,player,Borussia Mgladbach,0.656,1243.6,768.3,1285.6,861.5,66.89,53.72,13.6
116,4.64,4,player,Borussia Mgladbach,0.625,669.3,790.4,701.4,873.6,39.55,54.79,10.0
116,4.64,16,player,Borussia Mgladbach,0.616,103.1,489.1,128.0,553.5,10.77,25.2,38.0
116,4.64,12,player,VfL Wolfsburg,0.529,1481.0,685.5,1512.3,759.5,78.23,44.55,10.2
116,4.64,23,player,VfL Wolfsburg,0.495,859.6,432.0,885.4,496.5,48.14,19.63,10.9
116,4.64,9,player,Borussia Mgladbach,0.483,1820.1,750.7,1863.5,824.8,94.38,50.45,25.8
116,4.64,24,player,Borussia Mgladbach,0.477,1219.7,718.5,1249.1,800.8,65.58,48.3,4.9
116,4.64,17,player,Borussia Mgladbach,0.462,1064.6,359.0,1082.2,402.9,58.23,10.28,23.1
116,4.64,22,player,Borussia Mgladbach,0.431,1192.6,567.2,1224.7,635.6,64.64,33.06,3.1
116,4.64,13,player,Borussia Mgladbach,0.43,1066.0,844.2,1110.7,938.8,58.5,60.48,7.0
116,4.64,18,player,VfL Wolfsburg,0.429,1460.0,433.3,1482.6,492.9,77.99,19.28,11.1
116,4.64,14,player,Borussia Mgladbach,0.425,1638.1,650.6,1669.1,723.0,85.93,41.21,9.9
116,4.64,25,player,Borussia Mgladbach,0.385,588.2,374.8,608.4,429.6,34.29,12.98,11.5
116,4.64,19,player,Borussia Mgladbach,0.383,1585.6,527.0,1610.5,594.5,83.83,29.14,9.3
116,4.64,11,player,Borussia Mgladbach,0.342,696.2,707.8,723.7,770.5,40.53,45.56,2.3
116,4.64,15,player,Borussia Mgladbach,0.337,752.9,455.4,777.3,511.5,42.81,21.1,17.2
116,4.64,0,ball,Ball,0.7,705.0,106.0,711.0,113.0,39.17,-20.83,0.0
117,4.68,8,player,Borussia Mgladbach,0.61,1247.4,769.7,1289.3,861.9,67.07,53.75,16.2
117,4.68,4,player,Borussia Mgladbach,0.57,668.1,792.4,701.0,877.6,39.52,55.14,31.9
117,4.68,16,player,Borussia Mgladbach,0.562,101.4,491.6,127.4,549.8,10.69,24.84,33.6
117,4.68,13,player,Borussia Mgladbach,0.497,1070.9,845.5,1110.9,939.3,58.61,60.52,11.1
117,4.68,23,player,VfL Wolfsburg,0.478,858.8,431.6,884.2,499.2,48.09,19.9,24.6
117,4.68,12,player,VfL Wolfsburg,0.459,1482.4,685.7,1511.0,759.0,78.23,44.51,3.9
117,4.68,14,player,Borussia Mgladbach,0.438,1639.8,654.4,1672.2,724.9,86.03,41.39,18.8
117,4.68,18,player,VfL Wolfsburg,0.394,1462.6,433.2,1485.1,492.8,78.12,19.27,11.6
117,4.68,24,player,Borussia Mgladbach,0.394,1223.6,718.4,1247.0,795.5,65.63,47.81,38.0
117,4.68,9,player,Borussia Mgladbach,0.383,1823.5,752.2,1867.6,829.1,94.53,50.83,37.1
117,4.68,17,player,Borussia Mgladbach,0.376,1066.2,357.5,1084.0,402.2,58.32,10.22,9.7
117,4.68,10,player,Borussia Mgladbach,0.367,820.9,541.4,853.8,606.7,46.49,30.31,7.3
117,4.68,22,player,Borussia Mgladbach,0.308,1195.0,566.5,1223.1,633.5,64.66,32.85,18.7
117,4.68,0,ball,Ball,0.7,705.0,104.0,711.0,112.0,39.16,-21.0,0.0
118,4.72,8,player,Borussia Mgladbach,0.626,1252.3,771.7,1291.5,861.9,67.23,53.75,15.2
118,4.72,4,player,Borussia Mgladbach,0.555,668.7,792.2,702.5,883.2,39.58,55.63,38.0
118,4.72,16,player,Borussia Mgladbach,0.555,102.7,493.4,127.3,548.9,10.72,24.75,8.1
118,4.72,13,player,Borussia Mgladbach,0.502,1064.8,847.9,1112.0,940.1,58.5,60.59,12.0
118,4.72,24,player,Borussia Mgladbach,0.47,1223.8,718.3,1247.0,801.4,65.62,48.35,38.0
118,4.72,23,player,VfL Wolfsburg,0.463,859.0,432.2,884.9,499.0,48.11,19.88,2.6
118,4.72,12,player,VfL Wolfsburg,0.433,1483.8,685.8,1511.9,757.9,78.29,44.4,10.9
118,4.72,10,player,Borussia Mgladbach,0.377,821.9,540.6,852.5,607.5,46.48,30.39,7.3
118,4.72,9,player,Borussia Mgladbach,0.369,1829.3,755.1,1870.0,839.1,94.67,51.72,38.0
118,4.72,18,player,VfL Wolfsburg,0.365,1465.9,432.8,1487.5,491.8,78.27,19.17,15.8
118,4.72,14,player,Borussia Mgladbach,0.34,1645.8,653.4,1674.8,722.5,86.25,41.16,28.1
118,4.72,17,player,Borussia Mgladbach,0.311,1066.3,356.7,1086.6,401.0,58.39,10.09,13.1
118,4.72,0,ball,Ball,0.7,705.0,103.0,711.0,110.0,39.16,-21.16,0.0
119,4.76,8,player,Borussia Mgladbach,0.677,1258.1,772.5,1295.0,860.6,67.46,53.63,23.0
119,4.76,16,player,Borussia Mgladbach,0.575,101.6,493.6,127.4,551.2,10.71,24.98,20.5
119,4.76,4,player,Borussia Mgladbach,0.557,668.5,792.8,703.3,883.4,39.59,55.65,1.9
119,4.76,12,player,VfL Wolfsburg,0.538,1481.8,685.4,1511.8,761.4,78.23,44.73,29.6
119,4.76,10,player,Borussia Mgladbach,0.532,821.0,540.9,852.6,608.1,46.46,30.45,5.3
119,4.76,24,player,Borussia Mgladbach,0.509,1220.5,717.5,1246.7,808.6,65.52,48.99,38.0
119,4.76,13,player,Borussia Mgladbach,0.503,1068.5,848.8,1112.6,942.7,58.6,60.82,22.2
119,4.76,23,player,VfL Wolfsburg,0.441,858.7,431.1,883.8,498.3,48.08,19.81,7.4
119,4.76,9,player,Borussia Mgladbach,0.388,1831.4,757.2,1872.8,839.1,94.78,51.72,10.5
119,4.76,18,player,VfL Wolfsburg,0.367,1468.2,431.7,1488.1,491.5,78.34,19.14,7.2
119,4.76,14,player,Borussia Mgladbach,0.3,1647.4,653.5,1676.3,723.0,86.33,41.21,8.0
119,4.76,0,ball,Ball,0.7,705.0,102.0,711.0,109.0,39.16,-21.27,0.0
120,4.8,4,player,Borussia Mgladbach,0.655,666.9,792.9,703.3,886.3,39.56,55.9,23.2
120,4.8,8,player,Borussia Mgladbach,0.623,1258.4,774.1,1298.2,862.3,67.54,53.79,15.9
120,4.8,16,player,Borussia Mgladbach,0.578,100.4,493.7,126.0,554.3,10.66,25.28,27.0
120,4.8,10,player,Borussia Mgladbach,0.536,820.8,539.9,849.9,607.6,46.39,30.4,7.8
120,4.8,24,player,Borussia Mgladbach,0.512,1217.6,719.0,1245.3,808.0,65.42,48.94,10.5
120,4.8,13,player,Borussia Mgladbach,0.498,1068.9,850.2,1113.6,944.5,58.63,60.98,14.6
120,4.8,26,player,VfL Wolfsburg,0.486,919.5,618.9,943.7,690.9,51.12,38.24,0.0
120,4.8,9,player,Borussia Mgladbach,0.478,1829.9,758.9,1874.6,834.7,94.81,51.34,35.0
120,4.8,19,player,Borussia Mgladbach,0.462,1594.6,526.3,1620.8,591.3,84.32,28.84,12.9
120,4.8,12,player,VfL Wolfsburg,0.461,1480.2,685.4,1512.0,762.0,78.19,44.78,6.1
120,4.8,14,player,Borussia Mgladbach,0.46,1647.7,651.5,1678.5,724.2,86.38,41.32,11.2
120,4.8,18,player,VfL Wolfsburg,0.447,1471.3,431.9,1491.3,490.2,78.5,19.01,18.9
120,4.8,11,player,Borussia Mgladbach,0.412,689.1,710.0,718.4,774.3,40.24,45.9,10.1
120,4.8,23,player,VfL Wolfsburg,0.371,858.7,432.0,883.6,497.9,48.07,19.77,3.6
120,4.8,17,player,Borussia Mgladbach,0.325,1068.7,355.8,1088.7,396.6,58.51,9.64,20.8
120,4.8,0,ball,Ball,0.7,705.0,100.0,711.0,107.0,39.15,-21.5,0.0
121,4.84,4,player,Borussia Mgladbach,0.647,666.1,793.4,704.0,886.3,39.56,55.9,0.2
121,4.84,8,player,Borussia Mgladbach,0.629,1261.4,774.6,1300.2,862.8,67.65,53.83,11.1
121,4.84,10,player,Borussia Mgladbach,0.591,819.1,539.6,848.1,608.5,46.3,30.48,11.1
121,4.84,14,player,Borussia Mgladbach,0.578,1649.4,650.3,1680.0,723.0,86.46,41.21,12.4
121,4.84,24,player,Borussia Mgladbach,0.572,1212.6,722.2,1246.2,809.0,65.32,49.03,11.9
121,4.84,19,player,Borussia Mgladbach,0.546,1596.4,525.7,1624.4,594.3,84.44,29.13,27.5
121,4.84,16,player,Borussia Mgladbach,0.514,98.9,491.7,124.5,553.0,10.58,25.15,13.7
121,4.84,23,player,VfL Wolfsburg,0.51,857.4,431.8,883.8,499.2,48.05,19.9,11.8
121,4.84,26,player,VfL Wolfsburg,0.501,919.6,619.6,943.5,689.1,51.12,38.07,15.5
121,4.84,11,player,Borussia Mgladbach,0.501,686.7,709.2,717.2,774.0,40.16,45.87,8.1
121,4.84,25,player,Borussia Mgladbach,0.482,597.2,372.1,617.7,423.9,34.74,12.41,13.0
121,4.84,13,player,Borussia Mgladbach,0.461,1069.0,852.4,1113.6,947.0,58.63,61.19,19.4
121,4.84,18,player,VfL Wolfsburg,0.436,1472.6,430.5,1494.9,488.8,78.63,18.87,17.2
121,4.84,12,player,VfL Wolfsburg,0.431,1475.9,686.7,1510.7,763.1,78.05,44.88,14.8
121,4.84,9,player,Borussia Mgladbach,0.423,1833.9,759.1,1877.4,830.8,95.0,50.99,35.5
121,4.84,17,player,Borussia Mgladbach,0.333,1069.9,354.7,1089.9,396.4,58.57,9.62,5.8
121,4.84,15,player,Borussia Mgladbach,0.306,741.4,461.0,764.3,514.1,42.2,21.36,11.8
121,4.84,0,ball,Ball,0.7,704.0,98.0,711.0,105.0,39.12,-21.72,0.0
122,4.88,4,player,Borussia Mgladbach,0.722,664.7,794.0,703.6,887.1,39.52,55.97,7.2
122,4.88,8,player,Borussia Mgladbach,0.672,1265.9,774.8,1304.1,862.7,67.85,53.82,18.0
122,4.88,14,player,Borussia Mgladbach,0.628,1653.5,651.0,1683.3,722.3,86.65,41.14,17.7
122,4.88,10,player,Borussia Mgladbach,0.614,817.6,538.6,845.9,608.8,46.21,30.51,8.4
122,4.88,24,player,Borussia Mgladbach,0.58,1207.9,726.5,1246.3,809.3,65.21,49.06,10.4
122,4.88,16,player,Borussia Mgladbach,0.568,97.9,491.4,122.0,553.7,10.5,25.22,9.7
122,4.88,23,player,VfL Wolfsburg,0.562,858.0,433.1,884.3,499.2,48.07,19.9,2.5
122,4.88,19,player,Borussia Mgladbach,0.525,1599.3,527.5,1626.1,596.0,84.55,29.29,17.8
122,4.88,25,player,Borussia Mgladbach,0.523,597.3,368.7,619.8,423.8,34.79,12.4,5.0
122,4.88,11,player,Borussia Mgladbach,0.511,684.5,709.3,717.6,775.5,40.11,46.0,12.3
122,4.88,9,player,Borussia Mgladbach,0.464,1836.3,759.8,1881.5,839.3,95.1,51.74,38.0
122,4.88,13,player,Borussia Mgladbach,0.458,1070.0,852.9,1113.8,951.1,58.65,61.55,32.0
122,4.88,26,player,VfL Wolfsburg,0.442,919.2,619.6,943.6,689.5,51.11,38.11,3.6
122,4.88,12,player,VfL Wolfsburg,0.388,1473.7,688.4,1513.4,763.3,78.06,44.9,2.5
122,4.88,27,player,Borussia Mgladbach,0.363,1384.7,384.2,1420.5,441.1,74.74,14.14,0.0
122,4.88,18,player,VfL Wolfsburg,0.36,1474.0,429.6,1496.3,487.4,78.7,18.74,13.6
122,4.88,17,player,Borussia Mgladbach,0.311,1072.8,352.2,1093.1,398.2,58.72,9.81,21.7
122,4.88,0,ball,Ball,0.7,704.0,96.0,711.0,103.0,39.12,-21.94,0.0
123,4.92,4,player,Borussia Mgladbach,0.695,664.6,795.1,703.6,886.4,39.51,55.91,5.1
123,4.92,14,player,Borussia Mgladbach,0.691,1658.0,650.5,1686.6,722.0,86.83,41.12,17.1
123,4.92,8,player,Borussia Mgladbach,0.671,1268.5,775.3,1306.2,862.7,67.96,53.82,10.0
123,4.92,10,player,Borussia Mgladbach,0.635,814.0,541.2,845.3,610.4,46.11,30.66,16.7
123,4.92,23,player,VfL Wolfsburg,0.594,858.2,433.5,885.3,499.4,48.1,19.92,3.5
123,4.92,19,player,Borussia Mgladbach,0.592,1599.8,526.3,1630.7,597.0,84.67,29.38,13.8
123,4.92,24,player,Borussia Mgladbach,0.564,1202.7,728.8,1247.4,811.2,65.11,49.23,18.5
123,4.92,16,player,Borussia Mgladbach,0.547,95.6,492.0,121.0,553.4,10.42,25.19,7.7
123,4.92,25,player,Borussia Mgladbach,0.528,598.5,366.8,620.0,419.6,34.82,11.98,37.8
123,4.92,11,player,Borussia Mgladbach,0.522,683.5,708.8,716.6,777.7,40.07,46.21,18.9
123,4.92,26,player,VfL Wolfsburg,0.498,919.1,619.5,944.0,690.7,51.12,38.22,10.5
123,4.92,13,player,Borussia Mgladbach,0.457,1068.6,853.5,1114.8,951.5,58.64,61.58,3.3
123,4.92,12,player,VfL Wolfsburg,0.436,1476.3,688.0,1515.8,765.0,78.18,45.05,17.0
123,4.92,9,player,Borussia Mgladbach,0.422,1837.8,758.5,1886.1,835.9,95.27,51.44,30.8
123,4.92,27,player,Borussia Mgladbach,0.418,1385.6,384.9,1421.6,441.9,74.79,14.21,8.3
123,4.92,28,player,Borussia Mgladbach,0.401,1125.9,397.0,1149.3,451.8,61.41,15.2,0.0
123,4.92,22,player,Borussia Mgladbach,0.373,1201.6,563.1,1222.5,631.1,64.81,32.63,0.0
123,4.92,0,ball,Ball,0.7,705.0,95.0,711.0,102.0,39.14,-22.05,0.0
124,4.96,10,player,Borussia Mgladbach,0.689,811.3,540.1,844.8,611.1,46.04,30.73,9.1
124,4.96,4,player,Borussia Mgladbach,0.678,664.4,798.0,703.7,885.2,39.51,55.81,9.6
124,4.96,14,player,Borussia Mgladbach,0.633,1662.2,649.4,1688.8,721.9,86.99,41.11,13.9
124,4.96,8,player,Borussia Mgladbach,0.627,1271.6,777.7,1308.0,864.8,68.08,54.01,19.6
124,4.96,19,player,Borussia Mgladbach,0.619,1601.1,525.6,1632.3,597.3,84.74,29.41,6.6
124,4.96,24,player,Borussia Mgladbach,0.567,1199.8,730.4,1248.2,811.8,65.06,49.29,6.4
124,4.96,23,player,VfL Wolfsburg,0.547,857.1,433.0,883.7,499.1,48.04,19.89,6.6
124,4.96,12,player,VfL Wolfsburg,0.54,1478.6,689.2,1519.8,764.1,78.33,44.97,15.8
124,4.96,16,player,Borussia Mgladbach,0.536,92.3,494.0,121.4,558.2,10.37,25.65,38.0
124,4.96,25,player,Borussia Mgladbach,0.534,601.7,365.5,622.8,417.9,34.96,11.8,20.4
124,4.96,26,player,VfL Wolfsburg,0.468,919.4,618.4,944.4,691.1,51.14,38.26,3.5
124,4.96,11,player,Borussia Mgladbach,0.441,682.8,709.2,714.6,780.5,40.01,46.46,23.1
124,4.96,13,player,Borussia Mgladbach,0.43,1071.4,854.3,1116.9,954.0,58.75,61.79,21.3
124,4.96,28,player,Borussia Mgladbach,0.403,1126.2,396.6,1150.6,450.5,61.45,15.08,11.9
124,4.96,22,player,Borussia Mgladbach,0.402,1201.2,562.6,1223.4,633.0,64.82,32.81,16.2
124,4.96,9,player,Borussia Mgladbach,0.382,1843.4,759.1,1888.5,845.1,95.4,52.26,38.0
124,4.96,27,player,Borussia Mgladbach,0.308,1388.8,386.2,1424.4,441.7,74.94,14.2,13.7
124,4.96,0,ball,Ball,0.7,705.0,93.0,712.0,100.0,39.17,-22.28,0.0
125,5.0,10,player,Borussia Mgladbach,0.71,812.0,542.0,844.2,611.9,46.04,30.81,7.3
125,5.0,4,player,Borussia Mgladbach,0.646,664.8,799.7,703.9,888.2,39.53,56.07,23.7
125,5.0,24,player,Borussia Mgladbach,0.637,1202.6,731.0,1248.9,812.7,65.14,49.36,10.1
125,5.0,19,player,Borussia Mgladbach,0.617,1600.5,526.0,1634.5,599.1,84.77,29.58,15.6
125,5.0,8,player,Borussia Mgladbach,0.585,1273.8,777.4,1310.9,866.3,68.19,54.14,15.7
125,5.0,12,player,VfL Wolfsburg,0.575,1481.7,689.4,1520.2,764.7,78.42,45.03,9.2
125,5.0,14,player,Borussia Mgladbach,0.571,1664.5,649.1,1693.0,724.1,87.13,41.31,22.1
125,5.0,25,player,Borussia Mgladbach,0.526,602.6,363.7,624.2,416.6,35.02,11.67,13.0
125,5.0,23,player,VfL Wolfsburg,0.498,858.2,433.4,881.8,499.0,48.02,19.88,2.1
125,5.0,13,player,Borussia Mgladbach,0.459,1069.4,855.1,1117.8,954.9,58.73,61.88,7.9
125,5.0,11,player,Borussia Mgladbach,0.455,680.4,708.4,715.4,784.0,39.98,46.77,28.5
125,5.0,26,player,VfL Wolfsburg,0.442,919.5,617.5,944.7,691.6,51.15,38.3,3.9
125,5.0,27,player,Borussia Mgladbach,0.432,1392.0,386.6,1422.1,441.2,74.96,14.14,5.7
125,5.0,16,player,Borussia Mgladbach,0.428,91.5,496.1,121.2,558.0,10.35,25.64,2.5
125,5.0,9,player,Borussia Mgladbach,0.428,1841.9,762.4,1891.3,845.7,95.43,52.31,5.3
125,5.0,28,player,Borussia Mgladbach,0.421,1126.4,396.3,1150.9,449.7,61.46,14.99,7.7
125,5.0,20,player,Borussia Mgladbach,0.396,1244.2,438.8,1266.2,496.0,67.21,19.59,0.0
125,5.0,22,player,Borussia Mgladbach,0.342,1196.0,564.5,1224.4,632.1,64.72,32.73,11.7
125,5.0,17,player,Borussia Mgladbach,0.336,1080.3,353.3,1098.7,400.7,59.05,10.06,12.4
125,5.0,18,player,VfL Wolfsburg,0.307,1479.2,430.1,1503.1,490.5,78.99,19.04,12.4
125,5.0,0,ball,Ball,0.7,705.0,91.0,712.0,99.0,39.16,-22.44,0.0
126,5.04,10,player,Borussia Mgladbach,0.756,812.2,543.5,844.3,613.1,46.05,30.92,9.7
126,5.04,19,player,Borussia Mgladbach,0.643,1603.4,526.8,1636.9,600.1,84.89,29.68,14.2
126,5.04,4,player,Borussia Mgladbach,0.627,665.7,800.6,704.1,889.7,39.56,56.2,11.9
126,5.04,12,player,VfL Wolfsburg,0.603,1483.1,689.7,1521.4,766.7,78.47,45.21,17.1
126,5.04,14,player,Borussia Mgladbach,0.599,1664.6,648.8,1696.0,724.6,87.21,41.35,7.7
126,5.04,25,player,Borussia Mgladbach,0.575,604.3,363.7,625.2,415.8,35.09,11.59,9.3
126,5.04,8,player,Borussia Mgladbach,0.565,1276.9,778.5,1313.7,867.7,68.33,54.27,16.8
126,5.04,16,player,Borussia Mgladbach,0.535,89.5,500.2,120.9,561.5,10.32,25.98,30.4
126,5.04,24,player,Borussia Mgladbach,0.521,1204.3,731.2,1248.7,814.8,65.18,49.55,17.2
126,5.04,27,player,Borussia Mgladbach,0.474,1394.3,385.9,1419.9,440.7,74.97,14.09,4.4
126,5.04,13,player,Borussia Mgladbach,0.459,1071.3,856.8,1119.9,959.0,58.82,62.23,32.3
126,5.04,23,player,VfL Wolfsburg,0.45,857.9,433.3,881.7,499.7,48.01,19.94,5.8
126,5.04,26,player,VfL Wolfsburg,0.439,919.9,616.8,944.8,691.7,51.16,38.31,1.7
126,5.04,28,player,Borussia Mgladbach,0.412,1127.3,395.8,1151.4,448.8,61.5,14.9,8.5
126,5.04,18,player,VfL Wolfsburg,0.411,1480.3,427.4,1505.8,491.4,79.08,19.13,12.0
126,5.04,22,player,Borussia Mgladbach,0.403,1193.7,564.1,1226.2,632.4,64.71,32.75,2.9
126,5.04,9,player,Borussia Mgladbach,0.4,1844.8,764.6,1893.9,839.1,95.6,51.72,38.0
126,5.04,20,player,Borussia Mgladbach,0.398,1246.7,438.5,1268.2,497.4,67.32,19.72,15.4
126,5.04,11,player,Borussia Mgladbach,0.374,679.5,707.0,713.1,785.9,39.91,46.95,16.9
126,5.04,15,player,Borussia Mgladbach,0.349,725.0,455.1,755.5,512.9,41.58,21.24,11.5
126,5.04,17,player,Borussia Mgladbach,0.348,1081.6,351.4,1101.5,400.6,59.15,10.05,9.5
126,5.04,0,ball,Ball,0.7,705.0,90.0,712.0,97.0,39.16,-22.61,0.0
127,5.08,10,player,Borussia Mgladbach,0.718,811.4,544.1,844.5,614.0,46.03,31.01,8.4
127,5.08,4,player,Borussia Mgladbach,0.619,665.3,802.4,704.3,897.3,39.56,56.87,38.0
127,5.08,14,player,Borussia Mgladbach,0.586,1667.3,649.9,1699.1,725.6,87.34,41.45,14.9
127,5.08,19,player,Borussia Mgladbach,0.573,1610.6,527.3,1640.4,600.9,85.15,29.76,24.2
127,5.08,9,player,Borussia Mgladbach,0.573,1849.9,764.0,1896.3,844.2,95.74,52.18,38.0
127,5.08,8,player,Borussia Mgladbach,0.55,1278.6,779.2,1315.1,871.2,68.39,54.57,28.3
127,5.08,12,player,VfL Wolfsburg,0.531,1488.6,690.2,1520.9,768.3,78.58,45.35,16.6
127,5.08,25,player,Borussia Mgladbach,0.525,606.1,360.8,627.6,415.3,35.19,11.54,10.2
127,5.08,24,player,Borussia Mgladbach,0.495,1204.4,729.7,1245.7,814.3,65.11,49.51,7.3
127,5.08,13,player,Borussia Mgladbach,0.487,1069.7,858.6,1123.8,959.2,58.87,62.24,5.1
127,5.08,16,player,Borussia Mgladbach,0.481,89.6,501.2,119.5,562.1,10.29,26.03,5.5
127,5.08,26,player,VfL Wolfsburg,0.471,920.0,616.6,944.0,689.6,51.14,38.12,17.7
127,5.08,11,player,Borussia Mgladbach,0.466,678.2,708.1,712.6,786.8,39.86,47.03,8.7
127,5.08,15,player,Borussia Mgladbach,0.442,723.6,456.2,750.7,511.1,41.42,21.07,21.0
127,5.08,18,player,VfL Wolfsburg,0.431,1485.6,429.3,1507.4,490.4,79.26,19.03,18.5
127,5.08,20,player,Borussia Mgladbach,0.427,1248.8,437.6,1270.6,495.3,67.44,19.51,21.4
127,5.08,27,player,Borussia Mgladbach,0.402,1397.0,384.2,1420.5,440.5,75.05,14.07,7.7
127,5.08,23,player,VfL Wolfsburg,0.397,858.1,432.7,883.0,499.5,48.04,19.93,3.5
127,5.08,28,player,Borussia Mgladbach,0.367,1128.7,395.6,1152.4,446.7,61.57,14.7,19.7
127,5.08,17,player,Borussia Mgladbach,0.36,1082.1,351.5,1102.8,397.8,59.2,9.77,26.3
127,5.08,0,ball,Ball,0.7,706.0,87.0,713.0,95.0,39.21,-22.89,0.0
128,5.12,14,player,Borussia Mgladbach,0.651,1671.4,650.2,1701.9,725.7,87.51,41.46,15.0
128,5.12,10,player,Borussia Mgladbach,0.645,812.1,545.1,845.3,614.3,46.07,31.03,4.0
128,5.12,9,player,Borussia Mgladbach,0.621,1852.5,766.3,1899.3,843.1,95.88,52.09,15.0
128,5.12,4,player,Borussia Mgladbach,0.605,665.3,804.1,704.6,903.5,39.58,57.41,38.0
128,5.12,8,player,Borussia Mgladbach,0.6,1280.7,780.5,1318.6,871.7,68.53,54.62,12.4
128,5.12,24,player,Borussia Mgladbach,0.543,1204.6,730.1,1243.6,815.7,65.06,49.63,11.5
128,5.12,19,player,Borussia Mgladbach,0.537,1612.6,526.2,1644.0,603.1,85.28,29.97,22.6
128,5.12,25,player,Borussia Mgladbach,0.534,608.3,360.8,631.3,414.3,35.33,11.44,15.9
128,5.12,12,player,VfL Wolfsburg,0.518,1491.4,690.5,1523.0,769.3,78.7,45.44,12.9
128,5.12,16,player,Borussia Mgladbach,0.493,88.9,503.1,118.9,563.0,10.26,26.12,8.1
128,5.12,13,player,Borussia Mgladbach,0.49,1073.9,860.9,1124.3,960.8,58.98,62.38,15.7
128,5.12,23,player,VfL Wolfsburg,0.483,858.6,433.6,882.7,499.1,48.05,19.89,3.9
128,5.12,11,player,Borussia Mgladbach,0.464,677.2,708.5,714.6,787.8,39.89,47.12,8.5
128,5.12,27,player,Borussia Mgladbach,0.445,1399.2,382.4,1426.3,440.8,75.25,14.1,18.4
128,5.12,18,player,VfL Wolfsburg,0.436,1485.1,426.9,1509.5,490.5,79.3,19.05,3.7
128,5.12,17,player,Borussia Mgladbach,0.383,1084.6,351.9,1104.5,395.1,59.31,9.49,26.5
128,5.12,15,player,Borussia Mgladbach,0.376,721.3,456.1,745.2,511.0,41.23,21.06,17.4
128,5.12,26,player,VfL Wolfsburg,0.369,920.3,615.9,943.1,689.4,51.13,38.1,2.0
128,5.12,20,player,Borussia Mgladbach,0.349,1251.7,437.5,1272.0,496.2,67.54,19.6,12.3
128,5.12,28,player,Borussia Mgladbach,0.305,1128.6,395.6,1152.6,447.7,61.57,14.79,8.8
128,5.12,0,ball,Ball,0.7,706.0,86.0,713.0,93.0,39.2,-23.06,0.0
129,5.16,10,player,Borussia Mgladbach,0.68,812.2,544.3,845.6,615.0,46.08,31.1,6.6
129,5.16,14,player,Borussia Mgladbach,0.635,1674.6,649.3,1705.0,725.9,87.66,41.48,13.7
129,5.16,4,player,Borussia Mgladbach,0.627,665.8,806.2,704.1,906.3,39.59,57.65,22.3
129,5.16,8,player,Borussia Mgladbach,0.626,1282.1,781.0,1322.2,874.1,68.64,54.83,21.5
129,5.16,9,player,Borussia Mgladbach,0.58,1856.6,766.2,1903.5,842.0,96.09,51.98,20.6
129,5.16,23,player,VfL Wolfsburg,0.556,858.2,434.1,882.1,499.9,48.03,19.97,7.5
129,5.16,24,player,Borussia Mgladbach,0.536,1206.3,729.2,1238.9,819.1,64.98,49.94,28.7
129,5.16,16,player,Borussia Mgladbach,0.521,89.0,502.6,118.4,563.8,10.26,26.2,7.1
129,5.16,12,player,VfL Wolfsburg,0.487,1492.1,690.6,1526.0,770.4,78.78,45.55,12.1
129,5.16,19,player,Borussia Mgladbach,0.47,1615.8,526.8,1645.3,603.1,85.39,29.97,9.8
129,5.16,13,player,Borussia Mgladbach,0.468,1074.2,862.6,1125.2,963.3,59.01,62.6,19.8
129,5.16,11,player,Borussia Mgladbach,0.46,677.1,708.9,712.7,788.0,39.84,47.14,4.4
129,5.16,26,player,VfL Wolfsburg,0.449,920.1,613.7,943.2,691.9,51.13,38.33,20.5
129,5.16,25,player,Borussia Mgladbach,0.433,609.9,360.6,632.5,413.3,35.4,11.33,11.5
129,5.16,17,player,Borussia Mgladbach,0.401,1087.9,350.8,1106.2,397.9,59.43,9.78,28.1
129,5.16,20,player,Borussia Mgladbach,0.396,1253.4,438.1,1274.9,500.1,67.65,19.99,35.9
129,5.16,18,player,VfL Wolfsburg,0.37,1486.2,427.7,1511.8,489.9,79.39,18.99,9.6
129,5.16,15,player,Borussia Mgladbach,0.359,719.9,454.1,743.6,510.8,41.15,21.04,7.2
129,5.16,27,player,Borussia Mgladbach,0.333,1401.1,382.7,1428.7,440.2,75.36,14.04,11.3
129,5.16,0,ball,Ball,0.7,706.0,85.0,713.0,92.0,39.2,-23.17,0.0
130,5.2,10,player,Borussia Mgladbach,0.723,812.0,544.6,845.3,615.3,46.07,31.13,2.6
130,5.2,24,player,Borussia Mgladbach,0.699,1204.9,727.9,1236.1,819.4,64.88,49.97,9.5
130,5.2,23,player,VfL Wolfsburg,0.669,857.4,433.8,883.9,500.1,48.05,19.98,2.6
130,5.2,8,player,Borussia Mgladbach,0.667,1285.7,780.0,1324.0,873.8,68.76,54.8,11.7
130,5.2,14,player,Borussia Mgladbach,0.616,1675.1,650.1,1708.3,726.9,87.74,41.56,11.0
130,5.2,4,player,Borussia Mgladbach,0.606,665.0,809.3,703.1,909.3,39.55,57.92,23.9
130,5.2,19,player,Borussia Mgladbach,0.559,1618.1,526.9,1649.3,604.5,85.54,30.1,17.8
130,5.2,9,player,Borussia Mgladbach,0.552,1860.8,763.9,1907.1,852.3,96.21,52.9,38.0
130,5.2,16,player,Borussia Mgladbach,0.528,88.6,501.9,116.9,564.1,10.21,26.23,4.9
130,5.2,11,player,Borussia Mgladbach,0.525,676.6,708.4,712.4,789.6,39.83,47.28,13.1
130,5.2,13,player,Borussia Mgladbach,0.51,1076.2,863.3,1125.7,964.1,59.06,62.67,8.2
130,5.2,18,player,VfL Wolfsburg,0.501,1487.2,428.8,1514.7,490.7,79.48,19.06,10.7
130,5.2,26,player,VfL Wolfsburg,0.472,920.1,612.6,943.1,682.9,51.12,37.49,38.0
130,5.2,17,player,Borussia Mgladbach,0.461,1089.8,348.6,1110.5,394.6,59.59,9.45,33.2
130,5.2,12,player,VfL Wolfsburg,0.453,1494.1,691.6,1527.6,771.3,78.86,45.63,10.5
130,5.2,28,player,Borussia Mgladbach,0.397,1129.0,392.8,1152.0,447.6,61.56,14.78,0.6
130,5.2,25,player,Borussia Mgladbach,0.386,609.9,358.7,634.7,413.1,35.46,11.32,5.1
130,5.2,27,player,Borussia Mgladbach,0.379,1404.0,382.0,1434.2,439.1,75.58,13.93,21.6
130,5.2,15,player,Borussia Mgladbach,0.368,717.7,451.8,743.0,511.6,41.08,21.11,9.2
130,5.2,20,player,Borussia Mgladbach,0.355,1254.9,438.7,1276.0,503.0,67.71,20.27,26.1
130,5.2,22,player,Borussia Mgladbach,0.338,1198.2,564.1,1233.7,634.3,64.99,32.93,7.6
130,5.2,0,ball,Ball,0.7,706.0,83.0,713.0,91.0,39.2,-23.34,0.0
131,5.24,8,player,Borussia Mgladbach,0.681,1286.9,780.9,1324.8,874.5,68.81,54.86,7.1
131,5.24,10,player,Borussia Mgladbach,0.656,812.2,545.2,845.4,616.0,46.08,31.19,5.7
131,5.24,23,player,VfL Wolfsburg,0.622,857.6,433.2,884.0,500.1,48.06,19.99,0.8
131,5.24,19,player,Borussia Mgladbach,0.597,1621.3,530.3,1654.1,603.1,85.74,29.97,22.0
131,5.24,4,player,Borussia Mgladbach,0.579,664.8,811.1,702.1,910.5,39.53,58.03,10.1
131,5.24,14,player,Borussia Mgladbach,0.55,1678.8,649.9,1710.2,726.4,87.88,41.52,12.9
131,5.24,12,player,VfL Wolfsburg,0.489,1494.9,692.7,1530.0,773.1,78.93,45.79,15.7
131,5.24,13,player,Borussia Mgladbach,0.464,1077.6,863.2,1125.8,968.1,59.09,63.01,30.6
131,5.24,24,player,Borussia Mgladbach,0.446,1205.1,728.6,1230.7,817.4,64.76,49.79,19.4
131,5.24,18,player,VfL Wolfsburg,0.435,1489.6,429.7,1516.3,490.4,79.58,19.04,9.3
131,5.24,29,player,Borussia Mgladbach,0.423,1349.4,325.5,1374.8,373.9,72.92,7.33,0.0
131,5.24,26,player,VfL Wolfsburg,0.422,919.9,612.0,943.2,685.7,51.12,37.75,23.8
131,5.24,17,player,Borussia Mgladbach,0.408,1090.3,349.0,1110.8,390.7,59.61,9.05,35.7
131,5.24,16,player,Borussia Mgladbach,0.397,89.3,503.9,113.7,562.6,10.14,26.08,14.5
131,5.24,11,player,Borussia Mgladbach,0.346,676.8,707.6,708.5,790.3,39.74,47.34,9.6
131,5.24,27,player,Borussia Mgladbach,0.344,1405.9,381.8,1436.4,438.3,75.69,13.85,12.2
131,5.24,25,player,Borussia Mgladbach,0.323,610.1,355.3,635.2,410.7,35.47,11.08,21.6
131,5.24,0,ball,Ball,0.7,706.0,81.0,713.0,89.0,39.2,-23.56,0.0
132,5.28,10,player,Borussia Mgladbach,0.695,811.7,544.7,846.0,617.6,46.08,31.35,13.9
132,5.28,8,player,Borussia Mgladbach,0.663,1288.9,782.4,1326.7,876.0,68.9,55.0,14.6
132,5.28,19,player,Borussia Mgladbach,0.657,1623.7,531.6,1655.4,604.0,85.83,30.06,11.3
132,5.28,23,player,VfL Wolfsburg,0.594,857.6,432.7,883.5,500.5,48.05,20.02,3.3
132,5.28,14,player,Borussia Mgladbach,0.569,1683.3,650.4,1713.2,727.8,88.05,41.65,19.3
132,5.28,4,player,Borussia Mgladbach,0.564,664.6,813.5,702.6,909.2,39.53,57.91,10.2
132,5.28,18,player,VfL Wolfsburg,0.505,1495.2,426.1,1520.3,488.1,79.83,18.8,30.7
132,5.28,12,player,VfL Wolfsburg,0.497,1493.2,693.4,1530.6,773.1,78.91,45.79,2.4
132,5.28,24,player,Borussia Mgladbach,0.483,1202.9,728.8,1230.9,822.8,64.7,50.27,38.0
132,5.28,11,player,Borussia Mgladbach,0.47,676.1,710.1,706.3,791.0,39.67,47.41,8.6
132,5.28,15,player,Borussia Mgladbach,0.463,711.4,453.4,738.2,513.9,40.81,21.35,16.1
132,5.28,27,player,Borussia Mgladbach,0.425,1407.6,379.4,1443.7,437.8,75.91,13.8,20.8
132,5.28,13,player,Borussia Mgladbach,0.422,1077.7,865.1,1126.9,965.7,59.12,62.8,18.6
132,5.28,26,player,VfL Wolfsburg,0.413,919.8,612.5,943.1,686.2,51.12,37.8,4.5
132,5.28,16,player,Borussia Mgladbach,0.388,87.1,503.5,113.0,564.7,10.08,26.28,18.7
132,5.28,25,player,Borussia Mgladbach,0.38,613.0,353.5,637.9,408.3,35.61,10.83,25.3
132,5.28,17,player,Borussia Mgladbach,0.356,1090.4,346.0,1111.9,391.3,59.65,9.11,6.1
132,5.28,29,player,Borussia Mgladbach,0.348,1351.8,323.8,1376.8,373.9,73.03,7.34,10.0
132,5.28,28,player,Borussia Mgladbach,0.323,1130.4,392.0,1152.4,446.3,61.61,14.65,6.2
132,5.28,0,ball,Ball,0.7,706.0,80.0,713.0,87.0,39.19,-23.73,0.0
133,5.32,10,player,Borussia Mgladbach,0.708,812.2,543.3,845.2,631.5,46.09,32.67,38.0
133,5.32,8,player,Borussia Mgladbach,0.683,1290.3,784.1,1328.3,882.0,68.96,55.53,38.0
133,5.32,19,player,Borussia Mgladbach,0.653,1624.4,529.7,1657.4,606.1,85.88,30.25,18.2
133,5.32,24,player,Borussia Mgladbach,0.621,1199.7,727.9,1229.7,823.1,64.6,50.3,9.6
133,5.32,23,player,VfL Wolfsburg,0.616,856.9,434.1,884.2,501.1,48.05,20.09,6.1
133,5.32,4,player,Borussia Mgladbach,0.579,664.6,813.9,703.5,910.3,39.55,58.0,8.1
133,5.32,11,player,Borussia Mgladbach,0.571,674.9,712.2,705.9,792.8,39.64,47.57,15.0
133,5.32,14,player,Borussia Mgladbach,0.555,1685.8,651.4,1717.4,728.3,88.21,41.7,15.0
133,5.32,12,player,VfL Wolfsburg,0.517,1492.6,693.9,1531.4,773.3,78.91,45.81,1.1
133,5.32,27,player,Borussia Mgladbach,0.438,1410.1,377.8,1447.5,438.4,76.07,13.86,15.0
133,5.32,13,player,Borussia Mgladbach,0.417,1076.8,867.8,1128.4,970.9,59.13,63.25,38.0
133,5.32,18,player,VfL Wolfsburg,0.411,1497.5,428.3,1522.1,487.6,79.93,18.75,10.3
133,5.32,25,player,Borussia Mgladbach,0.393,614.7,352.9,638.5,405.8,35.66,10.57,23.6
133,5.32,22,player,Borussia Mgladbach,0.373,1205.2,560.1,1233.0,632.0,65.15,32.72,8.0
133,5.32,26,player,VfL Wolfsburg,0.353,920.2,612.5,943.3,687.0,51.13,37.87,6.4
133,5.32,15,player,Borussia Mgladbach,0.336,706.6,453.7,735.6,512.1,40.62,21.16,23.4
133,5.32,29,player,Borussia Mgladbach,0.304,1352.8,323.9,1378.2,374.0,73.09,7.34,5.4
133,5.32,9,player,Borussia Mgladbach,0.301,1874.7,767.9,1919.5,856.1,96.81,53.24,20.5
133,5.32,0,ball,Ball,0.7,706.0,77.0,714.0,85.0,39.21,-24.01,0.0
134,5.36,10,player,Borussia Mgladbach,0.709,812.6,544.7,844.6,635.3,46.08,33.03,32.3
134,5.36,8,player,Borussia Mgladbach,0.691,1292.3,786.7,1331.3,881.5,69.07,55.48,11.5
134,5.36,19,player,Borussia Mgladbach,0.623,1630.2,529.5,1661.3,606.1,86.12,30.25,21.5
134,5.36,24,player,Borussia Mgladbach,0.618,1190.6,729.8,1230.7,823.9,64.41,50.37,18.4
134,5.36,11,player,Borussia Mgladbach,0.618,674.2,712.8,705.3,794.0,39.61,47.69,10.4
134,5.36,4,player,Borussia Mgladbach,0.613,664.5,815.7,703.3,913.8,39.55,58.31,28.2
134,5.36,23,player,VfL Wolfsburg,0.585,856.6,434.7,884.4,501.4,48.04,20.11,2.0
134,5.36,14,player,Borussia Mgladbach,0.573,1687.3,651.0,1720.8,728.0,88.33,41.67,11.1
134,5.36,12,player,VfL Wolfsburg,0.534,1490.7,692.4,1533.4,776.1,78.9,46.07,23.4
134,5.36,22,player,Borussia Mgladbach,0.439,1206.2,560.5,1232.9,634.6,65.17,32.96,21.7
134,5.36,13,player,Borussia Mgladbach,0.431,1079.4,868.5,1129.6,968.9,59.22,63.08,17.8
134,5.36,26,player,VfL Wolfsburg,0.425,920.4,612.8,945.7,690.3,51.19,38.18,28.1
134,5.36,18,player,VfL Wolfsburg,0.348,1498.9,426.9,1523.9,488.0,80.01,18.8,8.0
134,5.36,25,player,Borussia Mgladbach,0.337,617.7,352.3,639.3,403.5,35.75,10.35,22.0
134,5.36,28,player,Borussia Mgladbach,0.328,1130.3,391.6,1153.1,444.6,61.63,14.49,7.5
134,5.36,27,player,Borussia Mgladbach,0.316,1411.5,378.0,1449.8,438.5,76.16,13.87,8.5
134,5.36,20,player,Borussia Mgladbach,0.307,1261.1,441.0,1286.5,508.4,68.11,20.8,15.0
134,5.36,15,player,Borussia Mgladbach,0.305,705.9,454.8,735.2,511.5,40.59,21.11,5.5
134,5.36,0,ball,Ball,0.7,707.0,75.0,714.0,83.0,39.24,-24.23,0.0
135,5.4,10,player,Borussia Mgladbach,0.701,814.2,545.3,845.5,632.8,46.14,32.79,22.0
135,5.4,24,player,Borussia Mgladbach,0.665,1183.4,732.1,1234.9,824.3,64.33,50.41,7.5
135,5.4,8,player,Borussia Mgladbach,0.641,1296.7,785.1,1334.0,881.9,69.24,55.52,15.0
135,5.4,14,player,Borussia Mgladbach,0.64,1691.4,650.0,1725.0,728.3,88.53,41.69,18.1
135,5.4,4,player,Borussia Mgladbach,0.628,663.8,816.3,703.1,911.7,39.53,58.12,17.3
135,5.4,11,player,Borussia Mgladbach,0.601,674.3,714.1,705.0,796.0,39.61,47.87,16.3
135,5.4,19,player,Borussia Mgladbach,0.598,1636.1,530.4,1665.1,605.9,86.36,30.23,21.6
135,5.4,23,player,VfL Wolfsburg,0.574,857.4,435.2,885.3,500.5,48.08,20.03,8.4
135,5.4,22,player,Borussia Mgladbach,0.501,1206.6,560.9,1233.1,633.5,65.19,32.86,9.1
135,5.4,12,player,VfL Wolfsburg,0.49,1489.3,692.9,1534.4,775.3,78.9,45.99,6.7
135,5.4,26,player,VfL Wolfsburg,0.448,920.7,612.7,947.8,691.8,51.25,38.32,13.8
135,5.4,13,player,Borussia Mgladbach,0.384,1081.3,869.5,1135.0,971.0,59.39,63.26,22.2
135,5.4,27,player,Borussia Mgladbach,0.372,1414.9,377.1,1448.8,437.3,76.22,13.75,12.3
135,5.4,25,player,Borussia Mgladbach,0.343,621.1,351.5,639.8,403.2,35.84,10.32,9.3
135,5.4,9,player,Borussia Mgladbach,0.34,1880.4,770.5,1919.3,859.4,96.92,53.53,14.1
135,5.4,20,player,Borussia Mgladbach,0.328,1261.6,442.5,1287.4,507.3,68.15,20.7,10.2
135,5.4,18,player,VfL Wolfsburg,0.313,1501.2,426.0,1528.0,488.9,80.17,18.89,16.2
135,5.4,28,player,Borussia Mgladbach,0.308,1130.5,393.1,1154.9,446.8,61.67,14.71,20.1
135,5.4,15,player,Borussia Mgladbach,0.305,704.8,460.5,732.8,510.1,40.5,20.97,14.7
135,5.4,0,ball,Ball,0.7,707.0,74.0,714.0,81.0,39.23,-24.4,0.0
136,5.44,24,player,Borussia Mgladbach,0.661,1179.8,734.0,1236.5,825.1,64.28,50.48,7.7
136,5.44,4,player,Borussia Mgladbach,0.659,664.0,816.9,703.6,914.6,39.55,58.38,22.8
136,5.44,10,player,Borussia Mgladbach,0.64,815.4,545.8,847.6,629.8,46.22,32.5,26.6
136,5.44,8,player,Borussia Mgladbach,0.634,1297.2,784.2,1337.4,885.4,69.32,55.82,28.9
136,5.44,14,player,Borussia Mgladbach,0.611,1695.8,649.7,1727.9,725.8,88.72,41.47,26.6
136,5.44,11,player,Borussia Mgladbach,0.556,675.5,715.2,703.9,798.5,39.61,48.09,19.8
136,5.44,26,player,VfL Wolfsburg,0.532,920.9,611.2,948.2,691.4,51.27,38.29,3.2
136,5.44,23,player,VfL Wolfsburg,0.532,857.8,436.3,886.0,499.3,48.11,19.91,10.8
136,5.44,19,player,Borussia Mgladbach,0.481,1639.5,532.4,1667.4,608.3,86.48,30.47,23.9
136,5.44,12,player,VfL Wolfsburg,0.461,1491.7,694.0,1536.1,778.6,78.98,46.29,28.0
136,5.44,22,player,Borussia Mgladbach,0.457,1206.9,559.8,1235.0,633.4,65.24,32.85,4.8
136,5.44,27,player,Borussia Mgladbach,0.411,1416.8,375.9,1450.8,437.8,76.32,13.8,9.6
136,5.44,16,player,Borussia Mgladbach,0.388,82.1,497.0,106.5,560.7,9.77,25.89,11.1
136,5.44,9,player,Borussia Mgladbach,0.382,1883.1,782.0,1919.4,865.3,96.94,54.05,38.0
136,5.44,20,player,Borussia Mgladbach,0.375,1262.9,441.0,1287.2,506.5,68.18,20.62,7.8
136,5.44,13,player,Borussia Mgladbach,0.372,1084.8,871.4,1135.5,972.1,59.49,63.35,12.1
136,5.44,18,player,VfL Wolfsburg,0.37,1503.1,425.9,1529.8,488.6,80.26,18.86,8.7
136,5.44,28,player,Borussia Mgladbach,0.357,1132.2,391.4,1153.7,443.9,61.69,14.42,26.1
136,5.44,0,ball,Ball,0.7,707.0,72.0,715.0,80.0,39.26,-24.57,0.0
137,5.48,24,player,Borussia Mgladbach,0.727,1180.0,736.1,1241.3,827.7,64.4,50.7,23.2
137,5.48,23,player,VfL Wolfsburg,0.695,857.0,434.3,888.4,502.1,48.15,20.18,24.8
137,5.48,10,player,Borussia Mgladbach,0.659,816.0,544.6,855.8,628.0,46.44,32.33,24.6
137,5.48,8,player,Borussia Mgladbach,0.641,1299.3,784.8,1338.3,885.7,69.39,55.85,6.5
137,5.48,11,player,Borussia Mgladbach,0.629,675.4,715.8,704.2,799.1,39.62,48.14,4.7
137,5.48,4,player,Borussia Mgladbach,0.62,663.9,817.7,703.7,912.2,39.54,58.17,18.6
137,5.48,14,player,Borussia Mgladbach,0.595,1698.8,649.3,1729.7,723.5,88.85,41.26,22.1
137,5.48,26,player,VfL Wolfsburg,0.547,921.7,611.5,949.9,691.4,51.33,38.28,5.6
137,5.48,16,player,Borussia Mgladbach,0.539,80.5,497.4,105.4,560.9,9.71,25.92,6.3
137,5.48,22,player,Borussia Mgladbach,0.528,1206.7,559.4,1236.9,634.0,65.28,32.9,6.2
137,5.48,20,player,Borussia Mgladbach,0.526,1263.9,440.0,1288.2,507.9,68.22,20.76,13.5
137,5.48,19,player,Borussia Mgladbach,0.518,1641.8,530.9,1672.6,612.2,86.65,30.83,36.1
137,5.48,12,player,VfL Wolfsburg,0.48,1492.8,695.4,1539.1,779.4,79.08,46.36,11.0
137,5.48,9,player,Borussia Mgladbach,0.464,1887.6,790.5,1919.4,861.4,97.08,53.71,32.9
137,5.48,18,player,VfL Wolfsburg,0.425,1506.5,424.9,1530.0,489.2,80.35,18.92,9.5
137,5.48,13,player,Borussia Mgladbach,0.421,1087.6,871.2,1137.5,973.3,59.59,63.46,13.6
137,5.48,25,player,Borussia Mgladbach,0.395,623.5,348.6,645.6,401.7,36.05,10.16,11.6
137,5.48,28,player,Borussia Mgladbach,0.39,1131.4,393.4,1156.9,444.2,61.75,14.44,5.9
137,5.48,27,player,Borussia Mgladbach,0.368,1420.8,376.0,1452.8,439.0,76.47,13.92,17.2
137,5.48,0,ball,Ball,0.7,708.0,70.0,715.0,79.0,39.28,-24.74,0.0
138,5.52,24,player,Borussia Mgladbach,0.763,1182.0,737.2,1243.0,827.8,64.49,50.72,8.0
138,5.52,23,player,VfL Wolfsburg,0.688,857.5,433.0,888.6,501.7,48.17,20.15,3.6
138,5.52,10,player,Borussia Mgladbach,0.682,817.5,543.6,855.7,624.2,46.47,31.97,32.7
138,5.52,8,player,Borussia Mgladbach,0.673,1300.5,786.2,1341.0,887.2,69.48,55.98,14.3
138,5.52,14,player,Borussia Mgladbach,0.639,1702.4,648.9,1732.4,722.5,89.0,41.16,16.4
138,5.52,11,player,Borussia Mgladbach,0.627,676.7,716.8,705.2,801.2,39.68,48.33,17.9
138,5.52,4,player,Borussia Mgladbach,0.621,664.5,818.6,703.4,917.4,39.56,58.63,38.0
138,5.52,19,player,Borussia Mgladbach,0.616,1644.7,531.5,1676.6,614.6,86.81,31.07,25.4
138,5.52,22,player,Borussia Mgladbach,0.609,1206.3,558.3,1239.7,633.3,65.34,32.84,7.5
138,5.52,12,player,VfL Wolfsburg,0.582,1495.5,694.0,1540.4,779.0,79.17,46.33,9.3
138,5.52,26,player,VfL Wolfsburg,0.57,924.3,611.4,952.6,690.9,51.46,38.24,12.3
138,5.52,25,player,Borussia Mgladbach,0.548,622.0,347.7,648.6,401.2,36.08,10.11,5.2
138,5.52,16,player,Borussia Mgladbach,0.53,79.5,497.5,104.4,559.8,9.65,25.81,11.4
138,5.52,20,player,Borussia Mgladbach,0.475,1264.0,440.5,1289.0,509.9,68.24,20.96,17.8
138,5.52,28,player,Borussia Mgladbach,0.443,1133.6,393.6,1157.4,444.8,61.82,14.5,8.1
138,5.52,13,player,Borussia Mgladbach,0.371,1088.5,873.0,1139.6,977.3,59.66,63.8,31.7
138,5.52,27,player,Borussia Mgladbach,0.368,1424.6,375.3,1461.4,439.0,76.78,13.92,27.9
138,5.52,18,player,VfL Wolfsburg,0.326,1509.0,424.1,1530.0,491.5,80.4,19.14,20.4
138,5.52,0,ball,Ball,0.7,709.0,68.0,716.0,77.0,39.33,-24.96,0.0
139,5.56,8,player,Borussia Mgladbach,0.717,1304.1,787.0,1344.0,885.7,69.64,55.85,18.5
139,5.56,24,player,Borussia Mgladbach,0.697,1183.2,736.7,1242.4,827.6,64.5,50.7,2.5
139,5.56,19,player,Borussia Mgladbach,0.662,1649.4,534.2,1679.9,614.6,87.0,31.06,17.5
139,5.56,23,player,VfL Wolfsburg,0.653,858.9,434.6,891.7,501.7,48.28,20.14,10.1
139,5.56,10,player,Borussia Mgladbach,0.637,818.6,541.9,856.6,621.6,46.51,31.72,22.7
139,5.56,14,player,Borussia Mgladbach,0.637,1703.8,647.3,1738.1,724.0,89.17,41.3,19.2
139,5.56,4,player,Borussia Mgladbach,0.631,664.6,820.3,703.6,920.4,39.57,58.89,23.6
139,5.56,12,player,VfL Wolfsburg,0.609,1497.8,694.4,1542.0,779.2,79.27,46.34,8.5
139,5.56,22,player,Borussia Mgladbach,0.558,1205.8,559.6,1241.2,637.4,65.36,33.22,34.3
139,5.56,16,player,Borussia Mgladbach,0.546,78.3,496.6,103.8,559.3,9.6,25.76,6.3
139,5.56,20,player,Borussia Mgladbach,0.537,1265.3,437.7,1290.3,507.3,68.31,20.7,23.8
139,5.56,26,player,VfL Wolfsburg,0.526,925.3,610.8,954.1,691.3,51.52,38.27,6.3
139,5.56,25,player,Borussia Mgladbach,0.526,623.8,346.0,650.5,400.0,36.17,9.99,13.4
139,5.56,11,player,Borussia Mgladbach,0.526,679.3,718.7,707.4,802.2,39.8,48.42,13.6
139,5.56,13,player,Borussia Mgladbach,0.427,1092.0,874.5,1140.4,979.6,59.76,64.0,19.8
139,5.56,28,player,Borussia Mgladbach,0.39,1135.4,393.1,1158.7,442.4,61.9,14.26,23.2
139,5.56,15,player,Borussia Mgladbach,0.304,696.2,448.1,722.9,510.3,40.04,20.99,10.3
139,5.56,0,ball,Ball,0.7,710.0,67.0,716.0,75.0,39.35,-25.13,0.0
140,5.6,8,player,Borussia Mgladbach,0.707,1305.7,789.4,1345.1,888.5,69.7,56.1,23.4
140,5.6,23,player,VfL Wolfsburg,0.654,860.2,435.4,894.2,501.9,48.38,20.16,8.6
140,5.6,19,player,Borussia Mgladbach,0.641,1653.5,535.2,1682.0,614.1,87.16,31.01,14.4
140,5.6,4,player,Borussia Mgladbach,0.639,665.1,822.1,703.5,920.8,39.58,58.92,3.1
140,5.6,12,player,VfL Wolfsburg,0.634,1502.5,694.0,1542.7,781.4,79.39,46.54,20.8
140,5.6,10,player,Borussia Mgladbach,0.614,818.8,543.2,855.6,622.4,46.49,31.8,7.1
140,5.6,24,player,Borussia Mgladbach,0.58,1186.7,735.2,1238.5,826.8,64.5,50.63,6.2
140,5.6,14,player,Borussia Mgladbach,0.569,1709.2,647.0,1741.7,723.3,89.39,41.23,20.8
140,5.6,22,player,Borussia Mgladbach,0.558,1206.6,559.4,1242.0,639.2,65.39,33.39,15.8
140,5.6,16,player,Borussia Mgladbach,0.556,76.5,497.7,101.6,558.7,9.5,25.7,10.4
140,5.6,25,player,Borussia Mgladbach,0.529,626.1,344.7,653.8,397.6,36.31,9.74,25.8
140,5.6,13,player,Borussia Mgladbach,0.515,1094.9,876.2,1141.3,980.4,59.85,64.07,10.1
140,5.6,11,player,Borussia Mgladbach,0.463,679.0,718.7,708.8,803.0,39.82,48.49,6.4
140,5.6,26,player,VfL Wolfsburg,0.442,927.5,611.9,955.2,690.8,51.6,38.23,8.3
140,5.6,20,player,Borussia Mgladbach,0.436,1266.8,435.9,1291.8,506.5,68.39,20.62,10.0
140,5.6,18,player,VfL Wolfsburg,0.416,1510.6,425.7,1536.2,490.5,80.6,19.04,10.0
140,5.6,30,player,Borussia Mgladbach,0.399,1372.9,320.1,1404.7,372.5,74.27,7.19,0.0
140,5.6,27,player,Borussia Mgladbach,0.391,1429.4,375.9,1467.2,439.4,77.04,13.97,12.2
140,5.6,15,player,Borussia Mgladbach,0.361,693.7,444.8,721.9,510.2,39.96,20.98,7.7
140,5.6,0,ball,Ball,0.7,711.0,64.0,717.0,73.0,39.4,-25.41,0.0
141,5.64,8,player,Borussia Mgladbach,0.722,1308.4,791.0,1349.2,887.9,69.86,56.05,15.3
141,5.64,19,player,Borussia Mgladbach,0.677,1660.2,537.4,1686.2,613.9,87.43,31.0,24.3
141,5.64,23,player,VfL Wolfsburg,0.631,863.1,436.5,896.1,502.8,48.5,20.25,13.6
141,5.64,24,player,Borussia Mgladbach,0.624,1187.8,736.0,1233.2,828.2,64.39,50.75,14.4
141,5.64,4,player,Borussia Mgladbach,0.601,665.7,823.4,703.6,922.6,39.6,59.07,14.1
141,5.64,12,player,VfL Wolfsburg,0.579,1504.9,695.4,1545.1,779.2,79.51,46.35,20.7
141,5.64,10,player,Borussia Mgladbach,0.577,820.1,545.0,854.8,621.5,46.51,31.72,7.4
141,5.64,26,player,VfL Wolfsburg,0.554,931.2,609.6,957.1,689.3,51.73,38.09,17.4
141,5.64,18,player,VfL Wolfsburg,0.545,1515.5,423.8,1540.6,490.8,80.83,19.07,20.8
141,5.64,16,player,Borussia Mgladbach,0.545,75.1,496.8,100.5,561.2,9.45,25.95,22.4
141,5.64,14,player,Borussia Mgladbach,0.543,1711.1,648.4,1743.7,726.9,89.46,41.57,31.0
141,5.64,22,player,Borussia Mgladbach,0.537,1207.1,560.4,1243.2,638.2,65.44,33.3,9.5
141,5.64,13,player,Borussia Mgladbach,0.519,1095.0,877.4,1145.8,982.7,59.95,64.26,19.9
141,5.64,20,player,Borussia Mgladbach,0.474,1270.1,437.0,1295.1,508.6,68.55,20.83,23.5
141,5.64,27,player,Borussia Mgladbach,0.426,1430.5,376.0,1469.8,438.6,77.14,13.88,11.4
141,5.64,15,player,Borussia Mgladbach,0.408,694.4,444.6,721.0,510.0,39.95,20.96,2.3
141,5.64,11,player,Borussia Mgladbach,0.404,680.6,724.8,711.1,805.3,39.92,48.7,20.7
141,5.64,25,player,Borussia Mgladbach,0.383,632.8,343.8,656.2,396.4,36.54,9.63,23.1
141,5.64,30,player,Borussia Mgladbach,0.31,1375.8,319.4,1411.8,373.7,74.52,7.31,25.0
141,5.64,28,player,Borussia Mgladbach,0.3,1137.0,393.0,1160.7,443.7,61.99,14.39,7.0
141,5.64,0,ball,Ball,0.7,712.0,64.0,718.0,71.0,39.45,-25.52,0.0
142,5.68,8,player,Borussia Mgladbach,0.715,1311.1,792.6,1351.2,887.8,69.97,56.03,10.2
142,5.68,24,player,Borussia Mgladbach,0.682,1192.1,736.1,1225.8,827.0,64.32,50.64,11.5
142,5.68,4,player,Borussia Mgladbach,0.628,665.6,825.4,704.4,920.3,39.62,58.87,18.2
142,5.68,14,player,Borussia Mgladbach,0.626,1716.0,647.4,1750.9,727.4,89.75,41.61,26.0
142,5.68,23,player,VfL Wolfsburg,0.61,865.3,437.0,897.4,503.4,48.58,20.32,9.7
142,5.68,10,player,Borussia Mgladbach,0.606,819.8,545.7,854.8,621.1,46.5,31.68,3.7
142,5.68,12,player,VfL Wolfsburg,0.581,1507.6,695.9,1547.3,779.0,79.63,46.33,10.6
142,5.68,19,player,Borussia Mgladbach,0.563,1665.3,538.8,1689.4,615.5,87.62,31.14,22.1
142,5.68,27,player,Borussia Mgladbach,0.555,1433.6,375.3,1472.3,439.9,77.28,14.01,17.2
142,5.68,16,player,Borussia Mgladbach,0.542,74.2,495.7,99.2,560.0,9.39,25.83,12.1
142,5.68,26,player,VfL Wolfsburg,0.54,933.0,604.6,956.0,686.7,51.75,37.85,21.5
142,5.68,13,player,Borussia Mgladbach,0.518,1096.3,879.0,1148.9,985.3,60.05,64.48,21.4
142,5.68,22,player,Borussia Mgladbach,0.507,1209.4,560.6,1244.5,642.1,65.52,33.67,34.3
142,5.68,18,player,VfL Wolfsburg,0.489,1517.6,422.4,1544.4,488.1,80.99,18.81,27.7
142,5.68,20,player,Borussia Mgladbach,0.442,1275.1,439.1,1297.0,510.5,68.71,21.01,22.2
142,5.68,11,player,Borussia Mgladbach,0.401,681.9,724.3,712.6,807.1,39.99,48.87,16.3
142,5.68,15,player,Borussia Mgladbach,0.374,695.1,447.2,721.4,509.5,39.98,20.91,4.8
142,5.68,25,player,Borussia Mgladbach,0.329,636.0,343.3,658.8,393.6,36.68,9.34,28.8
142,5.68,28,player,Borussia Mgladbach,0.317,1137.6,392.3,1161.1,443.4,62.01,14.37,3.0
142,5.68,0,ball,Ball,0.7,714.0,62.0,719.0,69.0,39.53,-25.75,0.0
143,5.72,8,player,Borussia Mgladbach,0.744,1313.3,792.9,1352.2,886.2,70.05,55.89,14.1
143,5.72,24,player,Borussia Mgladbach,0.638,1191.0,736.5,1221.6,830.8,64.19,50.98,32.9
143,5.72,4,player,Borussia Mgladbach,0.623,668.2,825.1,705.2,921.6,39.7,58.99,12.9
143,5.72,10,player,Borussia Mgladbach,0.582,821.2,546.5,854.4,620.8,46.52,31.65,3.2
143,5.72,12,player,VfL Wolfsburg,0.579,1509.4,696.6,1546.5,778.9,79.65,46.32,2.2
143,5.72,26,player,VfL Wolfsburg,0.573,934.2,600.6,959.1,682.8,51.85,37.49,34.0
143,5.72,16,player,Borussia Mgladbach,0.552,75.8,496.3,101.4,559.3,9.48,25.76,9.7
143,5.72,23,player,VfL Wolfsburg,0.552,867.8,437.1,900.3,503.0,48.72,20.27,12.8
143,5.72,14,player,Borussia Mgladbach,0.53,1717.0,648.1,1751.1,726.2,89.79,41.5,10.8
143,5.72,13,player,Borussia Mgladbach,0.519,1097.7,878.3,1149.4,985.6,60.09,64.51,4.8
143,5.72,11,player,Borussia Mgladbach,0.5,684.1,721.2,716.3,807.0,40.13,48.85,12.7
143,5.72,19,player,Borussia Mgladbach,0.489,1665.6,538.9,1691.6,617.2,87.67,31.31,15.6
143,5.72,22,player,Borussia Mgladbach,0.461,1210.0,560.5,1244.3,642.1,65.53,33.67,1.1
143,5.72,27,player,Borussia Mgladbach,0.452,1435.9,374.9,1475.6,439.6,77.42,13.98,13.1
143,5.72,15,player,Borussia Mgladbach,0.446,694.0,447.7,722.4,510.6,39.98,21.02,9.4
143,5.72,18,player,VfL Wolfsburg,0.438,1517.6,422.3,1545.5,488.1,81.02,18.81,2.5
143,5.72,20,player,Borussia Mgladbach,0.367,1277.5,442.3,1300.2,509.7,68.85,20.93,14.5
143,5.72,0,ball,Ball,0.7,715.0,60.0,721.0,69.0,39.6,-25.86,0.0
144,5.76,8,player,Borussia Mgladbach,0.749,1314.3,793.1,1352.8,886.7,70.09,55.94,5.3
144,5.76,24,player,Borussia Mgladbach,0.612,1187.0,736.0,1218.4,832.5,64.01,51.13,20.4
144,5.76,14,player,Borussia Mgladbach,0.607,1715.9,647.8,1751.8,725.8,89.78,41.46,3.2
144,5.76,26,player,VfL Wolfsburg,0.592,938.3,599.9,962.1,681.1,52.02,37.33,21.2
144,5.76,4,player,Borussia Mgladbach,0.589,669.2,827.1,705.5,916.8,39.72,58.58,37.4
144,5.76,16,player,Borussia Mgladbach,0.589,76.9,495.3,104.3,561.1,9.59,25.93,18.1
144,5.76,27,player,Borussia Mgladbach,0.556,1437.6,375.0,1464.4,439.3,77.18,13.95,21.5
144,5.76,23,player,VfL Wolfsburg,0.552,870.7,439.3,902.2,503.0,48.84,20.27,10.8
144,5.76,12,player,VfL Wolfsburg,0.541,1508.9,695.5,1547.2,779.8,79.66,46.4,7.2
144,5.76,13,player,Borussia Mgladbach,0.54,1098.8,876.7,1152.0,986.3,60.18,64.57,9.4
144,5.76,10,player,Borussia Mgladbach,0.532,824.2,546.2,853.0,620.4,46.56,31.61,5.0
144,5.76,11,player,Borussia Mgladbach,0.498,686.3,721.4,719.4,808.1,40.26,48.95,14.8
144,5.76,19,player,Borussia Mgladbach,0.466,1665.9,538.1,1692.8,618.7,87.7,31.45,12.9
144,5.76,22,player,Borussia Mgladbach,0.446,1210.4,558.9,1246.2,639.7,65.59,33.44,21.0
144,5.76,25,player,Borussia Mgladbach,0.424,642.9,341.3,668.4,397.7,37.1,9.76,26.8
144,5.76,15,player,Borussia Mgladbach,0.404,690.0,449.6,723.8,510.9,39.92,21.05,6.2
144,5.76,18,player,VfL Wolfsburg,0.401,1517.9,424.2,1546.7,489.7,81.05,18.97,14.8
144,5.76,28,player,Borussia Mgladbach,0.305,1137.2,391.8,1162.9,443.6,62.05,14.38,1.8
144,5.76,0,ball,Ball,0.7,716.0,60.0,723.0,69.0,39.68,-25.86,0.0
145,5.8,8,player,Borussia Mgladbach,0.728,1316.6,793.1,1354.3,886.8,70.17,55.95,8.0
145,5.8,24,player,Borussia Mgladbach,0.681,1182.1,734.3,1216.6,832.7,63.86,51.16,14.4
145,5.8,26,player,VfL Wolfsburg,0.624,939.0,599.5,964.0,680.9,52.09,37.31,6.0
145,5.8,4,player,Borussia Mgladbach,0.604,670.0,826.7,706.8,921.3,39.78,58.96,35.3
145,5.8,14,player,Borussia Mgladbach,0.601,1714.9,647.5,1752.4,725.6,89.77,41.45,1.5
145,5.8,12,player,VfL Wolfsburg,0.592,1506.4,695.8,1544.1,779.0,79.52,46.33,13.6
145,5.8,11,player,Borussia Mgladbach,0.587,686.4,721.8,720.6,806.5,40.29,48.81,13.1
145,5.8,27,player,Borussia Mgladbach,0.571,1439.6,375.2,1465.5,439.9,77.25,14.01,8.6
145,5.8,23,player,VfL Wolfsburg,0.539,873.9,437.2,904.9,503.4,48.98,20.31,13.6
145,5.8,19,player,Borussia Mgladbach,0.538,1668.1,537.8,1695.8,620.2,87.82,31.59,16.8
145,5.8,16,player,Borussia Mgladbach,0.536,79.7,494.6,106.0,559.3,9.69,25.76,18.2
145,5.8,10,player,Borussia Mgladbach,0.521,823.5,546.6,850.9,623.0,46.49,31.86,22.8
145,5.8,13,player,Borussia Mgladbach,0.511,1100.5,876.5,1153.2,985.5,60.25,64.5,8.8
145,5.8,22,player,Borussia Mgladbach,0.498,1212.9,557.9,1246.2,638.4,65.65,33.32,12.7
145,5.8,25,player,Borussia Mgladbach,0.465,647.8,339.6,671.1,397.6,37.3,9.75,17.5
145,5.8,28,player,Borussia Mgladbach,0.399,1137.2,392.1,1162.9,444.9,62.04,14.51,11.5
145,5.8,15,player,Borussia Mgladbach,0.386,688.7,448.4,724.8,511.2,39.91,21.08,3.0
145,5.8,18,player,VfL Wolfsburg,0.371,1518.9,424.8,1548.4,489.6,81.12,18.95,6.0
145,5.8,20,player,Borussia Mgladbach,0.367,1277.4,440.4,1301.7,509.4,68.89,20.9,2.2
145,5.8,0,ball,Ball,0.7,279.0,122.0,292.0,132.0,16.91,-18.89,0.0
146,5.84,8,player,Borussia Mgladbach,0.692,1317.4,793.3,1356.4,887.9,70.24,56.05,10.8
146,5.84,24,player,Borussia Mgladbach,0.617,1178.6,734.6,1216.1,829.7,63.76,50.89,25.7
146,5.84,12,player,VfL Wolfsburg,0.604,1504.8,695.8,1543.5,777.0,79.48,46.15,16.6
146,5.84,4,player,Borussia Mgladbach,0.599,670.4,825.6,707.8,919.7,39.81,58.83,12.5
146,5.84,14,player,Borussia Mgladbach,0.587,1715.7,647.3,1752.0,725.3,89.78,41.42,3.3
146,5.84,11,player,Borussia Mgladbach,0.579,689.5,720.6,721.5,806.6,40.38,48.82,8.7
146,5.84,23,player,VfL Wolfsburg,0.558,875.3,438.7,905.5,504.1,49.03,20.38,8.0
146,5.84,13,player,Borussia Mgladbach,0.536,1102.0,876.5,1154.5,985.9,60.31,64.54,6.6
146,5.84,26,player,VfL Wolfsburg,0.536,942.1,600.4,966.0,679.6,52.21,37.19,15.5
146,5.84,16,player,Borussia Mgladbach,0.531,80.0,494.5,107.3,561.2,9.74,25.94,17.2
146,5.84,19,player,Borussia Mgladbach,0.516,1668.8,539.4,1696.7,620.9,87.86,31.66,7.1
146,5.84,27,player,Borussia Mgladbach,0.491,1441.3,376.4,1466.4,439.7,77.32,13.99,6.5
146,5.84,15,player,Borussia Mgladbach,0.471,688.4,451.2,725.3,511.9,39.91,21.14,5.9
146,5.84,28,player,Borussia Mgladbach,0.448,1137.1,393.5,1162.8,446.0,62.04,14.62,9.6
146,5.84,10,player,Borussia Mgladbach,0.44,825.4,544.3,850.7,624.4,46.54,31.99,12.7
146,5.84,22,player,Borussia Mgladbach,0.431,1213.2,558.2,1246.7,635.9,65.68,33.08,21.7
146,5.84,20,player,Borussia Mgladbach,0.409,1276.4,439.4,1302.1,509.8,68.87,20.94,4.4
146,5.84,18,player,VfL Wolfsburg,0.356,1520.4,424.3,1549.3,490.2,81.17,19.01,7.2
146,5.84,25,player,Borussia Mgladbach,0.336,651.0,338.3,676.1,394.8,37.5,9.46,31.7
146,5.84,0,ball,Ball,0.7,67.0,106.0,75.0,112.0,5.46,-20.89,0.0
147,5.88,8,player,Borussia Mgladbach,0.719,1318.3,792.8,1358.2,890.5,70.3,56.27,20.9
147,5.88,11,player,Borussia Mgladbach,0.697,692.4,721.0,725.3,807.0,40.54,48.86,14.8
147,5.88,14,player,Borussia Mgladbach,0.647,1716.0,646.7,1752.0,724.4,89.8,41.34,7.3
147,5.88,26,player,VfL Wolfsburg,0.638,942.6,600.2,967.6,677.9,52.26,37.03,15.0
147,5.88,12,player,VfL Wolfsburg,0.622,1497.0,694.6,1543.8,775.8,79.3,46.04,18.6
147,5.88,23,player,VfL Wolfsburg,0.611,877.5,438.1,906.3,503.1,49.11,20.29,11.2
147,5.88,4,player,Borussia Mgladbach,0.586,670.1,823.3,709.0,920.2,39.83,58.87,4.3
147,5.88,24,player,Borussia Mgladbach,0.564,1174.0,734.9,1215.4,830.0,63.64,50.92,11.4
147,5.88,13,player,Borussia Mgladbach,0.55,1104.1,877.6,1156.6,985.7,60.41,64.52,8.9
147,5.88,19,player,Borussia Mgladbach,0.546,1670.6,540.2,1699.1,619.3,87.97,31.51,17.1
147,5.88,15,player,Borussia Mgladbach,0.5,688.4,445.0,725.6,511.9,39.92,21.15,0.8
147,5.88,27,player,Borussia Mgladbach,0.49,1442.1,375.5,1465.9,438.4,77.33,13.87,11.1
147,5.88,22,player,Borussia Mgladbach,0.487,1212.2,557.0,1247.5,634.3,65.68,32.93,13.4
147,5.88,28,player,Borussia Mgladbach,0.484,1136.6,393.4,1162.8,445.7,62.03,14.6,2.4
147,5.88,16,player,Borussia Mgladbach,0.44,81.5,493.1,107.9,562.7,9.81,26.09,14.1
147,5.88,18,player,VfL Wolfsburg,0.433,1521.5,423.9,1551.7,490.4,81.26,19.04,8.0
147,5.88,10,player,Borussia Mgladbach,0.429,827.9,544.0,851.1,622.5,46.61,31.82,17.1
147,5.88,20,player,Borussia Mgladbach,0.366,1275.8,439.1,1302.8,511.3,68.87,21.08,12.6
147,5.88,0,ball,Ball,0.7,238.0,26.0,263.0,44.0,14.51,-29.2,0.0
148,5.92,8,player,Borussia Mgladbach,0.666,1319.0,792.6,1359.9,893.8,70.35,56.56,26.7
148,5.92,23,player,VfL Wolfsburg,0.646,879.7,439.4,908.8,503.9,49.23,20.36,12.7
148,5.92,14,player,Borussia Mgladbach,0.643,1717.8,646.4,1751.8,724.9,89.83,41.39,5.5
148,5.92,19,player,Borussia Mgladbach,0.604,1671.5,540.6,1701.3,619.9,88.04,31.57,8.3
148,5.92,11,player,Borussia Mgladbach,0.595,700.0,720.6,729.1,805.4,40.81,48.71,27.5
148,5.92,22,player,Borussia Mgladbach,0.575,1214.7,554.8,1247.8,633.0,65.75,32.81,12.5
148,5.92,12,player,VfL Wolfsburg,0.557,1493.0,694.4,1542.6,775.9,79.18,46.04,11.3
148,5.92,15,player,Borussia Mgladbach,0.557,688.3,445.3,726.8,513.3,39.95,21.28,12.5
148,5.92,4,player,Borussia Mgladbach,0.552,670.4,824.3,709.5,922.6,39.85,59.08,18.8
148,5.92,10,player,Borussia Mgladbach,0.531,827.2,541.9,852.2,624.0,46.62,31.96,13.1
148,5.92,13,player,Borussia Mgladbach,0.502,1104.0,878.0,1157.7,985.6,60.43,64.51,2.3
148,5.92,27,player,Borussia Mgladbach,0.494,1441.4,379.1,1465.3,438.8,77.3,13.9,4.1
148,5.92,26,player,VfL Wolfsburg,0.479,943.4,601.2,971.6,676.5,52.38,36.89,16.1
148,5.92,28,player,Borussia Mgladbach,0.473,1136.3,395.0,1162.3,444.9,62.01,14.51,7.7
148,5.92,24,player,Borussia Mgladbach,0.442,1168.1,734.5,1215.4,828.4,63.5,50.77,18.1
148,5.92,18,player,VfL Wolfsburg,0.43,1521.7,423.9,1552.4,490.4,81.28,19.03,2.0
148,5.92,16,player,Borussia Mgladbach,0.373,83.2,491.3,111.2,562.1,9.92,26.04,11.5
148,5.92,20,player,Borussia Mgladbach,0.316,1275.5,439.7,1303.2,512.4,68.87,21.19,9.9
148,5.92,0,ball,Ball,0.7,195.0,36.0,203.0,42.0,11.78,-28.75,0.0
149,5.96,14,player,Borussia Mgladbach,0.717,1719.4,645.8,1752.1,724.6,89.88,41.36,4.8
149,5.96,23,player,VfL Wolfsburg,0.653,882.0,441.6,911.5,503.5,49.35,20.32,11.7
149,5.96,10,player,Borussia Mgladbach,0.649,826.9,540.7,852.7,622.1,46.62,31.77,16.7
149,5.96,8,player,Borussia Mgladbach,0.633,1319.9,792.0,1362.2,893.3,70.42,56.52,7.9
149,5.96,22,player,Borussia Mgladbach,0.623,1215.1,552.4,1248.8,630.9,65.78,32.61,18.2
149,5.96,12,player,VfL Wolfsburg,0.606,1491.4,695.2,1542.6,775.3,79.14,45.99,5.4
149,5.96,19,player,Borussia Mgladbach,0.598,1672.3,541.7,1702.8,619.8,88.1,31.56,5.0
149,5.96,15,player,Borussia Mgladbach,0.594,688.2,445.9,726.7,513.9,39.95,21.34,5.3
149,5.96,24,player,Borussia Mgladbach,0.559,1163.5,736.2,1216.5,828.4,63.42,50.77,7.3
149,5.96,4,player,Borussia Mgladbach,0.532,670.6,822.8,709.8,919.3,39.86,58.79,25.8
149,5.96,13,player,Borussia Mgladbach,0.528,1105.5,878.8,1158.9,985.2,60.5,64.48,6.6
149,5.96,11,player,Borussia Mgladbach,0.512,704.5,722.2,731.2,808.5,40.97,48.98,28.7
149,5.96,26,player,VfL Wolfsburg,0.509,944.6,601.9,971.3,678.0,52.4,37.04,13.4
149,5.96,28,player,Borussia Mgladbach,0.478,1135.9,393.5,1161.7,445.3,61.98,14.56,4.5
149,5.96,18,player,VfL Wolfsburg,0.458,1523.9,424.1,1553.7,490.5,81.37,19.05,7.8
149,5.96,27,player,Borussia Mgladbach,0.448,1442.6,380.1,1464.1,438.9,77.3,13.91,0.9
149,5.96,16,player,Borussia Mgladbach,0.377,84.0,490.2,112.3,556.5,9.93,25.49,38.0
149,5.96,20,player,Borussia Mgladbach,0.336,1276.2,441.0,1304.0,511.5,68.91,21.11,8.6
149,5.96,25,player,Borussia Mgladbach,0.329,661.7,336.1,688.1,391.7,38.07,9.15,19.5
149,5.96,0,ball,Ball,0.7,22.0,76.0,37.0,86.0,3.05,-24.01,0.0
150,6.0,14,player,Borussia Mgladbach,0.733,1719.9,644.9,1752.3,724.9,89.89,41.38,2.4
150,6.0,12,player,VfL Wolfsburg,0.68,1493.2,694.2,1542.5,775.6,79.18,46.01,4.0
150,6.0,10,player,Borussia Mgladbach,0.667,827.5,539.4,854.7,620.5,46.68,31.62,14.8
150,6.0,24,player,Borussia Mgladbach,0.655,1162.5,736.0,1219.7,828.7,63.47,50.8,5.3
150,6.0,8,player,Borussia Mgladbach,0.63,1321.4,792.7,1363.0,892.9,70.48,56.48,6.2
150,6.0,23,player,VfL Wolfsburg,0.622,884.1,439.0,914.3,504.8,49.47,20.45,15.7
150,6.0,19,player,Borussia Mgladbach,0.615,1672.4,542.9,1704.0,620.4,88.13,31.62,5.9
150,6.0,22,player,Borussia Mgladbach,0.588,1214.6,551.8,1249.9,627.7,65.81,32.31,27.2
150,6.0,13,player,Borussia Mgladbach,0.579,1108.8,878.6,1159.3,985.7,60.58,64.52,8.7
150,6.0,4,player,Borussia Mgladbach,0.537,671.3,823.2,709.8,920.6,39.87,58.9,10.3
150,6.0,26,player,VfL Wolfsburg,0.527,945.3,601.9,976.0,676.0,52.53,36.85,20.6
150,6.0,11,player,Borussia Mgladbach,0.526,705.5,723.4,733.1,808.9,41.04,49.02,7.1
150,6.0,15,player,Borussia Mgladbach,0.509,687.7,449.7,724.5,513.7,39.88,21.33,6.3
150,6.0,27,player,Borussia Mgladbach,0.453,1443.7,379.9,1464.1,437.1,77.33,13.73,16.3
150,6.0,18,player,VfL Wolfsburg,0.436,1525.5,424.7,1555.5,490.7,81.45,19.07,7.8
150,6.0,30,player,Borussia Mgladbach,0.422,1393.1,324.3,1417.4,374.0,75.1,7.35,0.0
150,6.0,28,player,Borussia Mgladbach,0.387,1135.9,393.0,1161.3,445.5,61.97,14.57,1.9
150,6.0,16,player,Borussia Mgladbach,0.367,84.8,491.3,112.2,556.4,9.95,25.48,1.8
150,6.0,25,player,Borussia Mgladbach,0.36,666.6,335.8,691.3,389.7,38.27,8.95,25.4
150,6.0,0,ball,Ball,0.7,24.0,76.0,38.0,86.0,3.13,-24.01,0.0
151,6.04,14,player,Borussia Mgladbach,0.728,1721.0,644.6,1752.2,723.3,89.93,41.24,13.5
151,6.04,12,player,VfL Wolfsburg,0.694,1494.7,695.4,1542.3,775.9,79.21,46.05,4.1
151,6.04,23,player,VfL Wolfsburg,0.669,886.5,438.7,917.0,505.0,49.6,20.47,11.5
151,6.04,8,player,Borussia Mgladbach,0.651,1322.8,792.8,1364.8,891.0,70.56,56.32,16.1
151,6.04,11,player,Borussia Mgladbach,0.639,707.9,723.2,736.8,809.4,41.19,49.07,13.8
151,6.04,24,player,Borussia Mgladbach,0.638,1163.0,736.3,1217.9,830.7,63.43,50.97,16.0
151,6.04,10,player,Borussia Mgladbach,0.616,828.0,538.8,855.1,619.6,46.7,31.54,8.2
151,6.04,19,player,Borussia Mgladbach,0.595,1673.5,543.1,1705.6,620.3,88.19,31.61,6.0
151,6.04,13,player,Borussia Mgladbach,0.589,1108.6,878.6,1160.1,986.6,60.59,64.6,6.9
151,6.04,22,player,Borussia Mgladbach,0.588,1215.8,547.8,1248.9,627.6,65.81,32.29,1.5
151,6.04,26,player,VfL Wolfsburg,0.532,946.0,601.3,976.9,677.1,52.57,36.95,10.0
151,6.04,4,player,Borussia Mgladbach,0.519,670.8,823.0,712.0,920.8,39.92,58.92,4.0
151,6.04,18,player,VfL Wolfsburg,0.505,1526.7,425.0,1557.1,490.8,81.52,19.07,6.5
151,6.04,15,player,Borussia Mgladbach,0.479,687.7,450.8,722.4,512.7,39.83,21.22,10.4
151,6.04,31,player,Borussia Mgladbach,0.454,1035.2,259.4,1054.4,307.4,56.85,0.47,0.0
151,6.04,27,player,Borussia Mgladbach,0.418,1444.0,380.6,1466.3,439.2,77.39,13.94,19.9
151,6.04,25,player,Borussia Mgladbach,0.395,671.5,336.1,694.5,388.2,38.47,8.79,22.9
151,6.04,30,player,Borussia Mgladbach,0.376,1394.8,325.3,1418.3,374.8,75.17,7.42,8.6
151,6.04,16,player,Borussia Mgladbach,0.323,86.0,490.2,111.9,555.0,9.97,25.34,12.4
151,6.04,0,ball,Ball,0.7,628.0,12.0,639.0,21.0,34.97,-31.31,0.0
152,6.08,14,player,Borussia Mgladbach,0.735,1721.9,644.6,1752.5,723.0,89.96,41.21,3.7
152,6.08,12,player,VfL Wolfsburg,0.706,1496.6,694.8,1541.8,774.1,79.25,45.88,15.4
152,6.08,11,player,Borussia Mgladbach,0.667,710.2,723.2,742.6,807.3,41.38,48.88,24.0
152,6.08,8,player,Borussia Mgladbach,0.638,1324.9,793.5,1365.2,892.6,70.61,56.45,13.1
152,6.08,24,player,Borussia Mgladbach,0.634,1163.4,733.4,1213.4,828.4,63.34,50.77,19.9
152,6.08,19,player,Borussia Mgladbach,0.615,1676.7,544.0,1706.3,618.7,88.3,31.45,16.9
152,6.08,23,player,VfL Wolfsburg,0.596,889.3,442.2,918.9,505.9,49.72,20.56,13.8
152,6.08,13,player,Borussia Mgladbach,0.589,1107.8,879.0,1162.1,986.6,60.62,64.59,2.6
152,6.08,22,player,Borussia Mgladbach,0.569,1217.1,546.7,1248.4,623.4,65.84,31.9,35.5
152,6.08,10,player,Borussia Mgladbach,0.554,828.3,537.5,855.4,618.0,46.72,31.39,13.2
152,6.08,26,player,VfL Wolfsburg,0.514,948.0,595.7,978.4,674.5,52.66,36.71,23.5
152,6.08,31,player,Borussia Mgladbach,0.514,1037.2,260.4,1055.9,306.3,56.94,0.35,13.2
152,6.08,18,player,VfL Wolfsburg,0.506,1526.7,423.7,1559.1,490.5,81.57,19.04,5.0
152,6.08,4,player,Borussia Mgladbach,0.502,671.1,823.1,712.1,918.6,39.92,58.73,17.2
152,6.08,27,player,Borussia Mgladbach,0.431,1444.0,379.6,1466.2,438.6,77.39,13.88,5.4
152,6.08,15,player,Borussia Mgladbach,0.418,687.2,448.3,718.4,511.9,39.71,21.14,12.5
152,6.08,25,player,Borussia Mgladbach,0.356,676.7,335.0,696.8,384.1,38.65,8.37,38.0
152,6.08,16,player,Borussia Mgladbach,0.341,87.9,490.1,111.8,555.2,10.01,25.37,4.8
152,6.08,30,player,Borussia Mgladbach,0.326,1397.1,323.9,1421.0,373.9,75.3,7.34,14.2
152,6.08,28,player,Borussia Mgladbach,0.302,1136.0,394.6,1160.1,446.2,61.94,14.65,3.5
152,6.08,0,ball,Ball,0.7,26.0,78.0,40.0,88.0,3.25,-23.78,0.0
153,6.12,14,player,Borussia Mgladbach,0.713,1722.2,645.4,1752.3,724.5,89.95,41.34,12.2
153,6.12,11,player,Borussia Mgladbach,0.702,712.4,724.7,745.6,804.6,41.5,48.64,24.2
153,6.12,12,player,VfL Wolfsburg,0.701,1499.8,693.1,1540.4,772.4,79.3,45.73,14.6
153,6.12,24,player,Borussia Mgladbach,0.665,1162.1,732.3,1210.5,825.8,63.25,50.53,23.0
153,6.12,8,player,Borussia Mgladbach,0.639,1327.7,793.8,1367.1,892.1,70.72,56.41,10.8
153,6.12,19,player,Borussia Mgladbach,0.615,1678.4,543.4,1709.2,618.8,88.41,31.46,10.1
153,6.12,26,player,VfL Wolfsburg,0.605,951.4,594.4,979.8,673.2,52.77,36.59,14.8
153,6.12,13,player,Borussia Mgladbach,0.587,1114.0,878.3,1162.7,984.5,60.78,64.41,21.5
153,6.12,22,player,Borussia Mgladbach,0.579,1218.0,546.1,1248.5,622.5,65.86,31.82,7.9
153,6.12,10,player,Borussia Mgladbach,0.555,828.5,538.6,857.4,617.8,46.77,31.37,5.3
153,6.12,18,player,VfL Wolfsburg,0.547,1527.8,424.6,1560.6,492.3,81.63,19.22,16.4
153,6.12,31,player,Borussia Mgladbach,0.543,1038.0,260.3,1058.1,306.7,57.02,0.4,7.8
153,6.12,23,player,VfL Wolfsburg,0.539,892.5,442.7,920.6,504.7,49.84,20.44,15.6
153,6.12,4,player,Borussia Mgladbach,0.515,673.2,823.2,712.1,918.9,39.97,58.75,5.1
153,6.12,27,player,Borussia Mgladbach,0.498,1443.6,380.0,1466.5,440.4,77.38,14.06,16.1
153,6.12,15,player,Borussia Mgladbach,0.435,686.2,446.7,714.8,512.5,39.6,21.21,12.0
153,6.12,16,player,Borussia Mgladbach,0.384,88.2,490.2,111.7,557.3,10.03,25.57,18.1
153,6.12,28,player,Borussia Mgladbach,0.326,1136.6,395.9,1159.9,446.1,61.95,14.64,1.2
153,6.12,20,player,Borussia Mgladbach,0.319,1277.9,440.9,1304.0,514.8,68.95,21.43,7.3
153,6.12,0,ball,Ball,0.7,397.0,90.0,410.0,99.0,22.99,-22.5,0.0
154,6.16,14,player,Borussia Mgladbach,0.729,1721.6,644.3,1752.4,723.6,89.94,41.26,7.3
154,6.16,12,player,VfL Wolfsburg,0.71,1502.2,692.5,1540.2,772.6,79.35,45.74,5.1
154,6.16,24,player,Borussia Mgladbach,0.672,1166.0,731.7,1205.4,824.5,63.22,50.42,10.6
154,6.16,11,player,Borussia Mgladbach,0.659,713.5,723.8,752.5,804.1,41.69,48.59,17.7
154,6.16,26,player,VfL Wolfsburg,0.638,952.9,594.6,980.9,671.0,52.84,36.38,19.9
154,6.16,13,player,Borussia Mgladbach,0.632,1113.1,879.6,1163.9,985.0,60.79,64.46,4.0
154,6.16,8,player,Borussia Mgladbach,0.631,1329.9,793.9,1368.2,891.7,70.8,56.38,7.6
154,6.16,22,player,Borussia Mgladbach,0.626,1217.8,546.2,1249.8,621.4,65.89,31.71,10.1
154,6.16,10,player,Borussia Mgladbach,0.623,828.6,542.3,857.5,616.6,46.78,31.25,10.6
154,6.16,19,player,Borussia Mgladbach,0.592,1680.8,542.2,1710.1,618.7,88.49,31.46,7.3
154,6.16,27,player,Borussia Mgladbach,0.534,1444.2,382.2,1467.7,439.4,77.43,13.96,10.0
154,6.16,4,player,Borussia Mgladbach,0.524,673.4,823.6,712.0,917.4,39.97,58.62,12.0
154,6.16,31,player,Borussia Mgladbach,0.48,1040.6,259.5,1062.4,306.9,57.19,0.41,16.1
154,6.16,18,player,VfL Wolfsburg,0.445,1527.7,424.8,1562.9,490.5,81.69,19.05,16.3
154,6.16,16,player,Borussia Mgladbach,0.434,90.0,487.5,113.4,554.5,10.1,25.3,25.5
154,6.16,23,player,VfL Wolfsburg,0.364,895.5,444.5,922.1,505.4,49.95,20.51,12.1
154,6.16,15,player,Borussia Mgladbach,0.342,686.1,447.4,712.7,513.3,39.55,21.29,8.5
154,6.16,0,ball,Ball,0.7,468.0,90.0,474.0,97.0,26.56,-22.61,0.0
155,6.2,10,player,Borussia Mgladbach,0.723,830.4,542.8,860.5,617.3,46.89,31.32,12.3
155,6.2,14,player,Borussia Mgladbach,0.721,1722.5,645.0,1752.8,721.3,89.99,41.05,19.5
155,6.2,24,player,Borussia Mgladbach,0.711,1165.9,731.6,1200.4,823.7,63.1,50.35,12.2
155,6.2,12,player,VfL Wolfsburg,0.671,1501.8,692.0,1540.9,771.4,79.37,45.63,10.3
155,6.2,26,player,VfL Wolfsburg,0.669,954.3,592.9,982.2,669.4,52.9,36.23,14.5
155,6.2,8,player,Borussia Mgladbach,0.661,1331.7,793.2,1371.0,890.1,70.91,56.24,16.3
155,6.2,11,player,Borussia Mgladbach,0.645,715.2,721.7,756.9,804.5,41.83,48.63,13.7
155,6.2,22,player,Borussia Mgladbach,0.632,1219.9,547.5,1252.5,623.0,66.01,31.86,17.3
155,6.2,19,player,Borussia Mgladbach,0.598,1682.6,542.4,1711.9,618.5,88.58,31.44,8.2
155,6.2,13,player,Borussia Mgladbach,0.569,1116.7,879.6,1165.6,984.5,60.91,64.41,11.8
155,6.2,16,player,Borussia Mgladbach,0.562,91.3,484.6,115.7,555.1,10.19,25.35,9.8
155,6.2,27,player,Borussia Mgladbach,0.533,1444.7,380.7,1468.4,440.1,77.45,14.04,7.2
155,6.2,4,player,Borussia Mgladbach,0.529,675.7,825.7,715.0,919.4,40.1,58.8,19.5
155,6.2,18,player,VfL Wolfsburg,0.522,1529.0,426.8,1565.1,490.6,81.78,19.05,7.8
155,6.2,23,player,VfL Wolfsburg,0.444,896.4,443.3,923.0,505.5,50.0,20.52,4.4
155,6.2,15,player,Borussia Mgladbach,0.341,687.7,449.4,711.9,515.4,39.57,21.49,18.6
155,6.2,30,player,Borussia Mgladbach,0.307,1401.0,324.3,1422.5,376.8,75.42,7.63,9.4
155,6.2,0,ball,Ball,0.7,401.0,90.0,414.0,100.0,23.2,-22.44,0.0
156,6.24,10,player,Borussia Mgladbach,0.763,831.1,542.4,861.9,617.0,46.94,31.29,4.9
156,6.24,8,player,Borussia Mgladbach,0.72,1334.6,792.7,1374.1,890.4,71.06,56.26,12.9
156,6.24,14,player,Borussia Mgladbach,0.699,1723.2,644.3,1753.9,720.5,90.04,40.97,8.1
156,6.24,12,player,VfL Wolfsburg,0.676,1502.2,691.9,1541.8,772.7,79.39,45.75,10.9
156,6.24,26,player,VfL Wolfsburg,0.644,956.3,590.9,984.3,667.4,53.0,36.05,18.6
156,6.24,24,player,Borussia Mgladbach,0.618,1165.3,732.9,1197.0,822.7,63.01,50.26,11.7
156,6.24,4,player,Borussia Mgladbach,0.559,676.7,826.6,716.2,920.0,40.15,58.85,7.2
156,6.24,19,player,Borussia Mgladbach,0.559,1683.4,541.5,1711.4,623.0,88.56,31.87,38.0
156,6.24,16,player,Borussia Mgladbach,0.549,93.0,485.7,118.5,555.8,10.3,25.42,12.2
156,6.24,13,player,Borussia Mgladbach,0.523,1116.4,879.7,1167.5,985.4,60.95,64.49,8.1
156,6.24,22,player,Borussia Mgladbach,0.514,1221.9,549.6,1253.5,624.1,66.08,31.97,11.5
156,6.24,25,player,Borussia Mgladbach,0.501,692.1,336.2,717.2,385.2,39.56,8.49,20.6
156,6.24,27,player,Borussia Mgladbach,0.451,1445.0,380.4,1471.7,441.8,77.54,14.21,17.2
156,6.24,18,player,VfL Wolfsburg,0.439,1530.5,426.7,1566.5,489.9,81.86,18.98,9.0
156,6.24,11,player,Borussia Mgladbach,0.437,716.8,725.2,758.2,805.0,41.9,48.67,7.4
156,6.24,15,player,Borussia Mgladbach,0.412,687.9,447.5,711.8,518.2,39.58,21.77,24.4
156,6.24,23,player,VfL Wolfsburg,0.372,897.4,444.5,926.2,508.1,50.1,20.78,24.8
156,6.24,0,ball,Ball,0.7,471.0,90.0,480.0,99.0,26.81,-22.5,0.0
157,6.28,12,player,VfL Wolfsburg,0.758,1502.3,691.1,1540.9,773.6,79.37,45.83,7.8
157,6.28,10,player,Borussia Mgladbach,0.739,831.2,542.3,864.2,616.7,47.0,31.26,6.1
157,6.28,14,player,Borussia Mgladbach,0.726,1723.6,645.7,1755.8,722.5,90.08,41.16,17.1
157,6.28,8,player,Borussia Mgladbach,0.724,1335.8,793.3,1376.0,891.2,71.13,56.33,8.8
157,6.28,24,player,Borussia Mgladbach,0.649,1164.6,732.5,1195.0,823.1,62.94,50.3,6.6
157,6.28,26,player,VfL Wolfsburg,0.625,956.8,588.0,987.1,666.5,53.08,35.96,10.8
157,6.28,4,player,Borussia Mgladbach,0.586,677.7,824.5,714.4,918.8,40.13,58.75,9.8
157,6.28,13,player,Borussia Mgladbach,0.582,1117.1,879.6,1169.7,988.0,61.01,64.71,20.4
157,6.28,19,player,Borussia Mgladbach,0.567,1684.4,542.0,1712.5,622.0,88.62,31.77,10.3
157,6.28,25,player,Borussia Mgladbach,0.539,696.8,335.1,719.6,383.2,39.73,8.28,24.4
157,6.28,16,player,Borussia Mgladbach,0.537,94.5,485.3,119.3,549.3,10.32,24.79,38.0
157,6.28,22,player,Borussia Mgladbach,0.521,1221.7,550.3,1254.9,623.4,66.11,31.9,7.1
157,6.28,11,player,Borussia Mgladbach,0.5,723.2,724.1,762.6,804.8,42.16,48.65,23.1
157,6.28,15,player,Borussia Mgladbach,0.474,684.8,448.3,710.7,514.5,39.47,21.4,34.2
157,6.28,27,player,Borussia Mgladbach,0.456,1443.8,379.6,1473.8,442.1,77.56,14.23,2.8
157,6.28,23,player,VfL Wolfsburg,0.45,900.2,444.3,926.9,507.5,50.19,20.72,9.5
157,6.28,18,player,VfL Wolfsburg,0.323,1533.3,426.7,1568.1,490.1,81.96,19.0,9.7
157,6.28,28,player,Borussia Mgladbach,0.318,1136.7,394.0,1160.7,446.3,61.98,14.66,0.7
157,6.28,0,ball,Ball,0.7,472.0,90.0,480.0,98.0,26.83,-22.56,0.0
158,6.32,10,player,Borussia Mgladbach,0.737,831.4,541.9,866.2,619.2,47.06,31.5,21.6
158,6.32,14,player,Borussia Mgladbach,0.734,1723.4,645.0,1756.3,721.3,90.09,41.05,9.5
158,6.32,12,player,VfL Wolfsburg,0.718,1501.1,689.0,1538.3,775.1,79.27,45.97,15.2
158,6.32,8,player,Borussia Mgladbach,0.708,1338.6,794.0,1377.6,890.6,71.23,56.28,10.5
158,6.32,26,player,VfL Wolfsburg,0.624,961.7,586.7,988.9,664.1,53.24,35.74,24.7
158,6.32,19,player,Borussia Mgladbach,0.605,1685.2,542.4,1713.3,621.8,88.66,31.75,3.9
158,6.32,16,player,Borussia Mgladbach,0.602,94.5,484.9,120.4,549.5,10.35,24.81,3.1
158,6.32,24,player,Borussia Mgladbach,0.545,1163.0,731.8,1193.4,821.2,62.87,50.13,16.9
158,6.32,4,player,Borussia Mgladbach,0.528,679.3,823.5,715.0,919.2,40.18,58.78,5.5
158,6.32,13,player,Borussia Mgladbach,0.514,1116.5,880.4,1170.5,986.3,61.02,64.57,13.0
158,6.32,22,player,Borussia Mgladbach,0.508,1222.0,550.1,1254.2,622.5,66.1,31.82,7.3
158,6.32,11,player,Borussia Mgladbach,0.487,722.9,721.5,763.4,803.9,42.17,48.57,7.4
158,6.32,15,player,Borussia Mgladbach,0.483,684.2,450.1,710.7,515.2,39.45,21.47,6.0
158,6.32,27,player,Borussia Mgladbach,0.469,1442.4,379.9,1472.1,441.8,77.48,14.2,7.4
158,6.32,28,player,Borussia Mgladbach,0.447,1135.3,397.1,1161.0,449.1,61.94,14.93,24.7
158,6.32,18,player,VfL Wolfsburg,0.439,1535.7,428.3,1571.9,491.4,82.11,19.13,17.8
158,6.32,23,player,VfL Wolfsburg,0.437,900.9,444.5,928.7,507.7,50.25,20.73,5.7
158,6.32,25,player,Borussia Mgladbach,0.412,697.6,332.7,724.0,383.3,39.87,8.29,12.1
158,6.32,31,player,Borussia Mgladbach,0.329,1047.8,262.1,1073.1,309.6,57.65,0.7,12.2
158,6.32,0,ball,Ball,0.7,474.0,90.0,481.0,97.0,26.91,-22.61,0.0
159,6.36,12,player,VfL Wolfsburg,0.744,1499.1,690.1,1539.2,773.5,79.25,45.82,13.4
159,6.36,14,player,Borussia Mgladbach,0.736,1723.9,645.4,1756.5,720.9,90.11,41.02,3.6
159,6.36,8,player,Borussia Mgladbach,0.704,1339.1,794.3,1379.5,891.1,71.28,56.33,6.3
159,6.36,10,player,Borussia Mgladbach,0.7,832.0,542.7,866.9,618.3,47.09,31.41,8.4
159,6.36,11,player,Borussia Mgladbach,0.645,724.6,720.4,766.5,805.5,42.29,48.72,17.1
159,6.36,4,player,Borussia Mgladbach,0.637,681.5,821.4,716.8,918.9,40.28,58.76,8.5
159,6.36,22,player,Borussia Mgladbach,0.631,1223.4,548.3,1255.3,622.3,66.16,31.79,6.1
159,6.36,26,player,VfL Wolfsburg,0.627,962.1,583.6,990.8,663.0,53.3,35.63,10.9
159,6.36,19,player,Borussia Mgladbach,0.617,1686.0,543.2,1713.6,622.6,88.68,31.83,7.4
159,6.36,24,player,Borussia Mgladbach,0.601,1159.1,730.5,1192.8,820.9,62.76,50.1,9.9
159,6.36,16,player,Borussia Mgladbach,0.599,95.1,484.8,122.3,547.2,10.4,24.59,20.7
159,6.36,13,player,Borussia Mgladbach,0.541,1118.1,880.1,1172.4,983.9,61.1,64.36,20.1
159,6.36,23,player,VfL Wolfsburg,0.514,903.4,445.2,930.1,506.9,50.35,20.66,10.9
159,6.36,15,player,Borussia Mgladbach,0.509,683.9,451.7,711.0,517.3,39.46,21.68,18.8
159,6.36,28,player,Borussia Mgladbach,0.477,1134.7,398.0,1160.4,449.9,61.91,15.01,7.7
159,6.36,27,player,Borussia Mgladbach,0.472,1444.3,379.4,1473.6,441.9,77.57,14.21,8.0
159,6.36,18,player,VfL Wolfsburg,0.425,1538.7,428.7,1576.2,490.5,82.3,19.04,19.1
159,6.36,31,player,Borussia Mgladbach,0.358,1051.0,263.0,1076.1,307.8,57.81,0.51,22.3
159,6.36,0,ball,Ball,0.7,475.0,90.0,482.0,98.0,26.96,-22.56,0.0
160,6.4,14,player,Borussia Mgladbach,0.767,1723.3,645.1,1756.3,721.6,90.09,41.08,5.9
160,6.4,12,player,VfL Wolfsburg,0.75,1495.3,688.5,1537.8,772.3,79.13,45.72,14.4
160,6.4,10,player,Borussia Mgladbach,0.684,831.9,543.4,869.2,617.4,47.14,31.33,8.6
160,6.4,8,player,Borussia Mgladbach,0.673,1340.9,795.4,1383.0,894.9,71.4,56.66,31.6
160,6.4,26,player,VfL Wolfsburg,0.67,964.0,583.8,992.9,660.3,53.4,35.37,24.8
160,6.4,24,player,Borussia Mgladbach,0.664,1142.3,729.0,1193.0,820.3,62.37,50.05,35.7
160,6.4,16,player,Borussia Mgladbach,0.642,96.3,483.2,123.5,547.2,10.46,24.59,5.3
160,6.4,11,player,Borussia Mgladbach,0.635,731.6,719.9,767.8,804.9,42.49,48.66,18.6
160,6.4,4,player,Borussia Mgladbach,0.628,682.5,821.7,717.8,920.1,40.32,58.86,10.2
160,6.4,19,player,Borussia Mgladbach,0.615,1687.2,544.0,1713.5,620.6,88.72,31.63,17.9
160,6.4,22,player,Borussia Mgladbach,0.568,1225.9,548.3,1256.0,621.6,66.24,31.72,9.3
160,6.4,23,player,VfL Wolfsburg,0.561,903.0,445.0,931.1,506.2,50.36,20.58,6.8
160,6.4,13,player,Borussia Mgladbach,0.524,1122.4,879.0,1172.6,982.8,61.21,64.27,12.6
160,6.4,27,player,Borussia Mgladbach,0.518,1448.0,380.7,1475.0,442.0,77.7,14.22,11.4
160,6.4,15,player,Borussia Mgladbach,0.513,683.3,449.4,710.6,515.3,39.43,21.48,18.1
160,6.4,28,player,Borussia Mgladbach,0.475,1134.7,398.8,1159.0,448.1,61.88,14.83,16.0
160,6.4,18,player,VfL Wolfsburg,0.454,1540.3,427.3,1578.6,491.5,82.39,19.14,12.4
160,6.4,31,player,Borussia Mgladbach,0.363,1053.8,263.2,1078.4,307.1,57.94,0.44,13.4
160,6.4,0,ball,Ball,0.7,476.0,90.0,482.0,97.0,26.99,-22.61,0.0
161,6.44,14,player,Borussia Mgladbach,0.764,1722.2,643.0,1756.8,721.6,90.08,41.08,1.1
161,6.44,12,player,VfL Wolfsburg,0.723,1493.2,688.5,1537.4,772.0,79.07,45.69,6.1
161,6.44,16,player,Borussia Mgladbach,0.698,97.6,480.5,125.1,547.2,10.53,24.59,6.6
161,6.44,24,player,Borussia Mgladbach,0.68,1139.6,729.0,1193.4,820.4,62.31,50.05,5.0
161,6.44,10,player,Borussia Mgladbach,0.659,831.6,542.2,869.0,613.9,47.13,31.0,29.9
161,6.44,26,player,VfL Wolfsburg,0.65,963.9,583.5,994.9,659.2,53.44,35.27,10.1
161,6.44,8,player,Borussia Mgladbach,0.635,1340.7,795.1,1385.4,894.0,71.45,56.58,8.6
161,6.44,19,player,Borussia Mgladbach,0.618,1687.3,543.7,1714.5,620.3,88.75,31.61,3.6
161,6.44,11,player,Borussia Mgladbach,0.617,737.0,718.4,768.8,802.0,42.63,48.4,27.0
161,6.44,4,player,Borussia Mgladbach,0.574,683.2,823.9,719.5,918.1,40.38,58.69,16.4
161,6.44,15,player,Borussia Mgladbach,0.554,682.6,447.4,711.0,512.2,39.41,21.18,26.8
161,6.44,23,player,VfL Wolfsburg,0.546,905.3,445.7,934.1,507.2,50.49,20.69,14.8
161,6.44,22,player,Borussia Mgladbach,0.54,1227.2,546.8,1257.5,620.4,66.31,31.62,11.4
161,6.44,13,player,Borussia Mgladbach,0.536,1120.7,879.6,1172.9,985.2,61.17,64.48,19.1
161,6.44,27,player,Borussia Mgladbach,0.506,1448.2,382.4,1474.4,441.9,77.69,14.21,1.5
161,6.44,18,player,VfL Wolfsburg,0.486,1539.8,426.8,1578.2,491.6,82.37,19.15,2.3
161,6.44,28,player,Borussia Mgladbach,0.469,1134.1,399.2,1157.2,446.9,61.82,14.72,11.7
161,6.44,31,player,Borussia Mgladbach,0.398,1056.7,263.1,1079.3,306.4,58.04,0.37,10.9
161,6.44,25,player,Borussia Mgladbach,0.361,714.9,336.7,736.6,381.8,40.62,8.14,23.1
161,6.44,0,ball,Ball,0.7,477.0,90.0,484.0,98.0,27.07,-22.56,0.0
162,6.48,14,player,Borussia Mgladbach,0.75,1721.0,643.0,1756.5,719.9,90.05,40.92,14.4
162,6.48,16,player,Borussia Mgladbach,0.73,97.9,479.5,126.2,547.8,10.57,24.64,6.2
162,6.48,12,player,VfL Wolfsburg,0.68,1492.0,688.0,1537.1,772.8,79.04,45.76,7.5
162,6.48,24,player,Borussia Mgladbach,0.675,1139.7,729.3,1192.4,818.8,62.29,49.91,12.7
162,6.48,8,player,Borussia Mgladbach,0.668,1340.1,794.8,1387.8,895.7,71.49,56.73,14.0
162,6.48,11,player,Borussia Mgladbach,0.668,744.4,717.5,774.4,802.6,42.94,48.46,28.3
162,6.48,23,player,VfL Wolfsburg,0.659,908.2,444.6,936.7,508.6,50.63,20.83,17.9
162,6.48,10,player,Borussia Mgladbach,0.65,832.1,542.6,868.9,611.9,47.14,30.8,17.7
162,6.48,19,player,Borussia Mgladbach,0.632,1688.0,542.8,1716.0,621.4,88.8,31.71,10.6
162,6.48,26,player,VfL Wolfsburg,0.61,964.3,584.4,995.5,658.3,53.47,35.19,8.0
162,6.48,15,player,Borussia Mgladbach,0.578,680.2,446.6,711.5,513.8,39.37,21.34,14.8
162,6.48,18,player,VfL Wolfsburg,0.559,1542.8,426.7,1581.3,490.3,82.53,19.03,18.4
162,6.48,13,player,Borussia Mgladbach,0.542,1120.7,878.4,1174.5,985.2,61.21,64.47,3.4
162,6.48,4,player,Borussia Mgladbach,0.531,684.4,824.7,720.5,918.9,40.43,58.75,7.5
162,6.48,22,player,Borussia Mgladbach,0.493,1227.6,545.4,1258.5,620.5,66.35,31.62,3.1
162,6.48,27,player,Borussia Mgladbach,0.492,1448.3,383.0,1474.5,442.2,77.69,14.24,3.0
162,6.48,25,player,Borussia Mgladbach,0.406,719.0,336.0,742.3,383.2,40.87,8.29,26.1
162,6.48,28,player,Borussia Mgladbach,0.403,1132.8,399.0,1156.5,447.3,61.77,14.75,5.7
162,6.48,31,player,Borussia Mgladbach,0.368,1058.5,263.8,1080.1,305.3,58.11,0.25,12.0
162,6.48,0,ball,Ball,0.7,478.0,90.0,484.0,97.0,27.09,-22.61,0.0
163,6.52,14,player,Borussia Mgladbach,0.75,1719.9,643.8,1755.3,720.1,89.99,40.94,5.2
163,6.52,16,player,Borussia Mgladbach,0.721,99.2,479.4,126.0,547.7,10.59,24.64,2.4
163,6.52,24,player,Borussia Mgladbach,0.683,1140.6,730.1,1193.7,819.6,62.35,49.99,8.2
163,6.52,8,player,Borussia Mgladbach,0.68,1341.7,795.6,1389.0,897.3,71.55,56.87,13.7
163,6.52,12,player,VfL Wolfsburg,0.661,1491.6,687.9,1536.5,773.1,79.01,45.79,3.8
163,6.52,19,player,Borussia Mgladbach,0.658,1688.5,542.4,1716.9,622.1,88.83,31.78,6.5
163,6.52,10,player,Borussia Mgladbach,0.654,832.3,541.8,867.7,611.8,47.11,30.8,2.3
163,6.52,23,player,VfL Wolfsburg,0.617,910.0,442.8,941.0,509.7,50.79,20.93,16.5
163,6.52,18,player,VfL Wolfsburg,0.609,1545.9,426.2,1582.9,490.4,82.65,19.03,10.4
163,6.52,4,player,Borussia Mgladbach,0.602,685.8,825.3,721.0,919.9,40.48,58.84,8.9
163,6.52,15,player,Borussia Mgladbach,0.596,679.6,446.2,709.1,514.3,39.3,21.38,7.5
163,6.52,26,player,VfL Wolfsburg,0.59,964.3,583.9,996.4,659.6,53.49,35.32,11.6
163,6.52,13,player,Borussia Mgladbach,0.539,1121.6,878.5,1175.1,986.3,61.24,64.57,8.9
163,6.52,11,player,Borussia Mgladbach,0.529,751.5,718.1,776.6,802.0,43.16,48.4,20.4
163,6.52,25,player,Borussia Mgladbach,0.471,724.5,332.4,744.2,379.3,41.05,7.88,38.0
163,6.52,27,player,Borussia Mgladbach,0.467,1448.5,382.5,1475.6,442.6,77.72,14.28,4.6
163,6.52,22,player,Borussia Mgladbach,0.443,1229.2,543.7,1260.0,619.6,66.43,31.54,10.2
163,6.52,28,player,Borussia Mgladbach,0.431,1131.9,398.1,1155.3,447.2,61.72,14.74,4.8
163,6.52,31,player,Borussia Mgladbach,0.388,1063.5,261.9,1082.8,303.5,58.31,0.06,25.3
163,6.52,0,ball,Ball,0.7,479.0,91.0,486.0,98.0,27.18,-22.5,0.0
164,6.56,14,player,Borussia Mgladbach,0.736,1719.4,643.5,1754.6,720.7,89.96,40.99,5.7
164,6.56,16,player,Borussia Mgladbach,0.698,100.0,479.7,127.7,546.1,10.65,24.49,14.8
164,6.56,24,player,Borussia Mgladbach,0.685,1140.0,729.3,1194.6,819.5,62.35,49.97,1.6
164,6.56,10,player,Borussia Mgladbach,0.684,831.4,539.8,865.3,609.4,47.03,30.57,21.7
164,6.56,12,player,VfL Wolfsburg,0.665,1490.9,688.0,1536.7,772.0,79.0,45.69,9.4
164,6.56,8,player,Borussia Mgladbach,0.661,1338.7,796.8,1390.9,896.7,71.53,56.82,5.0
164,6.56,18,player,VfL Wolfsburg,0.658,1550.5,425.2,1584.0,492.0,82.78,19.19,18.7
164,6.56,19,player,Borussia Mgladbach,0.652,1689.2,542.1,1717.5,621.8,88.86,31.75,3.8
164,6.56,15,player,Borussia Mgladbach,0.648,677.9,445.9,707.2,514.4,39.21,21.39,8.4
164,6.56,4,player,Borussia Mgladbach,0.647,686.0,825.3,721.5,920.3,40.49,58.87,3.5
164,6.56,23,player,VfL Wolfsburg,0.578,910.6,443.7,942.8,507.4,50.84,20.7,21.0
164,6.56,13,player,Borussia Mgladbach,0.536,1124.0,877.7,1175.3,986.7,61.3,64.6,6.4
164,6.56,26,player,VfL Wolfsburg,0.532,963.6,581.5,996.6,659.0,53.48,35.26,5.5
164,6.56,27,player,Borussia Mgladbach,0.486,1448.7,382.3,1475.8,442.7,77.73,14.3,1.6
164,6.56,28,player,Borussia Mgladbach,0.465,1131.0,398.3,1154.4,448.4,61.67,14.86,11.3
164,6.56,22,player,Borussia Mgladbach,0.429,1231.5,541.0,1261.5,617.7,66.52,31.35,18.7
164,6.56,25,player,Borussia Mgladbach,0.427,727.4,330.9,748.3,381.2,41.23,8.08,24.1
164,6.56,11,player,Borussia Mgladbach,0.419,753.4,720.2,780.2,802.7,43.3,48.47,13.4
164,6.56,31,player,Borussia Mgladbach,0.318,1066.0,262.4,1087.0,304.3,58.48,0.14,17.4
164,6.56,0,ball,Ball,0.7,479.0,91.0,485.0,98.0,27.15,-22.5,0.0
165,6.6,14,player,Borussia Mgladbach,0.74,1719.9,643.6,1753.1,721.3,89.93,41.05,5.6
165,6.6,24,player,Borussia Mgladbach,0.705,1142.6,727.1,1192.5,816.9,62.37,49.74,21.1
165,6.6,16,player,Borussia Mgladbach,0.68,101.2,478.1,128.5,545.3,10.69,24.41,8.0
165,6.6,8,player,Borussia Mgladbach,0.664,1343.6,797.1,1393.1,897.4,71.69,56.88,15.8
165,6.6,18,player,VfL Wolfsburg,0.663,1552.0,425.4,1584.7,490.6,82.84,19.05,13.5
165,6.6,12,player,VfL Wolfsburg,0.659,1491.5,686.7,1535.2,772.8,78.98,45.76,6.7
165,6.6,19,player,Borussia Mgladbach,0.656,1690.1,540.6,1718.7,622.0,88.91,31.76,4.7
165,6.6,4,player,Borussia Mgladbach,0.643,687.2,825.0,722.9,922.7,40.56,59.08,19.7
165,6.6,15,player,Borussia Mgladbach,0.635,677.3,444.4,705.1,513.0,39.14,21.26,13.6
165,6.6,10,player,Borussia Mgladbach,0.634,829.7,540.3,863.7,607.9,46.95,30.43,15.1
165,6.6,23,player,VfL Wolfsburg,0.62,911.3,444.7,945.6,508.3,50.93,20.8,11.3
165,6.6,26,player,VfL Wolfsburg,0.558,964.2,579.0,996.4,658.3,53.49,35.19,6.2
165,6.6,11,player,Borussia Mgladbach,0.543,754.4,720.8,783.9,803.4,43.41,48.53,11.4
165,6.6,13,player,Borussia Mgladbach,0.528,1122.4,878.0,1175.8,987.7,61.28,64.69,7.9
165,6.6,27,player,Borussia Mgladbach,0.453,1448.5,382.7,1475.8,442.2,77.73,14.24,5.0
165,6.6,28,player,Borussia Mgladbach,0.392,1129.5,396.4,1153.1,450.6,61.6,15.08,20.8
165,6.6,22,player,Borussia Mgladbach,0.347,1232.7,538.4,1264.2,619.1,66.61,31.49,14.7
165,6.6,0,ball,Ball,0.7,480.0,91.0,488.0,98.0,27.26,-22.5,0.0
166,6.64,14,player,Borussia Mgladbach,0.698,1720.6,643.4,1752.6,721.7,89.93,41.09,3.6
166,6.64,8,player,Borussia Mgladbach,0.687,1348.9,795.9,1396.0,897.6,71.89,56.9,17.4
166,6.64,4,player,Borussia Mgladbach,0.645,688.2,825.5,723.8,918.1,40.6,58.69,35.8
166,6.64,19,player,Borussia Mgladbach,0.638,1691.3,538.0,1718.9,622.0,88.95,31.77,3.2
166,6.64,15,player,Borussia Mgladbach,0.632,676.4,444.5,704.1,510.8,39.09,21.04,20.4
166,6.64,16,player,Borussia Mgladbach,0.631,102.9,477.6,129.0,543.5,10.73,24.23,16.3
166,6.64,12,player,VfL Wolfsburg,0.617,1491.9,685.2,1534.7,772.5,78.97,45.74,1.8
166,6.64,10,player,Borussia Mgladbach,0.61,830.7,533.0,863.3,607.9,46.96,30.43,1.3
166,6.64,24,player,Borussia Mgladbach,0.608,1143.6,725.3,1186.7,814.5,62.26,49.53,21.4
166,6.64,18,player,VfL Wolfsburg,0.594,1553.3,426.1,1585.6,491.1,82.89,19.11,6.7
166,6.64,11,player,Borussia Mgladbach,0.579,757.7,718.6,789.0,802.5,43.61,48.45,19.0
166,6.64,23,player,VfL Wolfsburg,0.513,914.3,446.4,947.5,510.1,51.05,20.97,19.1
166,6.64,26,player,VfL Wolfsburg,0.507,966.1,580.2,996.1,657.5,53.53,35.12,7.2
166,6.64,33,player,Borussia Mgladbach,0.494,1263.2,450.0,1295.4,514.5,68.37,21.4,0.0
166,6.64,13,player,Borussia Mgladbach,0.493,1123.3,878.5,1177.1,987.2,61.33,64.65,5.9
166,6.64,22,player,Borussia Mgladbach,0.466,1234.9,538.1,1264.8,611.7,66.7,30.79,38.0
166,6.64,27,player,Borussia Mgladbach,0.46,1448.5,382.4,1475.9,441.7,77.73,14.19,4.3
166,6.64,28,player,Borussia Mgladbach,0.445,1128.5,396.1,1152.3,454.4,61.55,15.46,34.8
166,6.64,32,player,Borussia Mgladbach,0.375,1157.1,335.9,1177.4,380.0,63.01,7.96,0.0
166,6.64,0,ball,Ball,0.7,481.0,91.0,488.0,98.0,27.28,-22.5,0.0
167,6.68,14,player,Borussia Mgladbach,0.714,1720.4,641.7,1752.0,721.4,89.92,41.06,3.2
167,6.68,15,player,Borussia Mgladbach,0.69,674.9,444.9,700.6,513.1,38.97,21.27,23.5
167,6.68,4,player,Borussia Mgladbach,0.675,688.6,823.6,726.8,921.9,40.68,59.01,30.1
167,6.68,8,player,Borussia Mgladbach,0.671,1349.2,795.1,1398.0,896.1,71.94,56.77,13.0
167,6.68,24,player,Borussia Mgladbach,0.671,1142.9,724.1,1180.6,815.8,62.09,49.64,18.0
167,6.68,19,player,Borussia Mgladbach,0.655,1691.1,536.7,1719.9,621.4,88.97,31.71,5.3
167,6.68,16,player,Borussia Mgladbach,0.633,103.6,475.0,129.4,543.9,10.76,24.27,4.4
167,6.68,12,player,VfL Wolfsburg,0.619,1492.4,684.0,1533.5,771.6,78.96,45.65,7.8
167,6.68,11,player,Borussia Mgladbach,0.612,757.3,718.9,795.9,802.8,43.76,48.47,14.4
167,6.68,18,player,VfL Wolfsburg,0.61,1554.4,425.7,1586.2,489.9,82.94,18.99,11.4
167,6.68,10,player,Borussia Mgladbach,0.572,829.4,532.2,863.3,607.3,46.93,30.37,6.1
167,6.68,22,player,Borussia Mgladbach,0.564,1235.9,534.4,1266.0,610.9,66.75,30.71,8.3
167,6.68,23,player,VfL Wolfsburg,0.531,915.6,447.2,947.1,510.0,51.07,20.97,2.1
167,6.68,27,player,Borussia Mgladbach,0.479,1448.8,381.5,1476.5,440.2,77.76,14.05,13.6
167,6.68,26,player,VfL Wolfsburg,0.474,967.1,578.2,994.8,657.1,53.52,35.08,3.8
167,6.68,33,player,Borussia Mgladbach,0.47,1263.3,449.6,1293.9,514.7,68.33,21.42,3.6
167,6.68,28,player,Borussia Mgladbach,0.469,1127.5,395.5,1151.5,456.5,61.5,15.68,19.7
167,6.68,13,player,Borussia Mgladbach,0.446,1123.2,878.8,1177.8,989.1,61.34,64.81,14.8
167,6.68,32,player,Borussia Mgladbach,0.42,1160.3,333.8,1181.1,381.0,63.19,8.05,18.1
167,6.68,25,player,Borussia Mgladbach,0.318,736.9,330.3,762.4,377.3,41.83,7.68,21.4
167,6.68,0,ball,Ball,0.7,482.0,90.0,489.0,99.0,27.34,-22.5,0.0
168,6.72,14,player,Borussia Mgladbach,0.714,1721.1,640.1,1750.8,718.7,89.92,40.81,22.2
168,6.72,24,player,Borussia Mgladbach,0.708,1142.3,720.9,1176.3,813.3,61.98,49.42,22.2
168,6.72,15,player,Borussia Mgladbach,0.685,673.6,443.0,697.2,510.2,38.84,20.98,28.1
168,6.72,19,player,Borussia Mgladbach,0.675,1691.7,535.7,1720.4,618.7,89.01,31.45,23.7
168,6.72,18,player,VfL Wolfsburg,0.655,1557.7,425.8,1588.0,490.2,83.07,19.01,11.4
168,6.72,8,player,Borussia Mgladbach,0.645,1353.3,794.4,1399.8,896.5,72.08,56.8,12.9
168,6.72,11,player,Borussia Mgladbach,0.639,759.2,721.5,805.8,801.7,44.04,48.37,26.8
168,6.72,10,player,Borussia Mgladbach,0.633,827.9,530.3,863.5,606.8,46.9,30.32,5.5
168,6.72,12,player,VfL Wolfsburg,0.628,1492.1,683.0,1529.7,768.2,78.88,45.35,28.4
168,6.72,4,player,Borussia Mgladbach,0.627,690.2,824.3,729.2,923.5,40.78,59.15,15.5
168,6.72,16,player,Borussia Mgladbach,0.562,104.0,471.7,128.7,539.5,10.73,23.84,38.0
168,6.72,22,player,Borussia Mgladbach,0.555,1238.5,534.9,1266.9,611.7,66.84,30.78,9.8
168,6.72,23,player,VfL Wolfsburg,0.514,916.1,447.5,947.7,508.8,51.1,20.84,11.2
168,6.72,27,player,Borussia Mgladbach,0.487,1449.3,380.0,1476.8,440.6,77.78,14.09,4.1
168,6.72,26,player,VfL Wolfsburg,0.486,967.6,577.0,996.1,657.0,53.56,35.07,4.1
168,6.72,33,player,Borussia Mgladbach,0.447,1264.0,448.5,1291.7,514.4,68.3,21.39,4.2
168,6.72,34,player,VfL Wolfsburg,0.395,1494.6,377.3,1518.2,437.7,79.97,13.79,0.0
168,6.72,28,player,Borussia Mgladbach,0.392,1126.7,396.4,1150.6,457.4,61.45,15.76,8.3
168,6.72,13,player,Borussia Mgladbach,0.339,1124.8,878.6,1178.7,988.2,61.4,64.74,8.7
168,6.72,32,player,Borussia Mgladbach,0.327,1160.7,332.0,1183.0,382.9,63.24,8.26,18.8
168,6.72,0,ball,Ball,0.7,483.0,91.0,488.0,98.0,27.34,-22.5,0.0
169,6.76,8,player,Borussia Mgladbach,0.686,1353.0,794.6,1400.0,896.0,72.08,56.75,4.3
169,6.76,15,player,Borussia Mgladbach,0.685,671.4,443.2,696.0,508.1,38.76,20.77,20.6
169,6.76,24,player,Borussia Mgladbach,0.66,1140.5,721.1,1170.1,813.1,61.79,49.4,17.2
169,6.76,18,player,VfL Wolfsburg,0.658,1557.9,425.5,1588.7,493.1,83.08,19.3,26.0
169,6.76,4,player,Borussia Mgladbach,0.654,691.6,821.7,729.5,921.3,40.81,58.97,16.9
169,6.76,14,player,Borussia Mgladbach,0.653,1721.3,639.5,1750.7,716.9,89.93,40.64,15.0
169,6.76,19,player,Borussia Mgladbach,0.644,1692.2,536.0,1720.4,619.1,89.02,31.49,4.1
169,6.76,10,player,Borussia Mgladbach,0.63,828.4,530.9,864.0,605.3,46.92,30.17,13.0
169,6.76,12,player,VfL Wolfsburg,0.617,1492.0,683.0,1528.2,764.7,78.85,45.03,29.0
169,6.76,11,player,Borussia Mgladbach,0.616,759.0,720.6,808.8,802.8,44.11,48.47,10.8
169,6.76,16,player,Borussia Mgladbach,0.588,105.1,468.4,128.7,538.2,10.75,23.72,11.5
169,6.76,22,player,Borussia Mgladbach,0.559,1239.1,535.9,1267.3,612.2,66.86,30.84,5.3
169,6.76,28,player,Borussia Mgladbach,0.461,1126.3,396.9,1150.5,458.2,61.44,15.84,7.8
169,6.76,23,player,VfL Wolfsburg,0.45,916.4,448.6,950.0,509.3,51.17,20.89,6.9
169,6.76,27,player,Borussia Mgladbach,0.407,1449.8,379.2,1476.6,439.2,77.79,13.94,13.2
169,6.76,33,player,Borussia Mgladbach,0.392,1264.9,448.7,1289.6,512.2,68.27,21.18,19.0
169,6.76,26,player,VfL Wolfsburg,0.377,968.8,577.6,994.4,653.1,53.55,34.7,33.0
169,6.76,31,player,Borussia Mgladbach,0.373,1074.9,262.4,1098.2,305.0,58.99,0.21,9.3
169,6.76,34,player,VfL Wolfsburg,0.306,1495.8,377.7,1518.8,436.6,80.02,13.68,11.0
169,6.76,13,player,Borussia Mgladbach,0.303,1126.4,878.5,1180.6,986.9,61.48,64.62,12.6
169,6.76,0,ball,Ball,0.7,484.0,91.0,490.0,98.0,27.42,-22.5,0.0
170,6.8,8,player,Borussia Mgladbach,0.683,1354.8,794.9,1401.2,895.3,72.15,56.69,8.4
170,6.8,15,player,Borussia Mgladbach,0.661,670.6,443.8,695.3,508.2,38.72,20.78,3.7
170,6.8,14,player,Borussia Mgladbach,0.655,1722.2,639.6,1749.7,716.5,89.93,40.61,3.5
170,6.8,4,player,Borussia Mgladbach,0.644,694.0,820.2,736.8,921.3,41.04,58.96,20.6
170,6.8,19,player,Borussia Mgladbach,0.639,1692.7,535.7,1721.4,617.7,89.06,31.35,13.2
170,6.8,18,player,VfL Wolfsburg,0.632,1560.0,425.9,1590.0,491.9,83.17,19.18,13.9
170,6.8,12,player,VfL Wolfsburg,0.623,1492.3,685.1,1525.1,762.7,78.79,44.85,17.3
170,6.8,24,player,Borussia Mgladbach,0.619,1138.6,722.0,1168.5,813.8,61.71,49.46,9.5
170,6.8,16,player,Borussia Mgladbach,0.614,106.9,467.7,129.5,535.5,10.8,23.46,23.9
170,6.8,10,player,Borussia Mgladbach,0.597,829.7,530.9,864.1,602.3,46.95,29.9,25.1
170,6.8,22,player,Borussia Mgladbach,0.589,1240.2,537.5,1269.4,611.5,66.94,30.77,9.5
170,6.8,11,player,Borussia Mgladbach,0.571,762.1,720.2,806.4,802.0,44.13,48.41,6.2
170,6.8,27,player,Borussia Mgladbach,0.457,1449.7,377.9,1476.4,439.4,77.79,13.96,1.8
170,6.8,23,player,VfL Wolfsburg,0.429,918.1,446.0,951.1,509.4,51.24,20.91,6.4
170,6.8,28,player,Borussia Mgladbach,0.404,1126.7,400.3,1149.5,459.1,61.43,15.93,7.8
170,6.8,31,player,Borussia Mgladbach,0.394,1077.6,260.8,1099.6,305.3,59.1,0.25,10.1
170,6.8,26,player,VfL Wolfsburg,0.384,969.3,576.6,995.0,647.5,53.58,34.17,38.0
170,6.8,34,player,VfL Wolfsburg,0.377,1496.0,377.2,1521.2,437.5,80.08,13.77,9.9
170,6.8,13,player,Borussia Mgladbach,0.324,1126.3,877.3,1182.6,989.4,61.52,64.83,19.4
170,6.8,25,player,Borussia Mgladbach,0.315,751.0,326.4,772.7,376.1,42.44,7.56,18.9
170,6.8,0,ball,Ball,0.7,650.0,12.0,658.0,22.0,36.07,-31.25,0.0
171,6.84,8,player,Borussia Mgladbach,0.709,1355.8,795.4,1401.7,894.1,72.19,56.59,9.8
171,6.84,24,player,Borussia Mgladbach,0.673,1135.1,723.8,1166.7,813.3,61.58,49.42,12.1
171,6.84,19,player,Borussia Mgladbach,0.641,1692.9,534.1,1722.4,617.2,89.1,31.31,5.2
171,6.84,14,player,Borussia Mgladbach,0.637,1721.9,638.8,1748.6,715.3,89.9,40.5,10.0
171,6.84,12,player,VfL Wolfsburg,0.631,1492.6,685.5,1524.4,762.4,78.79,44.82,2.5
171,6.84,4,player,Borussia Mgladbach,0.629,696.2,820.3,738.7,920.9,41.14,58.93,8.9
171,6.84,15,player,Borussia Mgladbach,0.615,666.6,444.3,695.4,509.3,38.62,20.89,12.8
171,6.84,10,player,Borussia Mgladbach,0.607,829.1,530.6,866.6,604.2,47.0,30.07,16.4
171,6.84,18,player,VfL Wolfsburg,0.596,1563.0,425.4,1590.7,493.4,83.26,19.33,15.7
171,6.84,16,player,Borussia Mgladbach,0.592,107.2,467.5,129.9,535.5,10.81,23.46,1.5
171,6.84,22,player,Borussia Mgladbach,0.579,1240.4,539.7,1270.4,612.8,66.97,30.89,11.5
171,6.84,11,player,Borussia Mgladbach,0.558,763.4,721.2,809.1,801.6,44.22,48.36,9.3
171,6.84,31,player,Borussia Mgladbach,0.476,1081.7,261.8,1100.9,302.4,59.24,-0.06,30.3
171,6.84,28,player,Borussia Mgladbach,0.464,1126.1,401.3,1148.9,459.4,61.39,15.96,4.0
171,6.84,23,player,VfL Wolfsburg,0.435,922.6,446.3,952.7,508.2,51.39,20.79,17.2
171,6.84,34,player,VfL Wolfsburg,0.429,1495.7,376.4,1525.4,441.3,80.17,14.16,35.3
171,6.84,27,player,Borussia Mgladbach,0.402,1449.7,379.6,1477.0,440.6,77.8,14.09,11.3
171,6.84,26,player,VfL Wolfsburg,0.371,969.2,576.4,995.1,646.3,53.58,34.06,9.9
171,6.84,13,player,Borussia Mgladbach,0.347,1127.2,877.6,1183.5,991.7,61.56,65.03,18.4
171,6.84,0,ball,Ball,0.7,682.0,32.0,699.0,44.0,38.08,-28.86,0.0
172,6.88,8,player,Borussia Mgladbach,0.712,1357.6,796.1,1402.0,894.3,72.24,56.6,4.6
172,6.88,24,player,Borussia Mgladbach,0.663,1133.8,722.5,1166.5,811.2,61.55,49.23,17.2
172,6.88,4,player,Borussia Mgladbach,0.646,697.5,819.6,741.9,921.1,41.24,58.95,9.7
172,6.88,14,player,Borussia Mgladbach,0.633,1720.9,638.9,1747.7,714.2,89.87,40.4,9.5
172,6.88,22,player,Borussia Mgladbach,0.611,1241.8,540.4,1270.0,611.1,67.0,30.73,15.1
172,6.88,10,player,Borussia Mgladbach,0.603,831.5,529.8,864.5,602.4,47.0,29.9,15.0
172,6.88,18,player,VfL Wolfsburg,0.595,1565.5,424.7,1592.3,492.3,83.36,19.22,13.5
172,6.88,16,player,Borussia Mgladbach,0.587,108.8,467.3,131.4,534.8,10.88,23.38,9.3
172,6.88,15,player,Borussia Mgladbach,0.586,664.7,444.9,695.8,509.1,38.59,20.88,3.5
172,6.88,12,player,VfL Wolfsburg,0.582,1490.9,685.4,1522.8,761.5,78.71,44.73,10.2
172,6.88,19,player,Borussia Mgladbach,0.569,1693.6,533.9,1722.1,614.5,89.12,31.05,23.3
172,6.88,28,player,Borussia Mgladbach,0.506,1126.0,401.3,1148.8,459.2,61.39,15.94,1.6
172,6.88,11,player,Borussia Mgladbach,0.503,771.3,719.1,812.5,800.0,44.49,48.22,27.3
172,6.88,23,player,VfL Wolfsburg,0.475,922.1,446.1,953.4,509.0,51.39,20.87,7.1
172,6.88,31,player,Borussia Mgladbach,0.472,1084.2,261.6,1103.0,301.8,59.36,-0.11,11.7
172,6.88,34,player,VfL Wolfsburg,0.377,1499.5,376.8,1524.3,435.7,80.26,13.6,38.0
172,6.88,13,player,Borussia Mgladbach,0.349,1128.2,877.6,1185.7,990.9,61.64,64.96,9.2
172,6.88,27,player,Borussia Mgladbach,0.317,1452.5,382.3,1478.2,437.9,77.91,13.82,26.1
172,6.88,26,player,VfL Wolfsburg,0.314,971.3,572.6,997.1,646.1,53.68,34.04,9.2
172,6.88,0,ball,Ball,0.7,744.0,61.0,754.0,69.0,41.26,-25.81,0.0
173,6.92,8,player,Borussia Mgladbach,0.697,1360.3,795.6,1403.0,893.5,72.33,56.53,10.2
173,6.92,10,player,Borussia Mgladbach,0.667,831.7,527.9,864.0,601.9,47.0,29.85,5.1
173,6.92,4,player,Borussia Mgladbach,0.615,699.2,820.1,746.2,920.0,41.38,58.85,15.6
173,6.92,14,player,Borussia Mgladbach,0.599,1720.1,638.3,1747.6,714.0,89.84,40.37,3.0
173,6.92,19,player,Borussia Mgladbach,0.585,1693.3,534.1,1722.1,613.6,89.12,30.97,7.0
173,6.92,22,player,Borussia Mgladbach,0.584,1242.4,537.4,1271.4,610.5,67.05,30.67,6.8
173,6.92,15,player,Borussia Mgladbach,0.564,664.7,444.4,695.1,509.0,38.57,20.86,2.3
173,6.92,24,player,Borussia Mgladbach,0.56,1132.2,720.2,1165.9,809.7,61.5,49.1,12.8
173,6.92,18,player,VfL Wolfsburg,0.555,1566.6,424.9,1593.1,490.0,83.42,19.0,20.9
173,6.92,12,player,VfL Wolfsburg,0.524,1489.6,685.0,1521.3,761.5,78.64,44.73,6.1
173,6.92,16,player,Borussia Mgladbach,0.52,110.0,467.3,132.7,534.5,10.95,23.36,6.1
173,6.92,11,player,Borussia Mgladbach,0.492,781.8,716.8,813.5,797.6,44.76,48.01,31.2
173,6.92,23,player,VfL Wolfsburg,0.491,924.3,446.3,954.3,506.8,51.47,20.65,20.8
173,6.92,28,player,Borussia Mgladbach,0.464,1125.8,401.1,1147.2,459.2,61.34,15.94,4.0
173,6.92,31,player,Borussia Mgladbach,0.461,1088.8,262.3,1107.3,301.3,59.59,-0.17,21.4
173,6.92,26,player,VfL Wolfsburg,0.406,971.3,570.3,997.6,645.8,53.69,34.02,2.3
173,6.92,25,player,Borussia Mgladbach,0.389,763.4,325.2,786.7,373.6,43.11,7.3,21.4
173,6.92,33,player,Borussia Mgladbach,0.379,1259.2,446.9,1288.0,511.1,68.09,21.06,4.8
173,6.92,34,player,VfL Wolfsburg,0.376,1499.5,377.5,1524.8,435.4,80.27,13.56,3.1
173,6.92,13,player,Borussia Mgladbach,0.335,1129.3,877.9,1186.9,992.3,61.69,65.08,11.6
173,6.92,27,player,Borussia Mgladbach,0.321,1451.7,380.3,1479.1,440.4,77.9,14.06,22.2
173,6.92,0,ball,Ball,0.7,745.0,61.0,755.0,69.0,41.31,-25.81,0.0
174,6.96,8,player,Borussia Mgladbach,0.682,1361.1,796.8,1404.5,892.2,72.39,56.42,11.3
174,6.96,10,player,Borussia Mgladbach,0.665,830.1,528.1,863.3,599.9,46.94,29.67,17.2
174,6.96,22,player,Borussia Mgladbach,0.64,1244.3,537.3,1273.3,610.0,67.14,30.63,9.4
174,6.96,14,player,Borussia Mgladbach,0.623,1719.6,638.4,1747.4,716.0,89.82,40.56,16.9
174,6.96,4,player,Borussia Mgladbach,0.603,699.9,819.9,746.0,918.8,41.39,58.75,8.9
174,6.96,11,player,Borussia Mgladbach,0.591,784.2,715.2,816.7,795.9,44.89,47.85,18.0
174,6.96,15,player,Borussia Mgladbach,0.58,664.5,445.4,692.9,507.9,38.51,20.76,10.7
174,6.96,19,player,Borussia Mgladbach,0.557,1693.5,534.3,1722.8,611.8,89.15,30.79,16.2
174,6.96,23,player,VfL Wolfsburg,0.532,927.1,446.5,954.8,507.1,51.55,20.68,7.9
174,6.96,25,player,Borussia Mgladbach,0.527,764.9,323.9,793.7,375.1,43.33,7.46,24.0
174,6.96,16,player,Borussia Mgladbach,0.507,110.7,467.8,134.6,533.8,11.0,23.29,8.2
174,6.96,24,player,Borussia Mgladbach,0.448,1125.1,718.7,1166.4,809.5,61.34,49.08,14.3
174,6.96,26,player,VfL Wolfsburg,0.445,970.9,569.6,996.9,643.3,53.67,33.78,21.7
174,6.96,18,player,VfL Wolfsburg,0.432,1568.0,422.6,1594.3,493.8,83.47,19.37,33.5
174,6.96,28,player,Borussia Mgladbach,0.411,1125.4,401.8,1147.0,458.5,61.33,15.88,5.6
174,6.96,31,player,Borussia Mgladbach,0.406,1090.5,262.8,1111.9,301.0,59.75,-0.21,15.1
174,6.96,13,player,Borussia Mgladbach,0.402,1131.3,877.8,1185.1,987.4,61.7,64.66,37.7
174,6.96,33,player,Borussia Mgladbach,0.386,1258.9,446.2,1288.0,510.0,68.09,20.96,9.4
174,6.96,12,player,VfL Wolfsburg,0.353,1489.1,685.3,1520.2,759.8,78.61,44.58,14.2
174,6.96,34,player,VfL Wolfsburg,0.314,1501.3,378.3,1527.7,437.0,80.38,13.72,17.5
174,6.96,32,player,Borussia Mgladbach,0.309,1170.4,329.7,1193.2,380.8,63.75,8.04,0.0
174,6.96,0,ball,Ball,0.7,746.0,61.0,756.0,69.0,41.36,-25.81,0.0
175,7.0,8,player,Borussia Mgladbach,0.709,1364.1,795.0,1405.6,891.7,72.49,56.37,9.8
175,7.0,22,player,Borussia Mgladbach,0.662,1245.5,535.3,1275.3,608.6,67.22,30.49,14.3
175,7.0,14,player,Borussia Mgladbach,0.661,1719.2,638.6,1745.9,714.9,89.78,40.46,9.5
175,7.0,11,player,Borussia Mgladbach,0.645,790.4,714.9,818.9,795.1,45.09,47.78,19.2
175,7.0,4,player,Borussia Mgladbach,0.645,703.3,819.5,749.8,919.6,41.56,58.81,16.4
175,7.0,10,player,Borussia Mgladbach,0.612,829.8,525.3,863.1,598.4,46.93,29.52,13.1
175,7.0,19,player,Borussia Mgladbach,0.547,1693.2,532.4,1723.7,613.3,89.15,30.94,12.8
175,7.0,23,player,VfL Wolfsburg,0.524,927.3,448.6,958.1,507.8,51.64,20.75,10.1
175,7.0,25,player,Borussia Mgladbach,0.509,770.5,323.4,798.7,372.9,43.59,7.23,31.7
175,7.0,18,player,VfL Wolfsburg,0.475,1568.9,421.2,1594.3,494.3,83.49,19.42,5.2
175,7.0,15,player,Borussia Mgladbach,0.468,664.3,446.2,691.0,506.7,38.45,20.63,12.4
175,7.0,28,player,Borussia Mgladbach,0.452,1125.4,401.7,1145.8,458.6,61.3,15.88,2.8
175,7.0,26,player,VfL Wolfsburg,0.446,971.0,567.5,997.4,642.5,53.68,33.71,6.4
175,7.0,24,player,Borussia Mgladbach,0.428,1124.7,719.2,1166.5,807.7,61.34,48.91,15.2
175,7.0,16,player,Borussia Mgladbach,0.413,111.1,468.6,136.5,533.0,11.06,23.21,8.3
175,7.0,33,player,Borussia Mgladbach,0.409,1256.6,444.6,1286.0,509.8,67.98,20.94,9.9
175,7.0,13,player,Borussia Mgladbach,0.402,1132.2,878.2,1189.8,996.4,61.82,65.43,38.0
175,7.0,27,player,Borussia Mgladbach,0.398,1456.0,379.0,1479.0,439.6,78.01,13.98,6.2
175,7.0,12,player,VfL Wolfsburg,0.373,1484.6,685.6,1520.0,760.2,78.5,44.62,10.9
175,7.0,34,player,VfL Wolfsburg,0.325,1501.6,378.8,1528.3,438.8,80.4,13.91,16.4
175,7.0,32,player,Borussia Mgladbach,0.305,1173.7,333.8,1193.9,381.5,63.85,8.11,11.1
175,7.0,0,ball,Ball,0.7,747.0,61.0,757.0,69.0,41.42,-25.81,0.0
176,7.04,8,player,Borussia Mgladbach,0.683,1365.2,796.5,1407.7,890.8,72.56,56.3,9.7
176,7.04,22,player,Borussia Mgladbach,0.646,1246.7,535.5,1276.9,605.4,67.3,30.19,27.8
176,7.04,14,player,Borussia Mgladbach,0.628,1719.2,638.9,1746.0,715.1,89.78,40.48,1.2
176,7.04,11,player,Borussia Mgladbach,0.607,798.3,713.3,823.5,796.9,45.39,47.94,30.3
176,7.04,4,player,Borussia Mgladbach,0.565,706.7,819.2,747.8,919.2,41.59,58.79,3.8
176,7.04,10,player,Borussia Mgladbach,0.551,828.3,523.3,862.5,598.3,46.88,29.51,4.8
176,7.04,25,player,Borussia Mgladbach,0.524,772.8,323.1,802.5,372.7,43.75,7.21,14.0
176,7.04,23,player,VfL Wolfsburg,0.523,929.5,449.2,958.0,507.0,51.69,20.67,8.4
176,7.04,15,player,Borussia Mgladbach,0.493,663.5,444.8,689.3,506.6,38.39,20.63,5.6
176,7.04,19,player,Borussia Mgladbach,0.488,1691.7,532.7,1724.2,612.8,89.13,30.89,4.6
176,7.04,28,player,Borussia Mgladbach,0.477,1123.2,401.4,1145.1,459.2,61.23,15.94,8.5
176,7.04,24,player,Borussia Mgladbach,0.464,1122.6,718.5,1163.9,807.6,61.22,48.91,10.2
176,7.04,34,player,VfL Wolfsburg,0.423,1505.2,378.6,1532.6,441.7,80.58,14.19,30.5
176,7.04,16,player,Borussia Mgladbach,0.407,111.6,468.1,136.5,531.7,11.06,23.09,11.4
176,7.04,26,player,VfL Wolfsburg,0.379,970.8,566.9,997.8,642.1,53.68,33.67,3.5
176,7.04,33,player,Borussia Mgladbach,0.353,1258.7,444.9,1288.1,510.3,68.09,20.99,10.3
176,7.04,13,player,Borussia Mgladbach,0.351,1130.7,877.9,1191.9,1005.7,61.82,66.22,38.0
176,7.04,32,player,Borussia Mgladbach,0.351,1175.9,331.0,1195.7,380.9,63.95,8.05,10.7
176,7.04,27,player,Borussia Mgladbach,0.315,1457.2,381.0,1479.8,439.6,78.06,13.98,4.8
176,7.04,18,player,VfL Wolfsburg,0.307,1569.7,423.1,1595.7,491.2,83.56,19.11,28.7
176,7.04,0,ball,Ball,0.7,748.0,61.0,758.0,69.0,41.47,-25.81,0.0
177,7.08,8,player,Borussia Mgladbach,0.692,1367.4,797.5,1409.1,891.3,72.65,56.34,8.5
177,7.08,22,player,Borussia Mgladbach,0.627,1248.5,533.8,1279.0,603.6,67.4,30.02,17.8
177,7.08,10,player,Borussia Mgladbach,0.619,827.6,522.3,860.5,595.0,46.81,29.2,28.4
177,7.08,14,player,Borussia Mgladbach,0.562,1717.5,638.4,1745.8,713.9,89.74,40.37,10.0
177,7.08,4,player,Borussia Mgladbach,0.557,709.7,820.1,749.3,919.3,41.7,58.79,9.8
177,7.08,19,player,Borussia Mgladbach,0.552,1691.3,533.3,1724.6,611.2,89.14,30.74,13.9
177,7.08,24,player,Borussia Mgladbach,0.543,1124.2,718.5,1167.0,809.3,61.33,49.06,16.4
177,7.08,23,player,VfL Wolfsburg,0.536,929.7,449.6,959.3,509.2,51.73,20.88,19.1
177,7.08,11,player,Borussia Mgladbach,0.513,800.6,710.7,826.6,797.1,45.52,47.96,11.9
177,7.08,16,player,Borussia Mgladbach,0.507,112.5,467.1,138.0,532.0,11.12,23.11,6.1
177,7.08,26,player,VfL Wolfsburg,0.481,969.0,567.7,997.8,641.5,53.64,33.61,6.4
177,7.08,28,player,Borussia Mgladbach,0.465,1120.9,401.7,1145.0,459.9,61.17,16.01,8.6
177,7.08,34,player,VfL Wolfsburg,0.451,1505.8,379.2,1533.3,442.3,80.61,14.25,6.5
177,7.08,15,player,Borussia Mgladbach,0.429,663.2,444.7,687.9,506.3,38.35,20.6,4.3
177,7.08,32,player,Borussia Mgladbach,0.377,1176.8,330.8,1196.7,380.6,64.0,8.02,5.4
177,7.08,13,player,Borussia Mgladbach,0.365,1132.9,878.5,1189.8,988.1,61.85,64.72,38.0
177,7.08,33,player,Borussia Mgladbach,0.317,1256.2,446.3,1286.1,514.7,67.96,21.43,38.0
177,7.08,0,ball,Ball,0.7,749.0,60.0,760.0,69.0,41.55,-25.86,0.0
178,7.12,8,player,Borussia Mgladbach,0.647,1368.7,797.1,1408.8,891.3,72.67,56.34,2.3
178,7.12,4,player,Borussia Mgladbach,0.594,711.6,819.6,748.6,919.0,41.73,58.77,3.0
178,7.12,22,player,Borussia Mgladbach,0.581,1249.5,532.7,1279.8,604.5,67.44,30.1,8.1
178,7.12,10,player,Borussia Mgladbach,0.565,826.9,522.2,858.8,593.0,46.75,29.0,18.5
178,7.12,24,player,Borussia Mgladbach,0.545,1124.3,718.4,1162.4,806.3,61.23,48.79,25.9
178,7.12,19,player,Borussia Mgladbach,0.504,1688.6,533.8,1724.9,611.1,89.08,30.73,5.1
178,7.12,16,player,Borussia Mgladbach,0.493,114.9,466.1,138.4,530.5,11.18,22.96,14.4
178,7.12,23,player,VfL Wolfsburg,0.477,930.0,449.7,960.5,510.0,51.77,20.96,7.9
178,7.12,14,player,Borussia Mgladbach,0.476,1715.5,639.4,1745.1,713.9,89.67,40.37,5.8
178,7.12,34,player,VfL Wolfsburg,0.464,1507.3,379.1,1535.1,442.8,80.69,14.31,8.8
178,7.12,26,player,VfL Wolfsburg,0.463,969.1,567.2,998.4,642.0,53.66,33.65,3.8
178,7.12,11,player,Borussia Mgladbach,0.414,802.0,709.7,831.4,797.8,45.67,48.02,14.5
178,7.12,28,player,Borussia Mgladbach,0.413,1120.4,401.5,1144.8,460.7,61.15,16.09,7.7
178,7.12,12,player,VfL Wolfsburg,0.399,1484.2,682.4,1518.6,759.9,78.45,44.59,1.5
178,7.12,31,player,Borussia Mgladbach,0.379,1098.8,257.8,1123.1,300.4,60.25,-0.26,11.3
178,7.12,13,player,Borussia Mgladbach,0.37,1136.4,878.4,1190.0,988.5,61.93,64.76,8.4
178,7.12,32,player,Borussia Mgladbach,0.367,1178.3,331.0,1199.4,379.9,64.11,7.95,11.7
178,7.12,15,player,Borussia Mgladbach,0.342,661.9,445.5,686.8,505.9,38.29,20.56,6.7
178,7.12,18,player,VfL Wolfsburg,0.339,1569.5,423.1,1596.8,495.6,83.56,19.55,19.8
178,7.12,0,ball,Ball,0.7,750.0,61.0,760.0,69.0,41.58,-25.81,0.0
179,7.16,8,player,Borussia Mgladbach,0.664,1369.4,798.8,1409.4,896.5,72.69,56.8,38.0
179,7.16,4,player,Borussia Mgladbach,0.651,712.2,819.5,749.4,920.1,41.76,58.86,8.7
179,7.16,24,player,Borussia Mgladbach,0.625,1122.5,715.6,1159.1,804.6,61.11,48.63,17.6
179,7.16,11,player,Borussia Mgladbach,0.599,806.3,709.7,835.1,793.1,45.85,47.6,38.0
179,7.16,16,player,Borussia Mgladbach,0.568,115.9,465.9,141.5,532.2,11.29,23.13,18.3
179,7.16,23,player,VfL Wolfsburg,0.541,931.3,449.9,961.5,511.3,51.82,21.09,12.5
179,7.16,10,player,Borussia Mgladbach,0.527,827.3,521.9,856.8,593.2,46.71,29.02,4.0
179,7.16,22,player,Borussia Mgladbach,0.524,1251.7,533.2,1281.2,603.0,67.53,29.96,15.3
179,7.16,26,player,VfL Wolfsburg,0.508,968.7,567.0,998.3,641.3,53.65,33.59,5.9
179,7.16,19,player,Borussia Mgladbach,0.493,1687.9,534.4,1724.5,608.8,89.07,30.51,19.2
179,7.16,12,player,VfL Wolfsburg,0.465,1484.7,680.9,1518.6,758.9,78.47,44.49,8.7
179,7.16,14,player,Borussia Mgladbach,0.407,1715.4,639.4,1744.3,713.7,89.65,40.35,2.8
179,7.16,28,player,Borussia Mgladbach,0.389,1119.5,402.5,1145.7,462.3,61.14,16.25,14.2
179,7.16,32,player,Borussia Mgladbach,0.375,1178.5,329.5,1199.5,382.0,64.11,8.16,19.3
179,7.16,31,player,Borussia Mgladbach,0.365,1101.0,259.0,1124.9,300.7,60.35,-0.23,9.6
179,7.16,34,player,VfL Wolfsburg,0.361,1508.2,379.9,1535.4,443.0,80.72,14.33,3.0
179,7.16,25,player,Borussia Mgladbach,0.351,785.4,323.9,810.3,372.4,44.26,7.18,15.5
179,7.16,13,player,Borussia Mgladbach,0.346,1136.0,877.0,1192.1,1015.7,61.93,67.07,38.0
179,7.16,0,ball,Ball,0.7,1215.0,1041.0,1233.0,1054.0,64.65,69.76,0.0
180,7.2,8,player,Borussia Mgladbach,0.686,1370.3,799.9,1410.0,894.0,72.73,56.58,20.1
180,7.2,4,player,Borussia Mgladbach,0.68,713.1,819.2,750.4,921.4,41.81,58.97,11.1
180,7.2,16,player,Borussia Mgladbach,0.628,116.7,465.2,143.3,533.4,11.37,23.25,12.9
180,7.2,11,player,Borussia Mgladbach,0.62,807.0,710.4,841.6,793.7,46.03,47.66,16.3
180,7.2,12,player,VfL Wolfsburg,0.589,1484.7,679.1,1517.0,756.5,78.44,44.28,19.3
180,7.2,22,player,Borussia Mgladbach,0.579,1254.4,530.4,1282.7,601.5,67.64,29.82,16.0
180,7.2,24,player,Borussia Mgladbach,0.552,1121.0,713.3,1156.1,803.7,61.01,48.56,11.7
180,7.2,10,player,Borussia Mgladbach,0.534,825.7,519.3,856.8,591.3,46.66,28.84,16.6
180,7.2,23,player,VfL Wolfsburg,0.532,932.5,449.3,961.0,510.3,51.84,20.99,8.5
180,7.2,26,player,VfL Wolfsburg,0.518,967.4,565.6,997.7,639.7,53.6,33.44,13.6
180,7.2,19,player,Borussia Mgladbach,0.467,1688.5,533.9,1723.9,610.0,89.06,30.62,9.8
180,7.2,28,player,Borussia Mgladbach,0.458,1117.8,402.5,1145.8,462.6,61.1,16.28,4.3
180,7.2,34,player,VfL Wolfsburg,0.431,1508.3,379.8,1536.4,442.3,80.75,14.25,7.1
180,7.2,32,player,Borussia Mgladbach,0.403,1180.0,329.8,1200.6,382.4,64.17,8.2,6.5
180,7.2,14,player,Borussia Mgladbach,0.403,1715.8,640.5,1743.6,713.8,89.64,40.36,1.1
180,7.2,13,player,Borussia Mgladbach,0.381,1136.0,879.6,1195.8,1027.8,62.0,68.1,38.0
180,7.2,31,player,Borussia Mgladbach,0.368,1103.3,261.7,1125.3,301.4,60.42,-0.16,8.9
180,7.2,27,player,Borussia Mgladbach,0.328,1459.9,379.1,1482.5,438.9,78.19,13.91,3.4
180,7.2,25,player,Borussia Mgladbach,0.321,790.2,324.5,811.2,370.5,44.41,6.99,21.3
180,7.2,0,ball,Ball,0.7,1076.0,26.0,1084.0,34.0,58.93,-29.77,0.0
181,7.24,4,player,Borussia Mgladbach,0.703,715.1,819.1,751.3,920.2,41.87,58.87,11.0
181,7.24,8,player,Borussia Mgladbach,0.694,1370.8,801.0,1410.3,898.5,72.74,56.98,35.7
181,7.24,24,player,Borussia Mgladbach,0.678,1119.9,711.9,1153.1,802.6,60.91,48.46,12.4
181,7.24,11,player,Borussia Mgladbach,0.626,808.2,711.3,846.6,793.8,46.17,47.67,13.2
181,7.24,16,player,Borussia Mgladbach,0.624,117.4,464.1,142.8,531.1,11.36,23.02,20.6
181,7.24,12,player,VfL Wolfsburg,0.57,1484.0,677.4,1515.4,754.2,78.4,44.07,19.4
181,7.24,10,player,Borussia Mgladbach,0.567,825.5,519.0,855.3,592.1,46.62,28.92,7.8
181,7.24,26,player,VfL Wolfsburg,0.518,966.8,564.7,996.6,638.2,53.56,33.3,13.8
181,7.24,22,player,Borussia Mgladbach,0.518,1255.1,529.2,1283.6,602.9,67.67,29.95,12.3
181,7.24,23,player,VfL Wolfsburg,0.514,932.7,449.6,960.6,509.4,51.83,20.9,8.4
181,7.24,19,player,Borussia Mgladbach,0.504,1688.8,533.0,1724.0,610.7,89.07,30.69,6.1
181,7.24,34,player,VfL Wolfsburg,0.481,1509.4,380.2,1536.6,442.3,80.79,14.25,3.0
181,7.24,28,player,Borussia Mgladbach,0.393,1116.6,405.8,1146.0,463.0,61.08,16.32,4.4
181,7.24,25,player,Borussia Mgladbach,0.391,792.8,322.5,813.9,368.6,44.54,6.79,21.4
181,7.24,32,player,Borussia Mgladbach,0.377,1180.0,330.6,1202.3,381.6,64.22,8.12,7.9
181,7.24,15,player,Borussia Mgladbach,0.365,657.8,440.1,680.4,504.3,38.02,20.4,9.3
181,7.24,13,player,Borussia Mgladbach,0.364,1135.6,879.7,1194.5,1021.4,61.97,67.55,38.0
181,7.24,14,player,Borussia Mgladbach,0.357,1714.0,640.9,1743.2,713.6,89.59,40.34,4.7
181,7.24,31,player,Borussia Mgladbach,0.353,1104.9,261.7,1126.6,302.0,60.49,-0.09,9.0
181,7.24,27,player,Borussia Mgladbach,0.303,1459.9,377.7,1482.4,437.9,78.2,13.81,9.1
181,7.24,0,ball,Ball,0.7,659.0,12.0,671.0,20.0,36.66,-31.37,0.0
182,7.28,8,player,Borussia Mgladbach,0.71,1371.5,801.6,1410.5,897.1,72.76,56.85,11.3
182,7.28,4,player,Borussia Mgladbach,0.701,714.9,818.0,753.4,921.0,41.92,58.93,7.1
182,7.28,24,player,Borussia Mgladbach,0.667,1118.0,710.1,1151.2,800.3,60.82,48.25,20.6
182,7.28,11,player,Borussia Mgladbach,0.616,810.1,710.1,849.7,793.5,46.29,47.63,11.2
182,7.28,16,player,Borussia Mgladbach,0.615,117.8,462.1,141.6,527.5,11.31,22.67,32.1
182,7.28,12,player,VfL Wolfsburg,0.607,1483.4,676.0,1515.4,753.5,78.38,44.0,6.3
182,7.28,22,player,Borussia Mgladbach,0.55,1255.1,530.0,1283.4,604.3,67.66,30.08,11.9
182,7.28,15,player,Borussia Mgladbach,0.526,656.5,442.1,679.6,503.8,37.97,20.35,6.6
182,7.28,19,player,Borussia Mgladbach,0.514,1689.0,531.6,1724.3,610.7,89.08,30.69,1.1
182,7.28,23,player,VfL Wolfsburg,0.512,932.3,449.4,960.5,510.3,51.82,20.99,8.3
182,7.28,25,player,Borussia Mgladbach,0.467,796.3,320.3,815.3,368.8,44.67,6.81,11.2
182,7.28,34,player,VfL Wolfsburg,0.454,1510.6,379.7,1536.9,442.5,80.82,14.27,3.6
182,7.28,14,player,Borussia Mgladbach,0.437,1710.5,640.5,1743.3,714.6,89.51,40.43,11.1
182,7.28,10,player,Borussia Mgladbach,0.433,823.2,519.2,854.8,590.7,46.55,28.78,13.8
182,7.28,32,player,Borussia Mgladbach,0.424,1180.1,330.2,1204.3,381.2,64.27,8.08,6.3
182,7.28,31,player,Borussia Mgladbach,0.415,1107.4,261.3,1127.4,300.7,60.58,-0.23,14.7
182,7.28,26,player,VfL Wolfsburg,0.392,967.4,564.1,995.8,638.6,53.55,33.34,4.0
182,7.28,28,player,Borussia Mgladbach,0.382,1115.2,404.8,1144.7,463.6,61.01,16.38,8.2
182,7.28,27,player,Borussia Mgladbach,0.367,1460.0,376.7,1482.9,439.1,78.21,13.93,10.5
182,7.28,13,player,Borussia Mgladbach,0.352,1136.5,879.6,1193.3,1008.8,61.98,66.49,38.0
182,7.28,0,ball,Ball,0.7,1453.0,324.0,1463.0,336.0,77.95,2.82,0.0
183,7.32,8,player,Borussia Mgladbach,0.712,1372.4,802.4,1410.5,897.3,72.78,56.86,1.9
183,7.32,4,player,Borussia Mgladbach,0.69,715.2,817.5,754.8,920.4,41.96,58.88,5.9
183,7.32,24,player,Borussia Mgladbach,0.688,1115.6,709.1,1147.1,803.1,60.66,48.5,26.8
183,7.32,12,player,VfL Wolfsburg,0.63,1482.4,672.8,1514.1,754.0,78.32,44.05,7.1
183,7.32,15,player,Borussia Mgladbach,0.614,654.4,442.5,679.1,504.0,37.9,20.37,5.9
183,7.32,11,player,Borussia Mgladbach,0.609,810.0,709.1,850.9,793.0,46.32,47.59,4.5
183,7.32,16,player,Borussia Mgladbach,0.594,117.7,458.6,140.9,525.7,11.29,22.5,15.4
183,7.32,22,player,Borussia Mgladbach,0.546,1254.6,529.3,1283.5,601.7,67.66,29.84,21.6
183,7.32,19,player,Borussia Mgladbach,0.503,1688.3,530.9,1725.1,609.8,89.09,30.61,7.8
183,7.32,14,player,Borussia Mgladbach,0.483,1711.3,639.5,1741.9,714.1,89.49,40.39,3.8
183,7.32,25,player,Borussia Mgladbach,0.483,798.5,320.2,817.0,367.2,44.76,6.64,17.4
183,7.32,23,player,VfL Wolfsburg,0.483,931.9,448.7,959.7,509.2,51.79,20.89,9.9
183,7.32,10,player,Borussia Mgladbach,0.436,821.2,518.1,852.3,586.3,46.44,28.36,38.0
183,7.32,34,player,VfL Wolfsburg,0.425,1511.1,380.4,1536.6,441.9,80.83,14.21,5.2
183,7.32,31,player,Borussia Mgladbach,0.415,1109.8,259.0,1128.3,301.7,60.66,-0.13,12.1
183,7.32,26,player,VfL Wolfsburg,0.411,967.3,561.0,994.1,636.1,53.51,33.1,22.0
183,7.32,32,player,Borussia Mgladbach,0.385,1180.9,329.6,1204.7,376.9,64.31,7.64,38.0
183,7.32,28,player,Borussia Mgladbach,0.378,1114.1,401.3,1140.6,462.9,60.88,16.31,13.2
183,7.32,27,player,Borussia Mgladbach,0.374,1460.1,376.7,1483.4,437.9,78.23,13.81,10.6
183,7.32,13,player,Borussia Mgladbach,0.356,1137.0,878.9,1191.7,1000.7,61.97,65.79,38.0
183,7.32,0,ball,Ball,0.7,1453.0,323.0,1462.0,336.0,77.93,2.76,0.0
184,7.36,8,player,Borussia Mgladbach,0.702,1374.0,801.6,1410.5,900.1,72.81,57.11,22.4
184,7.36,12,player,VfL Wolfsburg,0.692,1480.7,673.2,1515.3,755.8,78.31,44.21,14.2
184,7.36,16,player,Borussia Mgladbach,0.666,117.6,455.9,142.6,524.4,11.32,22.37,11.8
184,7.36,4,player,Borussia Mgladbach,0.664,717.6,817.7,756.8,920.6,42.06,58.91,9.4
184,7.36,24,player,Borussia Mgladbach,0.634,1114.4,709.9,1144.8,801.5,60.58,48.36,14.8
184,7.36,11,player,Borussia Mgladbach,0.562,810.7,708.5,851.1,791.5,46.34,47.46,12.4
184,7.36,15,player,Borussia Mgladbach,0.56,652.8,442.3,678.0,504.7,37.84,20.44,8.9
184,7.36,25,player,Borussia Mgladbach,0.532,799.9,318.6,822.4,368.6,44.94,6.79,20.7
184,7.36,23,player,VfL Wolfsburg,0.508,930.9,448.8,960.2,508.4,51.78,20.8,7.5
184,7.36,19,player,Borussia Mgladbach,0.5,1689.4,530.6,1723.0,608.0,89.07,30.44,15.4
184,7.36,22,player,Borussia Mgladbach,0.491,1254.4,528.1,1282.8,603.0,67.64,29.96,11.0
184,7.36,10,player,Borussia Mgladbach,0.48,817.9,519.7,851.2,584.1,46.33,28.15,21.3
184,7.36,14,player,Borussia Mgladbach,0.458,1712.0,637.5,1740.3,713.6,89.47,40.34,4.7
184,7.36,34,player,VfL Wolfsburg,0.434,1512.5,379.4,1536.8,442.1,80.87,14.23,3.9
184,7.36,32,player,Borussia Mgladbach,0.42,1182.3,329.5,1204.5,379.7,64.34,7.93,25.6
184,7.36,26,player,VfL Wolfsburg,0.411,968.3,557.5,991.2,633.4,53.46,32.84,23.7
184,7.36,28,player,Borussia Mgladbach,0.401,1114.1,402.7,1138.5,463.7,60.83,16.39,8.7
184,7.36,13,player,Borussia Mgladbach,0.396,1137.4,878.6,1190.4,987.8,61.96,64.7,38.0
184,7.36,31,player,Borussia Mgladbach,0.389,1110.8,258.5,1130.9,301.7,60.76,-0.13,8.5
184,7.36,27,player,Borussia Mgladbach,0.346,1459.7,377.3,1483.3,437.3,78.22,13.75,5.6
184,7.36,0,ball,Ball,0.7,1076.0,26.0,1085.0,34.0,58.96,-29.77,0.0
185,7.4,8,player,Borussia Mgladbach,0.704,1374.3,802.1,1411.3,900.6,72.83,57.16,4.9
185,7.4,4,player,Borussia Mgladbach,0.637,718.8,816.8,756.9,920.7,42.09,58.92,2.9
185,7.4,16,player,Borussia Mgladbach,0.635,117.9,455.1,141.8,519.6,11.27,21.9,38.0
185,7.4,12,player,VfL Wolfsburg,0.614,1479.4,670.5,1516.1,755.1,78.3,44.15,5.7
185,7.4,15,player,Borussia Mgladbach,0.546,652.3,443.3,676.9,503.7,37.8,20.34,9.8
185,7.4,24,player,Borussia Mgladbach,0.524,1111.8,709.0,1142.8,801.0,60.47,48.31,10.6
185,7.4,10,player,Borussia Mgladbach,0.498,814.8,519.1,848.4,583.8,46.18,28.12,13.6
185,7.4,23,player,VfL Wolfsburg,0.485,931.1,448.2,960.2,508.3,51.78,20.8,0.8
185,7.4,28,player,Borussia Mgladbach,0.472,1113.5,403.2,1137.1,463.5,60.78,16.36,5.2
185,7.4,13,player,Borussia Mgladbach,0.42,1139.1,878.2,1189.3,986.8,61.98,64.62,7.7
185,7.4,22,player,Borussia Mgladbach,0.419,1254.3,528.2,1282.2,602.2,67.62,29.88,6.8
185,7.4,25,player,Borussia Mgladbach,0.416,801.7,320.1,825.0,368.8,45.05,6.81,10.1
185,7.4,14,player,Borussia Mgladbach,0.411,1712.1,637.1,1738.7,712.4,89.45,40.23,10.5
185,7.4,19,player,Borussia Mgladbach,0.41,1688.7,531.4,1721.8,606.4,89.04,30.28,14.5
185,7.4,32,player,Borussia Mgladbach,0.409,1182.7,329.1,1204.3,378.4,64.35,7.79,12.3
185,7.4,11,player,Borussia Mgladbach,0.409,817.6,707.4,852.8,790.5,46.54,47.37,20.2
185,7.4,26,player,VfL Wolfsburg,0.398,966.5,554.9,993.6,634.1,53.48,32.91,6.7
185,7.4,27,player,Borussia Mgladbach,0.368,1460.6,376.9,1483.0,437.4,78.23,13.76,1.6
185,7.4,34,player,VfL Wolfsburg,0.366,1513.6,379.1,1538.0,441.7,80.93,14.19,6.5
185,7.4,0,ball,Ball,0.7,274.0,30.0,294.0,44.0,16.32,-28.97,0.0
186,7.44,12,player,VfL Wolfsburg,0.703,1478.6,669.1,1514.9,754.3,78.25,44.08,7.6
186,7.44,8,player,Borussia Mgladbach,0.698,1374.8,802.5,1412.4,901.7,72.87,57.25,8.9
186,7.44,4,player,Borussia Mgladbach,0.64,718.7,816.9,757.6,918.9,42.1,58.75,14.7
186,7.44,16,player,Borussia Mgladbach,0.613,118.2,454.7,141.8,520.1,11.28,21.95,4.7
186,7.44,15,player,Borussia Mgladbach,0.524,649.8,442.0,673.8,504.8,37.66,20.45,15.4
186,7.44,24,player,Borussia Mgladbach,0.498,1104.3,707.1,1142.9,798.9,60.3,48.12,23.4
186,7.44,28,player,Borussia Mgladbach,0.492,1112.6,404.4,1136.1,465.3,60.73,16.55,17.2
186,7.44,14,player,Borussia Mgladbach,0.484,1711.4,638.7,1737.5,711.8,89.4,40.18,5.9
186,7.44,23,player,VfL Wolfsburg,0.483,930.3,447.1,958.1,507.2,51.71,20.69,11.8
186,7.44,22,player,Borussia Mgladbach,0.465,1253.9,528.3,1282.7,596.3,67.64,29.32,38.0
186,7.44,26,player,VfL Wolfsburg,0.422,966.6,555.3,991.7,630.0,53.43,32.53,35.2
186,7.44,13,player,Borussia Mgladbach,0.42,1139.1,878.1,1189.4,986.1,61.98,64.55,6.1
186,7.44,32,player,Borussia Mgladbach,0.416,1184.0,327.8,1205.3,380.9,64.4,8.05,24.0
186,7.44,10,player,Borussia Mgladbach,0.414,814.7,519.1,848.3,582.3,46.18,27.97,13.1
186,7.44,11,player,Borussia Mgladbach,0.369,823.9,708.2,854.0,788.2,46.72,47.16,24.2
186,7.44,19,player,Borussia Mgladbach,0.365,1688.9,530.4,1719.5,603.7,89.0,30.03,22.7
186,7.44,27,player,Borussia Mgladbach,0.356,1461.2,376.9,1482.8,436.9,78.24,13.71,4.4
186,7.44,34,player,VfL Wolfsburg,0.325,1516.1,377.9,1537.5,439.4,80.99,13.96,21.7
186,7.44,25,player,Borussia Mgladbach,0.318,802.4,317.1,825.5,366.8,45.08,6.6,18.5
186,7.44,0,ball,Ball,0.7,274.0,29.0,294.0,44.0,16.31,-29.03,0.0
187,7.48,8,player,Borussia Mgladbach,0.709,1375.2,803.0,1413.6,900.5,72.91,57.15,9.9
187,7.48,12,player,VfL Wolfsburg,0.641,1477.4,669.5,1514.6,754.4,78.21,44.09,3.5
187,7.48,4,player,Borussia Mgladbach,0.632,721.6,817.6,758.0,919.9,42.18,58.84,10.9
187,7.48,16,player,Borussia Mgladbach,0.585,118.6,454.5,141.2,518.6,11.27,21.81,13.1
187,7.48,28,player,Borussia Mgladbach,0.533,1111.5,404.8,1133.8,470.1,60.64,17.03,38.0
187,7.48,23,player,VfL Wolfsburg,0.524,929.6,444.2,958.1,506.5,51.7,20.62,6.7
187,7.48,15,player,Borussia Mgladbach,0.512,647.6,440.3,672.4,504.9,37.57,20.47,8.3
187,7.48,22,player,Borussia Mgladbach,0.51,1252.0,527.6,1282.9,596.1,67.59,29.3,4.2
187,7.48,13,player,Borussia Mgladbach,0.492,1138.0,878.7,1190.2,986.7,61.98,64.6,4.8
187,7.48,14,player,Borussia Mgladbach,0.462,1711.2,639.2,1736.1,711.3,89.37,40.12,5.9
187,7.48,10,player,Borussia Mgladbach,0.419,812.7,518.1,847.4,584.4,46.11,28.18,19.1
187,7.48,11,player,Borussia Mgladbach,0.417,826.8,708.2,855.1,787.0,46.81,47.05,13.2
187,7.48,19,player,Borussia Mgladbach,0.414,1687.6,529.4,1717.1,603.8,88.91,30.03,8.3
187,7.48,24,player,Borussia Mgladbach,0.396,1098.9,706.3,1141.5,796.6,60.14,47.92,23.4
187,7.48,26,player,VfL Wolfsburg,0.391,966.6,555.6,991.7,626.4,53.44,32.18,31.0
187,7.48,27,player,Borussia Mgladbach,0.382,1461.4,376.7,1483.1,437.5,78.25,13.77,5.4
187,7.48,32,player,Borussia Mgladbach,0.356,1184.4,327.3,1206.1,380.3,64.43,7.98,6.7
187,7.48,34,player,VfL Wolfsburg,0.3,1517.7,377.7,1537.7,438.6,81.04,13.88,8.3
187,7.48,0,ball,Ball,0.7,82.0,59.0,88.0,64.0,5.85,-26.2,0.0
188,7.52,8,player,Borussia Mgladbach,0.712,1375.5,803.5,1414.5,901.8,72.93,57.26,10.1
188,7.52,4,player,Borussia Mgladbach,0.655,722.4,817.6,758.8,920.0,42.22,58.85,3.5
188,7.52,12,player,VfL Wolfsburg,0.616,1475.8,669.4,1515.1,754.5,78.19,44.1,2.5
188,7.52,16,player,Borussia Mgladbach,0.598,118.5,454.3,141.5,517.9,11.27,21.74,6.0
188,7.52,28,player,Borussia Mgladbach,0.544,1110.8,407.5,1131.7,469.4,60.57,16.96,8.7
188,7.52,14,player,Borussia Mgladbach,0.543,1710.1,640.0,1734.9,710.9,89.31,40.09,5.6
188,7.52,15,player,Borussia Mgladbach,0.516,646.5,438.7,670.5,504.3,37.49,20.4,8.8
188,7.52,13,player,Borussia Mgladbach,0.507,1137.8,878.9,1190.1,987.5,61.97,64.67,6.2
188,7.52,11,player,Borussia Mgladbach,0.501,830.1,707.5,855.5,786.5,46.9,47.01,8.8
188,7.52,22,player,Borussia Mgladbach,0.494,1250.7,527.3,1282.3,595.6,67.55,29.25,6.3
188,7.52,23,player,VfL Wolfsburg,0.482,931.6,440.1,958.2,506.1,51.75,20.57,6.0
188,7.52,10,player,Borussia Mgladbach,0.428,811.8,516.9,846.9,584.6,46.07,28.2,3.7
188,7.52,27,player,Borussia Mgladbach,0.396,1461.8,375.7,1483.5,438.2,78.27,13.84,6.6
188,7.52,24,player,Borussia Mgladbach,0.39,1103.9,705.1,1137.3,794.2,60.16,47.7,19.7
188,7.52,26,player,VfL Wolfsburg,0.387,966.2,555.2,991.1,628.1,53.41,32.35,15.0
188,7.52,32,player,Borussia Mgladbach,0.375,1184.5,326.6,1206.3,380.0,64.44,7.96,2.6
188,7.52,19,player,Borussia Mgladbach,0.37,1688.0,530.9,1716.0,603.5,88.89,30.01,2.9
188,7.52,34,player,VfL Wolfsburg,0.368,1519.6,377.2,1537.9,438.6,81.09,13.89,4.7
188,7.52,25,player,Borussia Mgladbach,0.341,807.0,317.1,830.7,368.0,45.33,6.73,12.6
188,7.52,0,ball,Ball,0.7,274.0,29.0,294.0,44.0,16.31,-29.03,0.0
189,7.56,8,player,Borussia Mgladbach,0.711,1376.1,803.3,1415.8,901.0,72.98,57.19,7.7
189,7.56,4,player,Borussia Mgladbach,0.654,723.2,817.6,759.0,920.4,42.24,58.89,4.2
189,7.56,12,player,VfL Wolfsburg,0.608,1473.8,669.7,1515.2,753.8,78.14,44.03,7.4
189,7.56,14,player,Borussia Mgladbach,0.596,1706.0,638.0,1733.9,712.1,89.18,40.21,15.5
189,7.56,16,player,Borussia Mgladbach,0.579,119.4,454.7,142.3,516.2,11.3,21.57,15.8
189,7.56,11,player,Borussia Mgladbach,0.546,834.6,708.6,857.9,785.6,47.07,46.93,16.5
189,7.56,13,player,Borussia Mgladbach,0.542,1139.1,878.4,1189.5,986.9,61.98,64.62,4.7
189,7.56,28,player,Borussia Mgladbach,0.541,1109.0,408.1,1131.5,470.2,60.52,17.03,8.2
189,7.56,15,player,Borussia Mgladbach,0.508,644.8,440.3,668.4,503.4,37.4,20.31,11.9
189,7.56,22,player,Borussia Mgladbach,0.475,1250.8,526.5,1282.9,595.0,67.57,29.19,5.2
189,7.56,24,player,Borussia Mgladbach,0.471,1097.0,706.2,1136.5,795.7,59.98,47.84,20.9
189,7.56,26,player,VfL Wolfsburg,0.415,965.8,553.7,990.9,628.9,53.4,32.42,6.5
189,7.56,27,player,Borussia Mgladbach,0.408,1462.0,375.6,1483.8,438.7,78.28,13.89,4.9
189,7.56,23,player,VfL Wolfsburg,0.399,930.9,438.3,956.8,505.4,51.7,20.51,7.6
189,7.56,10,player,Borussia Mgladbach,0.397,811.6,512.9,845.8,582.8,46.04,28.02,16.1
189,7.56,19,player,Borussia Mgladbach,0.373,1686.8,528.4,1713.0,603.5,88.79,30.01,9.0
189,7.56,32,player,Borussia Mgladbach,0.356,1185.3,327.0,1207.0,379.6,64.48,7.92,5.0
189,7.56,34,player,VfL Wolfsburg,0.355,1519.8,377.2,1538.6,438.4,81.11,13.86,2.9
189,7.56,25,player,Borussia Mgladbach,0.302,807.9,315.9,832.0,368.4,45.38,6.77,6.1
189,7.56,0,ball,Ball,0.7,274.0,29.0,294.0,44.0,16.31,-29.03,0.0
190,7.6,8,player,Borussia Mgladbach,0.734,1377.0,803.7,1417.2,901.8,73.03,57.27,8.0
190,7.6,4,player,Borussia Mgladbach,0.674,723.5,817.8,759.4,920.5,42.26,58.89,1.6
190,7.6,14,player,Borussia Mgladbach,0.655,1704.0,637.6,1732.7,712.8,89.1,40.26,9.0
190,7.6,16,player,Borussia Mgladbach,0.628,120.2,455.7,142.8,516.7,11.34,21.62,5.6
190,7.6,11,player,Borussia Mgladbach,0.61,835.6,706.9,863.7,784.8,47.23,46.85,16.0
190,7.6,12,player,VfL Wolfsburg,0.597,1473.1,670.7,1515.6,753.5,78.14,44.01,1.8
190,7.6,24,player,Borussia Mgladbach,0.566,1096.1,706.1,1137.0,797.8,59.96,48.03,17.1
190,7.6,10,player,Borussia Mgladbach,0.565,810.5,507.3,845.2,582.1,46.0,27.96,6.9
190,7.6,28,player,Borussia Mgladbach,0.557,1107.1,408.6,1130.0,469.9,60.43,17.0,8.1
190,7.6,26,player,VfL Wolfsburg,0.556,964.2,553.5,990.5,629.5,53.35,32.48,6.8
190,7.6,22,player,Borussia Mgladbach,0.554,1250.4,524.8,1283.4,594.1,67.57,29.11,7.2
190,7.6,13,player,Borussia Mgladbach,0.554,1139.2,878.6,1189.4,987.6,61.98,64.68,5.1
190,7.6,27,player,Borussia Mgladbach,0.461,1461.8,375.8,1483.9,438.3,78.28,13.85,3.7
190,7.6,15,player,Borussia Mgladbach,0.446,643.8,437.8,666.8,503.4,37.33,20.32,5.7
190,7.6,23,player,VfL Wolfsburg,0.397,932.3,437.7,957.1,504.4,51.74,20.41,9.5
190,7.6,19,player,Borussia Mgladbach,0.378,1685.1,527.3,1712.1,603.9,88.72,30.05,7.0
190,7.6,32,player,Borussia Mgladbach,0.369,1185.5,326.1,1207.7,378.2,64.5,7.77,13.3
190,7.6,34,player,VfL Wolfsburg,0.347,1520.2,377.2,1539.2,438.8,81.14,13.91,4.4
190,7.6,25,player,Borussia Mgladbach,0.311,809.6,315.8,832.6,368.0,45.44,6.73,6.1
190,7.6,0,ball,Ball,0.7,274.0,29.0,294.0,44.0,16.31,-29.03,0.0
191,7.64,14,player,Borussia Mgladbach,0.749,1700.8,636.6,1731.7,712.9,89.0,40.27,9.2
191,7.64,8,player,Borussia Mgladbach,0.713,1378.3,803.6,1417.2,902.0,73.06,57.28,3.0
191,7.64,24,player,Borussia Mgladbach,0.675,1096.3,706.7,1137.2,795.3,59.98,47.8,20.4
191,7.64,4,player,Borussia Mgladbach,0.653,723.9,817.3,759.7,919.3,42.27,58.79,9.2
191,7.64,16,player,Borussia Mgladbach,0.634,120.2,455.7,143.0,516.8,11.34,21.63,1.4
191,7.64,11,player,Borussia Mgladbach,0.633,837.2,704.9,867.4,784.8,47.36,46.85,11.4
191,7.64,12,player,VfL Wolfsburg,0.63,1473.1,669.7,1514.5,752.6,78.12,43.93,7.8
191,7.64,28,player,Borussia Mgladbach,0.593,1106.4,408.1,1128.1,471.3,60.37,17.15,14.1
191,7.64,10,player,Borussia Mgladbach,0.568,808.9,502.7,845.3,579.0,45.96,27.66,26.9
191,7.64,13,player,Borussia Mgladbach,0.554,1139.5,878.6,1189.5,987.4,61.99,64.66,1.4
191,7.64,26,player,VfL Wolfsburg,0.548,964.6,553.9,989.7,628.3,53.34,32.37,9.8
191,7.64,22,player,Borussia Mgladbach,0.544,1251.3,523.0,1283.1,593.3,67.59,29.03,7.8
191,7.64,27,player,Borussia Mgladbach,0.483,1462.3,375.5,1483.7,438.4,78.29,13.86,0.9
191,7.64,23,player,VfL Wolfsburg,0.389,930.8,437.2,956.0,501.7,51.67,20.14,25.1
191,7.64,19,player,Borussia Mgladbach,0.348,1684.4,527.4,1712.2,605.0,88.7,30.15,9.2
191,7.64,15,player,Borussia Mgladbach,0.343,643.5,437.9,665.6,502.3,37.29,20.21,10.3
191,7.64,25,player,Borussia Mgladbach,0.342,811.5,314.3,834.8,366.9,45.54,6.61,14.1
191,7.64,34,player,VfL Wolfsburg,0.314,1521.2,377.0,1540.0,440.2,81.18,14.04,12.5
191,7.64,0,ball,Ball,0.7,274.0,29.0,294.0,44.0,16.31,-29.03,0.0
192,7.68,14,player,Borussia Mgladbach,0.739,1700.4,635.8,1729.6,712.9,88.94,40.28,5.3
192,7.68,8,player,Borussia Mgladbach,0.696,1379.5,803.4,1417.8,900.0,73.11,57.1,16.4
192,7.68,24,player,Borussia Mgladbach,0.642,1095.3,706.4,1134.0,792.9,59.88,47.58,21.4
192,7.68,11,player,Borussia Mgladbach,0.637,838.8,706.2,868.0,783.9,47.41,46.77,8.8
192,7.68,4,player,Borussia Mgladbach,0.628,725.0,817.8,759.7,919.3,42.3,58.79,2.5
192,7.68,16,player,Borussia Mgladbach,0.593,119.4,455.6,143.2,516.7,11.33,21.62,1.9
192,7.68,28,player,Borussia Mgladbach,0.577,1104.8,406.6,1126.5,471.1,60.29,17.12,7.6
192,7.68,12,player,VfL Wolfsburg,0.577,1472.4,667.3,1514.3,752.9,78.09,43.95,3.2
192,7.68,10,player,Borussia Mgladbach,0.55,811.0,507.1,843.8,578.7,45.97,27.63,3.3
192,7.68,13,player,Borussia Mgladbach,0.526,1139.4,878.3,1189.4,987.3,61.99,64.65,0.9
192,7.68,27,player,Borussia Mgladbach,0.503,1462.6,374.7,1483.6,437.4,78.3,13.77,8.7
192,7.68,26,player,VfL Wolfsburg,0.495,964.8,551.9,988.4,626.2,53.31,32.17,18.2
192,7.68,22,player,Borussia Mgladbach,0.454,1254.1,522.4,1283.7,591.6,67.68,28.87,16.4
192,7.68,19,player,Borussia Mgladbach,0.367,1683.6,526.4,1712.3,605.2,88.68,30.17,2.4
192,7.68,23,player,VfL Wolfsburg,0.35,930.1,434.4,954.5,501.9,51.62,20.17,5.5
192,7.68,15,player,Borussia Mgladbach,0.32,644.1,432.6,664.6,497.6,37.27,19.75,38.0
192,7.68,0,ball,Ball,0.7,236.0,35.0,241.0,42.0,13.89,-28.8,0.0
193,7.72,14,player,Borussia Mgladbach,0.712,1699.5,636.7,1728.2,712.8,88.88,40.27,5.1
193,7.72,8,player,Borussia Mgladbach,0.668,1380.5,803.0,1418.6,902.0,73.15,57.28,16.6
193,7.72,16,player,Borussia Mgladbach,0.627,120.8,455.7,143.4,519.0,11.38,21.85,21.0
193,7.72,4,player,Borussia Mgladbach,0.619,727.7,817.0,759.8,916.0,42.36,58.51,25.9
193,7.72,12,player,VfL Wolfsburg,0.61,1473.5,668.8,1513.7,749.7,78.12,43.66,26.8
193,7.72,10,player,Borussia Mgladbach,0.599,813.1,506.5,843.2,575.3,46.0,27.31,29.3
193,7.72,24,player,Borussia Mgladbach,0.596,1093.6,702.8,1127.7,791.2,59.69,47.43,21.8
193,7.72,28,player,Borussia Mgladbach,0.579,1103.6,405.0,1125.4,470.6,60.23,17.07,7.0
193,7.72,27,player,Borussia Mgladbach,0.533,1463.1,374.3,1484.1,436.7,78.32,13.69,7.4
193,7.72,11,player,Borussia Mgladbach,0.532,841.5,704.3,871.4,783.6,47.55,46.75,13.0
193,7.72,22,player,Borussia Mgladbach,0.525,1255.1,519.6,1285.4,592.2,67.74,28.92,7.4
193,7.72,13,player,Borussia Mgladbach,0.487,1138.4,879.8,1189.9,988.1,61.97,64.72,6.4
193,7.72,26,player,VfL Wolfsburg,0.426,964.7,550.5,987.0,623.8,53.27,31.94,20.8
193,7.72,19,player,Borussia Mgladbach,0.378,1683.3,525.5,1712.8,606.2,88.68,30.26,8.5
193,7.72,23,player,VfL Wolfsburg,0.371,929.2,432.4,955.3,501.3,51.62,20.11,5.5
193,7.72,0,ball,Ball,0.7,236.0,34.0,241.0,41.0,13.88,-28.92,0.0
194,7.76,14,player,Borussia Mgladbach,0.673,1696.7,637.4,1727.6,712.7,88.8,40.26,7.5
194,7.76,8,player,Borussia Mgladbach,0.672,1380.7,802.9,1419.4,902.9,73.17,57.36,7.1
194,7.76,12,player,VfL Wolfsburg,0.622,1473.5,666.5,1512.4,745.5,78.1,43.27,34.5
194,7.76,4,player,Borussia Mgladbach,0.608,727.6,816.9,760.1,916.6,42.37,58.55,4.3
194,7.76,16,player,Borussia Mgladbach,0.607,120.4,454.6,142.8,518.0,11.35,21.75,9.3
194,7.76,26,player,VfL Wolfsburg,0.604,963.3,548.7,987.4,623.6,53.25,31.92,2.7
194,7.76,10,player,Borussia Mgladbach,0.594,813.0,503.8,843.8,571.8,46.02,26.96,30.8
194,7.76,24,player,Borussia Mgladbach,0.585,1091.5,699.5,1123.5,788.4,59.54,47.17,26.7
194,7.76,28,player,Borussia Mgladbach,0.583,1102.7,404.5,1125.2,471.2,60.2,17.13,6.3
194,7.76,27,player,Borussia Mgladbach,0.545,1462.8,374.3,1484.2,436.9,78.32,13.71,2.4
194,7.76,22,player,Borussia Mgladbach,0.52,1256.6,517.7,1285.9,591.9,67.79,28.9,5.0
194,7.76,13,player,Borussia Mgladbach,0.508,1137.8,879.3,1189.8,989.1,61.96,64.81,7.9
194,7.76,23,player,VfL Wolfsburg,0.433,929.1,433.0,955.7,501.3,51.63,20.11,0.9
194,7.76,19,player,Borussia Mgladbach,0.417,1682.2,524.6,1712.7,606.2,88.65,30.26,2.6
194,7.76,11,player,Borussia Mgladbach,0.415,841.6,702.5,875.1,783.8,47.64,46.76,8.5
194,7.76,34,player,VfL Wolfsburg,0.31,1522.1,377.1,1542.5,440.4,81.26,14.06,2.7
194,7.76,0,ball,Ball,0.7,236.0,34.0,241.0,41.0,13.88,-28.92,0.0
195,7.8,8,player,Borussia Mgladbach,0.695,1381.2,803.0,1419.8,902.7,73.19,57.34,2.2
195,7.8,14,player,Borussia Mgladbach,0.685,1694.6,637.9,1727.2,713.0,88.74,40.29,6.3
195,7.8,26,player,VfL Wolfsburg,0.667,961.6,548.0,986.6,624.7,53.19,32.02,11.0
195,7.8,24,player,Borussia Mgladbach,0.651,1089.0,696.8,1120.5,787.7,59.41,47.11,13.0
195,7.8,10,player,Borussia Mgladbach,0.623,813.2,502.4,843.5,569.8,46.01,26.77,17.3
195,7.8,4,player,Borussia Mgladbach,0.609,727.4,816.5,760.9,917.6,42.38,58.64,7.7
195,7.8,16,player,Borussia Mgladbach,0.608,122.3,454.2,143.2,514.3,11.39,21.38,33.0
195,7.8,12,player,VfL Wolfsburg,0.605,1472.6,666.2,1512.3,745.7,78.08,43.29,2.7
195,7.8,27,player,Borussia Mgladbach,0.526,1463.1,374.2,1484.1,435.8,78.33,13.6,10.5
195,7.8,13,player,Borussia Mgladbach,0.509,1137.8,879.3,1189.9,989.0,61.96,64.8,1.1
195,7.8,22,player,Borussia Mgladbach,0.499,1257.1,517.2,1286.0,591.7,67.81,28.88,2.4
195,7.8,23,player,VfL Wolfsburg,0.496,928.8,433.2,956.1,501.9,51.63,20.16,5.2
195,7.8,28,player,Borussia Mgladbach,0.479,1102.1,404.1,1122.6,468.2,60.13,16.84,27.5
195,7.8,19,player,Borussia Mgladbach,0.461,1681.1,523.6,1710.2,604.8,88.57,30.13,14.1
195,7.8,11,player,Borussia Mgladbach,0.394,840.5,704.2,877.3,785.9,47.67,46.95,17.4
195,7.8,15,player,Borussia Mgladbach,0.32,638.7,432.0,662.1,493.5,37.07,19.34,13.8
195,7.8,0,ball,Ball,0.7,226.0,35.0,233.0,40.0,13.4,-28.92,0.0
196,7.84,8,player,Borussia Mgladbach,0.724,1381.9,803.1,1419.7,901.6,73.21,57.25,8.7
196,7.84,14,player,Borussia Mgladbach,0.679,1693.0,639.1,1725.7,713.4,88.67,40.32,7.4
196,7.84,26,player,VfL Wolfsburg,0.668,960.3,547.6,986.1,620.6,53.14,31.63,35.8
196,7.84,4,player,Borussia Mgladbach,0.645,728.0,816.5,761.3,917.2,42.4,58.61,3.4
196,7.84,16,player,Borussia Mgladbach,0.631,122.5,449.2,143.9,514.4,11.41,21.39,2.1
196,7.84,10,player,Borussia Mgladbach,0.603,814.4,502.6,843.5,567.6,46.04,26.56,19.1
196,7.84,24,player,Borussia Mgladbach,0.586,1088.4,696.4,1119.2,785.5,59.37,46.91,18.3
196,7.84,23,player,VfL Wolfsburg,0.585,930.5,436.2,956.7,502.0,51.69,20.18,5.5
196,7.84,19,player,Borussia Mgladbach,0.564,1680.0,522.7,1709.5,602.9,88.54,29.95,16.2
196,7.84,13,player,Borussia Mgladbach,0.532,1139.3,878.7,1189.5,987.5,61.99,64.67,11.4
196,7.84,12,player,VfL Wolfsburg,0.506,1472.7,667.0,1511.7,742.8,78.07,43.03,23.8
196,7.84,28,player,Borussia Mgladbach,0.501,1098.8,405.9,1121.3,469.3,60.01,16.95,14.5
196,7.84,27,player,Borussia Mgladbach,0.487,1463.7,373.8,1484.2,434.5,78.35,13.47,11.4
196,7.84,22,player,Borussia Mgladbach,0.481,1257.2,517.8,1286.5,591.1,67.82,28.82,5.6
196,7.84,35,player,VfL Wolfsburg,0.414,1575.0,418.1,1600.9,483.7,83.85,18.37,0.0
196,7.84,11,player,Borussia Mgladbach,0.412,840.8,705.0,878.7,782.7,47.71,46.66,26.5
196,7.84,15,player,Borussia Mgladbach,0.333,636.8,433.9,660.4,494.8,36.98,19.46,13.9
196,7.84,0,ball,Ball,0.7,226.0,34.0,232.0,38.0,13.37,-29.09,0.0
197,7.88,8,player,Borussia Mgladbach,0.739,1381.9,803.3,1420.2,904.2,73.21,57.47,20.2
197,7.88,14,player,Borussia Mgladbach,0.664,1692.3,639.9,1723.7,712.8,88.6,40.27,7.7
197,7.88,4,player,Borussia Mgladbach,0.652,728.3,815.4,761.0,916.6,42.41,58.55,4.9
197,7.88,16,player,Borussia Mgladbach,0.635,123.1,445.6,143.5,513.2,11.41,21.28,9.9
197,7.88,26,player,VfL Wolfsburg,0.633,957.8,547.2,984.5,619.9,53.04,31.57,10.6
197,7.88,19,player,Borussia Mgladbach,0.62,1677.7,520.8,1708.8,601.3,88.47,29.79,15.5
197,7.88,10,player,Borussia Mgladbach,0.608,813.9,499.0,842.2,569.3,46.0,26.73,15.8
197,7.88,24,player,Borussia Mgladbach,0.608,1086.5,696.5,1118.3,783.5,59.3,46.73,17.3
197,7.88,23,player,VfL Wolfsburg,0.59,931.3,437.0,957.5,501.6,51.72,20.14,4.8
197,7.88,13,player,Borussia Mgladbach,0.538,1139.3,878.7,1189.4,986.9,61.99,64.62,4.6
197,7.88,27,player,Borussia Mgladbach,0.481,1464.1,373.3,1484.1,433.6,78.37,13.38,8.6
197,7.88,28,player,Borussia Mgladbach,0.472,1096.5,404.6,1121.1,468.5,59.95,16.86,9.5
197,7.88,11,player,Borussia Mgladbach,0.454,847.6,702.1,881.8,777.9,47.94,46.22,38.0
197,7.88,22,player,Borussia Mgladbach,0.447,1257.5,517.7,1286.1,589.8,67.82,28.7,10.6
197,7.88,12,player,VfL Wolfsburg,0.427,1473.7,665.9,1511.1,741.1,78.09,42.87,13.8
197,7.88,35,player,VfL Wolfsburg,0.407,1573.2,416.2,1599.8,481.9,83.79,18.2,16.4
197,7.88,15,player,Borussia Mgladbach,0.396,634.2,434.9,658.8,494.8,36.87,19.46,9.6
197,7.88,34,player,VfL Wolfsburg,0.33,1522.3,376.5,1544.5,438.2,81.33,13.84,6.8
197,7.88,0,ball,Ball,0.7,208.0,68.0,214.0,72.0,12.62,-25.24,0.0
198,7.92,8,player,Borussia Mgladbach,0.712,1381.9,802.6,1420.6,906.4,73.22,57.66,17.1
198,7.92,26,player,VfL Wolfsburg,0.672,957.2,545.3,985.1,620.8,53.04,31.66,7.9
198,7.92,16,player,Borussia Mgladbach,0.655,123.4,443.5,143.7,508.8,11.39,20.84,38.0
198,7.92,4,player,Borussia Mgladbach,0.634,729.2,813.8,760.9,915.3,42.42,58.45,9.7
198,7.92,14,player,Borussia Mgladbach,0.632,1691.1,639.4,1722.5,712.4,88.55,40.23,6.1
198,7.92,24,player,Borussia Mgladbach,0.622,1083.2,696.8,1116.3,785.2,59.17,46.89,18.2
198,7.92,23,player,VfL Wolfsburg,0.583,930.3,437.4,957.9,501.8,51.71,20.15,1.7
198,7.92,10,player,Borussia Mgladbach,0.573,813.8,498.3,844.1,568.5,46.04,26.65,8.1
198,7.92,19,player,Borussia Mgladbach,0.563,1678.1,519.4,1705.7,599.1,88.42,29.58,19.6
198,7.92,13,player,Borussia Mgladbach,0.553,1138.1,878.4,1189.0,984.9,61.95,64.45,16.1
198,7.92,12,player,VfL Wolfsburg,0.539,1473.9,664.3,1510.6,741.0,78.08,42.86,0.9
198,7.92,28,player,Borussia Mgladbach,0.473,1095.8,408.9,1120.0,469.1,59.9,16.93,7.1
198,7.92,11,player,Borussia Mgladbach,0.468,853.4,699.9,882.5,776.9,48.1,46.14,16.1
198,7.92,22,player,Borussia Mgladbach,0.456,1257.4,517.0,1286.6,589.8,67.83,28.69,0.9
198,7.92,27,player,Borussia Mgladbach,0.42,1464.8,373.2,1484.4,432.0,78.4,13.22,14.5
198,7.92,15,player,Borussia Mgladbach,0.361,633.4,433.6,658.4,492.9,36.84,19.28,16.3
198,7.92,35,player,VfL Wolfsburg,0.318,1573.3,417.0,1599.3,480.0,83.79,18.0,17.7
198,7.92,34,player,VfL Wolfsburg,0.31,1522.3,375.9,1544.3,436.0,81.33,13.63,19.6
198,7.92,0,ball,Ball,0.7,228.0,34.0,234.0,38.0,13.47,-29.09,0.0
199,7.96,8,player,Borussia Mgladbach,0.702,1382.0,802.4,1421.3,906.1,73.24,57.64,3.1
199,7.96,26,player,VfL Wolfsburg,0.676,957.2,544.1,985.3,620.0,53.05,31.57,7.4
199,7.96,16,player,Borussia Mgladbach,0.631,123.4,441.8,142.7,508.8,11.37,20.84,2.5
199,7.96,4,player,Borussia Mgladbach,0.63,730.0,812.8,760.8,914.0,42.44,58.33,10.3
199,7.96,10,player,Borussia Mgladbach,0.627,813.5,496.5,845.2,568.0,46.06,26.6,4.7
199,7.96,23,player,VfL Wolfsburg,0.61,930.7,437.5,958.1,502.3,51.72,20.21,5.1
199,7.96,24,player,Borussia Mgladbach,0.585,1080.4,696.5,1112.4,783.7,59.02,46.75,18.7
199,7.96,14,player,Borussia Mgladbach,0.574,1690.9,639.2,1720.2,711.0,88.49,40.11,11.9
199,7.96,13,player,Borussia Mgladbach,0.569,1138.5,878.3,1188.9,984.9,61.96,64.45,0.7
199,7.96,11,player,Borussia Mgladbach,0.537,857.1,696.8,886.3,775.3,48.28,45.99,20.7
199,7.96,19,player,Borussia Mgladbach,0.524,1678.1,518.2,1704.7,595.7,88.41,29.26,29.1
199,7.96,28,player,Borussia Mgladbach,0.484,1094.7,410.5,1120.6,469.0,59.89,16.92,1.2
199,7.96,12,player,VfL Wolfsburg,0.464,1473.8,663.6,1510.2,740.4,78.08,42.81,5.4
199,7.96,27,player,Borussia Mgladbach,0.451,1465.4,371.2,1484.7,432.0,78.42,13.22,2.0
199,7.96,22,player,Borussia Mgladbach,0.448,1257.4,516.8,1287.0,589.4,67.84,28.66,3.0
199,7.96,15,player,Borussia Mgladbach,0.366,631.9,432.8,658.3,493.9,36.8,19.38,9.3
199,7.96,34,player,VfL Wolfsburg,0.327,1522.3,374.8,1544.5,434.8,81.34,13.5,11.0
199,7.96,35,player,VfL Wolfsburg,0.311,1572.6,415.4,1599.1,478.3,83.77,17.83,15.1
199,7.96,0,ball,Ball,0.7,692.0,32.0,706.0,44.0,38.53,-28.86,0.0
200,8.0,8,player,Borussia Mgladbach,0.722,1382.5,803.9,1421.4,904.9,73.25,57.54,9.0
200,8.0,16,player,Borussia Mgladbach,0.622,123.7,441.6,142.4,506.2,11.35,20.59,23.2
200,8.0,4,player,Borussia Mgladbach,0.598,730.6,809.8,760.6,912.6,42.45,58.2,11.5
200,8.0,23,player,VfL Wolfsburg,0.598,930.5,437.9,957.5,500.9,51.7,20.06,13.3
200,8.0,26,player,VfL Wolfsburg,0.586,958.2,543.7,984.9,619.2,53.07,31.5,6.5
200,8.0,14,player,Borussia Mgladbach,0.579,1690.9,638.8,1719.8,711.5,88.48,40.14,3.7
200,8.0,11,player,Borussia Mgladbach,0.562,861.1,696.4,887.1,775.1,48.39,45.97,10.6
200,8.0,24,player,Borussia Mgladbach,0.559,1077.5,696.8,1111.9,784.5,58.93,46.83,9.9
200,8.0,10,player,Borussia Mgladbach,0.555,816.5,496.1,844.5,565.7,46.11,26.38,20.4
200,8.0,13,player,Borussia Mgladbach,0.543,1138.8,878.6,1188.8,984.5,61.96,64.42,3.1
200,8.0,12,player,VfL Wolfsburg,0.498,1473.8,663.2,1510.4,739.3,78.08,42.7,9.3
200,8.0,27,player,Borussia Mgladbach,0.452,1465.9,369.8,1484.6,431.7,78.43,13.19,2.9
200,8.0,19,player,Borussia Mgladbach,0.451,1678.5,516.5,1703.4,593.7,88.4,29.07,17.0
200,8.0,22,player,Borussia Mgladbach,0.433,1257.5,516.3,1287.0,588.6,67.85,28.58,7.0
200,8.0,28,player,Borussia Mgladbach,0.378,1090.8,410.0,1121.4,471.0,59.81,17.11,19.1
200,8.0,15,player,Borussia Mgladbach,0.372,632.1,432.7,659.1,494.2,36.83,19.4,3.2
200,8.0,35,player,VfL Wolfsburg,0.314,1571.4,414.3,1599.0,477.6,83.74,17.77,6.5
200,8.0,34,player,VfL Wolfsburg,0.311,1522.3,373.9,1544.8,433.6,81.35,13.38,11.6
200,8.0,0,ball,Ball,0.7,692.0,32.0,706.0,44.0,38.53,-28.86,0.0
201,8.04,8,player,Borussia Mgladbach,0.747,1382.7,805.7,1422.3,906.7,73.27,57.69,14.1
201,8.04,16,player,Borussia Mgladbach,0.641,122.8,440.9,142.5,504.4,11.32,20.41,15.8
201,8.04,4,player,Borussia Mgladbach,0.618,730.6,808.9,761.2,912.7,42.46,58.22,1.7
201,8.04,26,player,VfL Wolfsburg,0.58,957.5,542.6,983.9,617.4,53.02,31.33,16.4
201,8.04,23,player,VfL Wolfsburg,0.573,930.1,435.7,956.1,500.9,51.66,20.07,4.1
201,8.04,24,player,Borussia Mgladbach,0.564,1076.7,697.0,1110.2,782.9,58.88,46.68,13.9
201,8.04,13,player,Borussia Mgladbach,0.553,1139.0,878.8,1188.8,984.7,61.97,64.44,1.8
201,8.04,14,player,Borussia Mgladbach,0.521,1688.9,634.5,1717.2,711.4,88.37,40.14,10.0
201,8.04,11,player,Borussia Mgladbach,0.51,865.3,696.6,888.0,775.2,48.51,45.98,10.9
201,8.04,19,player,Borussia Mgladbach,0.475,1678.2,517.2,1702.9,592.8,88.39,28.98,7.9
201,8.04,10,player,Borussia Mgladbach,0.459,818.0,496.1,845.9,560.2,46.18,25.85,38.0
201,8.04,12,player,VfL Wolfsburg,0.447,1475.1,663.6,1510.3,739.1,78.11,42.69,2.9
201,8.04,22,player,Borussia Mgladbach,0.422,1258.2,518.1,1287.9,584.4,67.9,28.18,37.0
201,8.04,27,player,Borussia Mgladbach,0.415,1466.4,367.4,1485.2,430.3,78.46,13.05,12.8
201,8.04,28,player,Borussia Mgladbach,0.399,1088.8,408.5,1118.3,470.9,59.68,17.1,11.4
201,8.04,15,player,Borussia Mgladbach,0.397,632.0,433.3,659.5,493.5,36.83,19.34,6.0
201,8.04,36,player,Borussia Mgladbach,0.382,1158.0,368.2,1177.8,420.9,62.98,12.1,0.0
201,8.04,35,player,VfL Wolfsburg,0.306,1569.6,414.0,1598.3,477.7,83.68,17.78,5.6
201,8.04,0,ball,Ball,0.7,692.0,32.0,706.0,44.0,38.53,-28.86,0.0
202,8.08,8,player,Borussia Mgladbach,0.72,1383.4,807.1,1422.8,903.9,73.31,57.45,22.3
202,8.08,16,player,Borussia Mgladbach,0.674,122.2,439.0,142.1,501.5,11.28,20.13,25.8
202,8.08,4,player,Borussia Mgladbach,0.605,730.5,808.1,760.8,913.2,42.45,58.25,3.4
202,8.08,24,player,Borussia Mgladbach,0.599,1073.9,695.6,1108.2,782.4,58.76,46.63,11.3
202,8.08,11,player,Borussia Mgladbach,0.596,867.4,694.2,890.9,775.9,48.63,46.04,12.0
202,8.08,23,player,VfL Wolfsburg,0.58,929.3,432.7,956.2,501.2,51.64,20.1,2.7
202,8.08,13,player,Borussia Mgladbach,0.544,1139.4,878.7,1188.6,985.4,61.97,64.49,5.0
202,8.08,28,player,Borussia Mgladbach,0.525,1086.5,408.8,1117.2,470.9,59.6,17.11,7.7
202,8.08,14,player,Borussia Mgladbach,0.486,1688.4,632.5,1714.8,708.8,88.32,39.9,22.6
202,8.08,26,player,VfL Wolfsburg,0.481,955.8,542.5,983.5,616.7,52.97,31.26,7.4
202,8.08,12,player,VfL Wolfsburg,0.473,1476.3,664.0,1511.0,739.6,78.16,42.74,5.6
202,8.08,10,player,Borussia Mgladbach,0.432,818.2,495.7,847.2,559.1,46.21,25.74,10.2
202,8.08,22,player,Borussia Mgladbach,0.43,1259.1,517.8,1287.5,585.7,67.91,28.31,11.9
202,8.08,36,player,Borussia Mgladbach,0.402,1157.1,366.3,1177.0,419.6,62.94,11.98,11.6
202,8.08,27,player,Borussia Mgladbach,0.397,1466.4,364.9,1485.1,429.2,78.46,12.94,10.1
202,8.08,15,player,Borussia Mgladbach,0.368,631.2,436.2,658.4,495.3,36.79,19.52,16.5
202,8.08,19,player,Borussia Mgladbach,0.322,1677.6,518.0,1701.7,589.9,88.36,28.71,25.1
202,8.08,35,player,VfL Wolfsburg,0.311,1569.5,414.2,1596.7,477.8,83.64,17.78,4.1
202,8.08,0,ball,Ball,0.7,692.0,32.0,706.0,44.0,38.53,-28.86,0.0
203,8.12,8,player,Borussia Mgladbach,0.713,1383.8,808.5,1423.6,903.3,73.34,57.39,5.5
203,8.12,16,player,Borussia Mgladbach,0.652,121.7,438.5,141.9,501.8,11.26,20.16,2.8
203,8.12,4,player,Borussia Mgladbach,0.593,730.5,807.2,760.9,914.0,42.45,58.33,6.8
203,8.12,24,player,Borussia Mgladbach,0.584,1071.2,694.5,1105.2,781.8,58.63,46.58,13.1
203,8.12,23,player,VfL Wolfsburg,0.57,929.2,432.3,956.2,500.5,51.64,20.03,6.0
203,8.12,13,player,Borussia Mgladbach,0.553,1139.6,878.8,1188.3,985.4,61.97,64.49,0.3
203,8.12,28,player,Borussia Mgladbach,0.517,1086.1,408.7,1115.5,469.1,59.55,16.92,17.3
203,8.12,11,player,Borussia Mgladbach,0.509,870.2,695.1,895.5,775.3,48.81,45.99,16.6
203,8.12,26,player,VfL Wolfsburg,0.455,955.7,541.7,982.5,613.9,52.95,30.99,24.4
203,8.12,19,player,Borussia Mgladbach,0.452,1675.9,517.1,1701.5,590.4,88.31,28.76,6.1
203,8.12,10,player,Borussia Mgladbach,0.438,819.3,495.6,848.5,559.4,46.28,25.78,6.5
203,8.12,22,player,Borussia Mgladbach,0.413,1259.1,517.3,1287.2,585.1,67.9,28.24,5.9
203,8.12,12,player,VfL Wolfsburg,0.394,1476.4,663.5,1511.1,739.3,78.16,42.71,2.7
203,8.12,27,player,Borussia Mgladbach,0.385,1466.9,365.2,1485.9,428.0,78.5,12.82,11.4
203,8.12,36,player,Borussia Mgladbach,0.377,1153.4,365.2,1175.3,419.1,62.8,11.92,13.4
203,8.12,37,player,Borussia Mgladbach,0.372,1408.6,308.7,1442.3,384.3,76.09,8.39,0.0
203,8.12,14,player,Borussia Mgladbach,0.353,1687.4,632.3,1712.0,708.1,88.23,39.83,10.1
203,8.12,35,player,VfL Wolfsburg,0.315,1569.0,413.2,1594.0,476.1,83.57,17.62,16.4
203,8.12,34,player,VfL Wolfsburg,0.31,1521.8,369.2,1545.4,431.8,81.36,13.2,5.2
203,8.12,0,ball,Ball,0.7,692.0,32.0,706.0,44.0,38.53,-28.86,0.0
204,8.16,8,player,Borussia Mgladbach,0.659,1383.8,807.6,1424.9,904.5,73.37,57.5,9.9
204,8.16,16,player,Borussia Mgladbach,0.644,121.1,441.5,141.9,502.9,11.25,20.27,9.9
204,8.16,4,player,Borussia Mgladbach,0.595,730.4,806.5,760.9,911.6,42.45,58.12,19.2
204,8.16,24,player,Borussia Mgladbach,0.569,1070.0,692.7,1103.5,784.1,58.56,46.79,19.4
204,8.16,23,player,VfL Wolfsburg,0.556,929.9,432.1,956.0,500.6,51.65,20.04,1.6
204,8.16,11,player,Borussia Mgladbach,0.546,869.8,693.0,899.2,775.4,48.89,45.99,7.1
204,8.16,19,player,Borussia Mgladbach,0.545,1672.8,516.2,1701.8,590.5,88.24,28.77,6.4
204,8.16,13,player,Borussia Mgladbach,0.527,1138.3,879.1,1189.3,987.4,61.96,64.66,15.5
204,8.16,28,player,Borussia Mgladbach,0.5,1084.4,407.2,1113.4,469.0,59.45,16.92,8.5
204,8.16,12,player,VfL Wolfsburg,0.477,1476.0,662.5,1512.6,739.5,78.19,42.73,2.9
204,8.16,10,player,Borussia Mgladbach,0.476,820.2,493.7,848.7,558.5,46.3,25.69,8.2
204,8.16,26,player,VfL Wolfsburg,0.469,955.9,541.9,983.0,610.1,52.96,30.64,31.9
204,8.16,22,player,Borussia Mgladbach,0.448,1259.9,514.6,1286.6,582.7,67.91,28.02,20.5
204,8.16,37,player,Borussia Mgladbach,0.408,1407.2,306.3,1441.9,385.6,76.04,8.53,13.0
204,8.16,14,player,Borussia Mgladbach,0.406,1689.2,632.5,1713.4,707.7,88.31,39.8,7.8
204,8.16,36,player,Borussia Mgladbach,0.386,1152.8,364.3,1173.4,418.6,62.74,11.88,6.8
204,8.16,27,player,Borussia Mgladbach,0.371,1466.3,365.1,1485.6,428.5,78.48,12.87,4.8
204,8.16,35,player,VfL Wolfsburg,0.332,1568.0,414.6,1594.0,477.3,83.54,17.74,11.0
204,8.16,15,player,Borussia Mgladbach,0.329,633.0,434.5,656.5,491.3,36.78,19.13,17.5
204,8.16,34,player,VfL Wolfsburg,0.306,1521.7,369.6,1544.5,432.4,81.34,13.26,5.6
204,8.16,0,ball,Ball,0.7,752.0,60.0,762.0,69.0,41.68,-25.86,0.0
205,8.2,8,player,Borussia Mgladbach,0.672,1383.8,809.4,1426.3,906.6,73.39,57.68,16.3
205,8.2,4,player,Borussia Mgladbach,0.614,730.4,806.1,761.4,911.3,42.46,58.09,2.5
205,8.2,11,player,Borussia Mgladbach,0.611,870.9,693.0,902.8,774.0,49.0,45.87,14.7
205,8.2,16,player,Borussia Mgladbach,0.599,121.6,442.3,141.7,504.8,11.27,20.45,16.5
205,8.2,12,player,VfL Wolfsburg,0.555,1478.2,661.7,1514.5,739.6,78.29,42.73,8.9
205,8.2,13,player,Borussia Mgladbach,0.534,1138.0,879.0,1189.5,987.5,61.96,64.68,1.2
205,8.2,24,player,Borussia Mgladbach,0.522,1068.4,692.5,1100.8,782.5,58.45,46.64,16.1
205,8.2,23,player,VfL Wolfsburg,0.521,929.5,431.0,955.9,499.7,51.64,19.95,8.2
205,8.2,19,player,Borussia Mgladbach,0.509,1671.1,514.9,1701.6,590.7,88.19,28.78,4.7
205,8.2,14,player,Borussia Mgladbach,0.487,1688.8,633.9,1712.9,708.0,88.28,39.82,3.2
205,8.2,22,player,Borussia Mgladbach,0.452,1260.1,513.7,1286.4,583.1,67.91,28.06,3.7
205,8.2,28,player,Borussia Mgladbach,0.442,1083.1,406.5,1108.5,465.9,59.3,16.61,31.0
205,8.2,10,player,Borussia Mgladbach,0.426,816.9,492.6,849.1,557.2,46.23,25.56,13.1
205,8.2,36,player,Borussia Mgladbach,0.4,1150.8,364.6,1172.1,419.0,62.66,11.91,8.0
205,8.2,27,player,Borussia Mgladbach,0.378,1466.5,364.7,1486.3,430.4,78.49,13.06,17.7
205,8.2,26,player,VfL Wolfsburg,0.377,956.0,541.9,981.6,607.7,52.93,30.41,21.1
205,8.2,37,player,Borussia Mgladbach,0.37,1407.9,307.7,1437.7,384.9,75.95,8.45,10.3
205,8.2,35,player,VfL Wolfsburg,0.354,1566.5,415.8,1591.1,476.1,83.43,17.62,14.2
205,8.2,0,ball,Ball,0.7,39.0,53.0,51.0,67.0,3.71,-26.37,0.0
206,8.24,8,player,Borussia Mgladbach,0.679,1384.4,811.2,1427.3,906.1,73.43,57.64,5.2
206,8.24,4,player,Borussia Mgladbach,0.639,730.3,805.5,762.5,911.8,42.48,58.14,4.9
206,8.24,16,player,Borussia Mgladbach,0.617,121.7,442.7,142.2,502.9,11.28,20.27,16.3
206,8.24,11,player,Borussia Mgladbach,0.607,871.9,691.9,906.6,773.7,49.12,45.85,10.7
206,8.24,14,player,Borussia Mgladbach,0.589,1686.8,634.3,1711.7,709.2,88.2,39.93,12.1
206,8.24,13,player,Borussia Mgladbach,0.57,1139.2,878.7,1189.0,987.0,61.97,64.63,4.2
206,8.24,23,player,VfL Wolfsburg,0.55,930.5,427.7,955.7,499.8,51.66,19.96,2.1
206,8.24,28,player,Borussia Mgladbach,0.452,1080.8,405.3,1104.2,464.9,59.13,16.51,17.6
206,8.24,19,player,Borussia Mgladbach,0.447,1670.5,515.0,1700.0,591.5,88.13,28.86,8.7
206,8.24,35,player,VfL Wolfsburg,0.444,1565.7,415.7,1590.6,476.0,83.4,17.61,3.1
206,8.24,36,player,Borussia Mgladbach,0.408,1150.5,363.1,1171.2,419.8,62.62,12.0,8.5
206,8.24,12,player,VfL Wolfsburg,0.389,1480.0,661.9,1513.8,736.4,78.32,42.44,26.7
206,8.24,37,player,Borussia Mgladbach,0.385,1406.6,305.9,1436.3,384.3,75.89,8.39,8.0
206,8.24,27,player,Borussia Mgladbach,0.382,1466.9,366.7,1486.3,430.3,78.5,13.05,1.6
206,8.24,22,player,Borussia Mgladbach,0.378,1259.4,511.9,1286.4,583.3,67.89,28.07,2.0
206,8.24,10,player,Borussia Mgladbach,0.372,821.5,489.6,851.1,552.5,46.39,25.11,38.0
206,8.24,24,player,Borussia Mgladbach,0.362,1068.0,695.4,1100.0,779.9,58.43,46.4,21.3
206,8.24,26,player,VfL Wolfsburg,0.304,955.7,542.0,980.4,608.9,52.89,30.52,11.1
206,8.24,0,ball,Ball,0.7,39.0,53.0,51.0,67.0,3.71,-26.37,0.0
207,8.28,8,player,Borussia Mgladbach,0.667,1384.3,811.0,1428.6,908.3,73.45,57.83,17.2
207,8.28,16,player,Borussia Mgladbach,0.647,121.8,442.7,143.3,502.7,11.31,20.25,3.2
207,8.28,4,player,Borussia Mgladbach,0.641,730.4,805.3,763.4,909.4,42.5,57.92,19.5
207,8.28,11,player,Borussia Mgladbach,0.607,874.0,691.1,908.4,773.4,49.21,45.82,8.8
207,8.28,13,player,Borussia Mgladbach,0.585,1139.4,878.9,1188.6,987.4,61.97,64.66,3.0
207,8.28,14,player,Borussia Mgladbach,0.529,1685.4,634.4,1710.4,709.0,88.14,39.91,6.1
207,8.28,35,player,VfL Wolfsburg,0.458,1565.8,417.9,1589.7,475.8,83.38,17.59,2.4
207,8.28,24,player,Borussia Mgladbach,0.444,1066.4,690.2,1097.8,776.1,58.34,46.06,31.7
207,8.28,23,player,VfL Wolfsburg,0.427,930.4,426.3,956.3,498.3,51.67,19.81,13.7
207,8.28,19,player,Borussia Mgladbach,0.412,1670.1,515.3,1699.0,591.9,88.09,28.9,4.8
207,8.28,22,player,Borussia Mgladbach,0.41,1258.8,511.6,1286.2,582.7,67.87,28.02,4.8
207,8.28,28,player,Borussia Mgladbach,0.403,1078.6,406.4,1099.2,462.9,58.96,16.31,23.9
207,8.28,27,player,Borussia Mgladbach,0.396,1466.7,367.8,1486.3,432.0,78.49,13.22,15.5
207,8.28,36,player,Borussia Mgladbach,0.393,1150.3,362.0,1170.0,419.3,62.59,11.94,5.7
207,8.28,37,player,Borussia Mgladbach,0.348,1406.7,305.3,1434.5,383.6,75.85,8.33,7.1
207,8.28,10,player,Borussia Mgladbach,0.341,822.3,487.3,852.7,553.6,46.45,25.21,10.9
207,8.28,0,ball,Ball,0.7,692.0,32.0,706.0,44.0,38.53,-28.86,0.0
208,8.32,4,player,Borussia Mgladbach,0.655,730.7,805.5,764.3,909.7,42.53,57.95,4.0
208,8.32,8,player,Borussia Mgladbach,0.636,1385.0,811.4,1430.2,908.1,73.51,57.81,4.9
208,8.32,16,player,Borussia Mgladbach,0.618,121.0,441.5,143.0,501.0,11.26,20.07,16.0
208,8.32,13,player,Borussia Mgladbach,0.596,1139.2,878.9,1188.2,987.6,61.95,64.68,1.9
208,8.32,22,player,Borussia Mgladbach,0.548,1256.6,510.5,1287.2,583.0,67.84,28.05,3.8
208,8.32,11,player,Borussia Mgladbach,0.545,875.5,691.1,909.6,772.4,49.27,45.73,10.1
208,8.32,14,player,Borussia Mgladbach,0.519,1683.1,634.1,1708.4,707.6,88.04,39.78,14.5
208,8.32,19,player,Borussia Mgladbach,0.495,1669.3,514.8,1699.0,592.0,88.08,28.9,1.9
208,8.32,35,player,VfL Wolfsburg,0.449,1564.2,416.3,1589.1,473.6,83.33,17.37,20.3
208,8.32,27,player,Borussia Mgladbach,0.415,1466.6,367.6,1487.3,432.1,78.51,13.23,2.1
208,8.32,10,player,Borussia Mgladbach,0.412,823.8,484.3,856.7,550.4,46.58,24.9,30.6
208,8.32,23,player,VfL Wolfsburg,0.406,929.9,424.7,955.1,495.8,51.63,19.57,22.1
208,8.32,37,player,Borussia Mgladbach,0.354,1404.4,306.0,1433.2,383.4,75.76,8.3,8.2
208,8.32,28,player,Borussia Mgladbach,0.349,1076.0,407.1,1096.2,463.4,58.81,16.36,13.5
208,8.32,24,player,Borussia Mgladbach,0.344,1064.3,690.7,1093.8,773.6,58.2,45.84,24.0
208,8.32,38,player,Borussia Mgladbach,0.343,1195.4,330.1,1215.4,381.6,64.95,8.12,0.0
208,8.32,12,player,VfL Wolfsburg,0.338,1480.8,661.9,1514.4,730.3,78.38,41.88,25.3
208,8.32,0,ball,Ball,0.7,1072.0,25.0,1084.0,34.0,58.82,-29.83,0.0
209,8.36,4,player,Borussia Mgladbach,0.659,731.0,805.0,764.1,908.7,42.53,57.87,7.6
209,8.36,11,player,Borussia Mgladbach,0.607,876.8,689.7,911.6,771.0,49.35,45.6,13.1
209,8.36,14,player,Borussia Mgladbach,0.605,1679.2,635.6,1706.7,708.0,87.9,39.82,12.7
209,8.36,16,player,Borussia Mgladbach,0.604,120.7,439.2,143.6,500.9,11.27,20.07,1.1
209,8.36,8,player,Borussia Mgladbach,0.601,1385.2,808.1,1432.4,908.6,73.56,57.86,6.6
209,8.36,13,player,Borussia Mgladbach,0.597,1140.4,878.6,1187.8,986.4,61.97,64.58,9.5
209,8.36,35,player,VfL Wolfsburg,0.517,1562.1,414.5,1586.7,473.4,83.22,17.35,10.2
209,8.36,22,player,Borussia Mgladbach,0.511,1256.1,510.3,1287.1,583.3,67.83,28.07,2.3
209,8.36,19,player,Borussia Mgladbach,0.466,1669.1,512.0,1697.9,589.6,88.06,28.68,20.1
209,8.36,10,player,Borussia Mgladbach,0.412,825.1,484.9,856.6,549.4,46.61,24.8,9.3
209,8.36,26,player,VfL Wolfsburg,0.41,954.5,533.4,977.7,606.9,52.8,30.33,6.5
209,8.36,27,player,Borussia Mgladbach,0.388,1466.9,367.3,1488.0,431.0,78.54,13.12,9.8
209,8.36,23,player,VfL Wolfsburg,0.36,930.7,424.6,955.0,493.2,51.65,19.31,23.4
209,8.36,37,player,Borussia Mgladbach,0.35,1404.4,305.7,1430.9,382.2,75.7,8.18,12.1
209,8.36,24,player,Borussia Mgladbach,0.346,1063.1,688.3,1091.1,773.5,58.1,45.83,8.5
209,8.36,28,player,Borussia Mgladbach,0.327,1071.9,407.8,1095.7,464.6,58.7,16.48,15.0
209,8.36,38,player,Borussia Mgladbach,0.319,1195.9,328.9,1215.9,380.2,64.97,7.98,12.9
209,8.36,0,ball,Ball,0.7,38.0,54.0,52.0,66.0,3.71,-26.37,0.0
210,8.4,16,player,Borussia Mgladbach,0.65,122.7,437.7,143.3,498.9,11.3,19.87,18.2
210,8.4,4,player,Borussia Mgladbach,0.648,731.2,804.8,763.7,908.0,42.52,57.81,5.7
210,8.4,8,player,Borussia Mgladbach,0.643,1389.5,811.3,1433.7,909.5,73.69,57.94,13.7
210,8.4,13,player,Borussia Mgladbach,0.607,1140.5,878.8,1187.4,986.5,61.97,64.58,0.8
210,8.4,11,player,Borussia Mgladbach,0.579,881.0,688.7,912.6,768.1,49.47,45.34,26.4
210,8.4,14,player,Borussia Mgladbach,0.562,1676.2,635.0,1704.6,707.9,87.78,39.82,11.0
210,8.4,12,player,VfL Wolfsburg,0.521,1481.0,655.0,1517.2,725.7,78.47,41.45,19.4
210,8.4,22,player,Borussia Mgladbach,0.476,1255.5,510.2,1287.1,584.3,67.81,28.17,9.1
210,8.4,35,player,VfL Wolfsburg,0.47,1559.2,414.9,1585.5,472.6,83.13,17.28,11.1
210,8.4,19,player,Borussia Mgladbach,0.43,1669.0,511.1,1697.3,588.1,88.05,28.53,13.7
210,8.4,10,player,Borussia Mgladbach,0.403,827.2,484.1,858.2,549.2,46.7,24.78,8.3
210,8.4,24,player,Borussia Mgladbach,0.395,1060.7,686.4,1088.9,775.0,57.99,45.97,16.1
210,8.4,27,player,Borussia Mgladbach,0.394,1467.7,368.6,1488.7,430.1,78.58,13.03,9.0
210,8.4,38,player,Borussia Mgladbach,0.329,1196.4,328.1,1216.1,379.4,64.99,7.89,8.3
210,8.4,36,player,Borussia Mgladbach,0.322,1146.8,358.0,1168.6,414.0,62.47,11.41,16.4
210,8.4,37,player,Borussia Mgladbach,0.305,1402.3,305.3,1429.1,382.7,75.6,8.23,10.0
210,8.4,23,player,VfL Wolfsburg,0.301,930.2,422.7,955.2,492.5,51.64,19.25,5.8
210,8.4,0,ball,Ball,0.7,37.0,54.0,52.0,66.0,3.68,-26.37,0.0
211,8.44,16,player,Borussia Mgladbach,0.699,123.0,436.6,143.6,496.4,11.3,19.62,22.0
211,8.44,8,player,Borussia Mgladbach,0.69,1391.9,809.4,1434.3,909.4,73.76,57.93,6.4
211,8.44,4,player,Borussia Mgladbach,0.665,731.1,804.8,763.6,907.1,42.52,57.73,7.2
211,8.44,14,player,Borussia Mgladbach,0.596,1674.0,634.9,1704.3,708.5,87.72,39.87,7.3
211,8.44,13,player,Borussia Mgladbach,0.577,1137.7,878.9,1189.1,988.4,61.94,64.75,15.2
211,8.44,11,player,Borussia Mgladbach,0.558,884.7,688.0,913.8,765.3,49.59,45.08,25.4
211,8.44,10,player,Borussia Mgladbach,0.506,828.9,484.1,861.8,548.7,46.83,24.74,12.3
211,8.44,35,player,VfL Wolfsburg,0.489,1558.3,414.1,1585.3,472.0,83.1,17.22,5.9
211,8.44,22,player,Borussia Mgladbach,0.459,1252.4,509.4,1285.6,582.0,67.7,27.95,22.3
211,8.44,27,player,Borussia Mgladbach,0.459,1467.3,368.8,1489.1,428.4,78.59,12.85,16.2
211,8.44,19,player,Borussia Mgladbach,0.427,1667.8,510.7,1696.6,586.0,88.01,28.33,18.4
211,8.44,23,player,VfL Wolfsburg,0.388,929.1,422.3,955.4,489.6,51.62,18.95,26.2
211,8.44,28,player,Borussia Mgladbach,0.311,1066.3,404.9,1091.6,463.0,58.46,16.32,12.9
211,8.44,0,ball,Ball,0.7,1071.0,25.0,1083.0,34.0,58.77,-29.83,0.0
212,8.48,8,player,Borussia Mgladbach,0.725,1393.5,810.3,1435.3,909.3,73.82,57.91,5.7
212,8.48,16,player,Borussia Mgladbach,0.679,122.4,436.5,143.6,496.2,11.29,19.6,2.2
212,8.48,4,player,Borussia Mgladbach,0.669,730.7,804.5,762.8,905.8,42.49,57.61,10.5
212,8.48,11,player,Borussia Mgladbach,0.575,886.2,687.4,916.6,764.6,49.69,45.01,10.9
212,8.48,13,player,Borussia Mgladbach,0.563,1134.4,879.1,1188.6,988.8,61.85,64.78,8.3
212,8.48,14,player,Borussia Mgladbach,0.548,1673.5,635.0,1703.1,708.3,87.68,39.85,4.1
212,8.48,10,player,Borussia Mgladbach,0.485,831.4,484.2,861.1,546.6,46.88,24.53,18.9
212,8.48,35,player,VfL Wolfsburg,0.484,1556.9,412.2,1582.9,472.6,83.0,17.27,10.0
212,8.48,22,player,Borussia Mgladbach,0.442,1253.6,510.3,1285.9,582.9,67.74,28.03,8.5
212,8.48,24,player,Borussia Mgladbach,0.436,1052.6,682.7,1083.7,772.6,57.68,45.74,17.3
212,8.48,23,player,VfL Wolfsburg,0.429,928.5,422.7,956.2,488.5,51.62,18.85,9.4
212,8.48,27,player,Borussia Mgladbach,0.425,1466.8,369.7,1488.7,426.7,78.57,12.69,14.9
212,8.48,19,player,Borussia Mgladbach,0.42,1667.3,509.3,1695.4,584.5,87.98,28.19,13.1
212,8.48,28,player,Borussia Mgladbach,0.39,1062.9,402.9,1090.2,462.8,58.34,16.3,10.8
212,8.48,26,player,VfL Wolfsburg,0.388,951.4,529.9,975.9,603.4,52.68,29.99,10.7
212,8.48,0,ball,Ball,0.7,70.0,116.0,83.0,130.0,5.86,-19.34,0.0
213,8.52,8,player,Borussia Mgladbach,0.736,1395.0,812.5,1435.8,909.0,73.87,57.89,4.8
213,8.52,4,player,Borussia Mgladbach,0.665,729.8,803.5,763.2,905.3,42.47,57.57,4.4
213,8.52,16,player,Borussia Mgladbach,0.661,121.6,435.6,143.3,495.4,11.25,19.53,7.2
213,8.52,14,player,Borussia Mgladbach,0.635,1672.5,632.8,1702.6,708.2,87.64,39.84,3.4
213,8.52,24,player,Borussia Mgladbach,0.557,1051.1,680.0,1081.7,772.6,57.59,45.74,7.5
213,8.52,13,player,Borussia Mgladbach,0.549,1132.1,879.5,1186.9,988.0,61.76,64.71,10.1
213,8.52,11,player,Borussia Mgladbach,0.538,889.4,686.5,917.4,762.3,49.79,44.8,20.8
213,8.52,10,player,Borussia Mgladbach,0.5,833.1,482.1,862.9,545.1,46.96,24.38,15.5
213,8.52,19,player,Borussia Mgladbach,0.445,1666.3,508.2,1695.4,583.9,87.95,28.13,5.3
213,8.52,28,player,Borussia Mgladbach,0.441,1060.2,402.9,1086.8,459.6,58.19,15.98,32.3
213,8.52,27,player,Borussia Mgladbach,0.429,1465.2,368.8,1487.9,426.9,78.51,12.71,5.8
213,8.52,35,player,VfL Wolfsburg,0.421,1555.1,411.6,1582.6,471.5,82.96,17.17,10.2
213,8.52,12,player,VfL Wolfsburg,0.415,1480.0,650.0,1521.7,722.4,78.57,41.15,9.4
213,8.52,23,player,VfL Wolfsburg,0.384,927.7,422.3,954.4,487.2,51.55,18.72,13.3
213,8.52,26,player,VfL Wolfsburg,0.383,950.1,530.0,975.8,600.2,52.65,29.69,27.1
213,8.52,37,player,Borussia Mgladbach,0.348,1399.1,303.2,1425.9,381.1,75.45,8.07,6.7
213,8.52,22,player,Borussia Mgladbach,0.317,1253.6,511.7,1285.6,580.6,67.74,27.81,20.1
213,8.52,0,ball,Ball,0.7,1070.0,25.0,1082.0,34.0,58.72,-29.83,0.0
214,8.56,8,player,Borussia Mgladbach,0.778,1395.5,812.2,1435.8,909.0,73.88,57.89,1.1
214,8.56,16,player,Borussia Mgladbach,0.687,120.8,434.2,143.5,494.5,11.23,19.44,8.6
214,8.56,14,player,Borussia Mgladbach,0.664,1670.9,633.4,1700.8,709.9,87.55,40.0,16.0
214,8.56,4,player,Borussia Mgladbach,0.657,729.3,803.4,762.1,905.2,42.44,57.56,3.5
214,8.56,13,player,Borussia Mgladbach,0.656,1134.5,879.0,1184.2,987.6,61.75,64.68,2.9
214,8.56,11,player,Borussia Mgladbach,0.541,890.2,686.2,919.8,759.7,49.86,44.57,22.0
214,8.56,19,player,Borussia Mgladbach,0.531,1664.4,508.2,1692.8,581.4,87.86,27.89,23.2
214,8.56,35,player,VfL Wolfsburg,0.503,1553.6,408.7,1581.4,471.1,82.89,17.12,7.2
214,8.56,10,player,Borussia Mgladbach,0.502,835.3,480.5,863.2,546.2,47.02,24.49,11.4
214,8.56,27,player,Borussia Mgladbach,0.46,1464.4,367.5,1487.4,427.0,78.48,12.72,3.2
214,8.56,24,player,Borussia Mgladbach,0.45,1047.0,681.5,1079.4,772.5,57.44,45.73,13.8
214,8.56,22,player,Borussia Mgladbach,0.437,1250.1,508.6,1284.1,574.2,67.63,27.2,38.0
214,8.56,23,player,VfL Wolfsburg,0.433,928.2,420.0,952.3,485.8,51.51,18.58,12.7
214,8.56,28,player,Borussia Mgladbach,0.426,1057.6,403.0,1083.3,460.8,58.03,16.1,17.6
214,8.56,26,player,VfL Wolfsburg,0.387,947.0,528.2,974.2,601.9,52.53,29.85,17.7
214,8.56,12,player,VfL Wolfsburg,0.361,1480.1,649.5,1522.3,720.1,78.59,40.94,19.2
214,8.56,0,ball,Ball,0.7,1069.0,25.0,1081.0,34.0,58.66,-29.83,0.0
215,8.6,8,player,Borussia Mgladbach,0.779,1397.1,813.6,1435.7,908.9,73.92,57.88,3.3
215,8.6,16,player,Borussia Mgladbach,0.696,120.0,432.7,143.1,495.6,11.21,19.55,10.1
215,8.6,4,player,Borussia Mgladbach,0.629,729.3,803.3,760.7,903.8,42.4,57.44,11.3
215,8.6,10,player,Borussia Mgladbach,0.608,833.3,475.8,865.3,546.8,47.02,24.55,5.0
215,8.6,14,player,Borussia Mgladbach,0.571,1670.3,634.0,1698.2,709.3,87.47,39.95,8.2
215,8.6,13,player,Borussia Mgladbach,0.518,1130.2,878.3,1183.5,989.7,61.63,64.86,19.1
215,8.6,19,player,Borussia Mgladbach,0.512,1662.7,507.6,1690.4,582.2,87.75,27.97,11.6
215,8.6,11,player,Borussia Mgladbach,0.503,889.6,685.7,920.3,761.9,49.86,44.77,17.9
215,8.6,35,player,VfL Wolfsburg,0.502,1551.4,410.2,1579.2,470.4,82.78,17.05,11.4
215,8.6,37,player,Borussia Mgladbach,0.489,1394.0,307.3,1418.4,377.7,75.14,7.72,20.8
215,8.6,24,player,Borussia Mgladbach,0.484,1043.4,681.0,1077.0,769.0,57.3,45.42,31.1
215,8.6,26,player,VfL Wolfsburg,0.471,945.4,527.7,973.3,600.5,52.47,29.72,13.1
215,8.6,23,player,VfL Wolfsburg,0.47,926.8,419.4,951.1,486.6,51.45,18.66,9.3
215,8.6,27,player,Borussia Mgladbach,0.463,1465.4,365.5,1487.3,426.9,78.5,12.71,2.3
215,8.6,22,player,Borussia Mgladbach,0.459,1250.9,508.1,1282.3,576.4,67.6,27.41,19.6
215,8.6,28,player,Borussia Mgladbach,0.377,1053.4,403.2,1078.1,459.1,57.8,15.93,25.6
215,8.6,0,ball,Ball,0.7,1228.0,1.0,1236.0,9.0,67.13,-32.63,0.0
216,8.64,8,player,Borussia Mgladbach,0.766,1399.2,812.8,1436.6,907.8,73.99,57.78,11.1
216,8.64,16,player,Borussia Mgladbach,0.649,118.7,431.7,142.2,496.0,11.16,19.59,5.9
216,8.64,4,player,Borussia Mgladbach,0.628,729.1,802.5,760.5,903.4,42.39,57.41,3.1
216,8.64,10,player,Borussia Mgladbach,0.612,833.0,474.1,868.8,546.0,47.1,24.48,9.7
216,8.64,26,player,VfL Wolfsburg,0.506,944.2,529.6,969.3,600.3,52.34,29.7,11.5
216,8.64,14,player,Borussia Mgladbach,0.499,1667.9,632.2,1695.2,708.0,87.35,39.83,15.5
216,8.64,11,player,Borussia Mgladbach,0.48,890.1,682.8,920.9,760.7,49.89,44.67,9.7
216,8.64,19,player,Borussia Mgladbach,0.476,1662.0,503.7,1689.0,579.7,87.72,27.73,21.5
216,8.64,37,player,Borussia Mgladbach,0.475,1391.6,304.7,1417.8,375.8,75.07,7.52,19.1
216,8.64,35,player,VfL Wolfsburg,0.469,1549.1,402.4,1577.3,467.1,82.69,16.73,30.7
216,8.64,13,player,Borussia Mgladbach,0.465,1132.2,877.9,1183.0,988.1,61.67,64.72,12.9
216,8.64,27,player,Borussia Mgladbach,0.464,1464.3,364.2,1487.2,425.7,78.48,12.59,11.1
216,8.64,23,player,VfL Wolfsburg,0.436,926.4,417.5,950.2,485.1,51.42,18.51,13.7
216,8.64,22,player,Borussia Mgladbach,0.41,1251.3,508.6,1281.2,574.7,67.59,27.25,14.6
216,8.64,39,player,Borussia Mgladbach,0.405,630.5,424.2,655.8,486.6,36.69,18.66,0.0
216,8.64,36,player,Borussia Mgladbach,0.376,1136.4,353.7,1158.5,404.1,61.97,10.41,0.0
216,8.64,12,player,VfL Wolfsburg,0.325,1483.8,649.1,1525.7,718.3,78.77,40.77,11.1
216,8.64,28,player,Borussia Mgladbach,0.322,1048.8,404.7,1071.2,460.4,57.51,16.06,28.4
216,8.64,24,player,Borussia Mgladbach,0.305,1042.5,684.5,1073.6,768.4,57.19,45.36,10.4
216,8.64,0,ball,Ball,0.7,64.0,116.0,76.0,131.0,5.52,-19.28,0.0
217,8.68,8,player,Borussia Mgladbach,0.74,1401.4,812.8,1437.2,906.6,74.06,57.68,11.3
217,8.68,10,player,Borussia Mgladbach,0.664,833.7,473.0,870.8,543.3,47.17,24.21,24.7
217,8.68,16,player,Borussia Mgladbach,0.651,118.5,431.9,140.1,493.2,11.08,19.31,25.9
217,8.68,4,player,Borussia Mgladbach,0.646,726.9,802.9,759.5,904.9,42.32,57.53,13.1
217,8.68,11,player,Borussia Mgladbach,0.563,890.6,680.1,921.3,762.5,49.91,44.83,14.8
217,8.68,37,player,Borussia Mgladbach,0.523,1389.0,302.0,1416.2,376.9,74.96,7.64,14.6
217,8.68,26,player,VfL Wolfsburg,0.501,942.6,529.3,969.1,597.9,52.3,29.47,21.2
217,8.68,13,player,Borussia Mgladbach,0.499,1128.9,878.0,1181.0,991.0,61.54,64.97,25.1
217,8.68,19,player,Borussia Mgladbach,0.458,1660.0,505.7,1688.5,581.1,87.65,27.86,13.5
217,8.68,14,player,Borussia Mgladbach,0.454,1666.2,632.1,1694.5,708.0,87.29,39.82,5.0
217,8.68,27,player,Borussia Mgladbach,0.449,1464.5,364.8,1485.6,423.9,78.45,12.4,16.6
217,8.68,36,player,Borussia Mgladbach,0.441,1133.5,352.0,1155.3,403.2,61.82,10.32,15.8
217,8.68,23,player,VfL Wolfsburg,0.436,926.0,418.1,947.3,484.6,51.33,18.46,8.6
217,8.68,22,player,Borussia Mgladbach,0.419,1252.5,507.9,1279.4,573.8,67.57,27.16,8.5
217,8.68,28,player,Borussia Mgladbach,0.415,1043.9,400.9,1070.3,460.8,57.37,16.1,13.5
217,8.68,35,player,VfL Wolfsburg,0.402,1546.4,406.9,1574.7,470.4,82.55,17.05,32.4
217,8.68,39,player,Borussia Mgladbach,0.394,629.8,424.6,655.1,486.9,36.65,18.69,3.9
217,8.68,12,player,VfL Wolfsburg,0.366,1487.2,648.6,1526.2,717.2,78.87,40.68,12.4
217,8.68,0,ball,Ball,0.7,946.0,1040.0,961.0,1052.0,52.2,69.63,0.0
218,8.72,8,player,Borussia Mgladbach,0.694,1403.6,814.8,1438.0,908.0,74.13,57.8,12.8
218,8.72,4,player,Borussia Mgladbach,0.628,725.9,803.2,759.2,906.3,42.29,57.66,11.6
218,8.72,16,player,Borussia Mgladbach,0.614,118.4,432.5,140.6,491.4,11.08,19.13,16.1
218,8.72,10,player,Borussia Mgladbach,0.562,836.6,472.5,871.8,540.1,47.26,23.9,29.5
218,8.72,26,player,VfL Wolfsburg,0.502,940.8,527.2,968.5,597.2,52.24,29.41,8.1
218,8.72,37,player,Borussia Mgladbach,0.49,1388.5,300.7,1415.4,374.8,74.93,7.42,20.0
218,8.72,11,player,Borussia Mgladbach,0.483,889.6,680.4,924.4,761.4,49.96,44.72,10.5
218,8.72,27,player,Borussia Mgladbach,0.471,1464.0,363.0,1485.0,422.2,78.43,12.24,15.0
218,8.72,22,player,Borussia Mgladbach,0.47,1252.2,507.1,1278.0,572.6,67.53,27.04,10.9
218,8.72,13,player,Borussia Mgladbach,0.441,1130.6,878.4,1180.3,989.0,61.57,64.8,15.6
218,8.72,36,player,Borussia Mgladbach,0.419,1132.6,351.6,1152.3,400.4,61.73,10.03,27.4
218,8.72,19,player,Borussia Mgladbach,0.406,1658.7,504.5,1686.4,579.1,87.57,27.67,18.9
218,8.72,23,player,VfL Wolfsburg,0.401,925.3,418.4,946.0,484.5,51.28,18.45,4.5
218,8.72,14,player,Borussia Mgladbach,0.362,1665.0,633.8,1691.8,707.5,87.2,39.78,9.1
218,8.72,24,player,Borussia Mgladbach,0.359,1036.8,682.2,1066.3,762.3,56.89,44.81,28.5
218,8.72,12,player,VfL Wolfsburg,0.354,1489.4,645.8,1527.9,716.9,78.97,40.65,8.9
218,8.72,39,player,Borussia Mgladbach,0.351,630.2,424.9,654.8,485.4,36.65,18.54,13.6
218,8.72,35,player,VfL Wolfsburg,0.334,1545.1,405.3,1572.7,467.4,82.48,16.76,27.3
218,8.72,0,ball,Ball,0.7,62.0,117.0,73.0,132.0,5.39,-19.17,0.0
219,8.76,8,player,Borussia Mgladbach,0.675,1405.4,814.6,1438.7,905.4,74.19,57.58,21.5
219,8.76,4,player,Borussia Mgladbach,0.633,724.7,803.7,758.7,905.5,42.25,57.59,7.2
219,8.76,16,player,Borussia Mgladbach,0.613,118.5,432.2,139.4,490.6,11.05,19.06,7.2
219,8.76,10,player,Borussia Mgladbach,0.535,837.5,472.3,872.3,538.6,47.29,23.76,12.9
219,8.76,11,player,Borussia Mgladbach,0.509,888.4,681.7,925.3,759.3,49.95,44.53,17.1
219,8.76,22,player,Borussia Mgladbach,0.503,1251.2,506.0,1277.7,571.9,67.5,26.98,6.6
219,8.76,13,player,Borussia Mgladbach,0.479,1128.2,878.6,1176.9,988.9,61.44,64.79,12.0
219,8.76,27,player,Borussia Mgladbach,0.437,1463.1,363.8,1483.5,421.2,78.37,12.14,10.4
219,8.76,26,player,VfL Wolfsburg,0.436,940.8,524.7,967.7,595.7,52.22,29.27,12.7
219,8.76,19,player,Borussia Mgladbach,0.423,1656.4,501.7,1683.8,574.7,87.48,27.24,38.0
219,8.76,37,player,Borussia Mgladbach,0.422,1386.6,298.1,1413.4,371.6,74.84,7.1,30.0
219,8.76,24,player,Borussia Mgladbach,0.39,1034.0,680.4,1063.2,763.0,56.74,44.88,13.9
219,8.76,14,player,Borussia Mgladbach,0.387,1664.9,634.1,1689.6,706.9,87.15,39.72,7.3
219,8.76,23,player,VfL Wolfsburg,0.386,926.2,416.5,946.1,483.4,51.31,18.34,10.0
219,8.76,36,player,Borussia Mgladbach,0.373,1130.5,350.6,1150.3,397.4,61.62,9.72,29.1
219,8.76,35,player,VfL Wolfsburg,0.372,1543.4,404.2,1571.9,462.5,82.44,16.27,38.0
219,8.76,12,player,VfL Wolfsburg,0.354,1493.6,644.1,1528.1,714.7,79.08,40.44,21.3
219,8.76,0,ball,Ball,0.7,944.0,1040.0,959.0,1052.0,52.11,69.63,0.0
220,8.8,8,player,Borussia Mgladbach,0.697,1406.4,815.9,1439.9,904.4,74.25,57.49,9.3
220,8.8,4,player,Borussia Mgladbach,0.633,724.7,804.0,758.6,905.7,42.25,57.6,1.4
220,8.8,22,player,Borussia Mgladbach,0.611,1250.5,504.0,1276.3,572.4,67.45,27.02,6.4
220,8.8,16,player,Borussia Mgladbach,0.586,118.3,431.2,138.8,489.8,11.02,18.98,7.4
220,8.8,11,player,Borussia Mgladbach,0.563,890.8,682.6,927.7,758.3,50.07,44.44,13.1
220,8.8,10,player,Borussia Mgladbach,0.547,842.5,471.8,873.3,536.0,47.44,23.5,26.6
220,8.8,13,player,Borussia Mgladbach,0.541,1126.3,878.6,1177.0,991.2,61.39,64.99,17.9
220,8.8,26,player,VfL Wolfsburg,0.54,940.9,523.7,966.0,595.2,52.18,29.21,6.1
220,8.8,24,player,Borussia Mgladbach,0.521,1030.1,677.8,1060.0,759.8,56.57,44.58,30.4
220,8.8,19,player,Borussia Mgladbach,0.499,1656.2,500.4,1683.8,574.1,87.47,27.19,5.0
220,8.8,27,player,Borussia Mgladbach,0.444,1462.5,362.9,1482.6,421.9,78.33,12.21,7.2
220,8.8,23,player,VfL Wolfsburg,0.442,924.8,413.8,946.7,480.7,51.29,18.07,24.6
220,8.8,14,player,Borussia Mgladbach,0.405,1664.1,635.3,1689.1,707.6,87.11,39.78,6.6
220,8.8,12,player,VfL Wolfsburg,0.383,1495.3,642.0,1532.1,713.7,79.22,40.35,14.9
220,8.8,35,player,VfL Wolfsburg,0.374,1543.8,404.5,1568.6,461.8,82.37,16.2,9.0
220,8.8,36,player,Borussia Mgladbach,0.338,1127.9,350.9,1148.4,400.6,61.51,10.05,31.7
220,8.8,37,player,Borussia Mgladbach,0.335,1385.7,298.6,1410.3,370.0,74.75,6.94,17.1
220,8.8,28,player,Borussia Mgladbach,0.322,1040.0,398.2,1062.5,455.5,57.08,15.57,18.1
220,8.8,0,ball,Ball,0.7,948.0,1056.0,964.0,1068.0,52.32,70.97,0.0
221,8.84,8,player,Borussia Mgladbach,0.7,1405.1,816.1,1440.2,905.3,74.22,57.57,7.8
221,8.84,4,player,Borussia Mgladbach,0.661,724.7,804.6,758.2,908.0,42.24,57.8,18.2
221,8.84,22,player,Borussia Mgladbach,0.628,1250.4,504.3,1275.7,571.6,67.43,26.95,6.8
221,8.84,11,player,Borussia Mgladbach,0.556,894.4,685.3,928.1,756.8,50.16,44.31,14.9
221,8.84,19,player,Borussia Mgladbach,0.555,1655.6,498.8,1683.0,573.0,87.45,27.08,10.0
221,8.84,24,player,Borussia Mgladbach,0.538,1028.1,673.6,1057.9,766.2,56.48,45.17,38.0
221,8.84,16,player,Borussia Mgladbach,0.524,116.6,431.4,139.4,490.2,11.0,19.01,3.8
221,8.84,13,player,Borussia Mgladbach,0.51,1125.9,879.1,1175.9,990.5,61.36,64.93,6.1
221,8.84,26,player,VfL Wolfsburg,0.487,939.3,523.6,965.6,595.4,52.13,29.23,5.0
221,8.84,10,player,Borussia Mgladbach,0.463,846.9,473.4,874.3,534.4,47.57,23.35,18.4
221,8.84,35,player,VfL Wolfsburg,0.462,1540.4,405.2,1564.2,462.6,82.17,16.28,19.1
221,8.84,27,player,Borussia Mgladbach,0.438,1460.9,364.2,1481.7,420.7,78.27,12.08,12.3
221,8.84,23,player,VfL Wolfsburg,0.437,921.1,412.0,945.2,478.3,51.16,17.84,24.2
221,8.84,14,player,Borussia Mgladbach,0.41,1662.7,635.0,1688.1,707.1,87.06,39.74,6.0
221,8.84,12,player,VfL Wolfsburg,0.405,1495.6,638.2,1533.0,712.2,79.26,40.21,13.2
221,8.84,37,player,Borussia Mgladbach,0.384,1382.9,296.6,1408.5,371.0,74.63,7.04,14.2
221,8.84,0,ball,Ball,0.7,946.0,1055.0,963.0,1068.0,52.25,70.93,0.0
222,8.88,8,player,Borussia Mgladbach,0.691,1403.8,815.9,1440.5,905.2,74.2,57.56,2.4
222,8.88,4,player,Borussia Mgladbach,0.669,724.4,805.1,757.5,907.6,42.22,57.77,3.8
222,8.88,26,player,VfL Wolfsburg,0.668,936.0,522.4,964.4,595.0,52.02,29.2,10.7
222,8.88,22,player,Borussia Mgladbach,0.627,1248.6,504.0,1276.0,571.6,67.4,26.95,3.3
222,8.88,19,player,Borussia Mgladbach,0.597,1654.4,498.0,1683.4,572.2,87.43,27.01,6.7
222,8.88,11,player,Borussia Mgladbach,0.57,896.8,685.2,929.6,756.7,50.26,44.3,8.4
222,8.88,14,player,Borussia Mgladbach,0.561,1659.3,632.9,1686.7,708.1,86.94,39.83,13.5
222,8.88,13,player,Borussia Mgladbach,0.547,1123.9,878.6,1175.4,990.4,61.3,64.92,5.4
222,8.88,12,player,VfL Wolfsburg,0.484,1496.5,639.2,1534.8,710.1,79.33,40.02,18.8
222,8.88,35,player,VfL Wolfsburg,0.482,1536.8,402.4,1560.6,462.6,81.99,16.28,16.4
222,8.88,16,player,Borussia Mgladbach,0.472,114.8,432.1,140.0,489.7,10.97,18.97,4.9
222,8.88,27,player,Borussia Mgladbach,0.443,1459.5,365.5,1481.6,418.8,78.24,11.89,17.6
222,8.88,23,player,VfL Wolfsburg,0.415,921.1,412.1,944.4,477.0,51.14,17.7,12.0
222,8.88,10,player,Borussia Mgladbach,0.371,848.2,471.7,875.9,533.9,47.65,23.3,7.5
222,8.88,39,player,Borussia Mgladbach,0.325,630.6,422.7,655.3,481.5,36.66,18.15,8.8
222,8.88,28,player,Borussia Mgladbach,0.318,1029.9,397.2,1054.8,452.9,56.63,15.32,23.0
222,8.88,37,player,Borussia Mgladbach,0.306,1380.4,296.4,1407.9,372.0,74.55,7.14,11.9
222,8.88,0,ball,Ball,0.7,946.0,1056.0,961.0,1068.0,52.2,70.97,0.0
223,8.92,8,player,Borussia Mgladbach,0.683,1401.7,815.5,1440.8,906.0,74.15,57.63,7.6
223,8.92,4,player,Borussia Mgladbach,0.67,723.6,805.0,757.4,908.7,42.2,57.87,9.3
223,8.92,14,player,Borussia Mgladbach,0.665,1656.8,632.8,1684.5,707.8,86.82,39.8,10.6
223,8.92,26,player,VfL Wolfsburg,0.639,935.6,521.5,962.4,593.4,51.96,29.04,14.9
223,8.92,11,player,Borussia Mgladbach,0.609,897.8,684.1,933.0,755.8,50.36,44.22,12.0
223,8.92,22,player,Borussia Mgladbach,0.566,1247.2,502.9,1276.5,571.4,67.37,26.93,2.5
223,8.92,13,player,Borussia Mgladbach,0.546,1122.4,879.2,1173.9,989.3,61.23,64.83,10.4
223,8.92,19,player,Borussia Mgladbach,0.526,1651.6,498.0,1681.3,571.7,87.31,26.96,11.4
223,8.92,35,player,VfL Wolfsburg,0.525,1534.5,400.3,1558.2,462.0,81.87,16.21,12.0
223,8.92,27,player,Borussia Mgladbach,0.499,1456.2,366.2,1481.1,419.8,78.14,12.0,12.9
223,8.92,12,player,VfL Wolfsburg,0.496,1498.2,639.2,1535.0,709.3,79.38,39.94,7.8
223,8.92,23,player,VfL Wolfsburg,0.487,920.1,413.2,943.3,477.0,51.09,17.71,4.7
223,8.92,40,player,Borussia Mgladbach,0.475,1184.5,322.8,1205.9,380.9,64.43,8.05,0.0
223,8.92,16,player,Borussia Mgladbach,0.452,114.8,430.6,137.5,489.4,10.9,18.93,6.5
223,8.92,24,player,Borussia Mgladbach,0.41,1021.0,666.6,1051.4,756.8,56.15,44.3,38.0
223,8.92,10,player,Borussia Mgladbach,0.334,847.9,470.4,877.5,534.0,47.68,23.3,3.0
223,8.92,39,player,Borussia Mgladbach,0.316,630.2,422.7,655.0,482.5,36.65,18.26,9.6
223,8.92,0,ball,Ball,0.7,676.0,34.0,689.0,44.0,37.65,-28.75,0.0
224,8.96,14,player,Borussia Mgladbach,0.714,1652.9,632.8,1681.6,707.1,86.66,39.74,15.3
224,8.96,26,player,VfL Wolfsburg,0.695,934.1,521.9,963.4,594.2,51.95,29.12,7.2
224,8.96,4,player,Borussia Mgladbach,0.692,722.7,804.9,757.0,908.7,42.17,57.87,2.6
224,8.96,8,player,Borussia Mgladbach,0.667,1399.9,815.0,1441.5,907.6,74.12,57.77,12.9
224,8.96,11,player,Borussia Mgladbach,0.61,902.4,680.5,935.0,756.3,50.52,44.26,14.8
224,8.96,19,player,Borussia Mgladbach,0.563,1649.7,497.6,1681.2,572.6,87.26,27.05,8.9
224,8.96,13,player,Borussia Mgladbach,0.561,1121.0,878.0,1173.4,990.7,61.18,64.95,11.4
224,8.96,22,player,Borussia Mgladbach,0.518,1246.3,500.8,1276.8,569.7,67.36,26.77,14.6
224,8.96,12,player,VfL Wolfsburg,0.509,1500.9,638.3,1535.4,709.7,79.45,39.98,7.3
224,8.96,23,player,VfL Wolfsburg,0.492,919.2,414.3,943.7,478.3,51.07,17.84,11.6
224,8.96,40,player,Borussia Mgladbach,0.484,1183.5,321.5,1203.9,380.1,64.35,7.96,10.3
224,8.96,10,player,Borussia Mgladbach,0.48,847.0,470.8,879.8,535.0,47.72,23.41,10.0
224,8.96,35,player,VfL Wolfsburg,0.461,1533.4,398.9,1556.6,461.1,81.81,16.13,9.5
224,8.96,16,player,Borussia Mgladbach,0.426,112.8,427.4,136.5,487.5,10.82,18.75,18.3
224,8.96,27,player,Borussia Mgladbach,0.415,1455.4,366.5,1481.0,419.2,78.12,11.94,5.7
224,8.96,24,player,Borussia Mgladbach,0.411,1017.5,663.3,1049.3,754.8,56.02,44.12,20.1
224,8.96,37,player,Borussia Mgladbach,0.397,1375.4,300.0,1400.9,373.0,74.24,7.24,14.5
224,8.96,39,player,Borussia Mgladbach,0.302,629.3,421.9,654.5,478.8,36.61,17.88,33.8
224,8.96,0,ball,Ball,0.7,1055.0,26.0,1067.0,35.0,57.91,-29.71,0.0
225,9.0,14,player,Borussia Mgladbach,0.727,1651.5,634.1,1679.5,706.7,86.58,39.71,8.2
225,9.0,4,player,Borussia Mgladbach,0.713,721.3,805.0,756.4,908.9,42.12,57.88,4.6
225,9.0,11,player,Borussia Mgladbach,0.657,899.6,676.9,937.8,758.0,50.52,44.41,13.9
225,9.0,8,player,Borussia Mgladbach,0.639,1398.3,814.4,1441.8,907.9,74.09,57.79,3.6
225,9.0,19,player,Borussia Mgladbach,0.583,1648.4,497.3,1678.2,571.4,87.16,26.93,14.1
225,9.0,26,player,VfL Wolfsburg,0.58,933.5,521.4,960.4,594.9,51.86,29.19,9.8
225,9.0,22,player,Borussia Mgladbach,0.575,1244.8,500.4,1277.2,569.7,67.34,26.77,2.5
225,9.0,23,player,VfL Wolfsburg,0.539,918.7,415.2,942.5,477.7,51.03,17.77,6.7
225,9.0,10,player,Borussia Mgladbach,0.505,846.3,469.4,880.4,534.7,47.71,23.38,3.0
225,9.0,13,player,Borussia Mgladbach,0.503,1117.7,879.2,1171.9,990.7,61.07,64.94,10.0
225,9.0,40,player,Borussia Mgladbach,0.482,1182.8,321.1,1202.0,380.0,64.29,7.95,5.9
225,9.0,16,player,Borussia Mgladbach,0.471,110.3,423.9,136.4,486.6,10.75,18.66,10.2
225,9.0,24,player,Borussia Mgladbach,0.463,1015.1,664.8,1044.3,751.5,55.84,43.82,31.2
225,9.0,12,player,VfL Wolfsburg,0.449,1502.4,638.5,1536.4,708.1,79.52,39.83,14.5
225,9.0,35,player,VfL Wolfsburg,0.448,1529.2,399.9,1554.3,459.9,81.65,16.01,17.9
225,9.0,27,player,Borussia Mgladbach,0.424,1452.1,364.7,1479.9,421.7,78.0,12.18,24.5
225,9.0,36,player,Borussia Mgladbach,0.368,1117.6,342.5,1142.4,394.3,61.1,9.42,13.6
225,9.0,37,player,Borussia Mgladbach,0.339,1373.2,303.2,1397.7,371.2,74.11,7.06,20.0
225,9.0,39,player,Borussia Mgladbach,0.305,628.5,419.6,652.2,479.4,36.53,17.95,9.2
225,9.0,0,ball,Ball,0.7,1053.0,26.0,1065.0,35.0,57.8,-29.71,0.0
226,9.04,11,player,Borussia Mgladbach,0.741,900.8,675.7,939.2,754.7,50.58,44.12,27.4
226,9.04,4,player,Borussia Mgladbach,0.731,720.0,804.1,755.2,909.7,42.07,57.96,8.3
226,9.04,14,player,Borussia Mgladbach,0.678,1648.5,637.0,1676.7,706.6,86.44,39.69,12.6
226,9.04,22,player,Borussia Mgladbach,0.607,1243.8,500.3,1275.0,569.9,67.26,26.78,7.2
226,9.04,19,player,Borussia Mgladbach,0.581,1647.5,496.0,1677.0,570.6,87.11,26.85,7.6
226,9.04,8,player,Borussia Mgladbach,0.576,1395.6,815.3,1442.6,908.9,74.05,57.88,8.8
226,9.04,13,player,Borussia Mgladbach,0.563,1114.4,880.0,1169.9,988.9,60.95,64.79,17.3
226,9.04,23,player,VfL Wolfsburg,0.543,916.1,413.6,939.8,477.9,50.9,17.8,12.3
226,9.04,24,player,Borussia Mgladbach,0.508,1012.2,663.8,1041.3,751.4,55.7,43.81,12.7
226,9.04,16,player,Borussia Mgladbach,0.49,109.7,419.8,134.2,485.8,10.67,18.58,10.1
226,9.04,12,player,VfL Wolfsburg,0.485,1505.4,636.9,1535.6,705.3,79.58,39.57,23.8
226,9.04,26,player,VfL Wolfsburg,0.473,930.6,519.7,958.6,594.0,51.74,29.1,13.1
226,9.04,40,player,Borussia Mgladbach,0.465,1178.2,323.5,1201.0,381.7,64.14,8.13,20.4
226,9.04,10,player,Borussia Mgladbach,0.448,847.9,466.8,882.1,532.3,47.79,23.14,22.3
226,9.04,37,player,Borussia Mgladbach,0.447,1368.8,305.5,1394.0,371.1,73.9,7.05,18.5
226,9.04,27,player,Borussia Mgladbach,0.365,1452.1,364.6,1480.0,419.1,78.02,11.92,23.2
226,9.04,39,player,Borussia Mgladbach,0.332,628.2,417.5,652.2,476.8,36.52,17.69,23.2
226,9.04,35,player,VfL Wolfsburg,0.331,1526.9,401.0,1552.6,459.4,81.55,15.96,9.8
226,9.04,36,player,Borussia Mgladbach,0.323,1114.9,341.2,1140.2,390.4,60.99,9.01,37.6
226,9.04,0,ball,Ball,0.7,12.0,54.0,27.0,67.0,2.35,-26.31,0.0
227,9.08,11,player,Borussia Mgladbach,0.723,899.0,674.4,940.3,753.0,50.57,43.96,14.3
227,9.08,4,player,Borussia Mgladbach,0.713,716.4,802.4,753.4,909.6,41.94,57.94,11.7
227,9.08,14,player,Borussia Mgladbach,0.671,1644.1,636.2,1673.5,708.8,86.25,39.89,25.0
227,9.08,19,player,Borussia Mgladbach,0.619,1644.9,490.2,1674.7,569.9,86.99,26.78,12.2
227,9.08,23,player,VfL Wolfsburg,0.586,911.9,411.9,937.0,476.1,50.72,17.62,22.7
227,9.08,26,player,VfL Wolfsburg,0.585,927.8,517.5,955.4,595.9,51.6,29.28,21.0
227,9.08,8,player,Borussia Mgladbach,0.571,1397.6,815.8,1441.1,906.3,74.07,57.66,20.2
227,9.08,16,player,Borussia Mgladbach,0.569,108.3,419.7,131.5,482.5,10.55,18.26,30.8
227,9.08,13,player,Borussia Mgladbach,0.566,1116.8,879.4,1165.6,990.2,60.91,64.91,10.8
227,9.08,22,player,Borussia Mgladbach,0.562,1244.9,499.5,1273.8,568.4,67.26,26.64,13.1
227,9.08,24,player,Borussia Mgladbach,0.556,1008.7,666.5,1037.7,752.7,55.53,43.93,18.6
227,9.08,12,player,VfL Wolfsburg,0.541,1505.7,634.0,1536.1,702.5,79.61,39.31,23.7
227,9.08,37,player,Borussia Mgladbach,0.526,1367.1,295.8,1393.4,369.8,73.85,6.92,12.8
227,9.08,10,player,Borussia Mgladbach,0.517,848.5,464.6,883.2,529.6,47.83,22.88,24.0
227,9.08,39,player,Borussia Mgladbach,0.454,626.4,415.0,650.1,475.8,36.42,17.59,12.6
227,9.08,40,player,Borussia Mgladbach,0.375,1178.7,324.9,1198.9,378.2,64.11,7.77,32.3
227,9.08,27,player,Borussia Mgladbach,0.35,1451.4,364.7,1479.5,419.7,77.98,11.98,5.9
227,9.08,36,player,Borussia Mgladbach,0.333,1113.7,339.1,1135.9,389.4,60.85,8.91,15.4
227,9.08,0,ball,Ball,0.7,9.0,54.0,24.0,68.0,2.19,-26.26,0.0
228,9.12,4,player,Borussia Mgladbach,0.759,717.2,804.3,751.7,908.8,41.91,57.87,6.3
228,9.12,11,player,Borussia Mgladbach,0.685,898.6,674.3,940.2,752.3,50.55,43.9,5.7
228,9.12,23,player,VfL Wolfsburg,0.626,910.6,410.0,936.0,475.7,50.67,17.58,6.0
228,9.12,14,player,Borussia Mgladbach,0.601,1642.0,636.6,1671.3,709.5,86.14,39.96,11.7
228,9.12,16,player,Borussia Mgladbach,0.588,105.3,420.5,130.7,482.7,10.45,18.27,8.5
228,9.12,24,player,Borussia Mgladbach,0.587,1005.6,665.1,1033.0,752.4,55.35,43.91,16.9
228,9.12,19,player,Borussia Mgladbach,0.547,1643.0,488.9,1672.1,569.8,86.88,26.78,10.1
228,9.12,22,player,Borussia Mgladbach,0.546,1243.2,498.1,1272.6,569.2,67.19,26.72,9.5
228,9.12,13,player,Borussia Mgladbach,0.544,1114.1,879.8,1164.2,990.2,60.81,64.9,8.6
228,9.12,12,player,VfL Wolfsburg,0.538,1503.3,630.7,1538.3,702.9,79.61,39.36,4.0
228,9.12,10,player,Borussia Mgladbach,0.475,854.2,465.9,884.4,528.8,48.0,22.8,16.9
228,9.12,39,player,Borussia Mgladbach,0.468,625.9,414.5,648.8,475.6,36.37,17.56,4.7
228,9.12,27,player,Borussia Mgladbach,0.423,1449.2,365.1,1477.7,419.0,77.88,11.91,11.0
228,9.12,8,player,Borussia Mgladbach,0.378,1400.6,815.2,1439.5,904.5,74.1,57.5,14.7
228,9.12,26,player,VfL Wolfsburg,0.377,927.2,517.2,954.2,589.0,51.55,28.62,38.0
228,9.12,37,player,Borussia Mgladbach,0.373,1362.5,306.5,1389.3,368.3,73.63,6.76,23.9
228,9.12,36,player,Borussia Mgladbach,0.36,1112.3,338.2,1134.2,390.6,60.77,9.03,13.2
228,9.12,0,ball,Ball,0.7,1530.0,404.0,1545.0,418.0,81.65,11.1,0.0
229,9.16,4,player,Borussia Mgladbach,0.764,716.2,805.2,750.3,908.2,41.86,57.82,7.0
229,9.16,11,player,Borussia Mgladbach,0.732,899.3,674.6,939.3,751.7,50.55,43.84,4.7
229,9.16,16,player,Borussia Mgladbach,0.643,104.0,419.6,127.7,478.9,10.32,17.9,35.7
229,9.16,23,player,VfL Wolfsburg,0.622,909.7,409.5,934.2,476.2,50.6,17.63,7.5
229,9.16,24,player,Borussia Mgladbach,0.597,1000.8,664.3,1031.1,749.7,55.18,43.66,26.7
229,9.16,22,player,Borussia Mgladbach,0.587,1242.5,496.9,1272.3,565.0,67.17,26.31,36.8
229,9.16,14,player,Borussia Mgladbach,0.583,1640.8,635.4,1669.1,708.0,86.07,39.83,13.9
229,9.16,12,player,VfL Wolfsburg,0.567,1502.4,627.2,1538.6,704.0,79.59,39.46,9.2
229,9.16,13,player,Borussia Mgladbach,0.539,1106.3,880.1,1161.6,989.2,60.57,64.82,22.9
229,9.16,10,player,Borussia Mgladbach,0.495,854.2,466.1,885.6,528.6,48.03,22.78,3.2
229,9.16,39,player,Borussia Mgladbach,0.476,624.7,414.4,647.1,477.4,36.3,17.74,17.3
229,9.16,19,player,Borussia Mgladbach,0.461,1641.5,489.5,1668.8,565.3,86.79,26.34,38.0
229,9.16,26,player,VfL Wolfsburg,0.46,924.0,515.9,951.2,587.3,51.4,28.46,20.3
229,9.16,8,player,Borussia Mgladbach,0.455,1400.8,814.7,1438.6,904.1,74.09,57.46,3.4
229,9.16,36,player,Borussia Mgladbach,0.428,1109.6,339.2,1128.4,392.1,60.55,9.18,23.6
229,9.16,27,player,Borussia Mgladbach,0.388,1447.5,362.4,1476.8,419.3,77.82,11.94,6.7
229,9.16,35,player,VfL Wolfsburg,0.343,1520.8,398.7,1543.3,456.2,81.18,15.64,14.6
229,9.16,28,player,Borussia Mgladbach,0.305,1013.3,392.3,1031.9,442.3,55.64,14.26,0.0
229,9.16,0,ball,Ball,0.7,1181.0,1041.0,1204.0,1062.0,63.2,70.09,0.0
230,9.2,4,player,Borussia Mgladbach,0.788,713.2,806.3,749.2,906.1,41.76,57.64,18.4
230,9.2,11,player,Borussia Mgladbach,0.691,900.5,674.5,938.3,751.8,50.55,43.85,0.7
230,9.2,16,player,Borussia Mgladbach,0.659,101.7,421.6,126.3,482.5,10.25,18.26,32.9
230,9.2,14,player,Borussia Mgladbach,0.644,1637.6,635.8,1667.2,708.0,85.94,39.82,11.1
230,9.2,12,player,VfL Wolfsburg,0.615,1500.0,625.3,1539.6,704.9,79.55,39.54,8.1
230,9.2,23,player,VfL Wolfsburg,0.613,906.5,409.4,931.0,476.6,50.44,17.67,15.1
230,9.2,19,player,Borussia Mgladbach,0.543,1639.4,488.2,1666.8,565.6,86.68,26.37,9.8
230,9.2,13,player,Borussia Mgladbach,0.534,1104.8,880.0,1158.5,988.0,60.47,64.72,12.8
230,9.2,39,player,Borussia Mgladbach,0.506,622.7,417.3,646.7,476.3,36.24,17.64,10.5
230,9.2,10,player,Borussia Mgladbach,0.501,856.6,466.7,886.0,530.8,48.1,23.0,21.1
230,9.2,8,player,Borussia Mgladbach,0.455,1401.9,815.1,1437.6,901.9,74.1,57.27,17.2
230,9.2,22,player,Borussia Mgladbach,0.451,1242.0,497.6,1271.4,561.9,67.14,26.02,26.4
230,9.2,36,player,Borussia Mgladbach,0.438,1106.4,340.4,1126.4,393.1,60.42,9.29,15.4
230,9.2,35,player,VfL Wolfsburg,0.424,1516.7,399.3,1540.8,457.6,81.01,15.78,19.8
230,9.2,26,player,VfL Wolfsburg,0.416,920.9,514.8,950.1,586.4,51.3,28.37,11.9
230,9.2,27,player,Borussia Mgladbach,0.4,1445.2,363.2,1472.2,418.9,77.64,11.91,15.8
230,9.2,24,player,Borussia Mgladbach,0.331,995.6,665.7,1026.1,751.3,54.94,43.81,25.4
230,9.2,37,player,Borussia Mgladbach,0.325,1354.5,294.5,1384.3,371.5,73.29,7.09,21.3
230,9.2,0,ball,Ball,0.7,0.0,55.0,16.0,70.0,1.75,-26.09,0.0
231,9.24,4,player,Borussia Mgladbach,0.763,710.9,807.2,746.4,905.5,41.64,57.58,12.0
231,9.24,14,player,Borussia Mgladbach,0.656,1634.4,633.9,1663.9,708.3,85.78,39.85,14.7
231,9.24,11,player,Borussia Mgladbach,0.654,905.9,673.0,938.2,751.5,50.68,43.82,11.9
231,9.24,16,player,Borussia Mgladbach,0.637,100.1,423.3,123.7,483.3,10.15,18.33,11.3
231,9.24,23,player,VfL Wolfsburg,0.588,904.5,410.6,927.9,473.6,50.31,17.37,29.3
231,9.24,22,player,Borussia Mgladbach,0.528,1239.5,495.6,1271.4,561.8,67.08,26.0,5.8
231,9.24,13,player,Borussia Mgladbach,0.527,1101.8,882.5,1156.0,988.6,60.34,64.77,12.5
231,9.24,10,player,Borussia Mgladbach,0.516,856.3,463.9,886.3,531.1,48.1,23.02,2.1
231,9.24,12,player,VfL Wolfsburg,0.479,1499.2,626.2,1540.7,701.3,79.57,39.21,29.9
231,9.24,35,player,VfL Wolfsburg,0.44,1512.4,398.9,1536.2,458.5,80.78,15.87,21.9
231,9.24,19,player,Borussia Mgladbach,0.423,1638.1,487.5,1662.6,560.9,86.57,25.92,38.0
231,9.24,39,player,Borussia Mgladbach,0.417,622.7,419.6,644.9,475.1,36.19,17.52,11.5
231,9.24,27,player,Borussia Mgladbach,0.403,1443.9,363.7,1471.1,418.5,77.58,11.87,6.5
231,9.24,36,player,Borussia Mgladbach,0.39,1102.5,337.9,1122.3,391.3,60.22,9.11,24.5
231,9.24,24,player,Borussia Mgladbach,0.356,993.0,663.2,1021.8,750.8,54.78,43.76,15.7
231,9.24,26,player,VfL Wolfsburg,0.355,921.0,516.5,947.2,585.6,51.23,28.29,9.8
231,9.24,8,player,Borussia Mgladbach,0.346,1403.2,815.7,1436.8,902.3,74.11,57.3,3.0
231,9.24,0,ball,Ball,0.7,1175.0,1042.0,1198.0,1062.0,62.92,70.13,0.0
232,9.28,4,player,Borussia Mgladbach,0.729,709.1,807.4,744.8,907.0,41.56,57.71,13.6
232,9.28,14,player,Borussia Mgladbach,0.689,1630.5,634.0,1662.2,708.7,85.65,39.89,12.7
232,9.28,11,player,Borussia Mgladbach,0.592,909.1,673.3,939.1,750.9,50.78,43.76,10.0
232,9.28,13,player,Borussia Mgladbach,0.564,1099.1,880.7,1152.5,988.3,60.2,64.74,13.1
232,9.28,16,player,Borussia Mgladbach,0.559,97.9,423.1,120.9,480.8,10.01,18.08,25.9
232,9.28,23,player,VfL Wolfsburg,0.514,902.2,409.8,926.5,468.8,50.21,16.89,38.0
232,9.28,19,player,Borussia Mgladbach,0.494,1632.7,486.2,1659.5,559.9,86.37,25.82,20.8
232,9.28,10,player,Borussia Mgladbach,0.493,856.9,463.2,886.5,530.0,48.12,22.91,9.8
232,9.28,12,player,VfL Wolfsburg,0.489,1499.0,625.2,1541.5,699.7,79.59,39.05,13.9
232,9.28,27,player,Borussia Mgladbach,0.452,1441.3,363.9,1472.4,419.2,77.55,11.93,6.6
232,9.28,22,player,Borussia Mgladbach,0.43,1240.3,495.6,1269.9,558.9,67.07,25.72,25.4
232,9.28,24,player,Borussia Mgladbach,0.429,989.5,664.8,1017.0,749.0,54.58,43.59,23.4
232,9.28,37,player,Borussia Mgladbach,0.424,1350.9,317.5,1374.5,367.0,72.97,6.63,25.6
232,9.28,36,player,Borussia Mgladbach,0.369,1100.6,338.0,1120.7,393.0,60.13,9.28,17.3
232,9.28,35,player,VfL Wolfsburg,0.363,1509.7,398.8,1533.9,457.5,80.66,15.77,14.1
232,9.28,0,ball,Ball,0.7,237.0,34.0,254.0,48.0,14.28,-28.52,0.0
233,9.32,14,player,Borussia Mgladbach,0.734,1628.5,633.4,1657.9,708.3,85.49,39.86,14.1
233,9.32,4,player,Borussia Mgladbach,0.733,707.5,807.7,743.0,907.3,41.48,57.74,7.6
233,9.32,11,player,Borussia Mgladbach,0.66,913.7,672.7,941.0,753.3,50.93,43.99,24.6
233,9.32,10,player,Borussia Mgladbach,0.645,857.3,461.5,888.1,528.9,48.17,22.81,10.8
233,9.32,16,player,Borussia Mgladbach,0.563,96.1,420.8,118.6,481.2,9.91,18.12,9.7
233,9.32,12,player,VfL Wolfsburg,0.555,1498.6,625.8,1541.9,699.6,79.59,39.05,0.4
233,9.32,13,player,Borussia Mgladbach,0.521,1097.5,883.1,1151.8,988.5,60.14,64.76,5.1
233,9.32,27,player,Borussia Mgladbach,0.487,1440.9,361.8,1476.4,419.5,77.64,11.96,8.7
233,9.32,23,player,VfL Wolfsburg,0.46,898.7,409.1,926.0,475.1,50.12,17.52,38.0
233,9.32,35,player,VfL Wolfsburg,0.432,1507.5,397.8,1533.2,457.3,80.59,15.76,6.5
233,9.32,19,player,Borussia Mgladbach,0.419,1629.6,486.9,1657.1,561.2,86.23,25.95,17.1
233,9.32,8,player,Borussia Mgladbach,0.404,1402.5,815.4,1436.7,900.6,74.09,57.16,6.4
233,9.32,24,player,Borussia Mgladbach,0.393,984.8,660.5,1012.5,744.2,54.36,43.15,38.0
233,9.32,22,player,Borussia Mgladbach,0.387,1237.1,495.8,1266.6,556.9,66.91,25.53,22.6
233,9.32,37,player,Borussia Mgladbach,0.348,1345.0,313.9,1373.1,367.1,72.78,6.64,16.9
233,9.32,0,ball,Ball,0.7,651.0,37.0,665.0,48.0,36.35,-28.35,0.0
234,9.36,4,player,Borussia Mgladbach,0.744,706.3,807.9,738.6,908.0,41.35,57.8,13.1
234,9.36,14,player,Borussia Mgladbach,0.74,1626.8,635.5,1655.7,707.6,85.41,39.78,10.2
234,9.36,11,player,Borussia Mgladbach,0.717,911.1,672.0,941.0,751.4,50.87,43.81,16.5
234,9.36,10,player,Borussia Mgladbach,0.631,857.0,458.3,890.1,528.0,48.21,22.72,8.4
234,9.36,12,player,VfL Wolfsburg,0.625,1499.0,625.1,1543.0,698.8,79.63,38.97,7.6
234,9.36,16,player,Borussia Mgladbach,0.58,95.2,419.4,117.2,481.7,9.86,18.17,6.7
234,9.36,24,player,Borussia Mgladbach,0.569,981.5,660.5,1011.3,745.2,54.25,43.25,13.0
234,9.36,27,player,Borussia Mgladbach,0.542,1441.8,358.0,1472.4,419.3,77.56,11.94,7.2
234,9.36,13,player,Borussia Mgladbach,0.513,1097.1,882.2,1149.4,987.7,60.08,64.69,8.7
234,9.36,39,player,Borussia Mgladbach,0.473,618.8,421.0,640.8,476.7,36.0,17.68,7.6
234,9.36,19,player,Borussia Mgladbach,0.444,1627.4,488.9,1655.0,559.6,86.13,25.79,16.5
234,9.36,35,player,VfL Wolfsburg,0.421,1504.3,394.3,1530.7,455.9,80.45,15.62,17.7
234,9.36,26,player,VfL Wolfsburg,0.384,914.5,516.0,939.9,582.2,50.89,27.97,13.9
234,9.36,23,player,VfL Wolfsburg,0.369,894.7,411.9,925.6,476.9,50.01,17.7,18.7
234,9.36,8,player,Borussia Mgladbach,0.362,1402.4,815.3,1436.2,898.1,74.09,56.94,19.9
234,9.36,22,player,Borussia Mgladbach,0.356,1236.8,495.5,1263.5,558.7,66.82,25.7,17.5
234,9.36,37,player,Borussia Mgladbach,0.353,1343.5,316.0,1370.6,368.0,72.68,6.73,12.4
234,9.36,28,player,Borussia Mgladbach,0.323,990.9,390.5,1017.6,441.0,54.72,14.12,16.7
234,9.36,0,ball,Ball,0.7,231.0,34.0,248.0,50.0,13.97,-28.41,0.0
235,9.4,4,player,Borussia Mgladbach,0.734,704.4,808.3,736.3,909.2,41.25,57.91,13.1
235,9.4,11,player,Borussia Mgladbach,0.719,910.2,670.6,942.7,749.6,50.89,43.65,14.7
235,9.4,14,player,Borussia Mgladbach,0.701,1624.6,636.1,1652.5,708.1,85.27,39.83,12.8
235,9.4,10,player,Borussia Mgladbach,0.587,857.8,458.2,891.3,525.3,48.26,22.46,24.3
235,9.4,13,player,Borussia Mgladbach,0.583,1093.0,883.8,1147.8,989.5,59.94,64.84,18.1
235,9.4,12,player,VfL Wolfsburg,0.579,1502.0,626.1,1544.4,698.4,79.74,38.94,10.2
235,9.4,27,player,Borussia Mgladbach,0.556,1442.7,359.1,1471.2,418.2,77.56,11.83,9.8
235,9.4,24,player,Borussia Mgladbach,0.512,975.7,661.5,1008.8,740.7,54.05,42.84,38.0
235,9.4,19,player,Borussia Mgladbach,0.506,1625.1,486.7,1652.4,558.6,86.01,25.7,13.5
235,9.4,16,player,Borussia Mgladbach,0.453,91.0,419.1,112.4,476.8,9.6,17.69,38.0
235,9.4,40,player,Borussia Mgladbach,0.435,1161.9,321.8,1183.2,372.4,63.29,7.19,0.0
235,9.4,39,player,Borussia Mgladbach,0.389,617.9,419.4,639.5,475.8,35.94,17.59,9.4
235,9.4,23,player,VfL Wolfsburg,0.361,893.9,413.6,920.9,473.4,49.87,17.35,33.7
235,9.4,35,player,VfL Wolfsburg,0.356,1501.7,391.5,1530.8,452.0,80.41,15.23,35.2
235,9.4,28,player,Borussia Mgladbach,0.34,990.0,386.0,1015.0,440.1,54.64,14.04,10.9
235,9.4,8,player,Borussia Mgladbach,0.339,1403.1,816.1,1436.3,899.9,74.1,57.1,13.9
235,9.4,36,player,Borussia Mgladbach,0.324,1090.5,333.4,1112.7,384.3,59.68,8.4,29.6
235,9.4,0,ball,Ball,0.7,227.0,34.0,245.0,50.0,13.78,-28.41,0.0
236,9.44,14,player,Borussia Mgladbach,0.699,1624.5,636.5,1651.5,708.5,85.25,39.87,3.9
236,9.44,4,player,Borussia Mgladbach,0.689,700.2,808.2,735.6,911.5,41.14,58.11,20.3
236,9.44,11,player,Borussia Mgladbach,0.652,907.2,671.4,942.3,752.4,50.81,43.9,23.6
236,9.44,13,player,Borussia Mgladbach,0.648,1092.9,885.5,1145.1,991.7,59.87,65.03,17.7
236,9.44,27,player,Borussia Mgladbach,0.623,1445.4,354.5,1473.1,416.8,77.68,11.69,16.7
236,9.44,19,player,Borussia Mgladbach,0.599,1625.5,484.7,1653.7,558.6,86.06,25.69,3.9
236,9.44,8,player,Borussia Mgladbach,0.553,1401.9,816.0,1438.9,902.7,74.13,57.34,22.0
236,9.44,10,player,Borussia Mgladbach,0.549,858.1,459.0,891.8,523.8,48.28,22.32,12.8
236,9.44,39,player,Borussia Mgladbach,0.522,615.0,412.8,638.6,477.0,35.85,17.71,13.3
236,9.44,12,player,VfL Wolfsburg,0.476,1508.5,626.7,1547.6,699.1,79.97,39.0,21.5
236,9.44,36,player,Borussia Mgladbach,0.466,1089.8,334.7,1110.8,382.0,59.61,8.16,21.9
236,9.44,24,player,Borussia Mgladbach,0.428,972.0,658.3,1004.8,743.0,53.86,43.05,25.2
236,9.44,28,player,Borussia Mgladbach,0.419,985.9,386.9,1009.3,440.3,54.39,14.05,22.3
236,9.44,35,player,VfL Wolfsburg,0.407,1501.4,389.7,1530.1,451.3,80.38,15.15,7.2
236,9.44,40,player,Borussia Mgladbach,0.401,1162.0,321.9,1182.1,367.6,63.28,6.69,38.0
236,9.44,23,player,VfL Wolfsburg,0.364,893.7,412.5,916.7,473.9,49.76,17.4,10.8
236,9.44,26,player,VfL Wolfsburg,0.354,910.1,514.5,936.0,581.0,50.68,27.85,10.8
236,9.44,16,player,Borussia Mgladbach,0.344,85.1,417.2,109.5,479.3,9.4,17.94,28.9
236,9.44,0,ball,Ball,0.7,223.0,34.0,240.0,48.0,13.53,-28.52,0.0
237,9.48,4,player,Borussia Mgladbach,0.714,697.9,812.8,732.8,913.8,41.03,58.31,21.0
237,9.48,14,player,Borussia Mgladbach,0.691,1623.7,637.6,1650.2,710.2,85.19,40.03,15.3
237,9.48,19,player,Borussia Mgladbach,0.649,1624.8,482.8,1652.5,558.7,86.01,25.7,4.3
237,9.48,27,player,Borussia Mgladbach,0.649,1446.0,353.0,1472.3,416.2,77.68,11.63,5.1
237,9.48,11,player,Borussia Mgladbach,0.634,906.1,671.6,942.4,751.0,50.78,43.77,11.7
237,9.48,8,player,Borussia Mgladbach,0.625,1401.6,817.0,1439.4,904.8,74.12,57.52,16.5
237,9.48,13,player,Borussia Mgladbach,0.614,1092.1,886.4,1142.4,992.1,59.79,65.06,8.0
237,9.48,16,player,Borussia Mgladbach,0.556,81.0,417.0,102.6,469.0,9.06,16.92,38.0
237,9.48,12,player,VfL Wolfsburg,0.499,1516.1,624.3,1549.2,698.9,80.19,38.98,20.0
237,9.48,24,player,Borussia Mgladbach,0.495,969.5,662.1,1002.5,741.4,53.75,42.9,16.7
237,9.48,36,player,Borussia Mgladbach,0.47,1088.9,334.6,1108.3,384.6,59.53,8.43,25.4
237,9.48,10,player,Borussia Mgladbach,0.469,863.1,460.4,891.6,523.1,48.4,22.24,12.3
237,9.48,23,player,VfL Wolfsburg,0.46,882.8,408.6,914.3,480.3,49.43,18.03,38.0
237,9.48,41,player,Borussia Mgladbach,0.441,801.1,300.6,823.4,359.4,44.98,5.84,0.0
237,9.48,40,player,Borussia Mgladbach,0.429,1161.6,320.2,1181.3,369.2,63.24,6.86,15.3
237,9.48,28,player,Borussia Mgladbach,0.423,982.9,386.4,1006.9,440.3,54.25,14.05,12.3
237,9.48,39,player,Borussia Mgladbach,0.4,611.1,413.2,638.0,474.7,35.73,17.48,23.4
237,9.48,35,player,VfL Wolfsburg,0.386,1499.7,389.6,1531.4,450.3,80.38,15.05,8.6
237,9.48,26,player,VfL Wolfsburg,0.331,907.5,513.0,933.6,579.8,50.56,27.74,15.2
237,9.48,0,ball,Ball,0.7,157.0,34.0,168.0,44.0,9.83,-28.75,0.0
238,9.52,4,player,Borussia Mgladbach,0.755,694.4,812.9,728.5,914.7,40.85,58.39,17.5
238,9.52,14,player,Borussia Mgladbach,0.704,1623.6,637.8,1650.0,710.5,85.18,40.06,3.0
238,9.52,27,player,Borussia Mgladbach,0.697,1445.6,353.3,1471.6,417.2,77.65,11.73,8.7
238,9.52,13,player,Borussia Mgladbach,0.645,1091.4,886.8,1140.1,993.7,59.72,65.2,13.8
238,9.52,8,player,Borussia Mgladbach,0.64,1402.2,815.5,1438.8,908.8,74.11,57.87,31.5
238,9.52,16,player,Borussia Mgladbach,0.629,75.4,412.7,98.0,474.4,8.84,17.45,38.0
238,9.52,11,player,Borussia Mgladbach,0.591,904.0,671.4,943.2,752.7,50.75,43.93,14.4
238,9.52,19,player,Borussia Mgladbach,0.562,1624.7,482.7,1650.6,557.2,85.96,25.56,13.7
238,9.52,12,player,VfL Wolfsburg,0.532,1516.1,620.9,1551.6,698.0,80.26,38.9,9.5
238,9.52,10,player,Borussia Mgladbach,0.508,865.2,462.0,891.6,525.1,48.45,22.44,18.4
238,9.52,24,player,Borussia Mgladbach,0.481,965.5,663.5,1000.0,742.2,53.59,42.97,15.4
238,9.52,40,player,Borussia Mgladbach,0.461,1159.3,320.3,1177.0,370.1,63.07,6.94,17.0
238,9.52,39,player,Borussia Mgladbach,0.447,610.2,412.4,635.7,471.5,35.64,17.16,29.6
238,9.52,41,player,Borussia Mgladbach,0.44,797.7,300.8,821.1,360.0,44.84,5.91,14.3
238,9.52,35,player,VfL Wolfsburg,0.429,1499.1,388.3,1530.6,449.0,80.35,14.92,12.0
238,9.52,23,player,VfL Wolfsburg,0.409,884.4,404.3,911.3,473.6,49.39,17.37,38.0
238,9.52,36,player,Borussia Mgladbach,0.407,1086.1,334.2,1104.2,383.0,59.35,8.27,21.5
238,9.52,26,player,VfL Wolfsburg,0.33,904.6,510.7,932.2,579.0,50.45,27.66,11.6
238,9.52,0,ball,Ball,0.7,152.0,33.0,162.0,42.0,9.52,-28.92,0.0
239,9.56,4,player,Borussia Mgladbach,0.756,690.9,814.8,725.6,914.7,40.69,58.39,13.7
239,9.56,14,player,Borussia Mgladbach,0.721,1623.3,636.9,1650.2,711.8,85.17,40.18,10.7
239,9.56,27,player,Borussia Mgladbach,0.683,1446.5,352.9,1471.5,416.8,77.67,11.69,3.8
239,9.56,8,player,Borussia Mgladbach,0.599,1401.5,818.3,1439.3,910.3,74.1,58.01,12.2
239,9.56,13,player,Borussia Mgladbach,0.592,1084.1,887.1,1138.5,996.2,59.51,65.42,27.1
239,9.56,12,player,VfL Wolfsburg,0.567,1518.2,618.3,1555.3,695.9,80.4,38.7,22.1
239,9.56,39,player,Borussia Mgladbach,0.542,608.3,414.2,633.2,473.6,35.54,17.37,21.2
239,9.56,19,player,Borussia Mgladbach,0.538,1625.3,481.1,1651.4,554.9,86.01,25.34,20.0
239,9.56,11,player,Borussia Mgladbach,0.518,904.8,675.9,944.1,750.8,50.79,43.76,15.6
239,9.56,16,player,Borussia Mgladbach,0.494,69.1,413.0,92.3,470.8,8.51,17.1,38.0
239,9.56,35,player,VfL Wolfsburg,0.433,1498.2,387.8,1529.8,449.8,80.3,15.0,8.3
239,9.56,22,player,Borussia Mgladbach,0.361,1235.1,489.6,1262.5,548.8,66.78,24.75,17.2
239,9.56,36,player,Borussia Mgladbach,0.35,1083.4,331.1,1103.1,382.4,59.26,8.2,10.6
239,9.56,40,player,Borussia Mgladbach,0.348,1158.7,318.9,1176.3,366.0,63.05,6.52,38.0
239,9.56,24,player,Borussia Mgladbach,0.343,960.8,662.5,991.7,741.8,53.28,42.94,28.2
239,9.56,41,player,Borussia Mgladbach,0.336,795.8,302.0,818.9,357.6,44.73,5.66,23.9
239,9.56,26,player,VfL Wolfsburg,0.33,904.6,513.0,930.9,578.3,50.42,27.59,6.8
239,9.56,0,ball,Ball,0.7,146.0,30.0,156.0,40.0,9.18,-29.2,0.0
240,9.6,4,player,Borussia Mgladbach,0.739,686.5,816.1,723.1,919.3,40.54,58.79,38.0
240,9.6,14,player,Borussia Mgladbach,0.685,1623.0,636.7,1649.6,711.5,85.15,40.15,3.3
240,9.6,12,player,VfL Wolfsburg,0.66,1520.1,617.9,1559.0,693.7,80.55,38.5,22.4
240,9.6,27,player,Borussia Mgladbach,0.658,1447.2,351.0,1470.8,416.7,77.67,11.68,0.9
240,9.6,39,player,Borussia Mgladbach,0.657,607.7,412.5,632.2,470.1,35.49,17.03,31.2
240,9.6,8,player,Borussia Mgladbach,0.601,1401.4,818.4,1440.6,912.9,74.12,58.23,19.9
240,9.6,13,player,Borussia Mgladbach,0.588,1083.8,889.6,1136.4,996.5,59.46,65.44,5.5
240,9.6,11,player,Borussia Mgladbach,0.521,909.5,675.5,945.7,750.6,50.94,43.74,13.7
240,9.6,35,player,VfL Wolfsburg,0.464,1498.9,388.2,1528.5,448.7,80.29,14.89,10.4
240,9.6,40,player,Borussia Mgladbach,0.441,1156.6,319.3,1176.1,367.4,62.99,6.66,13.9
240,9.6,41,player,Borussia Mgladbach,0.402,793.6,301.8,818.2,353.9,44.65,5.28,35.1
240,9.6,22,player,Borussia Mgladbach,0.39,1232.4,487.4,1261.2,550.6,66.68,24.92,18.2
240,9.6,16,player,Borussia Mgladbach,0.382,64.3,415.0,87.3,468.1,8.25,16.83,34.0
240,9.6,24,player,Borussia Mgladbach,0.376,960.3,663.3,986.1,743.9,53.13,43.13,21.8
240,9.6,26,player,VfL Wolfsburg,0.37,902.0,510.3,929.4,580.2,50.32,27.78,19.1
240,9.6,36,player,Borussia Mgladbach,0.316,1080.6,329.6,1101.8,380.2,59.15,7.97,22.1
240,9.6,0,ball,Ball,0.7,141.0,28.0,150.0,41.0,8.89,-29.26,0.0
241,9.64,4,player,Borussia Mgladbach,0.7,684.1,816.3,720.1,918.8,40.42,58.75,12.1
241,9.64,14,player,Borussia Mgladbach,0.688,1622.0,637.5,1648.9,711.7,85.11,40.16,3.9
241,9.64,12,player,VfL Wolfsburg,0.684,1522.6,619.8,1560.1,693.5,80.64,38.48,8.3
241,9.64,27,player,Borussia Mgladbach,0.679,1446.1,350.4,1471.3,416.8,77.65,11.69,1.7
241,9.64,39,player,Borussia Mgladbach,0.652,604.3,412.4,629.5,473.8,35.34,17.39,34.9
241,9.64,8,player,Borussia Mgladbach,0.564,1400.4,820.8,1440.5,913.0,74.1,58.24,2.4
241,9.64,13,player,Borussia Mgladbach,0.523,1079.4,890.0,1132.7,999.8,59.27,65.72,30.6
241,9.64,16,player,Borussia Mgladbach,0.498,59.0,417.0,83.0,475.1,8.06,17.52,38.0
241,9.64,11,player,Borussia Mgladbach,0.497,912.0,677.2,947.2,749.4,51.04,43.63,12.9
241,9.64,19,player,Borussia Mgladbach,0.468,1622.4,481.1,1649.4,551.8,85.9,25.04,14.3
241,9.64,40,player,Borussia Mgladbach,0.42,1154.4,320.4,1174.8,365.5,62.9,6.47,18.7
241,9.64,35,player,VfL Wolfsburg,0.411,1498.1,388.9,1527.7,449.0,80.25,14.92,4.8
241,9.64,22,player,Borussia Mgladbach,0.381,1232.8,487.6,1260.9,548.6,66.69,24.73,17.1
241,9.64,24,player,Borussia Mgladbach,0.378,954.9,659.6,982.3,740.7,52.91,42.83,33.6
241,9.64,41,player,Borussia Mgladbach,0.355,791.6,303.0,815.1,351.5,44.52,5.04,24.9
241,9.64,26,player,VfL Wolfsburg,0.337,901.7,512.1,928.4,579.9,50.29,27.74,4.3
241,9.64,10,player,Borussia Mgladbach,0.333,864.5,458.1,893.9,519.6,48.49,21.9,16.4
241,9.64,0,ball,Ball,0.7,136.0,27.0,144.0,39.0,8.58,-29.43,0.0
242,9.68,12,player,VfL Wolfsburg,0.7,1525.9,621.1,1562.3,693.3,80.77,38.46,12.2
242,9.68,14,player,Borussia Mgladbach,0.695,1622.2,637.2,1648.8,714.2,85.1,40.4,21.4
242,9.68,27,player,Borussia Mgladbach,0.69,1442.7,346.8,1471.8,415.5,77.58,11.55,13.8
242,9.68,39,player,Borussia Mgladbach,0.675,602.1,411.6,625.7,471.5,35.19,17.17,24.3
242,9.68,4,player,Borussia Mgladbach,0.624,681.4,817.1,714.5,921.4,40.23,58.97,26.1
242,9.68,13,player,Borussia Mgladbach,0.603,1075.8,895.1,1130.5,1005.1,59.13,66.17,38.0
242,9.68,8,player,Borussia Mgladbach,0.587,1399.2,823.7,1441.4,914.2,74.09,58.35,9.6
242,9.68,19,player,Borussia Mgladbach,0.52,1622.0,480.5,1649.3,551.2,85.9,24.98,5.5
242,9.68,41,player,Borussia Mgladbach,0.505,788.8,298.7,816.4,352.6,44.48,5.15,10.9
242,9.68,16,player,Borussia Mgladbach,0.5,52.6,414.7,77.9,476.4,7.78,17.65,27.6
242,9.68,11,player,Borussia Mgladbach,0.482,914.5,678.7,948.9,751.5,51.14,43.82,19.6
242,9.68,40,player,Borussia Mgladbach,0.463,1154.1,320.1,1174.5,367.0,62.88,6.63,13.8
242,9.68,22,player,Borussia Mgladbach,0.44,1234.2,485.7,1262.3,546.3,66.76,24.5,21.4
242,9.68,35,player,VfL Wolfsburg,0.385,1498.0,390.3,1525.5,448.9,80.19,14.91,5.2
242,9.68,0,ball,Ball,0.7,129.0,26.0,138.0,37.0,8.22,-29.6,0.0
243,9.72,27,player,Borussia Mgladbach,0.683,1441.1,345.4,1472.4,416.4,77.56,11.65,8.8
243,9.72,39,player,Borussia Mgladbach,0.663,599.2,409.1,623.4,471.7,35.06,17.18,11.9
243,9.72,4,player,Borussia Mgladbach,0.662,675.3,819.0,712.6,925.6,40.04,59.34,37.3
243,9.72,14,player,Borussia Mgladbach,0.653,1621.6,637.7,1648.5,713.7,85.08,40.35,4.6
243,9.72,13,player,Borussia Mgladbach,0.597,1074.2,896.5,1128.1,1005.9,59.04,66.24,10.7
243,9.72,8,player,Borussia Mgladbach,0.587,1399.5,826.3,1439.9,915.1,74.05,58.42,7.3
243,9.72,12,player,VfL Wolfsburg,0.583,1529.7,622.1,1563.6,692.2,80.9,38.36,14.9
243,9.72,16,player,Borussia Mgladbach,0.545,45.0,413.4,71.2,472.6,7.4,17.28,38.0
243,9.72,19,player,Borussia Mgladbach,0.488,1621.1,480.0,1649.3,550.5,85.88,24.91,6.5
243,9.72,22,player,Borussia Mgladbach,0.475,1232.9,485.6,1262.0,546.8,66.72,24.55,5.5
243,9.72,11,player,Borussia Mgladbach,0.454,918.3,677.0,946.1,752.0,51.17,43.87,4.6
243,9.72,41,player,Borussia Mgladbach,0.444,786.9,297.0,811.1,348.8,44.29,4.76,38.0
243,9.72,35,player,VfL Wolfsburg,0.43,1498.5,389.8,1524.4,446.3,80.19,14.65,23.6
243,9.72,40,player,Borussia Mgladbach,0.375,1151.1,318.9,1171.7,365.6,62.74,6.49,18.2
243,9.72,42,player,Borussia Mgladbach,0.373,869.6,402.0,898.0,512.4,48.71,21.2,0.0
243,9.72,0,ball,Ball,0.7,122.0,26.0,130.0,35.0,7.81,-29.71,0.0
244,9.76,4,player,Borussia Mgladbach,0.691,673.4,823.1,708.9,927.6,39.92,59.51,19.1
244,9.76,12,player,VfL Wolfsburg,0.678,1534.5,620.5,1563.9,692.0,81.02,38.34,11.0
244,9.76,27,player,Borussia Mgladbach,0.676,1437.6,346.0,1472.8,416.9,77.47,11.7,8.5
244,9.76,14,player,Borussia Mgladbach,0.661,1619.8,638.4,1648.0,714.1,85.02,40.39,6.4
244,9.76,39,player,Borussia Mgladbach,0.635,595.6,407.3,622.3,473.8,34.95,17.39,21.1
244,9.76,13,player,Borussia Mgladbach,0.577,1073.4,898.5,1127.2,1006.9,58.99,66.32,8.0
244,9.76,8,player,Borussia Mgladbach,0.518,1398.4,829.4,1439.0,916.9,74.0,58.58,15.0
244,9.76,16,player,Borussia Mgladbach,0.516,40.0,411.2,65.6,473.6,7.14,17.37,24.9
244,9.76,22,player,Borussia Mgladbach,0.5,1233.2,486.3,1261.2,547.9,66.7,24.65,9.7
244,9.76,19,player,Borussia Mgladbach,0.487,1619.4,479.3,1648.0,550.3,85.8,24.89,6.6
244,9.76,28,player,Borussia Mgladbach,0.46,962.4,377.5,989.1,435.1,53.29,13.53,0.0
244,9.76,11,player,Borussia Mgladbach,0.392,917.5,676.9,950.7,754.2,51.26,44.07,19.7
244,9.76,42,player,Borussia Mgladbach,0.375,870.5,402.6,896.2,502.9,48.68,20.27,38.0
244,9.76,35,player,VfL Wolfsburg,0.356,1497.1,386.0,1523.8,444.7,80.15,14.5,14.4
244,9.76,40,player,Borussia Mgladbach,0.333,1151.0,316.7,1171.5,365.4,62.73,6.46,2.3
244,9.76,41,player,Borussia Mgladbach,0.331,783.9,297.1,811.2,349.5,44.22,4.83,9.1
244,9.76,26,player,VfL Wolfsburg,0.327,896.2,514.0,923.0,581.9,50.02,27.94,10.0
244,9.76,0,ball,Ball,0.7,116.0,26.0,123.0,36.0,7.47,-29.66,0.0
245,9.8,4,player,Borussia Mgladbach,0.743,668.1,821.0,703.6,928.7,39.67,59.61,23.9
245,9.8,14,player,Borussia Mgladbach,0.698,1619.4,637.9,1648.4,715.7,85.01,40.53,13.0
245,9.8,12,player,VfL Wolfsburg,0.633,1536.2,621.7,1567.0,692.7,81.14,38.41,11.9
245,9.8,8,player,Borussia Mgladbach,0.597,1397.7,830.2,1439.4,921.4,73.98,58.97,35.5
245,9.8,19,player,Borussia Mgladbach,0.582,1619.8,478.7,1648.4,550.3,85.82,24.89,1.7
245,9.8,13,player,Borussia Mgladbach,0.574,1070.6,898.7,1124.9,1007.9,58.87,66.41,13.2
245,9.8,39,player,Borussia Mgladbach,0.542,591.8,409.1,617.0,471.1,34.71,17.13,31.6
245,9.8,27,player,Borussia Mgladbach,0.536,1444.2,348.9,1473.3,416.1,77.66,11.62,17.8
245,9.8,16,player,Borussia Mgladbach,0.507,32.8,410.9,59.4,475.2,6.81,17.53,32.6
245,9.8,11,player,Borussia Mgladbach,0.442,916.0,662.1,956.9,755.1,51.37,44.15,12.9
245,9.8,22,player,Borussia Mgladbach,0.437,1234.6,485.0,1262.1,547.4,66.76,24.61,6.7
245,9.8,42,player,Borussia Mgladbach,0.406,870.8,402.5,895.2,495.3,48.66,19.51,38.0
245,9.8,26,player,VfL Wolfsburg,0.399,895.4,513.8,919.2,581.1,49.9,27.86,12.5
245,9.8,41,player,Borussia Mgladbach,0.345,781.2,294.0,808.3,347.7,44.08,4.64,21.5
245,9.8,35,player,VfL Wolfsburg,0.33,1497.2,382.1,1523.6,443.9,80.15,14.41,7.7
245,9.8,36,player,Borussia Mgladbach,0.313,1066.0,326.0,1087.2,376.6,58.42,7.61,14.8
245,9.8,40,player,Borussia Mgladbach,0.312,1148.3,317.3,1169.6,366.2,62.61,6.55,13.1
245,9.8,28,player,Borussia Mgladbach,0.309,960.8,375.1,983.8,430.0,53.12,13.02,38.0
245,9.8,0,ball,Ball,0.7,108.0,24.0,118.0,33.0,7.1,-29.94,0.0
246,9.84,4,player,Borussia Mgladbach,0.706,662.6,823.1,701.0,929.2,39.48,59.65,17.3
246,9.84,14,player,Borussia Mgladbach,0.696,1618.6,638.6,1648.6,716.1,85.0,40.57,3.5
246,9.84,16,player,Borussia Mgladbach,0.656,26.3,408.3,52.1,473.2,6.45,17.33,36.9
246,9.84,8,player,Borussia Mgladbach,0.649,1401.8,830.1,1439.3,922.5,74.07,59.07,12.1
246,9.84,13,player,Borussia Mgladbach,0.588,1067.1,901.6,1123.1,1012.7,58.75,66.82,38.0
246,9.84,11,player,Borussia Mgladbach,0.578,913.1,657.6,966.7,754.0,51.53,44.05,17.4
246,9.84,39,player,Borussia Mgladbach,0.528,589.6,411.1,613.9,470.7,34.58,17.08,12.8
246,9.84,12,player,VfL Wolfsburg,0.492,1537.2,620.0,1571.1,694.5,81.25,38.57,18.0
246,9.84,27,player,Borussia Mgladbach,0.457,1447.4,355.1,1475.4,414.6,77.8,11.47,18.5
246,9.84,19,player,Borussia Mgladbach,0.434,1619.5,478.5,1647.6,549.4,85.8,24.8,8.6
246,9.84,23,player,VfL Wolfsburg,0.4,866.8,401.3,894.0,467.2,48.51,16.73,0.0
246,9.84,41,player,Borussia Mgladbach,0.351,779.5,293.3,808.8,347.9,44.05,4.66,3.4
246,9.84,36,player,Borussia Mgladbach,0.335,1063.9,326.4,1084.0,378.0,58.28,7.75,17.0
246,9.84,35,player,VfL Wolfsburg,0.326,1496.9,380.5,1521.5,442.2,80.09,14.24,15.7
246,9.84,0,ball,Ball,0.7,102.0,22.0,110.0,32.0,6.72,-30.11,0.0
247,9.88,14,player,Borussia Mgladbach,0.68,1617.9,639.6,1647.9,717.7,84.95,40.72,14.0
247,9.88,8,player,Borussia Mgladbach,0.678,1403.7,830.7,1439.4,924.3,74.11,59.23,14.2
247,9.88,16,player,Borussia Mgladbach,0.668,20.5,408.3,46.8,468.0,6.14,16.81,38.0
247,9.88,11,player,Borussia Mgladbach,0.645,912.8,659.9,957.9,752.2,51.32,43.89,24.5
247,9.88,4,player,Borussia Mgladbach,0.631,659.5,826.8,696.3,929.6,39.3,59.69,16.9
247,9.88,13,player,Borussia Mgladbach,0.618,1068.5,902.6,1120.2,1013.7,58.71,66.9,8.1
247,9.88,12,player,VfL Wolfsburg,0.515,1537.1,617.2,1574.7,690.8,81.35,38.23,31.9
247,9.88,19,player,Borussia Mgladbach,0.49,1617.5,473.9,1647.0,550.3,85.73,24.89,10.3
247,9.88,39,player,Borussia Mgladbach,0.456,587.4,412.1,609.9,468.4,34.41,16.85,25.3
247,9.88,27,player,Borussia Mgladbach,0.42,1445.8,358.8,1476.3,413.3,77.79,11.34,12.4
247,9.88,41,player,Borussia Mgladbach,0.384,775.8,293.0,804.6,347.6,43.84,4.63,18.4
247,9.88,22,player,Borussia Mgladbach,0.376,1233.9,482.4,1261.7,546.9,66.73,24.56,2.7
247,9.88,35,player,VfL Wolfsburg,0.364,1496.2,381.2,1521.7,440.1,80.09,14.03,19.5
247,9.88,36,player,Borussia Mgladbach,0.357,1059.5,320.9,1080.8,376.1,58.09,7.56,24.3
247,9.88,23,player,VfL Wolfsburg,0.306,862.8,399.4,891.4,465.7,48.35,16.58,20.2
247,9.88,0,ball,Ball,0.7,96.0,21.0,103.0,31.0,6.36,-30.22,0.0
248,9.92,14,player,Borussia Mgladbach,0.657,1617.2,640.2,1647.8,718.3,84.93,40.78,5.8
248,9.92,13,player,Borussia Mgladbach,0.638,1067.4,903.0,1118.0,1014.1,58.64,66.94,7.6
248,9.92,8,player,Borussia Mgladbach,0.622,1407.5,830.7,1439.4,924.3,74.2,59.23,8.2
248,9.92,4,player,Borussia Mgladbach,0.593,656.9,827.8,691.0,932.6,39.12,59.95,28.2
248,9.92,11,player,Borussia Mgladbach,0.542,912.2,660.6,956.1,754.5,51.26,44.1,20.1
248,9.92,39,player,Borussia Mgladbach,0.515,585.5,409.4,608.7,466.2,34.33,16.63,21.0
248,9.92,12,player,VfL Wolfsburg,0.494,1536.1,617.5,1576.7,692.6,81.37,38.4,15.0
248,9.92,16,player,Borussia Mgladbach,0.448,16.2,409.8,38.7,464.8,5.81,16.5,38.0
248,9.92,19,player,Borussia Mgladbach,0.438,1617.6,472.9,1647.6,550.1,85.75,24.87,2.6
248,9.92,22,player,Borussia Mgladbach,0.435,1232.5,479.8,1260.2,545.7,66.67,24.45,11.7
248,9.92,42,player,Borussia Mgladbach,0.425,860.7,397.6,893.8,502.8,48.38,20.26,24.0
248,9.92,41,player,Borussia Mgladbach,0.411,772.9,295.8,804.1,346.9,43.76,4.56,9.9
248,9.92,27,player,Borussia Mgladbach,0.406,1446.6,357.3,1478.4,413.5,77.86,11.35,6.6
248,9.92,35,player,VfL Wolfsburg,0.385,1495.9,381.3,1521.8,437.0,80.1,13.72,27.9
248,9.92,10,player,Borussia Mgladbach,0.31,866.4,447.8,900.4,514.7,48.69,21.42,0.0
248,9.92,0,ball,Ball,0.7,88.0,20.0,96.0,30.0,5.95,-30.34,0.0
249,9.96,14,player,Borussia Mgladbach,0.671,1616.2,640.1,1647.9,718.8,84.91,40.82,4.7
249,9.96,4,player,Borussia Mgladbach,0.667,654.2,827.8,689.8,934.1,39.03,60.08,14.2
249,9.96,8,player,Borussia Mgladbach,0.651,1405.6,832.5,1440.4,925.5,74.18,59.33,9.9
249,9.96,13,player,Borussia Mgladbach,0.648,1063.1,904.4,1115.5,1015.8,58.48,67.08,19.1
249,9.96,12,player,VfL Wolfsburg,0.626,1538.2,619.3,1580.4,687.9,81.53,37.96,38.0
249,9.96,39,player,Borussia Mgladbach,0.594,583.8,408.5,605.6,466.0,34.21,16.62,10.9
249,9.96,11,player,Borussia Mgladbach,0.482,916.6,658.5,954.0,752.4,51.31,43.91,18.2
249,9.96,22,player,Borussia Mgladbach,0.453,1232.4,479.3,1259.7,546.5,66.65,24.53,7.5
249,9.96,19,player,Borussia Mgladbach,0.429,1617.7,471.1,1646.6,549.2,85.73,24.79,7.5
249,9.96,16,player,Borussia Mgladbach,0.429,9.4,405.2,32.4,462.3,5.46,16.25,38.0
249,9.96,10,player,Borussia Mgladbach,0.415,861.6,444.8,902.6,510.5,48.63,21.01,37.9
249,9.96,27,player,Borussia Mgladbach,0.402,1444.7,356.4,1479.1,413.0,77.83,11.31,4.9
249,9.96,35,player,VfL Wolfsburg,0.37,1496.2,380.9,1521.8,437.4,80.1,13.76,4.0
249,9.96,36,player,Borussia Mgladbach,0.351,1053.1,319.2,1074.7,372.0,57.77,7.14,23.5
249,9.96,41,player,Borussia Mgladbach,0.351,770.4,296.4,797.8,346.6,43.53,4.54,20.6
249,9.96,42,player,Borussia Mgladbach,0.342,857.0,399.3,895.2,490.6,48.32,19.05,38.0
249,9.96,26,player,VfL Wolfsburg,0.322,882.2,507.0,910.4,574.7,49.36,27.25,18.5
249,9.96,0,ball,Ball,0.7,80.0,18.0,90.0,29.0,5.56,-30.51,0.0
250,10.0,4,player,Borussia Mgladbach,0.725,647.7,828.9,685.2,940.6,38.79,60.64,38.0
250,10.0,14,player,Borussia Mgladbach,0.706,1615.5,639.9,1648.0,719.0,84.9,40.84,1.9
250,10.0,12,player,VfL Wolfsburg,0.679,1538.0,618.4,1583.6,689.9,81.59,38.14,17.2
250,10.0,8,player,Borussia Mgladbach,0.646,1406.3,834.0,1442.6,925.4,74.24,59.32,6.1
250,10.0,39,player,Borussia Mgladbach,0.604,579.8,408.3,602.0,464.9,34.02,16.51,20.1
250,10.0,13,player,Borussia Mgladbach,0.583,1055.8,905.6,1113.5,1018.4,58.26,67.3,27.6
250,10.0,24,player,Borussia Mgladbach,0.516,919.3,654.6,952.8,749.3,51.35,43.62,0.0
250,10.0,19,player,Borussia Mgladbach,0.487,1617.8,469.9,1645.7,548.2,85.72,24.69,9.3
250,10.0,27,player,Borussia Mgladbach,0.471,1443.3,356.3,1478.8,412.5,77.79,11.26,5.8
250,10.0,43,player,Borussia Mgladbach,0.466,1307.5,304.0,1329.1,348.9,70.76,4.77,0.0
250,10.0,35,player,VfL Wolfsburg,0.43,1493.6,380.1,1520.6,439.9,80.0,14.01,24.5
250,10.0,22,player,Borussia Mgladbach,0.424,1232.3,477.7,1258.9,540.7,66.64,23.96,38.0
250,10.0,26,player,VfL Wolfsburg,0.407,879.1,504.7,911.1,572.0,49.3,26.99,23.7
250,10.0,41,player,Borussia Mgladbach,0.387,766.2,294.8,804.2,347.6,43.59,4.63,10.1
250,10.0,16,player,Borussia Mgladbach,0.33,0.1,406.6,25.2,464.8,5.07,16.5,38.0
250,10.0,0,ball,Ball,0.7,102.0,65.0,109.0,70.0,6.99,-25.52,0.0
251,10.04,4,player,Borussia Mgladbach,0.771,642.0,831.1,680.0,940.9,38.53,60.66,22.9
251,10.04,14,player,Borussia Mgladbach,0.689,1614.9,639.9,1648.1,719.0,84.88,40.84,1.4
251,10.04,8,player,Borussia Mgladbach,0.687,1405.1,835.8,1444.5,930.0,74.25,59.72,36.1
251,10.04,12,player,VfL Wolfsburg,0.627,1541.5,620.7,1585.1,689.6,81.72,38.11,11.3
251,10.04,13,player,Borussia Mgladbach,0.603,1054.6,908.7,1110.0,1019.8,58.15,67.42,14.9
251,10.04,39,player,Borussia Mgladbach,0.505,577.9,406.8,599.0,464.6,33.9,16.48,11.2
251,10.04,27,player,Borussia Mgladbach,0.503,1444.6,354.7,1479.9,412.2,77.85,11.23,6.2
251,10.04,19,player,Borussia Mgladbach,0.481,1617.6,469.4,1646.0,547.4,85.73,24.61,6.6
251,10.04,35,player,VfL Wolfsburg,0.475,1492.7,378.2,1519.4,440.5,79.94,14.07,7.4
251,10.04,43,player,Borussia Mgladbach,0.402,1305.7,302.3,1328.6,348.7,70.7,4.75,5.3
251,10.04,41,player,Borussia Mgladbach,0.384,764.0,293.1,788.7,346.2,43.14,4.5,38.0
251,10.04,22,player,Borussia Mgladbach,0.351,1232.3,474.7,1259.9,537.4,66.67,23.64,29.2
251,10.04,0,ball,Ball,0.7,97.0,64.0,102.0,70.0,6.66,-25.58,0.0
252,10.08,4,player,Borussia Mgladbach,0.797,637.5,832.8,677.8,941.6,38.38,60.72,15.0
252,10.08,8,player,Borussia Mgladbach,0.69,1404.2,835.7,1448.4,930.5,74.32,59.76,6.9
252,10.08,14,player,Borussia Mgladbach,0.684,1614.0,640.9,1648.0,718.2,84.86,40.77,6.5
252,10.08,12,player,VfL Wolfsburg,0.655,1548.5,620.1,1588.2,690.0,81.96,38.15,22.3
252,10.08,13,player,Borussia Mgladbach,0.611,1052.1,911.2,1107.2,1020.4,58.03,67.47,11.9
252,10.08,43,player,Borussia Mgladbach,0.496,1304.4,293.7,1324.8,346.4,70.58,4.51,23.9
252,10.08,35,player,VfL Wolfsburg,0.478,1493.4,375.8,1519.4,437.2,79.97,13.74,30.4
252,10.08,27,player,Borussia Mgladbach,0.463,1448.0,351.2,1478.7,412.2,77.91,11.23,5.2
252,10.08,19,player,Borussia Mgladbach,0.414,1617.5,468.2,1645.1,546.6,85.7,24.53,7.9
252,10.08,39,player,Borussia Mgladbach,0.38,575.0,403.2,597.7,466.9,33.8,16.71,22.6
252,10.08,24,player,Borussia Mgladbach,0.348,917.3,647.9,946.1,749.0,51.14,43.59,9.4
252,10.08,22,player,Borussia Mgladbach,0.311,1231.8,472.6,1261.7,538.7,66.7,23.76,11.4
252,10.08,0,ball,Ball,0.7,63.0,143.0,80.0,154.0,5.78,-16.53,0.0
253,10.12,4,player,Borussia Mgladbach,0.698,634.4,833.9,673.2,942.0,38.2,60.76,16.5
253,10.12,14,player,Borussia Mgladbach,0.673,1614.2,641.7,1648.8,718.5,84.88,40.79,2.9
253,10.12,8,player,Borussia Mgladbach,0.629,1406.0,835.2,1452.3,931.0,74.45,59.81,12.7
253,10.12,39,player,Borussia Mgladbach,0.56,570.6,401.7,593.6,466.0,33.58,16.62,21.0
253,10.12,13,player,Borussia Mgladbach,0.553,1052.5,913.3,1105.1,1023.5,57.99,67.73,23.7
253,10.12,12,player,VfL Wolfsburg,0.543,1554.2,620.9,1591.8,690.5,82.18,38.2,20.4
253,10.12,35,player,VfL Wolfsburg,0.486,1493.8,377.5,1518.5,435.1,79.97,13.53,18.3
253,10.12,27,player,Borussia Mgladbach,0.382,1451.4,348.7,1478.9,409.1,78.01,10.91,29.8
253,10.12,19,player,Borussia Mgladbach,0.361,1617.6,467.9,1645.1,543.8,85.72,24.26,24.5
253,10.12,43,player,Borussia Mgladbach,0.33,1303.8,293.7,1323.4,344.8,70.53,4.34,15.7
253,10.12,28,player,Borussia Mgladbach,0.311,940.7,365.6,962.4,422.6,52.07,12.27,0.0
253,10.12,36,player,Borussia Mgladbach,0.309,1038.6,314.3,1062.2,370.6,57.09,7.0,15.7
253,10.12,0,ball,Ball,0.7,21.0,142.0,29.0,150.0,3.32,-16.8,0.0
254,10.16,14,player,Borussia Mgladbach,0.683,1614.2,641.2,1649.1,719.8,84.89,40.92,11.3
254,10.16,4,player,Borussia Mgladbach,0.65,630.6,833.6,667.1,944.0,37.97,60.93,25.6
254,10.16,13,player,Borussia Mgladbach,0.647,1049.9,911.9,1102.8,1023.9,57.87,67.77,10.6
254,10.16,8,player,Borussia Mgladbach,0.635,1404.3,834.5,1454.7,931.1,74.46,59.82,1.6
254,10.16,12,player,VfL Wolfsburg,0.584,1559.3,619.5,1594.4,691.1,82.37,38.26,17.5
254,10.16,19,player,Borussia Mgladbach,0.475,1617.1,467.6,1643.8,543.0,85.68,24.18,7.7
254,10.16,39,player,Borussia Mgladbach,0.456,568.1,399.2,591.0,466.3,33.45,16.64,11.8
254,10.16,43,player,Borussia Mgladbach,0.433,1302.4,292.3,1321.5,342.4,70.45,4.1,23.2
254,10.16,22,player,Borussia Mgladbach,0.405,1232.4,472.7,1258.2,539.5,66.63,23.84,4.9
254,10.16,35,player,VfL Wolfsburg,0.387,1492.6,375.6,1518.3,433.1,79.94,13.33,18.7
254,10.16,27,player,Borussia Mgladbach,0.334,1451.7,347.7,1477.0,404.2,77.99,10.42,38.0
254,10.16,28,player,Borussia Mgladbach,0.308,939.1,365.6,958.9,416.1,51.94,11.62,38.0
254,10.16,0,ball,Ball,0.7,14.0,144.0,22.0,150.0,2.96,-16.69,0.0
255,10.2,4,player,Borussia Mgladbach,0.698,626.2,836.4,664.9,946.7,37.82,61.16,24.6
255,10.2,13,player,Borussia Mgladbach,0.661,1044.6,910.6,1101.3,1027.1,57.72,68.04,28.2
255,10.2,14,player,Borussia Mgladbach,0.656,1613.4,642.2,1648.8,720.1,84.86,40.94,3.3
255,10.2,8,player,Borussia Mgladbach,0.648,1403.6,835.7,1458.1,933.2,74.52,60.0,17.4
255,10.2,12,player,VfL Wolfsburg,0.57,1563.0,615.3,1597.7,691.4,82.53,38.29,15.3
255,10.2,19,player,Borussia Mgladbach,0.475,1615.7,467.9,1642.2,542.0,85.61,24.09,10.4
255,10.2,22,player,Borussia Mgladbach,0.418,1231.9,472.0,1255.8,535.2,66.56,23.43,37.3
255,10.2,43,player,Borussia Mgladbach,0.412,1297.4,292.0,1318.4,340.5,70.25,3.9,25.1
255,10.2,44,player,Borussia Mgladbach,0.367,1301.5,1025.0,1337.8,1075.8,68.99,72.13,0.0
255,10.2,35,player,VfL Wolfsburg,0.358,1492.3,374.2,1519.2,431.4,79.97,13.16,15.4
255,10.2,23,player,VfL Wolfsburg,0.35,842.5,393.7,865.0,455.2,47.17,15.55,0.0
255,10.2,39,player,Borussia Mgladbach,0.349,563.5,398.2,590.4,466.4,33.32,16.66,11.6
255,10.2,27,player,Borussia Mgladbach,0.336,1451.6,347.1,1475.2,402.6,77.94,10.26,15.1
255,10.2,28,player,Borussia Mgladbach,0.328,936.6,363.7,958.2,416.8,51.87,11.69,10.0
255,10.2,0,ball,Ball,0.7,148.0,104.0,162.0,116.0,9.91,-20.77,0.0
256,10.24,4,player,Borussia Mgladbach,0.765,620.2,838.0,659.3,950.9,37.56,61.53,38.0
256,10.24,8,player,Borussia Mgladbach,0.661,1400.8,836.4,1455.6,934.2,74.39,60.09,14.0
256,10.24,14,player,Borussia Mgladbach,0.658,1613.8,641.9,1649.4,721.8,84.87,41.1,14.4
256,10.24,13,player,Borussia Mgladbach,0.63,1044.9,910.0,1098.4,1030.5,57.65,68.33,26.6
256,10.24,12,player,VfL Wolfsburg,0.538,1564.6,612.4,1602.8,689.9,82.7,38.15,19.6
256,10.24,43,player,Borussia Mgladbach,0.428,1295.5,292.5,1314.6,340.2,70.11,3.87,13.4
256,10.24,19,player,Borussia Mgladbach,0.387,1615.9,469.6,1641.7,541.8,85.6,24.06,2.3
256,10.24,23,player,VfL Wolfsburg,0.365,839.2,391.8,862.0,456.4,47.01,15.66,17.8
256,10.24,22,player,Borussia Mgladbach,0.344,1231.4,471.0,1255.0,532.2,66.54,23.13,27.0
256,10.24,27,player,Borussia Mgladbach,0.305,1451.0,348.7,1474.6,404.4,77.91,10.43,16.2
256,10.24,0,ball,Ball,0.7,222.0,89.0,229.0,96.0,13.53,-22.72,0.0
257,10.28,4,player,Borussia Mgladbach,0.762,615.8,839.8,653.9,950.5,37.33,61.49,21.0
257,10.28,14,player,Borussia Mgladbach,0.66,1614.5,640.5,1648.6,722.5,84.87,41.17,6.0
257,10.28,8,player,Borussia Mgladbach,0.657,1399.9,836.8,1455.8,936.4,74.37,60.27,16.8
257,10.28,12,player,VfL Wolfsburg,0.581,1567.7,608.4,1604.9,689.2,82.83,38.08,13.3
257,10.28,13,player,Borussia Mgladbach,0.58,1044.3,912.4,1094.5,1029.8,57.55,68.27,10.7
257,10.28,22,player,Borussia Mgladbach,0.552,1230.2,468.7,1255.5,533.6,66.52,23.27,12.8
257,10.28,19,player,Borussia Mgladbach,0.488,1614.6,469.2,1641.1,541.7,85.56,24.06,4.2
257,10.28,45,player,Borussia Mgladbach,0.442,1400.5,319.3,1419.5,373.3,75.35,7.28,0.0
257,10.28,39,player,Borussia Mgladbach,0.419,560.8,398.1,585.4,462.3,33.12,16.25,20.4
257,10.28,43,player,Borussia Mgladbach,0.408,1294.2,293.1,1313.0,341.5,70.03,4.0,13.6
257,10.28,23,player,VfL Wolfsburg,0.37,836.9,390.5,859.5,456.1,46.9,15.63,11.0
257,10.28,41,player,Borussia Mgladbach,0.334,743.1,290.0,776.1,342.6,42.28,4.12,0.0
257,10.28,44,player,Borussia Mgladbach,0.331,1294.6,1027.7,1334.3,1080.0,68.74,72.47,19.2
257,10.28,27,player,Borussia Mgladbach,0.329,1450.0,347.1,1473.7,406.6,77.85,10.66,20.8
257,10.28,35,player,VfL Wolfsburg,0.318,1490.2,373.8,1518.9,429.5,79.91,12.97,8.8
257,10.28,24,player,Borussia Mgladbach,0.306,897.9,647.1,927.1,738.1,50.21,42.6,24.4
257,10.28,28,player,Borussia Mgladbach,0.303,929.4,358.8,950.9,412.7,51.5,11.27,25.1
257,10.28,0,ball,Ball,0.7,255.0,68.0,270.0,78.0,15.38,-24.91,0.0
258,10.32,4,player,Borussia Mgladbach,0.733,611.9,840.5,648.9,955.4,37.13,61.92,38.0
258,10.32,8,player,Borussia Mgladbach,0.659,1399.1,836.8,1450.7,940.6,74.22,60.64,35.6
258,10.32,14,player,Borussia Mgladbach,0.647,1613.8,641.6,1648.3,725.3,84.83,41.42,23.4
258,10.32,12,player,VfL Wolfsburg,0.631,1570.4,611.1,1607.7,688.4,82.97,38.01,13.8
258,10.32,22,player,Borussia Mgladbach,0.585,1230.3,467.0,1255.6,533.6,66.52,23.26,0.9
258,10.32,39,player,Borussia Mgladbach,0.574,557.5,398.0,582.4,462.6,32.96,16.28,14.4
258,10.32,13,player,Borussia Mgladbach,0.548,1039.5,918.7,1094.1,1036.2,57.43,68.81,38.0
258,10.32,26,player,VfL Wolfsburg,0.49,862.7,470.5,894.4,573.9,48.49,27.17,0.0
258,10.32,19,player,Borussia Mgladbach,0.467,1614.6,466.0,1640.7,543.0,85.54,24.18,11.7
258,10.32,23,player,VfL Wolfsburg,0.461,833.2,387.1,858.8,454.6,46.78,15.48,16.9
258,10.32,43,player,Borussia Mgladbach,0.4,1289.8,293.6,1311.4,341.6,69.88,4.02,14.0
258,10.32,24,player,Borussia Mgladbach,0.389,892.6,647.6,924.8,735.0,50.03,42.32,30.4
258,10.32,45,player,Borussia Mgladbach,0.386,1398.2,315.2,1417.8,371.0,75.25,7.03,23.3
258,10.32,35,player,VfL Wolfsburg,0.344,1494.0,373.0,1521.3,428.7,80.07,12.88,16.3
258,10.32,27,player,Borussia Mgladbach,0.337,1449.7,346.2,1472.0,404.4,77.81,10.44,20.2
258,10.32,41,player,Borussia Mgladbach,0.33,743.8,292.4,774.0,341.8,42.24,4.04,7.8
258,10.32,44,player,Borussia Mgladbach,0.319,1295.0,1029.6,1332.4,1080.0,68.71,72.47,2.8
258,10.32,11,player,Borussia Mgladbach,0.309,923.8,670.7,962.5,749.9,51.69,43.68,0.0
258,10.32,0,ball,Ball,0.7,326.0,68.0,335.0,78.0,19.0,-24.91,0.0
259,10.36,4,player,Borussia Mgladbach,0.643,607.5,843.4,643.3,956.1,36.9,61.98,21.8
259,10.36,14,player,Borussia Mgladbach,0.615,1614.1,645.0,1646.8,726.7,84.8,41.55,12.0
259,10.36,8,player,Borussia Mgladbach,0.612,1398.4,838.1,1451.6,941.2,74.22,60.69,4.9
259,10.36,12,player,VfL Wolfsburg,0.567,1572.6,613.5,1610.2,692.4,83.07,38.37,34.3
259,10.36,22,player,Borussia Mgladbach,0.552,1229.2,465.8,1256.8,531.1,66.53,23.02,21.5
259,10.36,13,player,Borussia Mgladbach,0.52,1036.7,921.6,1090.7,1037.2,57.28,68.89,15.2
259,10.36,39,player,Borussia Mgladbach,0.501,553.7,399.6,581.2,463.0,32.84,16.32,11.7
259,10.36,19,player,Borussia Mgladbach,0.499,1614.6,465.9,1639.6,542.1,85.52,24.1,8.1
259,10.36,27,player,Borussia Mgladbach,0.33,1449.6,346.9,1472.5,409.8,77.8,10.98,38.0
259,10.36,45,player,Borussia Mgladbach,0.325,1395.2,313.5,1414.2,367.8,75.1,6.71,32.1
259,10.36,35,player,VfL Wolfsburg,0.316,1493.5,368.6,1522.5,429.5,80.09,12.97,7.9
259,10.36,41,player,Borussia Mgladbach,0.311,743.0,289.1,771.1,341.0,42.14,3.95,11.7
259,10.36,23,player,VfL Wolfsburg,0.305,831.1,384.4,855.7,455.1,46.66,15.54,12.3
259,10.36,0,ball,Ball,0.7,367.0,11.0,375.0,17.0,20.86,-31.6,0.0
260,10.4,4,player,Borussia Mgladbach,0.742,601.8,845.6,639.6,957.5,36.69,62.1,22.1
260,10.4,8,player,Borussia Mgladbach,0.634,1397.1,838.8,1450.2,946.0,74.14,61.1,37.5
260,10.4,13,player,Borussia Mgladbach,0.627,1033.0,922.8,1087.9,1043.0,57.13,69.38,38.0
260,10.4,12,player,VfL Wolfsburg,0.578,1576.6,613.9,1611.0,691.5,83.19,38.29,13.1
260,10.4,14,player,Borussia Mgladbach,0.562,1614.4,648.7,1645.4,726.4,84.77,41.52,3.8
260,10.4,22,player,Borussia Mgladbach,0.505,1227.2,465.1,1256.6,529.6,66.48,22.88,14.1
260,10.4,26,player,VfL Wolfsburg,0.494,861.7,490.4,889.1,573.6,48.33,27.14,7.1
260,10.4,11,player,Borussia Mgladbach,0.474,931.0,677.0,965.2,756.4,51.93,44.27,28.7
260,10.4,19,player,Borussia Mgladbach,0.444,1612.2,461.5,1640.0,540.9,85.47,23.98,11.1
260,10.4,23,player,VfL Wolfsburg,0.41,829.2,384.2,855.3,452.7,46.59,15.29,22.5
260,10.4,27,player,Borussia Mgladbach,0.339,1449.1,348.8,1472.2,409.7,77.78,10.97,2.2
260,10.4,44,player,Borussia Mgladbach,0.331,1289.5,1032.8,1327.6,1079.8,68.47,72.46,10.7
260,10.4,39,player,Borussia Mgladbach,0.326,551.6,400.7,575.6,460.7,32.64,16.09,28.0
260,10.4,35,player,VfL Wolfsburg,0.324,1494.9,367.5,1520.0,430.2,80.05,13.03,6.4
260,10.4,45,player,Borussia Mgladbach,0.3,1392.0,314.6,1411.8,367.1,74.96,6.63,14.3
260,10.4,0,ball,Ball,0.7,440.0,4.0,446.0,13.0,24.7,-32.23,0.0
261,10.44,4,player,Borussia Mgladbach,0.792,597.3,847.3,634.1,963.7,36.47,62.63,38.0
261,10.44,8,player,Borussia Mgladbach,0.642,1395.0,840.6,1450.7,947.7,74.1,61.26,14.3
261,10.44,13,player,Borussia Mgladbach,0.587,1029.8,924.7,1084.8,1044.9,56.98,69.53,19.3
261,10.44,12,player,VfL Wolfsburg,0.571,1579.7,613.2,1613.4,688.2,83.33,37.99,30.5
261,10.44,14,player,Borussia Mgladbach,0.554,1615.2,649.6,1645.3,728.2,84.78,41.69,15.1
261,10.44,22,player,Borussia Mgladbach,0.513,1230.0,465.4,1256.8,529.8,66.55,22.9,7.0
261,10.44,19,player,Borussia Mgladbach,0.488,1610.8,460.2,1640.2,538.8,85.46,23.78,18.6
261,10.44,11,player,Borussia Mgladbach,0.479,930.7,676.9,967.3,756.4,51.97,44.27,3.8
261,10.44,24,player,Borussia Mgladbach,0.427,884.0,646.4,914.6,737.8,49.58,42.57,15.5
261,10.44,27,player,Borussia Mgladbach,0.409,1448.8,349.5,1472.4,409.6,77.77,10.96,0.9
261,10.44,39,player,Borussia Mgladbach,0.354,548.6,398.2,574.9,462.5,32.55,16.27,17.9
261,10.44,26,player,VfL Wolfsburg,0.347,860.3,485.9,890.9,575.2,48.34,27.3,13.8
261,10.44,35,player,VfL Wolfsburg,0.316,1495.1,364.5,1519.5,428.3,80.06,12.85,16.4
261,10.44,23,player,VfL Wolfsburg,0.315,827.1,386.7,852.2,450.2,46.46,15.04,25.5
261,10.44,0,ball,Ball,0.7,107.0,98.0,122.0,110.0,7.73,-21.44,0.0
262,10.48,4,player,Borussia Mgladbach,0.711,591.7,849.0,630.6,962.3,36.25,62.51,22.4
262,10.48,8,player,Borussia Mgladbach,0.658,1395.0,841.5,1449.7,947.5,74.08,61.24,2.5
262,10.48,19,player,Borussia Mgladbach,0.588,1609.5,460.4,1640.4,537.6,85.43,23.65,11.1
262,10.48,14,player,Borussia Mgladbach,0.527,1614.1,650.4,1645.1,726.9,84.75,41.56,11.0
262,10.48,22,player,Borussia Mgladbach,0.511,1229.4,465.4,1257.6,531.2,66.55,23.04,12.5
262,10.48,11,player,Borussia Mgladbach,0.506,932.0,676.2,969.0,761.7,52.04,44.75,38.0
262,10.48,27,player,Borussia Mgladbach,0.469,1447.7,350.1,1472.4,409.9,77.75,11.0,4.1
262,10.48,12,player,VfL Wolfsburg,0.456,1582.1,615.2,1614.9,692.3,83.41,38.37,35.0
262,10.48,23,player,VfL Wolfsburg,0.454,824.2,386.3,849.3,452.5,46.32,15.28,24.7
262,10.48,13,player,Borussia Mgladbach,0.44,1025.6,927.2,1082.6,1045.8,56.83,69.61,15.1
262,10.48,35,player,VfL Wolfsburg,0.425,1495.7,361.0,1518.9,427.6,80.06,12.77,7.0
262,10.48,39,player,Borussia Mgladbach,0.387,543.9,398.0,570.7,462.1,32.33,16.23,20.6
262,10.48,28,player,Borussia Mgladbach,0.38,918.3,354.6,938.9,413.8,50.92,11.39,10.7
262,10.48,26,player,VfL Wolfsburg,0.379,858.5,502.5,883.1,574.9,48.11,27.26,21.4
262,10.48,24,player,Borussia Mgladbach,0.344,878.9,646.1,912.0,739.1,49.4,42.69,20.2
262,10.48,45,player,Borussia Mgladbach,0.334,1385.2,316.1,1408.6,368.7,74.7,6.81,14.1
262,10.48,0,ball,Ball,0.7,100.0,98.0,114.0,109.0,7.33,-21.5,0.0
263,10.52,8,player,Borussia Mgladbach,0.619,1394.7,845.3,1448.1,949.2,74.03,61.38,13.8
263,10.52,4,player,Borussia Mgladbach,0.586,586.1,855.0,623.5,965.8,35.96,62.81,37.5
263,10.52,22,player,Borussia Mgladbach,0.581,1229.9,465.3,1256.7,531.4,66.54,23.05,1.6
263,10.52,19,player,Borussia Mgladbach,0.564,1607.5,461.5,1639.7,537.3,85.37,23.63,6.4
263,10.52,23,player,VfL Wolfsburg,0.551,821.0,384.7,847.1,454.3,46.18,15.45,19.9
263,10.52,13,player,Borussia Mgladbach,0.528,1024.3,930.1,1080.3,1047.0,56.75,69.71,11.6
263,10.52,14,player,Borussia Mgladbach,0.518,1612.8,652.5,1644.4,730.2,84.69,41.87,28.4
263,10.52,27,player,Borussia Mgladbach,0.48,1444.7,348.3,1470.5,409.4,77.63,10.95,12.0
263,10.52,11,player,Borussia Mgladbach,0.458,937.7,675.6,970.4,758.9,52.22,44.49,28.0
263,10.52,26,player,VfL Wolfsburg,0.444,853.4,498.5,881.3,576.8,47.94,27.45,22.8
263,10.52,39,player,Borussia Mgladbach,0.423,541.1,397.2,568.4,466.2,32.21,16.64,38.0
263,10.52,28,player,Borussia Mgladbach,0.423,913.8,352.4,935.9,412.9,50.73,11.29,19.2
263,10.52,35,player,VfL Wolfsburg,0.39,1495.2,364.0,1517.8,425.4,80.03,12.56,19.7
263,10.52,41,player,Borussia Mgladbach,0.374,736.0,288.3,771.0,342.6,41.97,4.12,5.5
263,10.52,43,player,Borussia Mgladbach,0.336,1281.7,285.1,1297.2,336.7,69.32,3.51,13.7
263,10.52,12,player,VfL Wolfsburg,0.326,1584.1,615.3,1616.6,698.5,83.47,38.95,38.0
263,10.52,45,player,Borussia Mgladbach,0.322,1380.8,314.4,1408.2,368.1,74.58,6.74,12.3
263,10.52,0,ball,Ball,0.7,94.0,96.0,108.0,110.0,7.01,-21.55,0.0
264,10.56,4,player,Borussia Mgladbach,0.67,580.2,855.9,617.4,969.3,35.69,63.11,36.4
264,10.56,8,player,Borussia Mgladbach,0.618,1393.9,845.6,1444.7,950.1,73.93,61.46,11.4
264,10.56,11,player,Borussia Mgladbach,0.543,937.8,675.5,971.6,758.7,52.24,44.48,3.1
264,10.56,14,player,Borussia Mgladbach,0.538,1605.8,649.2,1644.4,730.8,84.52,41.93,16.3
264,10.56,27,player,Borussia Mgladbach,0.533,1443.0,346.3,1468.4,410.0,77.53,11.0,10.3
264,10.56,13,player,Borussia Mgladbach,0.52,1022.7,932.6,1077.1,1048.5,56.64,69.84,15.0
264,10.56,22,player,Borussia Mgladbach,0.507,1229.5,464.5,1256.1,531.9,66.52,23.1,4.9
264,10.56,23,player,VfL Wolfsburg,0.503,816.5,386.3,842.5,456.3,45.96,15.66,27.4
264,10.56,19,player,Borussia Mgladbach,0.463,1606.4,460.5,1636.9,537.9,85.27,23.69,10.7
264,10.56,28,player,Borussia Mgladbach,0.405,910.8,350.6,932.9,411.2,50.57,11.12,20.6
264,10.56,43,player,Borussia Mgladbach,0.391,1279.1,286.8,1294.9,336.4,69.2,3.48,11.1
264,10.56,39,player,Borussia Mgladbach,0.37,538.5,397.3,565.3,462.8,32.06,16.3,33.2
264,10.56,35,player,VfL Wolfsburg,0.365,1495.4,362.5,1516.5,422.3,80.01,12.24,28.3
264,10.56,45,player,Borussia Mgladbach,0.317,1378.2,311.8,1401.3,366.3,74.34,6.55,27.4
264,10.56,24,player,Borussia Mgladbach,0.311,873.8,648.6,902.5,739.7,49.05,42.74,15.8
264,10.56,0,ball,Ball,0.7,48.0,129.0,58.0,136.0,4.69,-18.29,0.0
265,10.6,4,player,Borussia Mgladbach,0.72,576.4,860.5,612.8,970.8,35.5,63.24,20.9
265,10.6,8,player,Borussia Mgladbach,0.653,1393.6,847.7,1443.1,950.4,73.88,61.49,4.6
265,10.6,11,player,Borussia Mgladbach,0.649,937.1,674.9,972.4,756.5,52.25,44.28,18.1
265,10.6,24,player,Borussia Mgladbach,0.609,871.4,646.0,900.7,738.6,48.94,42.64,12.7
265,10.6,27,player,Borussia Mgladbach,0.591,1441.1,345.5,1466.6,409.2,77.44,10.93,10.7
265,10.6,13,player,Borussia Mgladbach,0.588,1020.2,934.0,1072.8,1052.5,56.48,70.17,33.4
265,10.6,22,player,Borussia Mgladbach,0.544,1228.9,463.1,1254.7,532.0,66.47,23.11,4.6
265,10.6,23,player,VfL Wolfsburg,0.54,814.3,388.9,840.1,456.7,45.84,15.69,10.9
265,10.6,12,player,VfL Wolfsburg,0.522,1586.6,611.6,1643.8,731.4,84.04,41.98,38.0
265,10.6,39,player,Borussia Mgladbach,0.442,534.8,393.5,564.4,466.1,31.95,16.62,30.4
265,10.6,35,player,VfL Wolfsburg,0.432,1493.0,361.0,1514.3,418.3,79.91,11.84,37.7
265,10.6,45,player,Borussia Mgladbach,0.405,1374.8,310.9,1399.7,365.6,74.22,6.49,12.4
265,10.6,43,player,Borussia Mgladbach,0.393,1274.2,286.5,1293.4,335.4,69.04,3.37,17.7
265,10.6,19,player,Borussia Mgladbach,0.38,1605.7,461.8,1636.3,539.0,85.23,23.79,10.1
265,10.6,28,player,Borussia Mgladbach,0.367,909.7,350.3,928.9,409.6,50.44,10.97,18.2
265,10.6,0,ball,Ball,0.7,81.0,97.0,94.0,109.0,6.29,-21.55,0.0
266,10.64,4,player,Borussia Mgladbach,0.783,569.4,862.2,606.4,978.2,35.21,63.88,38.0
266,10.64,8,player,Borussia Mgladbach,0.662,1394.8,850.5,1441.8,951.7,73.88,61.6,10.4
266,10.64,13,player,Borussia Mgladbach,0.622,1017.8,935.1,1069.5,1053.6,56.35,70.27,14.9
266,10.64,11,player,Borussia Mgladbach,0.592,936.0,675.2,973.9,756.3,52.26,44.26,1.5
266,10.64,24,player,Borussia Mgladbach,0.569,868.6,645.6,895.5,740.1,48.75,42.78,21.0
266,10.64,22,player,Borussia Mgladbach,0.515,1226.6,459.6,1253.5,530.0,66.39,22.92,18.6
266,10.64,27,player,Borussia Mgladbach,0.506,1440.0,345.8,1465.2,409.5,77.37,10.95,6.0
266,10.64,39,player,Borussia Mgladbach,0.506,530.0,392.8,559.9,463.8,31.71,16.4,29.7
266,10.64,23,player,VfL Wolfsburg,0.504,813.1,387.8,838.6,457.2,45.78,15.74,7.4
266,10.64,12,player,VfL Wolfsburg,0.472,1587.4,611.7,1643.7,733.7,84.05,42.2,19.2
266,10.64,19,player,Borussia Mgladbach,0.451,1606.1,461.3,1636.1,538.4,85.24,23.74,5.1
266,10.64,14,player,Borussia Mgladbach,0.443,1606.7,650.8,1645.2,733.3,84.55,42.15,10.2
266,10.64,26,player,VfL Wolfsburg,0.425,845.7,500.7,873.1,574.9,47.55,27.27,13.0
266,10.64,45,player,Borussia Mgladbach,0.41,1371.3,308.6,1397.6,366.1,74.07,6.54,13.7
266,10.64,35,player,VfL Wolfsburg,0.386,1490.6,361.0,1513.2,419.0,79.82,11.91,10.2
266,10.64,43,player,Borussia Mgladbach,0.377,1271.4,286.6,1290.8,335.6,68.9,3.4,12.6
266,10.64,0,ball,Ball,0.7,73.0,96.0,86.0,108.0,5.86,-21.66,0.0
267,10.68,4,player,Borussia Mgladbach,0.719,563.7,862.7,601.2,976.2,34.95,63.7,27.9
267,10.68,13,player,Borussia Mgladbach,0.675,1015.9,935.8,1066.7,1059.6,56.24,70.77,38.0
267,10.68,11,player,Borussia Mgladbach,0.628,936.9,674.3,975.0,756.8,52.31,44.3,5.8
267,10.68,39,player,Borussia Mgladbach,0.606,527.6,393.4,557.4,463.6,31.59,16.38,11.1
267,10.68,24,player,Borussia Mgladbach,0.604,863.3,649.3,891.8,741.4,48.54,42.9,22.4
267,10.68,8,player,Borussia Mgladbach,0.588,1393.9,853.1,1440.0,952.9,73.81,61.7,11.0
267,10.68,27,player,Borussia Mgladbach,0.572,1438.9,346.1,1463.7,407.3,77.32,10.73,20.7
267,10.68,22,player,Borussia Mgladbach,0.568,1226.2,458.9,1253.7,530.3,66.38,22.95,3.0
267,10.68,23,player,VfL Wolfsburg,0.56,809.3,386.1,836.2,456.8,45.62,15.7,14.4
267,10.68,12,player,VfL Wolfsburg,0.554,1586.7,614.6,1644.2,735.4,84.03,42.35,13.9
267,10.68,35,player,VfL Wolfsburg,0.521,1488.7,360.6,1513.3,424.0,79.76,12.41,38.0
267,10.68,19,player,Borussia Mgladbach,0.511,1606.3,461.3,1635.0,539.3,85.21,23.82,8.0
267,10.68,45,player,Borussia Mgladbach,0.413,1368.0,306.2,1391.7,357.7,73.87,5.67,38.0
267,10.68,26,player,VfL Wolfsburg,0.403,843.7,504.5,869.3,573.2,47.4,27.1,20.0
267,10.68,43,player,Borussia Mgladbach,0.36,1269.5,289.0,1289.0,336.8,68.8,3.52,14.2
267,10.68,0,ball,Ball,0.7,64.0,94.0,78.0,108.0,5.4,-21.78,0.0
268,10.72,24,player,Borussia Mgladbach,0.671,860.6,648.8,889.3,742.4,48.41,42.99,13.7
268,10.72,22,player,Borussia Mgladbach,0.645,1225.2,457.6,1253.4,528.0,66.35,22.72,20.6
268,10.72,11,player,Borussia Mgladbach,0.637,938.1,676.9,975.1,759.1,52.34,44.52,19.6
268,10.72,4,player,Borussia Mgladbach,0.629,557.6,863.4,594.6,977.1,34.66,63.78,27.5
268,10.72,13,player,Borussia Mgladbach,0.616,1008.9,941.3,1065.0,1065.6,56.03,71.27,38.0
268,10.72,39,player,Borussia Mgladbach,0.614,525.5,394.8,554.6,462.1,31.46,16.23,17.6
268,10.72,27,player,Borussia Mgladbach,0.594,1436.8,347.5,1463.2,408.3,77.24,10.83,11.5
268,10.72,19,player,Borussia Mgladbach,0.591,1605.5,459.9,1633.8,540.0,85.16,23.89,8.0
268,10.72,23,player,VfL Wolfsburg,0.571,808.1,384.9,834.5,454.7,45.54,15.5,19.6
268,10.72,8,player,Borussia Mgladbach,0.554,1391.8,853.7,1437.2,957.8,73.68,62.12,38.0
268,10.72,35,player,VfL Wolfsburg,0.539,1485.9,362.5,1512.0,424.7,79.65,12.48,11.4
268,10.72,12,player,VfL Wolfsburg,0.538,1595.7,621.5,1643.8,735.7,84.24,42.37,18.4
268,10.72,43,player,Borussia Mgladbach,0.42,1265.0,290.1,1287.1,337.9,68.63,3.63,17.9
268,10.72,26,player,VfL Wolfsburg,0.362,840.7,504.4,868.0,573.1,47.3,27.09,9.6
268,10.72,0,ball,Ball,0.7,59.0,94.0,72.0,108.0,5.11,-21.78,0.0
269,10.76,4,player,Borussia Mgladbach,0.698,552.8,866.8,590.9,981.8,34.47,64.19,38.0
269,10.76,13,player,Borussia Mgladbach,0.619,1005.3,944.9,1062.3,1068.7,55.89,71.53,26.6
269,10.76,22,player,Borussia Mgladbach,0.604,1225.6,456.9,1253.0,524.9,66.36,22.42,26.9
269,10.76,27,player,Borussia Mgladbach,0.581,1436.5,347.7,1461.8,407.8,77.21,10.78,5.8
269,10.76,11,player,Borussia Mgladbach,0.558,940.2,679.1,973.7,761.5,52.35,44.74,19.4
269,10.76,12,player,VfL Wolfsburg,0.554,1597.6,616.2,1644.0,736.1,84.29,42.41,5.5
269,10.76,35,player,VfL Wolfsburg,0.552,1484.7,362.1,1511.8,423.7,79.62,12.38,9.6
269,10.76,24,player,Borussia Mgladbach,0.534,855.8,648.0,884.5,740.6,48.18,42.83,25.4
269,10.76,19,player,Borussia Mgladbach,0.531,1605.9,458.7,1633.6,539.4,85.17,23.83,5.6
269,10.76,43,player,Borussia Mgladbach,0.518,1263.3,285.9,1285.5,338.4,68.55,3.69,9.1
269,10.76,8,player,Borussia Mgladbach,0.492,1389.2,854.7,1435.8,958.9,73.59,62.22,12.3
269,10.76,39,player,Borussia Mgladbach,0.466,523.6,395.3,551.9,463.1,31.35,16.33,13.2
269,10.76,23,player,VfL Wolfsburg,0.443,805.5,384.6,832.6,452.7,45.43,15.29,21.2
269,10.76,26,player,VfL Wolfsburg,0.377,839.4,504.1,867.0,571.5,47.24,26.94,14.6
269,10.76,28,player,Borussia Mgladbach,0.338,896.6,347.1,920.5,406.7,49.9,10.67,13.9
269,10.76,45,player,Borussia Mgladbach,0.318,1360.7,306.3,1389.7,362.5,73.62,6.16,24.7
269,10.76,0,ball,Ball,0.7,50.0,94.0,64.0,106.0,4.65,-21.89,0.0
270,10.8,4,player,Borussia Mgladbach,0.784,548.2,869.7,586.8,984.3,34.27,64.4,25.6
270,10.8,22,player,Borussia Mgladbach,0.648,1224.9,455.0,1251.7,524.2,66.31,22.35,7.7
270,10.8,13,player,Borussia Mgladbach,0.615,1001.3,946.7,1058.5,1070.9,55.7,71.71,23.2
270,10.8,14,player,Borussia Mgladbach,0.607,1602.1,638.6,1644.5,736.4,84.4,42.44,7.3
270,10.8,35,player,VfL Wolfsburg,0.591,1483.7,361.2,1511.1,426.3,79.57,12.65,24.8
270,10.8,8,player,Borussia Mgladbach,0.553,1394.1,857.4,1435.5,959.8,73.69,62.29,11.4
270,10.8,19,player,Borussia Mgladbach,0.548,1606.4,457.5,1632.7,537.4,85.17,23.64,17.2
270,10.8,27,player,Borussia Mgladbach,0.545,1436.0,346.7,1460.4,407.4,77.16,10.74,5.7
270,10.8,39,player,Borussia Mgladbach,0.504,520.8,395.7,548.3,463.7,31.19,16.39,15.4
270,10.8,43,player,Borussia Mgladbach,0.491,1261.1,284.6,1281.5,335.8,68.4,3.41,28.4
270,10.8,11,player,Borussia Mgladbach,0.442,945.4,682.5,975.1,762.2,52.51,44.8,15.4
270,10.8,28,player,Borussia Mgladbach,0.431,893.0,346.5,919.2,407.0,49.78,10.7,11.3
270,10.8,45,player,Borussia Mgladbach,0.366,1359.0,305.4,1383.1,362.6,73.4,6.18,19.2
270,10.8,24,player,Borussia Mgladbach,0.339,852.1,649.9,882.3,741.9,48.04,42.94,16.3
270,10.8,26,player,VfL Wolfsburg,0.331,838.2,502.5,863.5,572.3,47.12,27.01,12.3
270,10.8,0,ball,Ball,0.7,43.0,92.0,56.0,106.0,4.25,-22.0,0.0
271,10.84,4,player,Borussia Mgladbach,0.791,541.0,874.0,585.0,991.9,34.09,65.05,38.0
271,10.84,13,player,Borussia Mgladbach,0.622,1001.4,946.6,1056.8,1069.5,55.67,71.6,10.7
271,10.84,8,player,Borussia Mgladbach,0.608,1395.1,858.8,1434.8,961.2,73.69,62.42,11.5
271,10.84,27,player,Borussia Mgladbach,0.589,1435.8,344.4,1459.5,407.6,77.13,10.76,3.5
271,10.84,35,player,VfL Wolfsburg,0.588,1484.0,359.7,1510.4,423.2,79.57,12.33,28.8
271,10.84,22,player,Borussia Mgladbach,0.543,1223.4,456.3,1251.3,523.6,66.27,22.29,6.8
271,10.84,14,player,Borussia Mgladbach,0.515,1606.8,620.4,1644.5,737.4,84.51,42.53,12.6
271,10.84,43,player,Borussia Mgladbach,0.49,1259.6,282.1,1277.6,334.1,68.26,3.24,19.9
271,10.84,19,player,Borussia Mgladbach,0.489,1606.3,457.2,1632.5,538.1,85.15,23.7,5.6
271,10.84,11,player,Borussia Mgladbach,0.405,949.3,680.8,975.9,762.9,52.63,44.86,11.7
271,10.84,23,player,VfL Wolfsburg,0.392,801.4,383.3,826.1,448.3,45.16,14.85,23.2
271,10.84,28,player,Borussia Mgladbach,0.371,891.1,347.6,914.8,409.1,49.62,10.91,24.0
271,10.84,39,player,Borussia Mgladbach,0.339,516.6,395.0,545.4,465.0,31.02,16.51,19.1
271,10.84,45,player,Borussia Mgladbach,0.313,1355.5,304.4,1376.7,359.6,73.16,5.87,35.2
271,10.84,0,ball,Ball,0.7,34.0,92.0,48.0,104.0,3.79,-22.11,0.0
272,10.88,4,player,Borussia Mgladbach,0.681,535.8,875.6,589.5,991.5,34.07,65.02,3.2
272,10.88,8,player,Borussia Mgladbach,0.654,1394.0,859.8,1435.3,965.4,73.67,62.77,31.9
272,10.88,27,player,Borussia Mgladbach,0.595,1434.3,342.8,1457.0,407.2,77.03,10.72,9.8
272,10.88,13,player,Borussia Mgladbach,0.585,997.1,950.5,1057.5,1073.9,55.59,71.96,33.4
272,10.88,35,player,VfL Wolfsburg,0.584,1484.5,357.4,1509.9,419.6,79.58,11.97,32.4
272,10.88,11,player,Borussia Mgladbach,0.576,949.1,680.2,977.3,761.7,52.65,44.75,9.9
272,10.88,19,player,Borussia Mgladbach,0.555,1604.5,455.8,1631.7,536.0,85.1,23.51,18.4
272,10.88,22,player,Borussia Mgladbach,0.536,1222.7,456.8,1249.4,524.3,66.2,22.36,8.1
272,10.88,14,player,Borussia Mgladbach,0.529,1611.0,617.8,1643.8,736.9,84.6,42.48,8.9
272,10.88,45,player,Borussia Mgladbach,0.5,1352.6,303.5,1373.3,354.2,73.02,5.31,38.0
272,10.88,43,player,Borussia Mgladbach,0.477,1258.3,280.0,1278.0,332.2,68.24,3.05,17.1
272,10.88,23,player,VfL Wolfsburg,0.47,800.3,383.6,823.3,447.5,45.06,14.78,11.3
272,10.88,24,player,Borussia Mgladbach,0.448,846.2,646.2,877.5,739.4,47.78,42.72,15.4
272,10.88,28,player,Borussia Mgladbach,0.378,889.7,342.9,910.5,405.8,49.47,10.58,32.5
272,10.88,0,ball,Ball,0.7,28.0,91.0,41.0,104.0,3.44,-22.17,0.0
273,10.92,8,player,Borussia Mgladbach,0.724,1392.6,860.6,1436.4,968.2,73.65,63.02,21.7
273,10.92,11,player,Borussia Mgladbach,0.686,946.2,679.5,979.0,762.5,52.63,44.83,7.3
273,10.92,13,player,Borussia Mgladbach,0.678,997.0,952.0,1053.0,1073.1,55.48,71.9,11.2
273,10.92,4,player,Borussia Mgladbach,0.64,531.7,874.2,571.7,989.6,33.56,64.85,38.0
273,10.92,22,player,Borussia Mgladbach,0.58,1222.6,457.4,1247.3,524.8,66.14,22.41,7.0
273,10.92,27,player,Borussia Mgladbach,0.57,1433.1,341.3,1455.8,405.5,76.98,10.54,16.4
273,10.92,19,player,Borussia Mgladbach,0.556,1604.2,455.7,1630.8,534.1,85.08,23.32,17.1
273,10.92,14,player,Borussia Mgladbach,0.551,1612.4,620.0,1643.1,736.4,84.62,42.44,4.2
273,10.92,24,player,Borussia Mgladbach,0.545,842.7,643.8,872.7,740.2,47.58,42.79,18.8
273,10.92,35,player,VfL Wolfsburg,0.492,1484.3,355.8,1507.7,419.4,79.52,11.95,5.6
273,10.92,23,player,VfL Wolfsburg,0.434,796.6,382.9,819.9,449.3,44.88,14.96,22.6
273,10.92,45,player,Borussia Mgladbach,0.421,1346.0,301.7,1368.7,354.2,72.73,5.32,25.5
273,10.92,28,player,Borussia Mgladbach,0.347,886.0,340.4,910.3,404.7,49.37,10.46,13.7
273,10.92,26,player,VfL Wolfsburg,0.329,831.8,500.8,859.5,573.0,46.86,27.08,8.0
273,10.92,43,player,Borussia Mgladbach,0.328,1255.6,280.2,1276.8,329.5,68.15,2.77,26.6
273,10.92,0,ball,Ball,0.7,21.0,90.0,34.0,101.0,3.05,-22.39,0.0
274,10.96,11,player,Borussia Mgladbach,0.75,944.4,678.1,983.5,765.5,52.69,45.1,24.8
274,10.96,4,player,Borussia Mgladbach,0.714,527.0,878.8,566.5,993.4,33.34,65.17,35.1
274,10.96,8,player,Borussia Mgladbach,0.697,1391.7,862.1,1437.2,970.0,73.64,63.17,14.3
274,10.96,13,player,Borussia Mgladbach,0.665,996.1,954.3,1050.4,1074.7,55.4,72.04,14.4
274,10.96,22,player,Borussia Mgladbach,0.641,1222.5,451.9,1246.8,525.4,66.13,22.47,5.7
274,10.96,24,player,Borussia Mgladbach,0.623,838.3,646.5,868.2,741.7,47.37,42.93,23.2
274,10.96,19,player,Borussia Mgladbach,0.575,1603.2,454.6,1631.8,533.6,85.09,23.27,4.3
274,10.96,14,player,Borussia Mgladbach,0.561,1612.8,611.8,1646.3,739.2,84.69,42.69,23.6
274,10.96,27,player,Borussia Mgladbach,0.553,1433.1,341.1,1455.2,403.7,76.97,10.36,16.3
274,10.96,23,player,VfL Wolfsburg,0.504,793.2,381.9,816.9,452.4,44.73,15.26,30.6
274,10.96,46,player,Borussia Mgladbach,0.462,882.0,432.5,903.9,501.2,49.16,20.1,0.0
274,10.96,35,player,VfL Wolfsburg,0.436,1483.9,353.5,1507.6,416.9,79.52,11.7,23.0
274,10.96,45,player,Borussia Mgladbach,0.407,1342.3,297.2,1366.4,351.8,72.59,5.07,25.8
274,10.96,39,player,Borussia Mgladbach,0.395,508.3,388.9,535.3,463.5,30.55,16.37,14.6
274,10.96,26,player,VfL Wolfsburg,0.373,828.8,497.8,856.8,576.1,46.73,27.39,30.1
274,10.96,43,player,Borussia Mgladbach,0.334,1252.7,278.9,1275.1,328.2,68.04,2.63,16.2
274,10.96,28,player,Borussia Mgladbach,0.311,883.9,340.2,909.7,401.6,49.31,10.16,28.1
274,10.96,0,ball,Ball,0.7,13.0,88.0,27.0,102.0,2.65,-22.44,0.0
275,11.0,4,player,Borussia Mgladbach,0.784,520.4,880.2,560.8,995.2,33.05,65.33,29.0
275,11.0,8,player,Borussia Mgladbach,0.712,1390.1,862.0,1437.8,971.6,73.62,63.31,12.4
275,11.0,11,player,Borussia Mgladbach,0.71,942.2,675.4,984.9,766.3,52.67,45.17,7.0
275,11.0,22,player,Borussia Mgladbach,0.666,1221.6,451.0,1247.0,523.8,66.11,22.31,14.5
275,11.0,13,player,Borussia Mgladbach,0.643,994.4,955.8,1046.8,1075.5,55.28,72.09,12.2
275,11.0,19,player,Borussia Mgladbach,0.605,1603.3,456.1,1630.8,534.1,85.06,23.32,5.3
275,11.0,24,player,Borussia Mgladbach,0.591,835.5,646.9,866.7,744.0,47.27,43.14,21.1
275,11.0,14,player,Borussia Mgladbach,0.586,1613.4,608.4,1651.5,739.5,84.83,42.72,12.5
275,11.0,27,player,Borussia Mgladbach,0.503,1432.2,340.6,1454.9,403.7,76.94,10.36,2.6
275,11.0,39,player,Borussia Mgladbach,0.479,503.9,389.3,531.6,465.2,30.36,16.54,23.0
275,11.0,46,player,Borussia Mgladbach,0.429,881.2,431.8,904.0,499.4,49.14,19.92,15.9
275,11.0,23,player,VfL Wolfsburg,0.399,790.4,383.5,814.6,448.8,44.59,14.9,33.9
275,11.0,26,player,VfL Wolfsburg,0.386,824.0,498.2,855.3,575.9,46.57,27.36,14.0
275,11.0,28,player,Borussia Mgladbach,0.383,883.0,339.3,907.1,401.3,49.22,10.12,8.7
275,11.0,35,player,VfL Wolfsburg,0.381,1483.2,353.6,1507.3,415.2,79.5,11.53,15.5
275,11.0,45,player,Borussia Mgladbach,0.38,1339.4,296.3,1365.5,349.6,72.5,4.84,22.5
275,11.0,43,player,Borussia Mgladbach,0.308,1251.9,280.7,1271.9,328.7,67.93,2.69,10.7
275,11.0,0,ball,Ball,0.7,6.0,88.0,21.0,102.0,2.31,-22.44,0.0
276,11.04,4,player,Borussia Mgladbach,0.779,515.3,881.7,555.2,1000.9,32.82,65.81,38.0
276,11.04,11,player,Borussia Mgladbach,0.747,942.0,673.0,990.8,768.1,52.81,45.34,19.2
276,11.04,8,player,Borussia Mgladbach,0.715,1389.7,863.5,1438.1,972.1,73.61,63.36,4.3
276,11.04,22,player,Borussia Mgladbach,0.694,1220.5,449.3,1246.7,522.4,66.08,22.17,12.8
276,11.04,24,player,Borussia Mgladbach,0.658,830.5,643.1,864.0,744.6,47.08,43.19,17.3
276,11.04,19,player,Borussia Mgladbach,0.645,1602.4,456.0,1630.5,532.3,85.04,23.14,16.3
276,11.04,14,player,Borussia Mgladbach,0.617,1614.6,610.5,1654.1,738.7,84.92,42.65,11.0
276,11.04,13,player,Borussia Mgladbach,0.585,987.6,959.2,1044.2,1079.5,55.06,72.43,35.9
276,11.04,46,player,Borussia Mgladbach,0.499,880.7,430.2,904.3,499.7,49.14,19.95,2.7
276,11.04,35,player,VfL Wolfsburg,0.429,1481.0,353.3,1507.7,416.3,79.45,11.64,10.8
276,11.04,23,player,VfL Wolfsburg,0.424,787.0,382.2,812.1,450.8,44.45,15.11,22.4
276,11.04,26,player,VfL Wolfsburg,0.413,823.6,500.6,853.4,573.0,46.51,27.08,26.0
276,11.04,27,player,Borussia Mgladbach,0.382,1428.9,340.5,1454.2,407.0,76.82,10.7,32.1
276,11.04,28,player,Borussia Mgladbach,0.377,876.5,339.0,907.6,398.4,49.06,9.83,29.3
276,11.04,45,player,Borussia Mgladbach,0.349,1334.5,294.1,1360.6,348.9,72.25,4.77,23.0
276,11.04,41,player,Borussia Mgladbach,0.34,718.0,286.4,744.0,339.1,40.81,3.76,0.0
276,11.04,43,player,Borussia Mgladbach,0.339,1248.2,279.5,1268.5,326.3,67.76,2.44,27.7
276,11.04,39,player,Borussia Mgladbach,0.325,503.2,390.5,530.7,465.3,30.32,16.54,3.9
276,11.04,0,ball,Ball,0.7,0.0,86.0,16.0,100.0,2.0,-22.67,0.0
277,11.08,8,player,Borussia Mgladbach,0.743,1387.5,863.9,1437.5,971.4,73.55,63.29,7.9
277,11.08,11,player,Borussia Mgladbach,0.736,944.2,675.8,990.9,767.8,52.86,45.31,5.8
277,11.08,4,player,Borussia Mgladbach,0.716,511.2,885.9,551.6,1001.4,32.65,65.86,16.5
277,11.08,19,player,Borussia Mgladbach,0.672,1602.3,455.7,1630.5,530.8,85.04,22.99,13.5
277,11.08,22,player,Borussia Mgladbach,0.624,1218.9,448.0,1246.3,522.3,66.03,22.16,4.5
277,11.08,14,player,Borussia Mgladbach,0.623,1613.1,610.9,1653.9,740.8,84.88,42.85,18.5
277,11.08,24,player,Borussia Mgladbach,0.601,827.2,645.5,860.1,745.5,46.91,43.27,17.0
277,11.08,13,player,Borussia Mgladbach,0.584,980.5,961.7,1043.2,1080.0,54.88,72.47,17.1
277,11.08,46,player,Borussia Mgladbach,0.534,878.0,426.2,904.2,500.8,49.07,20.06,11.2
277,11.08,27,player,Borussia Mgladbach,0.457,1426.0,338.3,1450.4,407.4,76.65,10.75,15.9
277,11.08,28,player,Borussia Mgladbach,0.407,874.9,339.5,905.4,397.5,48.97,9.74,11.8
277,11.08,39,player,Borussia Mgladbach,0.342,500.2,393.1,528.4,467.1,30.19,16.73,20.0
277,11.08,41,player,Borussia Mgladbach,0.336,714.6,285.7,737.5,339.4,40.56,3.79,22.9
277,11.08,43,player,Borussia Mgladbach,0.334,1247.5,280.0,1266.2,326.0,67.68,2.4,7.7
277,11.08,35,player,VfL Wolfsburg,0.327,1480.8,353.5,1508.2,415.9,79.46,11.6,3.0
277,11.08,0,ball,Ball,0.7,0.0,86.0,10.0,98.0,1.83,-22.78,0.0
278,11.12,8,player,Borussia Mgladbach,0.731,1388.0,865.7,1437.0,971.6,73.55,63.31,1.5
278,11.12,4,player,Borussia Mgladbach,0.7,506.4,888.0,545.9,1001.7,32.41,65.88,21.7
278,11.12,14,player,Borussia Mgladbach,0.698,1612.3,610.9,1660.2,744.3,84.99,43.16,30.4
278,11.12,11,player,Borussia Mgladbach,0.696,945.9,680.5,990.2,768.3,52.88,45.35,4.8
278,11.12,19,player,Borussia Mgladbach,0.665,1601.5,454.0,1630.4,531.9,85.01,23.11,10.6
278,11.12,22,player,Borussia Mgladbach,0.66,1217.7,447.0,1246.1,521.8,66.0,22.11,5.3
278,11.12,27,player,Borussia Mgladbach,0.64,1424.8,338.5,1449.3,405.0,76.6,10.49,23.1
278,11.12,13,player,Borussia Mgladbach,0.63,981.1,961.0,1039.3,1079.3,54.8,72.41,8.6
278,11.12,24,player,Borussia Mgladbach,0.601,824.4,648.8,856.3,744.3,46.75,43.16,17.3
278,11.12,35,player,VfL Wolfsburg,0.539,1479.1,351.7,1506.1,417.5,79.36,11.76,16.6
278,11.12,46,player,Borussia Mgladbach,0.502,875.9,426.1,904.0,499.3,49.01,19.91,14.6
278,11.12,28,player,Borussia Mgladbach,0.352,873.6,338.2,903.0,396.8,48.87,9.66,11.1
278,11.12,26,player,VfL Wolfsburg,0.348,820.0,499.1,849.0,572.4,46.32,27.03,9.2
278,11.12,45,player,Borussia Mgladbach,0.343,1328.5,294.8,1352.8,351.7,71.89,5.06,20.8
278,11.12,39,player,Borussia Mgladbach,0.326,495.8,394.0,524.2,468.3,29.98,16.84,21.7
278,11.12,41,player,Borussia Mgladbach,0.303,709.7,288.0,736.3,338.2,40.4,3.67,18.2
278,11.12,43,player,Borussia Mgladbach,0.303,1246.1,280.9,1264.8,327.0,67.61,2.5,11.4
278,11.12,0,ball,Ball,0.7,204.0,50.0,212.0,60.0,12.37,-26.93,0.0
279,11.16,4,player,Borussia Mgladbach,0.741,501.6,890.5,542.3,1007.2,32.22,66.35,38.0
279,11.16,14,player,Borussia Mgladbach,0.72,1612.4,612.8,1661.1,745.9,85.01,43.31,13.1
279,11.16,11,player,Borussia Mgladbach,0.696,951.1,682.5,992.8,767.6,53.07,45.29,17.7
279,11.16,19,player,Borussia Mgladbach,0.689,1600.1,453.7,1629.4,531.9,84.96,23.1,5.2
279,11.16,8,player,Borussia Mgladbach,0.682,1390.6,868.6,1437.4,973.6,73.61,63.49,16.8
279,11.16,13,player,Borussia Mgladbach,0.662,975.1,963.1,1035.0,1079.4,54.56,72.43,21.5
279,11.16,27,player,Borussia Mgladbach,0.659,1424.3,339.7,1449.3,403.2,76.6,10.31,16.2
279,11.16,22,player,Borussia Mgladbach,0.659,1216.7,447.3,1246.4,518.1,65.99,21.76,32.1
279,11.16,24,player,Borussia Mgladbach,0.646,820.6,646.0,854.9,742.5,46.63,43.0,18.8
279,11.16,46,player,Borussia Mgladbach,0.619,875.7,425.0,904.8,497.9,49.02,19.77,12.5
279,11.16,35,player,VfL Wolfsburg,0.513,1480.1,351.3,1506.9,416.8,79.41,11.69,7.7
279,11.16,26,player,VfL Wolfsburg,0.427,818.1,497.8,846.4,574.7,46.21,27.25,21.8
279,11.16,23,player,VfL Wolfsburg,0.425,780.4,377.3,804.7,448.2,44.09,14.84,13.3
279,11.16,45,player,Borussia Mgladbach,0.382,1325.0,293.2,1350.4,347.6,71.75,4.63,38.0
279,11.16,43,player,Borussia Mgladbach,0.37,1243.6,276.9,1264.4,326.7,67.54,2.47,7.1
279,11.16,28,player,Borussia Mgladbach,0.343,872.5,336.4,901.6,396.2,48.81,9.6,8.0
279,11.16,41,player,Borussia Mgladbach,0.321,706.3,287.0,732.7,338.7,40.22,3.72,16.6
279,11.16,39,player,Borussia Mgladbach,0.307,492.3,392.9,520.6,469.9,29.81,17.0,21.3
279,11.16,0,ball,Ball,0.7,1271.0,259.0,1284.0,279.0,68.88,-3.56,0.0
280,11.2,4,player,Borussia Mgladbach,0.786,495.9,893.1,536.8,1007.8,31.97,66.4,23.4
280,11.2,22,player,Borussia Mgladbach,0.687,1216.3,447.1,1246.1,517.7,65.97,21.72,3.9
280,11.2,11,player,Borussia Mgladbach,0.671,954.2,685.0,995.0,768.9,53.2,45.41,15.4
280,11.2,8,player,Borussia Mgladbach,0.647,1391.1,869.9,1439.9,973.7,73.68,63.49,6.5
280,11.2,27,player,Borussia Mgladbach,0.635,1422.2,338.4,1448.3,403.7,76.52,10.37,8.8
280,11.2,19,player,Borussia Mgladbach,0.634,1600.5,449.9,1629.6,531.6,84.97,23.08,2.4
280,11.2,13,player,Borussia Mgladbach,0.624,973.3,965.4,1032.9,1079.4,54.48,72.42,7.9
280,11.2,24,player,Borussia Mgladbach,0.621,817.6,646.3,848.1,743.5,46.39,43.09,22.7
280,11.2,14,player,Borussia Mgladbach,0.613,1613.5,613.4,1660.9,747.9,85.02,43.49,16.4
280,11.2,46,player,Borussia Mgladbach,0.611,875.0,424.2,904.6,496.1,49.0,19.6,15.7
280,11.2,26,player,VfL Wolfsburg,0.537,814.5,495.8,845.6,575.6,46.1,27.33,12.3
280,11.2,41,player,Borussia Mgladbach,0.409,704.2,287.7,730.7,340.7,40.12,3.93,20.7
280,11.2,28,player,Borussia Mgladbach,0.394,872.7,335.3,897.1,397.0,48.7,9.69,12.5
280,11.2,35,player,VfL Wolfsburg,0.386,1478.8,352.8,1504.7,415.0,79.33,11.51,17.9
280,11.2,43,player,Borussia Mgladbach,0.34,1242.9,267.0,1266.3,323.5,67.57,2.14,30.3
280,11.2,45,player,Borussia Mgladbach,0.331,1321.0,290.8,1346.6,348.8,71.55,4.76,21.2
280,11.2,0,ball,Ball,0.7,104.0,47.0,121.0,58.0,7.25,-27.22,0.0
281,11.24,4,player,Borussia Mgladbach,0.786,491.0,896.6,531.5,1016.7,31.76,67.16,38.0
281,11.24,19,player,Borussia Mgladbach,0.73,1599.8,449.1,1628.8,528.0,84.95,22.72,31.8
281,11.24,22,player,Borussia Mgladbach,0.677,1215.7,447.2,1246.1,521.6,65.95,22.1,34.2
281,11.24,8,player,Borussia Mgladbach,0.666,1393.8,871.8,1440.2,973.9,73.75,63.51,6.3
281,11.24,14,player,Borussia Mgladbach,0.625,1611.0,611.4,1665.0,749.7,85.05,43.66,15.2
281,11.24,27,player,Borussia Mgladbach,0.625,1421.1,338.8,1445.9,398.9,76.45,9.88,38.0
281,11.24,11,player,Borussia Mgladbach,0.619,961.1,684.5,996.6,770.7,53.4,45.58,23.5
281,11.24,24,player,Borussia Mgladbach,0.608,814.6,647.0,844.8,739.7,46.23,42.74,34.3
281,11.24,46,player,Borussia Mgladbach,0.548,874.9,425.1,904.7,495.6,49.0,19.55,4.5
281,11.24,13,player,Borussia Mgladbach,0.539,973.1,968.5,1030.7,1078.9,54.42,72.38,6.2
281,11.24,26,player,VfL Wolfsburg,0.483,811.5,495.7,842.6,576.1,45.95,27.38,14.2
281,11.24,39,player,Borussia Mgladbach,0.426,483.6,388.6,513.2,467.5,29.4,16.77,21.4
281,11.24,28,player,Borussia Mgladbach,0.426,869.8,335.5,893.2,378.4,48.52,7.79,38.0
281,11.24,47,player,Borussia Mgladbach,0.385,870.1,1014.7,916.3,1080.0,49.44,72.47,0.0
281,11.24,35,player,VfL Wolfsburg,0.377,1478.4,351.7,1504.3,412.6,79.32,11.27,21.3
281,11.24,41,player,Borussia Mgladbach,0.374,699.3,288.4,726.1,343.4,39.89,4.2,32.5
281,11.24,0,ball,Ball,0.7,98.0,45.0,115.0,56.0,6.92,-27.44,0.0
282,11.28,4,player,Borussia Mgladbach,0.727,487.1,899.1,525.8,1021.4,31.55,67.56,38.0
282,11.28,13,player,Borussia Mgladbach,0.698,972.7,970.3,1027.2,1079.1,54.33,72.4,8.1
282,11.28,8,player,Borussia Mgladbach,0.694,1394.3,874.5,1440.0,977.9,73.74,63.85,30.8
282,11.28,19,player,Borussia Mgladbach,0.694,1599.8,448.4,1628.9,528.2,84.95,22.75,2.0
282,11.28,22,player,Borussia Mgladbach,0.675,1215.1,447.6,1245.9,520.9,65.93,22.03,6.2
282,11.28,27,player,Borussia Mgladbach,0.61,1418.1,338.3,1445.4,399.4,76.36,9.93,9.1
282,11.28,11,player,Borussia Mgladbach,0.594,963.8,682.1,997.9,771.7,53.5,45.67,11.9
282,11.28,14,player,Borussia Mgladbach,0.576,1608.9,609.7,1669.0,750.8,85.09,43.76,10.1
282,11.28,24,player,Borussia Mgladbach,0.571,812.6,645.0,843.6,737.2,46.16,42.51,21.5
282,11.28,46,player,Borussia Mgladbach,0.46,875.3,426.5,904.4,495.6,49.0,19.55,0.3
282,11.28,23,player,VfL Wolfsburg,0.394,773.6,375.3,798.7,447.5,43.77,14.77,9.9
282,11.28,28,player,Borussia Mgladbach,0.384,867.1,334.1,889.4,380.3,48.35,7.99,23.2
282,11.28,39,player,Borussia Mgladbach,0.38,479.5,388.3,511.3,466.0,29.24,16.62,19.2
282,11.28,26,player,VfL Wolfsburg,0.379,808.8,493.3,841.5,574.5,45.86,27.22,16.6
282,11.28,35,player,VfL Wolfsburg,0.366,1478.5,348.3,1504.0,411.8,79.32,11.19,7.2
282,11.28,45,player,Borussia Mgladbach,0.327,1313.9,288.2,1341.1,339.0,71.26,3.75,38.0
282,11.28,41,player,Borussia Mgladbach,0.313,695.4,288.8,722.1,343.6,39.69,4.22,18.2
282,11.28,0,ball,Ball,0.7,50.0,30.0,55.0,37.0,3.9,-29.37,0.0
283,11.32,19,player,Borussia Mgladbach,0.739,1598.5,446.5,1628.2,526.1,84.91,22.54,18.7
283,11.32,11,player,Borussia Mgladbach,0.734,962.5,680.0,1002.1,774.1,53.57,45.88,20.6
283,11.32,8,player,Borussia Mgladbach,0.712,1395.2,876.0,1441.3,976.9,73.8,63.77,8.7
283,11.32,4,player,Borussia Mgladbach,0.695,482.9,901.0,520.3,1024.0,31.33,67.77,27.7
283,11.32,24,player,Borussia Mgladbach,0.682,808.4,645.2,840.6,740.2,45.99,42.79,29.4
283,11.32,13,player,Borussia Mgladbach,0.666,971.0,971.7,1023.9,1079.5,54.22,72.43,10.8
283,11.32,46,player,Borussia Mgladbach,0.638,875.9,425.2,903.5,495.4,49.0,19.53,1.8
283,11.32,27,player,Borussia Mgladbach,0.615,1417.5,336.8,1443.0,399.8,76.28,9.97,8.1
283,11.32,22,player,Borussia Mgladbach,0.598,1213.5,447.8,1242.6,521.1,65.81,22.05,11.1
283,11.32,14,player,Borussia Mgladbach,0.477,1606.9,607.2,1671.0,751.2,85.09,43.8,3.5
283,11.32,35,player,VfL Wolfsburg,0.471,1477.2,344.6,1504.1,409.7,79.29,10.98,19.2
283,11.32,23,player,VfL Wolfsburg,0.463,770.9,374.9,796.3,446.8,43.64,14.7,13.0
283,11.32,26,player,VfL Wolfsburg,0.459,804.4,494.0,838.8,579.9,45.69,27.74,38.0
283,11.32,28,player,Borussia Mgladbach,0.408,865.9,331.6,887.7,388.3,48.28,8.8,38.0
283,11.32,39,player,Borussia Mgladbach,0.384,475.7,385.8,507.8,464.3,29.05,16.44,23.2
283,11.32,47,player,Borussia Mgladbach,0.376,864.2,1020.8,909.6,1080.0,49.15,72.47,13.0
283,11.32,41,player,Borussia Mgladbach,0.326,690.4,289.1,717.0,343.0,39.43,4.16,24.0
283,11.32,0,ball,Ball,0.7,173.0,47.0,181.0,56.0,10.69,-27.33,0.0
284,11.36,11,player,Borussia Mgladbach,0.771,961.6,678.3,1004.9,771.9,53.61,45.68,18.8
284,11.36,19,player,Borussia Mgladbach,0.732,1598.5,446.4,1628.4,525.4,84.92,22.47,6.3
284,11.36,4,player,Borussia Mgladbach,0.732,477.9,904.2,517.5,1027.7,31.16,68.09,32.2
284,11.36,8,player,Borussia Mgladbach,0.703,1398.3,879.1,1443.0,982.8,73.89,64.27,38.0
284,11.36,13,player,Borussia Mgladbach,0.681,967.5,973.2,1021.0,1080.0,54.07,72.47,13.6
284,11.36,46,player,Borussia Mgladbach,0.626,875.3,423.4,903.6,495.1,48.98,19.5,3.2
284,11.36,24,player,Borussia Mgladbach,0.614,803.8,646.0,837.6,738.3,45.8,42.62,22.9
284,11.36,27,player,Borussia Mgladbach,0.555,1415.8,337.0,1440.4,398.2,76.18,9.8,17.5
284,11.36,22,player,Borussia Mgladbach,0.553,1213.8,447.8,1241.2,520.2,65.78,21.96,7.9
284,11.36,23,player,VfL Wolfsburg,0.486,767.9,377.8,795.1,446.3,43.54,14.65,10.7
284,11.36,28,player,Borussia Mgladbach,0.457,862.3,329.4,886.8,386.8,48.17,8.65,17.3
284,11.36,35,player,VfL Wolfsburg,0.457,1477.9,343.7,1503.9,408.4,79.31,10.84,12.3
284,11.36,48,player,Borussia Mgladbach,0.434,1605.6,668.9,1659.7,751.9,84.78,43.86,0.0
284,11.36,47,player,Borussia Mgladbach,0.375,863.2,1026.3,905.9,1080.0,49.04,72.47,9.6
284,11.36,41,player,Borussia Mgladbach,0.33,685.8,287.7,711.9,340.2,39.17,3.87,34.6
284,11.36,26,player,VfL Wolfsburg,0.327,803.1,497.0,835.4,581.4,45.57,27.89,16.7
284,11.36,14,player,Borussia Mgladbach,0.319,1607.4,606.8,1674.4,752.2,85.18,43.88,11.1
284,11.36,43,player,Borussia Mgladbach,0.307,1233.6,263.5,1262.8,318.7,67.25,1.65,13.2
284,11.36,0,ball,Ball,0.7,166.0,46.0,174.0,54.0,10.3,-27.5,0.0
285,11.4,4,player,Borussia Mgladbach,0.795,472.1,907.8,512.3,1031.6,30.92,68.42,36.9
285,11.4,13,player,Borussia Mgladbach,0.753,964.5,976.3,1018.6,1080.0,53.95,72.47,11.2
285,11.4,8,player,Borussia Mgladbach,0.716,1399.3,881.7,1445.8,984.8,73.98,64.44,16.6
285,11.4,19,player,Borussia Mgladbach,0.697,1598.0,447.9,1627.5,524.9,84.89,22.42,5.2
285,11.4,11,player,Borussia Mgladbach,0.69,963.2,676.8,1006.2,770.5,53.68,45.56,12.9
285,11.4,27,player,Borussia Mgladbach,0.561,1414.7,337.1,1440.1,397.3,76.14,9.72,8.0
285,11.4,46,player,Borussia Mgladbach,0.525,875.4,421.4,902.9,494.1,48.97,19.4,8.5
285,11.4,22,player,Borussia Mgladbach,0.523,1214.1,444.4,1241.5,519.5,65.8,21.89,7.0
285,11.4,24,player,Borussia Mgladbach,0.489,801.8,649.8,833.5,742.1,45.66,42.96,33.9
285,11.4,23,player,VfL Wolfsburg,0.48,766.5,378.2,792.6,444.0,43.44,14.43,22.0
285,11.4,35,player,VfL Wolfsburg,0.432,1477.0,344.2,1503.9,410.9,79.28,11.1,23.4
285,11.4,14,player,Borussia Mgladbach,0.425,1605.6,606.1,1673.5,750.6,85.12,43.74,13.8
285,11.4,47,player,Borussia Mgladbach,0.4,859.3,1026.8,903.6,1080.0,48.9,72.47,12.8
285,11.4,28,player,Borussia Mgladbach,0.373,859.8,329.9,884.8,384.5,48.05,8.41,23.4
285,11.4,41,player,Borussia Mgladbach,0.348,682.0,287.8,706.3,339.9,38.93,3.84,21.8
285,11.4,48,player,Borussia Mgladbach,0.338,1606.1,672.6,1660.2,753.3,84.8,43.99,12.2
285,11.4,43,player,Borussia Mgladbach,0.303,1233.0,261.7,1257.2,319.2,67.1,1.69,14.9
285,11.4,0,ball,Ball,0.7,161.0,45.0,169.0,54.0,10.03,-27.56,0.0
286,11.44,4,player,Borussia Mgladbach,0.815,467.7,909.7,507.9,1036.3,30.73,68.81,38.0
286,11.44,13,player,Borussia Mgladbach,0.784,960.9,977.9,1016.4,1080.0,53.81,72.47,11.9
286,11.44,19,player,Borussia Mgladbach,0.716,1598.0,445.8,1628.0,526.3,84.9,22.56,12.1
286,11.44,8,player,Borussia Mgladbach,0.704,1400.7,882.0,1447.7,986.3,74.05,64.57,13.6
286,11.44,11,player,Borussia Mgladbach,0.668,964.2,678.1,1008.4,770.7,53.76,45.58,6.9
286,11.44,24,player,Borussia Mgladbach,0.615,799.5,648.0,832.8,741.9,45.59,42.95,6.6
286,11.44,46,player,Borussia Mgladbach,0.592,875.0,420.5,902.6,494.3,48.95,19.42,2.3
286,11.44,27,player,Borussia Mgladbach,0.583,1413.9,336.0,1439.3,397.9,76.1,9.78,6.8
286,11.44,23,player,VfL Wolfsburg,0.583,765.7,377.0,791.6,444.9,43.39,14.52,9.0
286,11.44,41,player,Borussia Mgladbach,0.489,678.6,286.7,703.9,339.9,38.78,3.84,13.4
286,11.44,22,player,Borussia Mgladbach,0.488,1213.9,444.0,1240.5,515.9,65.78,21.54,31.1
286,11.44,14,player,Borussia Mgladbach,0.476,1608.1,605.8,1676.7,752.8,85.25,43.94,21.2
286,11.44,28,player,Borussia Mgladbach,0.455,858.1,331.2,884.5,388.0,48.01,8.77,32.3
286,11.44,45,player,Borussia Mgladbach,0.443,1302.8,283.6,1327.4,339.3,70.62,3.78,14.2
286,11.44,43,player,Borussia Mgladbach,0.389,1231.5,258.3,1257.5,320.0,67.06,1.77,7.9
286,11.44,47,player,Borussia Mgladbach,0.387,859.0,1028.7,898.5,1080.0,48.78,72.47,11.0
286,11.44,35,player,VfL Wolfsburg,0.38,1476.6,345.7,1504.5,410.3,79.29,11.03,6.4
286,11.44,0,ball,Ball,0.7,155.0,44.0,164.0,54.0,9.74,-27.61,0.0
287,11.48,4,player,Borussia Mgladbach,0.771,464.5,911.0,503.3,1037.2,30.56,68.89,17.3
287,11.48,13,player,Borussia Mgladbach,0.748,959.2,980.5,1015.2,1080.0,53.75,72.47,6.2
287,11.48,19,player,Borussia Mgladbach,0.744,1597.7,448.0,1628.2,525.7,84.9,22.49,5.8
287,11.48,8,player,Borussia Mgladbach,0.715,1402.3,884.0,1448.5,976.6,74.13,63.74,38.0
287,11.48,11,player,Borussia Mgladbach,0.713,966.8,679.2,1008.6,769.3,53.83,45.45,13.1
287,11.48,24,player,Borussia Mgladbach,0.673,797.3,647.4,831.6,746.7,45.51,43.39,38.0
287,11.48,48,player,Borussia Mgladbach,0.576,1612.9,672.6,1667.3,754.8,85.13,44.13,15.9
287,11.48,46,player,Borussia Mgladbach,0.527,874.0,419.9,902.6,493.3,48.92,19.32,9.3
287,11.48,22,player,Borussia Mgladbach,0.503,1213.6,441.2,1239.9,515.6,65.76,21.51,3.2
287,11.48,41,player,Borussia Mgladbach,0.466,672.7,282.4,698.4,339.7,38.49,3.82,26.1
287,11.48,47,player,Borussia Mgladbach,0.448,855.5,1030.7,896.9,1080.0,48.66,72.47,10.6
287,11.48,43,player,Borussia Mgladbach,0.446,1229.6,255.5,1255.4,317.9,66.97,1.57,20.8
287,11.48,28,player,Borussia Mgladbach,0.446,855.6,331.0,881.1,381.8,47.85,8.14,38.0
287,11.48,27,player,Borussia Mgladbach,0.433,1412.2,337.7,1438.0,397.3,76.03,9.72,8.6
287,11.48,23,player,VfL Wolfsburg,0.417,763.6,373.5,787.3,447.1,43.23,14.74,24.3
287,11.48,35,player,VfL Wolfsburg,0.408,1476.5,343.0,1504.3,409.0,79.28,10.9,11.4
287,11.48,45,player,Borussia Mgladbach,0.399,1301.7,284.4,1323.6,334.6,70.51,3.29,38.0
287,11.48,26,player,VfL Wolfsburg,0.354,794.0,496.4,821.7,569.8,45.0,26.78,37.5
287,11.48,0,ball,Ball,0.7,149.0,44.0,157.0,52.0,9.38,-27.73,0.0
288,11.52,13,player,Borussia Mgladbach,0.77,955.2,983.9,1013.0,1080.0,53.6,72.47,12.6
288,11.52,4,player,Borussia Mgladbach,0.76,459.1,911.7,498.6,1045.0,30.35,69.54,38.0
288,11.52,11,player,Borussia Mgladbach,0.752,972.8,680.7,1008.4,768.6,53.96,45.38,13.8
288,11.52,19,player,Borussia Mgladbach,0.751,1597.4,446.0,1628.4,525.0,84.9,22.43,5.6
288,11.52,8,player,Borussia Mgladbach,0.742,1402.6,884.6,1449.1,977.1,74.15,63.78,4.2
288,11.52,24,player,Borussia Mgladbach,0.691,792.4,645.5,828.9,746.8,45.33,43.4,16.4
288,11.52,48,player,Borussia Mgladbach,0.638,1616.8,673.2,1669.2,757.0,85.25,44.33,21.4
288,11.52,22,player,Borussia Mgladbach,0.527,1212.4,438.9,1241.2,511.1,65.77,21.07,38.0
288,11.52,46,player,Borussia Mgladbach,0.526,872.9,418.5,902.1,490.2,48.88,19.02,27.5
288,11.52,43,player,Borussia Mgladbach,0.508,1226.0,251.2,1251.9,317.7,66.78,1.54,16.7
288,11.52,28,player,Borussia Mgladbach,0.474,852.2,326.4,879.3,390.9,47.73,9.07,38.0
288,11.52,47,player,Borussia Mgladbach,0.462,851.3,1032.6,894.1,1080.0,48.5,72.47,14.5
288,11.52,26,player,VfL Wolfsburg,0.458,792.1,496.7,820.3,572.2,44.92,27.01,21.9
288,11.52,23,player,VfL Wolfsburg,0.405,761.8,371.7,786.2,444.7,43.16,14.49,23.2
288,11.52,45,player,Borussia Mgladbach,0.405,1300.0,279.8,1320.6,332.5,70.4,3.07,22.1
288,11.52,27,player,Borussia Mgladbach,0.391,1410.3,336.4,1435.4,398.0,75.91,9.78,11.9
288,11.52,35,player,VfL Wolfsburg,0.358,1475.7,341.6,1504.1,409.4,79.26,10.94,4.1
288,11.52,41,player,Borussia Mgladbach,0.33,668.2,282.8,693.5,337.5,38.25,3.59,30.1
288,11.52,0,ball,Ball,0.7,142.0,43.0,150.0,52.0,9.0,-27.78,0.0
289,11.56,4,player,Borussia Mgladbach,0.805,454.1,916.9,496.0,1048.2,30.18,69.81,28.5
289,11.56,19,player,Borussia Mgladbach,0.735,1597.0,444.2,1627.1,525.4,84.85,22.47,4.9
289,11.56,8,player,Borussia Mgladbach,0.717,1402.7,886.7,1450.3,979.0,74.18,63.95,15.1
289,11.56,11,player,Borussia Mgladbach,0.716,977.1,683.7,1008.8,772.3,54.07,45.72,32.2
289,11.56,13,player,Borussia Mgladbach,0.71,951.5,986.0,1009.7,1080.0,53.44,72.47,14.4
289,11.56,24,player,Borussia Mgladbach,0.63,790.3,646.3,822.5,746.6,45.12,43.37,18.3
289,11.56,48,player,Borussia Mgladbach,0.582,1622.3,674.5,1669.5,756.1,85.4,44.24,15.1
289,11.56,22,player,Borussia Mgladbach,0.573,1211.2,437.0,1240.8,510.1,65.73,20.97,8.9
289,11.56,46,player,Borussia Mgladbach,0.544,873.6,416.9,901.4,491.4,48.88,19.13,10.2
289,11.56,43,player,Borussia Mgladbach,0.526,1223.0,252.5,1247.9,316.0,66.61,1.36,22.5
289,11.56,35,player,VfL Wolfsburg,0.496,1475.0,338.7,1503.8,406.8,79.24,10.68,23.5
289,11.56,27,player,Borussia Mgladbach,0.474,1408.0,334.0,1433.2,397.2,75.8,9.71,11.8
289,11.56,28,player,Borussia Mgladbach,0.425,851.5,324.0,878.5,389.6,47.69,8.94,12.2
289,11.56,45,player,Borussia Mgladbach,0.4,1296.7,279.1,1319.0,329.8,70.28,2.8,27.0
289,11.56,14,player,Borussia Mgladbach,0.382,1622.8,612.2,1688.9,756.2,85.88,44.25,21.1
289,11.56,26,player,VfL Wolfsburg,0.37,787.8,492.9,817.7,575.3,44.75,27.31,30.8
289,11.56,0,ball,Ball,0.7,137.0,42.0,145.0,51.0,8.73,-27.89,0.0
290,11.6,4,player,Borussia Mgladbach,0.799,449.1,920.8,490.9,1051.4,29.96,70.08,31.6
290,11.6,8,player,Borussia Mgladbach,0.734,1403.2,888.3,1451.8,984.9,74.2,64.45,38.0
290,11.6,13,player,Borussia Mgladbach,0.71,950.8,987.1,1007.6,1080.0,53.38,72.47,5.7
290,11.6,19,player,Borussia Mgladbach,0.707,1596.1,445.0,1625.8,525.3,84.8,22.46,4.9
290,11.6,11,player,Borussia Mgladbach,0.676,980.8,684.7,1011.2,771.7,54.22,45.67,14.2
290,11.6,48,player,Borussia Mgladbach,0.641,1625.6,674.8,1671.6,758.4,85.52,44.45,21.9
290,11.6,24,player,Borussia Mgladbach,0.612,787.5,646.2,819.8,746.6,44.99,43.38,12.1
290,11.6,46,player,Borussia Mgladbach,0.554,872.8,416.2,901.1,488.0,48.85,18.8,30.2
290,11.6,43,player,Borussia Mgladbach,0.504,1220.7,241.9,1243.6,313.2,66.45,1.07,29.7
290,11.6,22,player,Borussia Mgladbach,0.5,1210.6,436.7,1239.4,508.7,65.68,20.84,13.0
290,11.6,35,player,VfL Wolfsburg,0.475,1475.2,337.4,1503.5,405.7,79.25,10.56,10.3
290,11.6,28,player,Borussia Mgladbach,0.461,850.0,323.8,873.8,389.8,47.53,8.96,14.1
290,11.6,27,player,Borussia Mgladbach,0.444,1405.7,333.8,1432.3,395.3,75.73,9.52,18.6
290,11.6,45,player,Borussia Mgladbach,0.333,1295.7,278.1,1317.4,327.7,70.22,2.57,20.9
290,11.6,41,player,Borussia Mgladbach,0.332,658.2,277.9,680.8,337.3,37.67,3.57,26.1
290,11.6,0,ball,Ball,0.7,129.0,41.0,138.0,50.0,8.32,-28.01,0.0
291,11.64,4,player,Borussia Mgladbach,0.809,443.7,925.9,487.2,1054.2,29.76,70.31,27.6
291,11.64,8,player,Borussia Mgladbach,0.702,1403.1,889.4,1449.8,981.2,74.17,64.14,28.8
291,11.64,13,player,Borussia Mgladbach,0.7,948.0,987.8,1003.7,1080.0,53.23,72.47,13.8
291,11.64,19,player,Borussia Mgladbach,0.685,1596.4,443.8,1624.5,525.8,84.77,22.51,4.7
291,11.64,24,player,Borussia Mgladbach,0.681,783.8,645.4,816.7,744.9,44.83,43.22,20.8
291,11.64,48,player,Borussia Mgladbach,0.67,1630.0,674.3,1670.7,762.2,85.58,44.8,31.4
291,11.64,11,player,Borussia Mgladbach,0.638,983.9,683.8,1011.5,765.2,54.3,45.07,38.0
291,11.64,28,player,Borussia Mgladbach,0.52,848.9,322.6,872.8,386.3,47.48,8.6,32.8
291,11.64,46,player,Borussia Mgladbach,0.482,873.7,417.6,900.1,490.3,48.86,19.02,20.4
291,11.64,39,player,Borussia Mgladbach,0.458,451.4,384.5,482.0,450.4,27.74,15.06,0.0
291,11.64,22,player,Borussia Mgladbach,0.432,1210.4,437.7,1238.0,507.6,65.64,20.73,10.5
291,11.64,27,player,Borussia Mgladbach,0.418,1402.9,336.8,1430.6,395.3,75.61,9.51,10.1
291,11.64,35,player,VfL Wolfsburg,0.407,1474.9,337.4,1503.1,403.4,79.24,10.34,20.2
291,11.64,43,player,Borussia Mgladbach,0.402,1217.4,242.9,1241.3,311.0,66.31,0.84,24.2
291,11.64,41,player,Borussia Mgladbach,0.387,654.8,277.9,676.4,336.4,37.47,3.48,19.7
291,11.64,0,ball,Ball,0.7,123.0,40.0,132.0,49.0,7.99,-28.12,0.0
292,11.68,4,player,Borussia Mgladbach,0.739,439.6,927.6,480.1,1054.8,29.5,70.36,23.5
292,11.68,13,player,Borussia Mgladbach,0.712,946.1,993.1,1000.3,1080.0,53.11,72.47,11.0
292,11.68,8,player,Borussia Mgladbach,0.706,1403.8,889.9,1448.8,998.0,74.11,65.57,38.0
292,11.68,11,player,Borussia Mgladbach,0.677,980.5,683.7,1014.5,776.3,54.29,46.08,38.0
292,11.68,28,player,Borussia Mgladbach,0.632,844.9,321.7,869.7,384.1,47.29,8.38,25.6
292,11.68,19,player,Borussia Mgladbach,0.629,1596.6,440.7,1623.4,523.6,84.76,22.29,19.8
292,11.68,24,player,Borussia Mgladbach,0.576,778.9,646.2,815.8,743.0,44.68,43.04,20.3
292,11.68,48,player,Borussia Mgladbach,0.546,1631.0,677.0,1675.0,763.6,85.7,44.93,15.9
292,11.68,22,player,Borussia Mgladbach,0.51,1208.9,436.8,1235.5,507.2,65.55,20.69,9.4
292,11.68,46,player,Borussia Mgladbach,0.502,873.9,416.9,899.7,490.6,48.85,19.06,2.9
292,11.68,39,player,Borussia Mgladbach,0.498,449.1,381.8,479.5,455.6,27.65,15.58,38.0
292,11.68,35,player,VfL Wolfsburg,0.448,1474.9,337.1,1503.3,402.2,79.25,10.21,11.6
292,11.68,27,player,Borussia Mgladbach,0.445,1396.9,339.2,1427.0,392.8,75.38,9.26,30.7
292,11.68,41,player,Borussia Mgladbach,0.357,648.8,277.2,671.1,334.1,37.17,3.24,34.2
292,11.68,43,player,Borussia Mgladbach,0.327,1214.1,244.3,1240.2,311.1,66.19,0.85,10.1
292,11.68,45,player,Borussia Mgladbach,0.302,1288.7,277.4,1314.9,329.8,69.97,2.8,15.1
292,11.68,0,ball,Ball,0.7,116.0,40.0,124.0,48.0,7.59,-28.18,0.0
293,11.72,13,player,Borussia Mgladbach,0.756,941.5,995.8,996.4,1080.0,52.91,72.47,17.5
293,11.72,11,player,Borussia Mgladbach,0.681,979.3,682.3,1014.6,775.9,54.27,46.05,4.1
293,11.72,8,player,Borussia Mgladbach,0.675,1404.3,891.7,1448.8,1000.9,74.11,65.82,22.2
293,11.72,4,player,Borussia Mgladbach,0.671,434.3,928.1,474.9,1059.6,29.28,70.77,38.0
293,11.72,19,player,Borussia Mgladbach,0.635,1596.8,439.9,1623.0,522.9,84.76,22.23,5.4
293,11.72,48,player,Borussia Mgladbach,0.615,1632.1,675.9,1674.7,764.3,85.72,44.99,5.8
293,11.72,28,player,Borussia Mgladbach,0.597,841.8,323.5,865.7,382.3,47.11,8.2,23.1
293,11.72,46,player,Borussia Mgladbach,0.586,873.2,414.7,897.8,488.2,48.78,18.82,22.2
293,11.72,24,player,Borussia Mgladbach,0.556,777.1,649.6,812.9,739.7,44.57,42.74,28.7
293,11.72,39,player,Borussia Mgladbach,0.468,444.3,382.3,477.2,456.8,27.47,15.7,19.3
293,11.72,27,player,Borussia Mgladbach,0.467,1394.4,340.4,1424.5,390.2,75.26,8.99,26.8
293,11.72,22,player,Borussia Mgladbach,0.463,1209.0,439.2,1234.7,505.9,65.53,20.56,12.0
293,11.72,35,player,VfL Wolfsburg,0.461,1474.7,335.9,1503.0,401.0,79.24,10.1,10.3
293,11.72,43,player,Borussia Mgladbach,0.373,1211.3,241.1,1236.4,310.1,66.03,0.75,17.6
293,11.72,41,player,Borussia Mgladbach,0.338,641.6,277.9,664.7,331.8,36.82,3.0,38.0
293,11.72,45,player,Borussia Mgladbach,0.308,1286.0,274.6,1314.5,327.8,69.9,2.58,20.4
293,11.72,0,ball,Ball,0.7,109.0,39.0,119.0,47.0,7.26,-28.29,0.0
294,11.76,13,player,Borussia Mgladbach,0.728,937.2,996.7,993.0,1080.0,52.73,72.47,15.9
294,11.76,4,player,Borussia Mgladbach,0.725,429.6,933.6,472.5,1064.2,29.13,71.16,37.2
294,11.76,46,player,Borussia Mgladbach,0.658,871.5,410.2,897.3,486.1,48.73,18.61,19.1
294,11.76,8,player,Borussia Mgladbach,0.65,1404.2,893.3,1449.2,1001.3,74.12,65.85,2.6
294,11.76,28,player,Borussia Mgladbach,0.629,839.3,322.4,863.9,383.6,47.01,8.33,15.3
294,11.76,24,player,Borussia Mgladbach,0.593,774.9,647.1,811.7,740.5,44.49,42.82,9.5
294,11.76,11,player,Borussia Mgladbach,0.577,976.2,680.4,1016.9,774.9,54.25,45.95,8.8
294,11.76,48,player,Borussia Mgladbach,0.577,1634.5,677.2,1674.2,766.5,85.75,45.19,18.4
294,11.76,43,player,Borussia Mgladbach,0.535,1208.6,237.7,1234.0,309.5,65.9,0.68,13.0
294,11.76,27,player,Borussia Mgladbach,0.529,1391.4,339.8,1423.5,389.2,75.16,8.89,12.4
294,11.76,35,player,VfL Wolfsburg,0.477,1474.0,336.0,1503.1,401.4,79.22,10.14,3.9
294,11.76,19,player,Borussia Mgladbach,0.44,1596.2,439.9,1620.1,522.6,84.67,22.19,8.1
294,11.76,22,player,Borussia Mgladbach,0.432,1208.2,436.6,1233.0,504.8,65.47,20.45,11.0
294,11.76,49,player,Borussia Mgladbach,0.379,887.6,280.7,914.8,330.0,49.49,2.82,0.0
294,11.76,39,player,Borussia Mgladbach,0.372,441.1,382.8,472.3,455.9,27.27,15.62,20.2
294,11.76,41,player,Borussia Mgladbach,0.339,637.1,281.3,660.2,334.9,36.6,3.33,35.2
294,11.76,0,ball,Ball,0.7,103.0,39.0,111.0,46.0,6.88,-28.35,0.0
295,11.8,4,player,Borussia Mgladbach,0.767,424.4,937.1,466.4,1066.9,28.88,71.38,30.1
295,11.8,13,player,Borussia Mgladbach,0.738,935.3,997.8,990.9,1080.0,52.64,72.47,8.3
295,11.8,46,player,Borussia Mgladbach,0.699,869.9,409.5,897.0,487.0,48.68,18.69,8.4
295,11.8,8,player,Borussia Mgladbach,0.662,1406.1,894.0,1449.7,1003.9,74.17,66.07,20.8
295,11.8,24,player,Borussia Mgladbach,0.64,772.5,646.1,806.3,740.9,44.3,42.86,17.4
295,11.8,28,player,Borussia Mgladbach,0.596,835.5,321.8,860.4,384.0,46.82,8.36,17.0
295,11.8,19,player,Borussia Mgladbach,0.566,1595.1,438.6,1619.4,523.5,84.62,22.28,9.1
295,11.8,22,player,Borussia Mgladbach,0.554,1207.8,435.6,1232.7,504.6,65.45,20.43,2.4
295,11.8,27,player,Borussia Mgladbach,0.552,1388.4,339.8,1424.2,391.1,75.1,9.09,18.4
295,11.8,43,player,Borussia Mgladbach,0.55,1200.0,236.3,1232.6,309.6,65.64,0.7,23.3
295,11.8,11,player,Borussia Mgladbach,0.504,975.7,680.8,1020.5,776.2,54.32,46.07,12.7
295,11.8,48,player,Borussia Mgladbach,0.493,1636.5,679.2,1671.8,769.5,85.73,45.47,25.1
295,11.8,35,player,VfL Wolfsburg,0.484,1473.8,336.6,1503.0,401.3,79.21,10.12,1.5
295,11.8,41,player,Borussia Mgladbach,0.472,632.2,277.3,654.8,335.5,36.34,3.39,24.3
295,11.8,45,player,Borussia Mgladbach,0.341,1281.6,271.1,1310.2,322.8,69.69,2.07,24.9
295,11.8,39,player,Borussia Mgladbach,0.327,440.1,383.9,470.2,447.7,27.16,14.79,38.0
295,11.8,49,player,Borussia Mgladbach,0.308,888.4,279.7,913.1,331.1,49.47,2.93,9.9
295,11.8,0,ball,Ball,0.7,95.0,38.0,104.0,45.0,6.48,-28.46,0.0
296,11.84,4,player,Borussia Mgladbach,0.779,419.2,939.0,461.9,1072.1,28.67,71.82,38.0
296,11.84,46,player,Borussia Mgladbach,0.73,867.1,408.6,895.2,485.0,48.56,18.5,20.2
296,11.84,24,player,Borussia Mgladbach,0.718,767.8,643.6,800.1,744.3,44.04,43.17,36.5
296,11.84,13,player,Borussia Mgladbach,0.688,933.2,1000.0,986.8,1080.0,52.5,72.47,13.0
296,11.84,8,player,Borussia Mgladbach,0.643,1406.6,895.4,1449.1,1002.7,74.17,65.97,9.0
296,11.84,22,player,Borussia Mgladbach,0.64,1205.8,432.9,1232.2,504.1,65.39,20.39,6.9
296,11.84,19,player,Borussia Mgladbach,0.624,1593.3,439.8,1620.0,521.4,84.6,22.08,18.5
296,11.84,48,player,Borussia Mgladbach,0.602,1636.0,681.1,1670.7,769.7,85.69,45.48,3.6
296,11.84,11,player,Borussia Mgladbach,0.597,975.7,682.3,1022.3,773.7,54.36,45.85,20.4
296,11.84,27,player,Borussia Mgladbach,0.581,1386.2,341.0,1422.6,393.7,74.99,9.35,25.7
296,11.84,35,player,VfL Wolfsburg,0.512,1473.4,334.1,1502.8,401.3,79.2,10.12,1.3
296,11.84,28,player,Borussia Mgladbach,0.505,832.7,322.0,857.6,384.5,46.68,8.42,13.6
296,11.84,43,player,Borussia Mgladbach,0.475,1195.6,233.5,1232.2,312.4,65.51,0.99,28.9
296,11.84,39,player,Borussia Mgladbach,0.458,437.5,385.4,464.9,444.0,26.94,14.42,38.0
296,11.84,41,player,Borussia Mgladbach,0.457,625.8,277.6,649.8,335.6,36.04,3.4,26.3
296,11.84,50,player,VfL Wolfsburg,0.42,1670.5,607.0,1706.4,688.5,87.79,38.02,0.0
296,11.84,45,player,Borussia Mgladbach,0.378,1281.1,269.6,1307.6,320.8,69.61,1.86,19.9
296,11.84,0,ball,Ball,0.7,88.0,38.0,96.0,44.0,6.07,-28.52,0.0
297,11.88,4,player,Borussia Mgladbach,0.767,411.9,945.4,455.2,1074.2,28.36,71.99,32.2
297,11.88,46,player,Borussia Mgladbach,0.759,864.1,409.3,894.8,483.9,48.48,18.4,12.2
297,11.88,24,player,Borussia Mgladbach,0.701,764.8,643.2,795.6,747.0,43.87,43.41,27.1
297,11.88,11,player,Borussia Mgladbach,0.69,976.0,685.0,1024.5,775.4,54.43,45.99,14.4
297,11.88,22,player,Borussia Mgladbach,0.686,1202.8,431.7,1231.1,505.1,65.29,20.48,12.7
297,11.88,8,player,Borussia Mgladbach,0.666,1406.7,896.4,1449.6,1006.8,74.17,66.31,30.7
297,11.88,13,player,Borussia Mgladbach,0.659,929.1,1004.6,983.8,1080.0,52.34,72.47,14.5
297,11.88,48,player,Borussia Mgladbach,0.653,1636.4,685.0,1671.0,771.8,85.7,45.67,17.3
297,11.88,19,player,Borussia Mgladbach,0.592,1592.7,439.9,1618.9,519.0,84.57,21.84,21.3
297,11.88,50,player,VfL Wolfsburg,0.572,1672.8,608.4,1709.5,687.2,87.92,37.9,16.4
297,11.88,27,player,Borussia Mgladbach,0.514,1385.4,341.0,1422.1,393.7,74.96,9.35,3.0
297,11.88,28,player,Borussia Mgladbach,0.493,829.4,323.4,854.2,381.8,46.51,8.14,29.4
297,11.88,41,player,Borussia Mgladbach,0.49,616.5,278.6,643.0,335.1,35.63,3.34,37.2
297,11.88,35,player,VfL Wolfsburg,0.467,1473.7,333.3,1502.3,401.3,79.19,10.12,0.7
297,11.88,39,player,Borussia Mgladbach,0.436,430.7,385.7,460.9,440.5,26.66,14.08,38.0
297,11.88,45,player,Borussia Mgladbach,0.383,1279.5,269.2,1302.3,320.5,69.44,1.83,16.1
297,11.88,0,ball,Ball,0.7,888.0,315.0,895.0,324.0,48.99,1.73,0.0
298,11.92,4,player,Borussia Mgladbach,0.745,406.7,946.0,449.4,1076.5,28.12,72.18,28.0
298,11.92,46,player,Borussia Mgladbach,0.737,860.6,409.4,893.7,483.6,48.36,18.36,10.7
298,11.92,22,player,Borussia Mgladbach,0.714,1201.5,429.8,1231.7,503.3,65.27,20.3,16.0
298,11.92,24,player,Borussia Mgladbach,0.683,759.7,646.4,793.8,747.4,43.7,43.45,15.1
298,11.92,11,player,Borussia Mgladbach,0.682,979.5,685.9,1025.3,776.7,54.53,46.11,14.0
298,11.92,19,player,Borussia Mgladbach,0.674,1591.5,439.9,1618.1,518.5,84.53,21.79,6.1
298,11.92,8,player,Borussia Mgladbach,0.669,1407.2,897.3,1449.3,1014.1,74.15,66.93,38.0
298,11.92,48,player,Borussia Mgladbach,0.669,1638.0,686.3,1672.4,774.5,85.75,45.92,23.0
298,11.92,13,player,Borussia Mgladbach,0.66,925.4,1004.5,979.6,1080.0,52.16,72.47,16.3
298,11.92,39,player,Borussia Mgladbach,0.592,426.3,383.4,457.7,456.3,26.53,15.65,38.0
298,11.92,50,player,VfL Wolfsburg,0.524,1676.0,605.5,1709.9,689.4,88.0,38.09,19.0
298,11.92,35,player,VfL Wolfsburg,0.496,1473.5,332.1,1499.6,400.3,79.12,10.02,10.5
298,11.92,27,player,Borussia Mgladbach,0.487,1384.8,340.6,1423.7,392.4,74.99,9.22,11.5
298,11.92,28,player,Borussia Mgladbach,0.477,825.9,320.8,850.4,380.0,46.32,7.96,23.6
298,11.92,45,player,Borussia Mgladbach,0.457,1276.9,265.6,1300.8,319.7,69.33,1.75,11.9
298,11.92,41,player,Borussia Mgladbach,0.334,611.8,279.8,638.7,334.7,35.4,3.31,21.0
298,11.92,23,player,VfL Wolfsburg,0.325,733.8,368.9,760.8,444.6,41.82,14.48,0.0
298,11.92,0,ball,Ball,0.7,1205.0,482.0,1213.0,494.0,64.92,18.8,0.0
299,11.96,46,player,Borussia Mgladbach,0.742,860.1,409.5,892.8,483.7,48.33,18.38,3.3
299,11.96,4,player,Borussia Mgladbach,0.73,402.2,950.1,444.6,1078.0,27.91,72.31,22.0
299,11.96,19,player,Borussia Mgladbach,0.721,1588.6,437.6,1616.9,520.3,84.42,21.97,18.7
299,11.96,11,player,Borussia Mgladbach,0.687,990.2,686.5,1027.4,775.5,54.83,46.01,29.3
299,11.96,24,player,Borussia Mgladbach,0.668,752.6,649.8,792.2,748.5,43.49,43.55,20.7
299,11.96,22,player,Borussia Mgladbach,0.66,1199.4,429.1,1230.5,501.6,65.19,20.14,16.4
299,11.96,8,player,Borussia Mgladbach,0.657,1407.2,898.6,1448.6,1015.2,74.13,67.03,8.9
299,11.96,13,player,Borussia Mgladbach,0.646,923.6,1007.6,976.8,1080.0,52.05,72.47,9.5
299,11.96,48,player,Borussia Mgladbach,0.643,1638.3,685.9,1673.5,772.9,85.8,45.77,14.0
299,11.96,50,player,VfL Wolfsburg,0.623,1676.9,604.4,1711.6,690.3,88.06,38.18,9.3
299,11.96,41,player,Borussia Mgladbach,0.56,605.4,276.9,630.8,330.9,35.03,2.91,38.0
299,11.96,28,player,Borussia Mgladbach,0.54,824.4,316.2,849.0,379.1,46.24,7.87,10.3
299,11.96,35,player,VfL Wolfsburg,0.521,1471.8,332.1,1498.6,399.5,79.06,9.94,9.7
299,11.96,27,player,Borussia Mgladbach,0.515,1386.0,338.7,1424.9,391.5,75.05,9.12,10.5
299,11.96,39,player,Borussia Mgladbach,0.478,423.8,383.6,453.2,444.8,26.31,14.5,38.0
299,11.96,45,player,Borussia Mgladbach,0.429,1273.2,265.0,1297.5,320.9,69.15,1.87,19.7
299,11.96,49,player,Borussia Mgladbach,0.33,879.5,275.8,909.9,328.3,49.16,2.64,9.5
299,11.96,23,player,VfL Wolfsburg,0.309,730.1,370.0,759.5,444.0,41.69,14.42,12.3
299,11.96,0,ball,Ball,0.7,114.0,54.0,128.0,71.0,7.78,-26.09,0.0
300,12.0,4,player,Borussia Mgladbach,0.785,395.3,952.3,439.6,1079.0,27.64,72.39,25.2
300,12.0,46,player,Borussia Mgladbach,0.736,860.7,410.3,890.5,482.3,48.28,18.23,13.7
300,12.0,22,player,Borussia Mgladbach,0.699,1197.9,429.8,1230.9,502.8,65.17,20.25,10.3
300,12.0,11,player,Borussia Mgladbach,0.698,992.6,687.1,1028.0,778.6,54.9,46.29,26.5
300,12.0,19,player,Borussia Mgladbach,0.684,1587.4,438.3,1617.8,519.2,84.41,21.87,9.5
300,12.0,48,player,Borussia Mgladbach,0.683,1638.9,685.4,1675.6,774.5,85.85,45.92,14.4
300,12.0,8,player,Borussia Mgladbach,0.659,1407.5,898.1,1447.5,1011.3,74.13,66.7,30.2
300,12.0,41,player,Borussia Mgladbach,0.642,598.1,276.5,625.9,332.6,34.72,3.08,31.8
300,12.0,13,player,Borussia Mgladbach,0.626,919.1,1010.3,973.5,1080.0,51.87,72.47,16.1
300,12.0,28,player,Borussia Mgladbach,0.619,820.1,315.7,846.0,378.3,46.06,7.79,18.4
300,12.0,50,player,VfL Wolfsburg,0.596,1678.3,601.9,1714.2,690.6,88.15,38.21,8.8
300,12.0,24,player,Borussia Mgladbach,0.587,746.9,651.8,790.5,750.9,43.32,43.77,25.3
300,12.0,35,player,VfL Wolfsburg,0.554,1470.4,331.6,1497.1,395.3,79.0,9.52,38.0
300,12.0,27,player,Borussia Mgladbach,0.499,1386.9,338.7,1425.1,392.0,75.08,9.18,5.7
300,12.0,45,player,Borussia Mgladbach,0.488,1271.9,260.2,1295.3,318.5,69.07,1.62,24.1
300,12.0,49,player,Borussia Mgladbach,0.392,877.6,271.7,910.3,328.0,49.12,2.61,4.2
300,12.0,39,player,Borussia Mgladbach,0.376,419.8,385.7,447.6,440.6,26.05,14.09,38.0
300,12.0,23,player,VfL Wolfsburg,0.302,728.3,369.8,757.8,445.1,41.6,14.53,12.5
300,12.0,0,ball,Ball,0.7,104.0,55.0,120.0,71.0,7.3,-26.03,0.0
301,12.04,46,player,Borussia Mgladbach,0.774,858.2,408.6,889.7,482.7,48.2,18.27,8.0
301,12.04,11,player,Borussia Mgladbach,0.734,993.8,685.4,1031.9,779.9,55.02,46.41,15.1
301,12.04,4,player,Borussia Mgladbach,0.733,390.2,955.0,431.8,1079.3,27.34,72.41,26.6
301,12.04,19,player,Borussia Mgladbach,0.731,1586.0,434.4,1615.7,516.4,84.34,21.59,25.6
301,12.04,22,player,Borussia Mgladbach,0.7,1198.2,430.2,1230.1,502.6,65.15,20.24,1.9
301,12.04,48,player,Borussia Mgladbach,0.648,1637.6,685.9,1677.0,776.2,85.85,46.07,13.7
301,12.04,8,player,Borussia Mgladbach,0.631,1408.4,900.1,1448.1,1015.8,74.15,67.08,34.7
301,12.04,35,player,VfL Wolfsburg,0.61,1469.0,329.5,1496.2,394.8,78.95,9.46,7.3
301,12.04,28,player,Borussia Mgladbach,0.601,816.6,312.5,842.0,376.3,45.87,7.58,25.3
301,12.04,13,player,Borussia Mgladbach,0.598,914.9,1014.6,971.1,1080.0,51.72,72.47,13.6
301,12.04,50,player,VfL Wolfsburg,0.598,1679.0,601.9,1716.4,688.2,88.23,37.99,21.0
301,12.04,41,player,Borussia Mgladbach,0.544,591.8,277.6,621.2,332.4,34.44,3.06,25.5
301,12.04,24,player,Borussia Mgladbach,0.533,741.7,650.0,787.0,750.4,43.11,43.72,19.3
301,12.04,27,player,Borussia Mgladbach,0.494,1384.8,339.7,1427.4,394.0,75.08,9.38,18.2
301,12.04,45,player,Borussia Mgladbach,0.466,1270.9,259.0,1294.2,316.6,69.02,1.42,18.3
301,12.04,51,player,Borussia Mgladbach,0.463,1042.6,295.5,1081.9,383.5,57.68,8.31,0.0
301,12.04,52,player,Borussia Mgladbach,0.436,1061.8,295.9,1082.0,344.5,58.2,4.32,0.0
301,12.04,49,player,Borussia Mgladbach,0.39,877.9,270.5,909.7,328.2,49.11,2.63,1.7
301,12.04,39,player,Borussia Mgladbach,0.384,416.6,384.1,443.1,431.4,25.82,13.16,38.0
301,12.04,0,ball,Ball,0.7,96.0,54.0,114.0,70.0,6.92,-26.14,0.0
302,12.08,11,player,Borussia Mgladbach,0.815,993.7,684.8,1034.0,781.0,55.07,46.5,9.6
302,12.08,46,player,Borussia Mgladbach,0.78,857.8,408.8,888.5,482.4,48.16,18.25,4.4
302,12.08,19,player,Borussia Mgladbach,0.757,1585.0,434.0,1615.5,517.1,84.31,21.66,6.7
302,12.08,22,player,Borussia Mgladbach,0.745,1198.1,429.5,1229.1,503.3,65.12,20.3,6.7
302,12.08,4,player,Borussia Mgladbach,0.726,383.8,957.2,426.6,1080.0,27.08,72.47,24.5
302,12.08,48,player,Borussia Mgladbach,0.647,1636.1,686.9,1679.2,777.8,85.86,46.22,13.3
302,12.08,35,player,VfL Wolfsburg,0.639,1467.2,329.7,1493.9,393.9,78.85,9.38,11.7
302,12.08,28,player,Borussia Mgladbach,0.631,813.3,312.2,839.4,379.4,45.72,7.89,31.3
302,12.08,13,player,Borussia Mgladbach,0.596,912.4,1017.6,966.6,1079.7,51.56,72.45,14.6
302,12.08,8,player,Borussia Mgladbach,0.584,1408.8,903.4,1448.4,1017.6,74.16,67.24,14.1
302,12.08,27,player,Borussia Mgladbach,0.565,1385.9,340.2,1430.4,395.0,75.18,9.48,12.6
302,12.08,39,player,Borussia Mgladbach,0.533,409.8,383.0,439.0,440.4,25.58,14.07,38.0
302,12.08,41,player,Borussia Mgladbach,0.524,585.2,274.9,613.7,331.7,34.08,2.99,33.3
302,12.08,24,player,Borussia Mgladbach,0.508,737.3,652.5,779.2,751.6,42.82,43.83,28.0
302,12.08,50,player,VfL Wolfsburg,0.503,1678.2,603.0,1719.2,687.6,88.29,37.93,7.1
302,12.08,51,player,Borussia Mgladbach,0.425,1041.1,299.6,1079.9,385.8,57.59,8.55,23.1
302,12.08,49,player,Borussia Mgladbach,0.421,879.6,269.5,908.9,328.0,49.14,2.61,2.8
302,12.08,52,player,Borussia Mgladbach,0.358,1062.8,294.8,1080.4,335.0,58.2,3.34,38.0
302,12.08,0,ball,Ball,0.7,28.0,66.0,36.0,76.0,3.1,-25.13,0.0
303,12.12,46,player,Borussia Mgladbach,0.819,856.1,405.4,887.2,482.1,48.09,18.21,7.2
303,12.12,11,player,Borussia Mgladbach,0.806,993.7,679.8,1033.9,776.9,55.07,46.13,33.5
303,12.12,19,player,Borussia Mgladbach,0.796,1583.0,431.4,1614.3,515.9,84.23,21.54,12.4
303,12.12,22,player,Borussia Mgladbach,0.785,1197.5,428.2,1228.0,502.8,65.08,20.26,5.6
303,12.12,4,player,Borussia Mgladbach,0.721,378.0,960.6,420.3,1079.8,26.8,72.45,25.0
303,12.12,13,player,Borussia Mgladbach,0.708,907.2,1018.5,961.9,1078.7,51.33,72.36,21.9
303,12.12,35,player,VfL Wolfsburg,0.677,1465.1,329.4,1493.2,392.0,78.78,9.18,18.7
303,12.12,41,player,Borussia Mgladbach,0.665,579.4,275.4,607.2,331.1,33.76,2.93,28.9
303,12.12,28,player,Borussia Mgladbach,0.646,810.0,313.8,835.4,379.1,45.54,7.87,16.9
303,12.12,48,player,Borussia Mgladbach,0.646,1632.4,688.8,1680.3,780.6,85.78,46.47,23.6
303,12.12,39,player,Borussia Mgladbach,0.615,405.4,380.4,435.7,449.8,25.43,15.0,38.0
303,12.12,8,player,Borussia Mgladbach,0.591,1410.8,905.3,1448.4,1019.0,74.2,67.35,11.1
303,12.12,27,player,Borussia Mgladbach,0.584,1389.2,340.7,1430.3,394.4,75.26,9.43,8.9
303,12.12,50,player,VfL Wolfsburg,0.507,1677.8,602.9,1722.1,686.0,88.35,37.78,14.6
303,12.12,24,player,Borussia Mgladbach,0.496,733.5,657.2,773.3,753.0,42.59,43.96,24.0
303,12.12,51,player,Borussia Mgladbach,0.452,1036.3,296.8,1076.8,387.8,57.39,8.76,25.9
303,12.12,49,player,Borussia Mgladbach,0.447,879.4,270.2,909.5,327.3,49.15,2.54,6.8
303,12.12,53,player,Borussia Mgladbach,0.427,1146.1,1019.7,1176.2,1080.0,61.72,72.47,0.0
303,12.12,26,player,VfL Wolfsburg,0.409,745.6,492.9,774.3,583.4,42.66,28.08,0.0
303,12.12,52,player,Borussia Mgladbach,0.402,1057.2,293.8,1079.4,336.1,58.03,3.45,18.3
303,12.12,45,player,Borussia Mgladbach,0.394,1264.7,258.4,1290.8,311.3,68.79,0.87,26.8
303,12.12,0,ball,Ball,0.7,83.0,53.0,98.0,68.0,6.14,-26.31,0.0
304,12.16,46,player,Borussia Mgladbach,0.812,854.2,403.5,887.0,480.9,48.03,18.09,12.0
304,12.16,22,player,Borussia Mgladbach,0.79,1195.6,425.8,1226.0,502.8,64.99,20.25,8.7
304,12.16,11,player,Borussia Mgladbach,0.786,994.0,678.8,1035.0,778.4,55.1,46.27,12.4
304,12.16,19,player,Borussia Mgladbach,0.779,1582.4,432.3,1613.0,516.3,84.18,21.58,5.8
304,12.16,4,player,Borussia Mgladbach,0.76,372.6,961.1,416.2,1079.9,26.58,72.46,19.5
304,12.16,13,player,Borussia Mgladbach,0.719,903.0,1020.0,960.0,1080.0,51.19,72.47,15.9
304,12.16,48,player,Borussia Mgladbach,0.687,1631.5,688.5,1682.8,783.1,85.81,46.7,20.7
304,12.16,35,player,VfL Wolfsburg,0.62,1461.9,330.9,1493.2,392.7,78.7,9.25,10.0
304,12.16,50,player,VfL Wolfsburg,0.616,1677.9,602.7,1723.9,688.5,88.39,38.02,21.2
304,12.16,24,player,Borussia Mgladbach,0.612,730.7,652.8,769.8,750.0,42.43,43.68,28.5
304,12.16,39,player,Borussia Mgladbach,0.608,400.7,381.0,431.7,455.2,25.23,15.54,38.0
304,12.16,8,player,Borussia Mgladbach,0.601,1411.4,905.6,1448.7,1020.8,74.21,67.51,14.0
304,12.16,27,player,Borussia Mgladbach,0.576,1391.2,339.8,1428.2,394.2,75.26,9.4,2.6
304,12.16,28,player,Borussia Mgladbach,0.55,805.7,312.1,831.1,377.2,45.31,7.67,26.7
304,12.16,41,player,Borussia Mgladbach,0.528,574.5,276.0,599.9,332.2,33.45,3.04,29.3
304,12.16,51,player,Borussia Mgladbach,0.456,1037.6,293.8,1078.0,381.0,57.46,8.06,38.0
304,12.16,49,player,Borussia Mgladbach,0.344,881.3,271.6,908.2,325.4,49.16,2.33,18.2
304,12.16,45,player,Borussia Mgladbach,0.343,1261.2,257.7,1288.6,308.9,68.65,0.62,25.9
304,12.16,0,ball,Ball,0.7,77.0,52.0,91.0,67.0,5.78,-26.43,0.0
305,12.2,22,player,Borussia Mgladbach,0.8,1195.3,423.9,1225.7,502.6,64.97,20.23,2.3
305,12.2,19,player,Borussia Mgladbach,0.789,1581.9,432.5,1613.1,515.9,84.17,21.54,3.4
305,12.2,46,player,Borussia Mgladbach,0.786,853.7,403.5,884.3,481.0,47.95,18.1,7.2
305,12.2,11,player,Borussia Mgladbach,0.772,992.5,677.4,1037.9,776.7,55.14,46.12,13.7
305,12.2,48,player,Borussia Mgladbach,0.72,1633.5,691.0,1685.6,783.5,85.92,46.73,10.5
305,12.2,4,player,Borussia Mgladbach,0.713,367.1,964.2,410.0,1080.0,26.32,72.47,24.1
305,12.2,13,player,Borussia Mgladbach,0.698,900.6,1024.6,957.7,1079.8,51.09,72.45,10.0
305,12.2,24,player,Borussia Mgladbach,0.644,727.1,653.5,769.7,751.2,42.34,43.79,12.7
305,12.2,50,player,VfL Wolfsburg,0.629,1678.4,605.8,1726.5,689.2,88.46,38.08,8.8
305,12.2,8,player,Borussia Mgladbach,0.561,1413.0,909.2,1448.2,1019.4,74.25,67.38,11.5
305,12.2,27,player,Borussia Mgladbach,0.557,1391.0,340.2,1429.5,394.8,75.29,9.47,6.6
305,12.2,28,player,Borussia Mgladbach,0.532,803.4,312.6,830.3,378.3,45.24,7.79,12.7
305,12.2,35,player,VfL Wolfsburg,0.499,1460.3,330.6,1492.0,391.5,78.63,9.13,12.7
305,12.2,39,player,Borussia Mgladbach,0.479,395.8,383.6,426.4,453.8,24.97,15.4,26.6
305,12.2,41,player,Borussia Mgladbach,0.412,567.0,273.3,592.0,331.6,33.05,2.98,36.4
305,12.2,51,player,Borussia Mgladbach,0.389,1040.0,294.3,1076.5,380.4,57.48,8.0,5.8
305,12.2,49,player,Borussia Mgladbach,0.371,879.7,270.8,908.5,324.4,49.13,2.24,9.1
305,12.2,0,ball,Ball,0.7,69.0,50.0,84.0,67.0,5.37,-26.54,0.0
306,12.24,11,player,Borussia Mgladbach,0.818,994.1,678.4,1038.6,775.0,55.19,45.97,14.5
306,12.24,22,player,Borussia Mgladbach,0.793,1194.7,420.9,1225.5,501.3,64.95,20.11,11.0
306,12.24,19,player,Borussia Mgladbach,0.791,1580.7,432.3,1612.6,517.2,84.13,21.66,11.5
306,12.24,46,player,Borussia Mgladbach,0.777,853.1,401.6,882.1,478.0,47.88,17.81,27.0
306,12.24,48,player,Borussia Mgladbach,0.727,1636.0,693.6,1686.7,784.4,86.0,46.82,10.6
306,12.24,4,player,Borussia Mgladbach,0.683,360.3,966.3,404.1,1080.0,26.03,72.47,26.2
306,12.24,50,player,VfL Wolfsburg,0.67,1683.3,605.3,1728.5,690.7,88.62,38.22,19.1
306,12.24,13,player,Borussia Mgladbach,0.64,899.2,1026.8,952.7,1079.7,50.94,72.45,13.1
306,12.24,28,player,Borussia Mgladbach,0.628,800.1,313.0,825.4,377.8,45.03,7.73,19.2
306,12.24,27,player,Borussia Mgladbach,0.624,1389.3,338.2,1431.2,394.9,75.28,9.47,0.4
306,12.24,24,player,Borussia Mgladbach,0.574,725.7,654.2,767.5,748.8,42.25,43.58,21.1
306,12.24,8,player,Borussia Mgladbach,0.567,1413.6,909.7,1448.4,1022.1,74.26,67.62,21.1
306,12.24,35,player,VfL Wolfsburg,0.541,1458.2,330.7,1492.0,392.3,78.58,9.21,8.7
306,12.24,39,player,Borussia Mgladbach,0.487,393.9,384.4,424.1,452.3,24.86,15.25,17.2
306,12.24,51,player,Borussia Mgladbach,0.465,1034.5,312.6,1068.9,379.9,57.15,7.95,30.2
306,12.24,49,player,Borussia Mgladbach,0.461,877.1,269.3,911.2,325.2,49.13,2.32,7.2
306,12.24,41,player,Borussia Mgladbach,0.426,561.8,272.1,586.4,327.8,32.77,2.59,38.0
306,12.24,45,player,Borussia Mgladbach,0.328,1257.6,256.1,1288.7,309.9,68.55,0.73,6.3
306,12.24,0,ball,Ball,0.7,62.0,50.0,76.0,65.0,4.97,-26.65,0.0
307,12.28,11,player,Borussia Mgladbach,0.814,999.5,679.0,1037.5,773.7,55.3,45.85,14.3
307,12.28,46,player,Borussia Mgladbach,0.798,852.1,401.1,880.4,476.5,47.82,17.66,15.4
307,12.28,22,player,Borussia Mgladbach,0.781,1193.5,420.4,1225.4,500.5,64.92,20.03,8.0
307,12.28,19,player,Borussia Mgladbach,0.763,1580.2,432.5,1612.3,516.1,84.11,21.56,9.3
307,12.28,48,player,Borussia Mgladbach,0.745,1641.0,691.7,1687.5,784.8,86.14,46.85,12.5
307,12.28,4,player,Borussia Mgladbach,0.729,354.3,971.2,398.7,1080.0,25.76,72.47,23.6
307,12.28,50,player,VfL Wolfsburg,0.709,1689.2,603.4,1732.4,689.6,88.86,38.12,23.8
307,12.28,28,player,Borussia Mgladbach,0.706,795.8,309.7,822.0,377.5,44.83,7.7,17.9
307,12.28,41,player,Borussia Mgladbach,0.681,557.7,267.6,580.7,328.8,32.52,2.69,23.9
307,12.28,35,player,VfL Wolfsburg,0.593,1457.2,329.1,1493.4,391.0,78.59,9.07,12.2
307,12.28,27,player,Borussia Mgladbach,0.589,1391.7,335.7,1432.7,395.6,75.38,9.55,11.0
307,12.28,13,player,Borussia Mgladbach,0.579,895.7,1029.8,949.4,1079.8,50.78,72.45,14.3
307,12.28,24,player,Borussia Mgladbach,0.55,724.4,650.9,763.4,749.9,42.13,43.68,14.6
307,12.28,51,player,Borussia Mgladbach,0.505,1035.7,310.1,1070.0,376.4,57.21,7.59,32.5
307,12.28,39,player,Borussia Mgladbach,0.475,389.4,385.0,421.3,454.7,24.69,15.5,27.0
307,12.28,49,player,Borussia Mgladbach,0.447,876.4,267.9,908.9,322.7,49.05,2.06,24.4
307,12.28,8,player,Borussia Mgladbach,0.359,1416.0,912.5,1448.9,994.8,74.4,65.3,38.0
307,12.28,45,player,Borussia Mgladbach,0.345,1256.7,254.4,1287.9,309.3,68.51,0.67,6.5
307,12.28,0,ball,Ball,0.7,56.0,47.0,72.0,65.0,4.69,-26.82,0.0
308,12.32,11,player,Borussia Mgladbach,0.81,1002.5,683.1,1039.0,773.4,55.41,45.82,10.1
308,12.32,50,player,VfL Wolfsburg,0.784,1693.7,602.8,1734.4,690.5,89.02,38.2,15.9
308,12.32,46,player,Borussia Mgladbach,0.783,852.0,400.5,880.6,475.1,47.82,17.52,12.2
308,12.32,48,player,Borussia Mgladbach,0.769,1647.5,695.5,1688.5,786.1,86.31,46.97,19.0
308,12.32,19,player,Borussia Mgladbach,0.768,1580.8,431.8,1614.7,516.9,84.18,21.64,9.4
308,12.32,4,player,Borussia Mgladbach,0.764,348.6,972.4,392.8,1080.0,25.5,72.47,24.0
308,12.32,22,player,Borussia Mgladbach,0.761,1194.0,419.6,1226.0,497.7,64.96,19.75,25.3
308,12.32,28,player,Borussia Mgladbach,0.676,792.7,305.4,818.6,374.6,44.67,7.4,31.0
308,12.32,39,player,Borussia Mgladbach,0.644,388.5,383.9,417.0,448.7,24.53,14.9,38.0
308,12.32,13,player,Borussia Mgladbach,0.589,892.3,1032.3,946.9,1079.4,50.65,72.42,12.5
308,12.32,27,player,Borussia Mgladbach,0.577,1397.0,337.1,1435.3,394.6,75.58,9.44,20.5
308,12.32,51,player,Borussia Mgladbach,0.555,1039.0,296.6,1074.8,375.4,57.42,7.49,20.5
308,12.32,24,player,Borussia Mgladbach,0.552,723.2,651.1,761.1,748.9,42.04,43.59,11.2
308,12.32,35,player,VfL Wolfsburg,0.527,1458.5,328.8,1494.6,389.3,78.66,8.9,16.8
308,12.32,41,player,Borussia Mgladbach,0.516,551.7,266.2,574.9,327.3,32.22,2.53,30.9
308,12.32,45,player,Borussia Mgladbach,0.378,1255.8,250.0,1284.9,308.2,68.42,0.55,13.6
308,12.32,49,player,Borussia Mgladbach,0.361,874.6,267.8,910.1,322.2,49.04,2.01,5.1
308,12.32,0,ball,Ball,0.7,2.0,25.0,9.0,30.0,1.33,-30.05,0.0
309,12.36,4,player,Borussia Mgladbach,0.793,345.3,975.3,390.0,1079.6,25.36,72.44,12.8
309,12.36,11,player,Borussia Mgladbach,0.766,1010.2,683.8,1040.5,772.4,55.63,45.73,21.4
309,12.36,22,player,Borussia Mgladbach,0.747,1194.3,421.0,1225.9,496.1,64.96,19.6,13.5
309,12.36,48,player,Borussia Mgladbach,0.733,1653.1,696.6,1692.2,787.6,86.53,47.11,22.8
309,12.36,46,player,Borussia Mgladbach,0.716,852.5,399.7,879.1,474.6,47.79,17.47,5.3
309,12.36,50,player,VfL Wolfsburg,0.694,1700.2,603.0,1737.5,689.7,89.25,38.13,22.2
309,12.36,39,player,Borussia Mgladbach,0.656,384.9,379.2,416.4,452.4,24.44,15.26,33.9
309,12.36,13,player,Borussia Mgladbach,0.64,890.1,1033.5,945.0,1080.0,50.56,72.47,9.6
309,12.36,19,player,Borussia Mgladbach,0.627,1582.1,432.7,1615.5,515.6,84.24,21.51,12.7
309,12.36,28,player,Borussia Mgladbach,0.567,788.4,304.9,815.3,369.3,44.47,6.86,38.0
309,12.36,27,player,Borussia Mgladbach,0.544,1404.3,337.1,1439.0,395.5,75.86,9.53,26.1
309,12.36,41,player,Borussia Mgladbach,0.535,545.3,266.1,569.7,325.0,31.91,2.3,34.7
309,12.36,51,player,Borussia Mgladbach,0.532,1041.3,297.3,1075.1,377.8,57.48,7.73,22.7
309,12.36,35,player,VfL Wolfsburg,0.412,1459.8,328.3,1497.8,387.9,78.78,8.76,16.8
309,12.36,24,player,Borussia Mgladbach,0.392,724.2,651.2,755.3,747.7,41.92,43.48,14.5
309,12.36,45,player,Borussia Mgladbach,0.365,1254.8,249.8,1279.0,305.5,68.25,0.27,29.8
309,12.36,49,player,Borussia Mgladbach,0.358,875.1,267.4,911.6,321.1,49.09,1.89,11.2
309,12.36,0,ball,Ball,0.7,44.0,45.0,59.0,62.0,4.0,-27.1,0.0
310,12.4,4,player,Borussia Mgladbach,0.79,341.9,976.4,384.7,1079.2,25.15,72.41,18.5
310,12.4,22,player,Borussia Mgladbach,0.726,1194.4,420.7,1225.1,497.3,64.94,19.71,10.2
310,12.4,19,player,Borussia Mgladbach,0.724,1582.1,432.6,1613.6,518.0,84.18,21.75,22.2
310,12.4,11,player,Borussia Mgladbach,0.701,1014.0,682.8,1043.7,775.1,55.79,45.97,26.2
310,12.4,39,player,Borussia Mgladbach,0.689,385.7,377.0,416.0,452.2,24.45,15.25,1.7
310,12.4,46,player,Borussia Mgladbach,0.681,853.1,400.2,878.7,475.7,47.8,17.58,10.0
310,12.4,48,player,Borussia Mgladbach,0.679,1655.5,696.5,1692.1,788.0,86.58,47.14,6.0
310,12.4,28,player,Borussia Mgladbach,0.65,787.1,303.8,813.4,368.3,44.38,6.76,11.9
310,12.4,13,player,Borussia Mgladbach,0.617,887.9,1034.3,943.0,1080.0,50.46,72.47,8.7
310,12.4,51,player,Borussia Mgladbach,0.562,1042.0,296.9,1074.4,379.0,57.48,7.86,10.9
310,12.4,50,player,VfL Wolfsburg,0.529,1700.7,602.2,1739.6,690.4,89.31,38.19,7.6
310,12.4,24,player,Borussia Mgladbach,0.471,721.0,646.6,754.6,750.3,41.83,43.71,22.8
310,12.4,27,player,Borussia Mgladbach,0.417,1408.8,338.2,1439.4,398.3,75.97,9.82,27.8
310,12.4,41,player,Borussia Mgladbach,0.41,543.1,268.4,565.2,325.9,31.74,2.4,17.4
310,12.4,49,player,Borussia Mgladbach,0.392,880.7,267.5,911.3,319.8,49.22,1.76,17.2
310,12.4,35,player,VfL Wolfsburg,0.323,1460.7,327.6,1501.1,388.2,78.89,8.79,9.9
310,12.4,0,ball,Ball,0.7,471.0,224.0,481.0,235.0,27.37,-7.76,0.0
311,12.44,4,player,Borussia Mgladbach,0.743,339.2,977.4,383.6,1079.5,25.07,72.43,7.9
311,12.44,13,player,Borussia Mgladbach,0.711,886.7,1034.0,939.6,1080.0,50.35,72.47,9.5
311,12.44,22,player,Borussia Mgladbach,0.707,1195.3,421.1,1223.5,496.6,64.93,19.65,5.9
311,12.44,46,player,Borussia Mgladbach,0.698,854.3,400.5,879.2,473.8,47.84,17.39,17.2
311,12.44,48,player,Borussia Mgladbach,0.696,1655.2,697.3,1692.0,787.6,86.57,47.1,3.6
311,12.44,11,player,Borussia Mgladbach,0.649,1015.6,682.1,1045.5,775.4,55.87,46.0,8.1
311,12.44,39,player,Borussia Mgladbach,0.639,384.8,376.4,414.9,450.6,24.39,15.09,15.3
311,12.44,24,player,Borussia Mgladbach,0.631,719.6,645.7,754.6,747.8,41.8,43.49,20.9
311,12.44,19,player,Borussia Mgladbach,0.57,1582.6,432.5,1611.5,515.1,84.16,21.46,26.4
311,12.44,51,player,Borussia Mgladbach,0.567,1040.6,296.5,1074.8,377.9,57.46,7.74,10.7
311,12.44,50,player,VfL Wolfsburg,0.539,1702.0,602.1,1739.7,688.8,89.35,38.04,13.4
311,12.44,27,player,Borussia Mgladbach,0.49,1413.4,337.7,1441.1,393.4,76.15,9.32,38.0
311,12.44,28,player,Borussia Mgladbach,0.482,784.8,305.5,810.9,369.1,44.26,6.84,13.1
311,12.44,49,player,Borussia Mgladbach,0.351,886.6,267.1,911.8,321.3,49.39,1.91,20.3
311,12.44,41,player,Borussia Mgladbach,0.348,539.5,269.9,562.8,325.6,31.59,2.36,14.3
311,12.44,0,ball,Ball,0.7,471.0,226.0,480.0,235.0,27.35,-7.65,0.0
312,12.48,13,player,Borussia Mgladbach,0.707,883.9,1030.4,937.5,1079.7,50.24,72.45,10.3
312,12.48,4,player,Borussia Mgladbach,0.692,335.9,977.3,381.8,1080.0,24.95,72.47,11.0
312,12.48,48,player,Borussia Mgladbach,0.686,1654.3,696.0,1692.5,787.4,86.56,47.09,1.8
312,12.48,11,player,Borussia Mgladbach,0.671,1014.2,680.0,1048.1,775.3,55.9,45.99,2.9
312,12.48,24,player,Borussia Mgladbach,0.665,717.7,642.7,752.4,748.9,41.7,43.59,12.6
312,12.48,22,player,Borussia Mgladbach,0.649,1194.1,421.0,1222.2,497.3,64.87,19.71,8.3
312,12.48,39,player,Borussia Mgladbach,0.647,382.9,375.0,415.1,454.4,24.37,15.46,34.2
312,12.48,46,player,Borussia Mgladbach,0.636,855.4,398.0,880.0,474.4,47.88,17.45,7.1
312,12.48,19,player,Borussia Mgladbach,0.586,1582.1,429.4,1611.3,514.3,84.14,21.38,6.8
312,12.48,28,player,Borussia Mgladbach,0.582,783.3,305.3,809.5,372.6,44.19,7.2,33.4
312,12.48,27,player,Borussia Mgladbach,0.573,1415.7,337.7,1443.3,397.2,76.25,9.7,35.7
312,12.48,41,player,Borussia Mgladbach,0.556,535.9,268.1,560.0,323.5,31.42,2.14,24.8
312,12.48,51,player,Borussia Mgladbach,0.553,1041.4,297.9,1076.4,377.4,57.52,7.69,7.2
312,12.48,49,player,Borussia Mgladbach,0.484,888.3,266.2,914.4,326.5,49.5,2.45,38.0
312,12.48,50,player,VfL Wolfsburg,0.459,1702.6,600.5,1740.2,687.2,89.39,37.89,13.8
312,12.48,45,player,Borussia Mgladbach,0.303,1249.4,251.7,1278.4,304.1,68.09,0.12,6.3
312,12.48,0,ball,Ball,0.7,726.0,554.0,737.0,569.0,41.22,25.97,0.0
313,12.52,13,player,Borussia Mgladbach,0.747,881.3,1030.5,936.9,1079.8,50.17,72.46,6.7
313,12.52,46,player,Borussia Mgladbach,0.74,854.9,395.6,880.4,474.3,47.88,17.45,0.8
313,12.52,48,player,Borussia Mgladbach,0.712,1652.9,698.0,1693.4,787.6,86.55,47.1,2.1
313,12.52,4,player,Borussia Mgladbach,0.711,331.8,981.3,377.2,1080.0,24.76,72.47,18.0
313,12.52,24,player,Borussia Mgladbach,0.676,715.7,642.8,751.7,749.9,41.64,43.68,10.0
313,12.52,11,player,Borussia Mgladbach,0.658,1014.1,673.9,1050.0,771.8,55.95,45.67,29.4
313,12.52,19,player,Borussia Mgladbach,0.655,1581.4,427.2,1611.0,513.2,84.12,21.28,9.7
313,12.52,39,player,Borussia Mgladbach,0.651,382.1,375.7,414.2,454.9,24.33,15.52,6.0
313,12.52,51,player,Borussia Mgladbach,0.624,1042.4,299.3,1076.8,375.5,57.55,7.5,17.3
313,12.52,27,player,Borussia Mgladbach,0.539,1417.5,338.5,1446.5,398.2,76.37,9.81,14.4
313,12.52,22,player,Borussia Mgladbach,0.531,1193.7,421.3,1220.9,495.6,64.83,19.55,15.3
313,12.52,50,player,VfL Wolfsburg,0.49,1702.6,601.4,1740.3,688.2,89.38,37.99,8.5
313,12.52,41,player,Borussia Mgladbach,0.489,532.3,268.8,558.3,322.1,31.28,2.0,17.7
313,12.52,49,player,Borussia Mgladbach,0.481,893.7,266.9,915.9,325.0,49.68,2.3,20.9
313,12.52,28,player,Borussia Mgladbach,0.432,782.1,305.2,808.7,369.0,44.14,6.83,33.6
313,12.52,0,ball,Ball,0.7,1106.0,220.0,1118.0,229.0,60.4,-8.29,0.0
314,12.56,46,player,Borussia Mgladbach,0.817,854.6,395.9,882.1,474.0,47.92,17.41,4.2
314,12.56,24,player,Borussia Mgladbach,0.746,715.4,645.1,750.5,747.4,41.6,43.44,21.7
314,12.56,13,player,Borussia Mgladbach,0.74,880.2,1032.0,936.3,1080.0,50.13,72.47,3.7
314,12.56,11,player,Borussia Mgladbach,0.733,1013.6,671.2,1054.6,771.0,56.05,45.6,10.7
314,12.56,4,player,Borussia Mgladbach,0.73,328.5,981.9,373.7,1080.0,24.6,72.47,14.0
314,12.56,39,player,Borussia Mgladbach,0.704,381.3,376.5,413.8,453.5,24.29,15.37,13.3
314,12.56,48,player,Borussia Mgladbach,0.696,1653.2,698.8,1695.1,787.2,86.6,47.07,5.4
314,12.56,19,player,Borussia Mgladbach,0.637,1581.0,427.5,1610.4,511.0,84.11,21.06,19.8
314,12.56,51,player,Borussia Mgladbach,0.627,1043.4,298.6,1079.3,373.2,57.65,7.26,23.2
314,12.56,22,player,Borussia Mgladbach,0.614,1193.8,419.9,1222.2,494.7,64.86,19.45,9.0
314,12.56,41,player,Borussia Mgladbach,0.598,529.1,266.9,553.8,326.3,31.1,2.43,38.0
314,12.56,27,player,Borussia Mgladbach,0.573,1410.5,340.0,1449.8,404.1,76.26,10.41,38.0
314,12.56,50,player,VfL Wolfsburg,0.496,1702.5,601.8,1738.7,686.1,89.35,37.79,17.7
314,12.56,28,player,Borussia Mgladbach,0.464,781.5,304.9,807.6,369.4,44.09,6.88,5.4
314,12.56,49,player,Borussia Mgladbach,0.463,893.3,268.2,918.3,325.7,49.73,2.37,7.7
314,12.56,0,ball,Ball,0.7,34.0,50.0,48.0,62.0,3.46,-26.82,0.0
315,12.6,46,player,Borussia Mgladbach,0.816,854.9,394.8,884.2,472.8,47.98,17.3,11.8
315,12.6,11,player,Borussia Mgladbach,0.795,1013.2,669.6,1057.6,770.8,56.11,45.58,6.0
315,12.6,4,player,Borussia Mgladbach,0.751,326.3,983.4,372.2,1080.0,24.52,72.47,7.5
315,12.6,13,player,Borussia Mgladbach,0.721,879.7,1033.3,934.8,1080.0,50.08,72.47,4.0
315,12.6,24,player,Borussia Mgladbach,0.695,714.7,646.4,749.4,749.4,41.56,43.63,17.3
315,12.6,19,player,Borussia Mgladbach,0.682,1579.5,427.4,1609.2,511.1,84.04,21.07,6.4
315,12.6,48,player,Borussia Mgladbach,0.669,1651.8,699.3,1696.0,788.9,86.58,47.22,13.6
315,12.6,39,player,Borussia Mgladbach,0.667,381.8,378.1,413.1,453.2,24.28,15.34,3.3
315,12.6,22,player,Borussia Mgladbach,0.604,1192.9,417.6,1222.0,491.8,64.84,19.17,25.4
315,12.6,51,player,Borussia Mgladbach,0.597,1047.1,300.4,1080.5,371.4,57.77,7.08,19.6
315,12.6,50,player,VfL Wolfsburg,0.554,1702.7,601.3,1738.2,682.2,89.37,37.42,33.5
315,12.6,41,player,Borussia Mgladbach,0.523,526.5,266.7,550.4,326.7,30.94,2.47,14.2
315,12.6,27,player,Borussia Mgladbach,0.494,1415.1,341.7,1453.6,406.3,76.46,10.63,27.5
315,12.6,49,player,Borussia Mgladbach,0.44,893.8,265.7,920.2,323.2,49.79,2.11,23.9
315,12.6,28,player,Borussia Mgladbach,0.392,780.0,302.1,805.8,369.0,44.01,6.84,8.2
315,12.6,8,player,Borussia Mgladbach,0.307,1417.9,916.7,1466.3,1015.2,74.79,67.03,0.0
315,12.6,0,ball,Ball,0.7,32.0,51.0,46.0,64.0,3.37,-26.65,0.0
316,12.64,11,player,Borussia Mgladbach,0.823,1014.3,671.6,1059.2,769.5,56.17,45.47,11.6
316,12.64,46,player,Borussia Mgladbach,0.814,855.1,396.0,885.6,473.0,48.01,17.31,3.8
316,12.64,4,player,Borussia Mgladbach,0.765,323.4,984.3,368.6,1080.0,24.37,72.47,13.4
316,12.64,48,player,Borussia Mgladbach,0.739,1651.4,700.2,1696.8,789.1,86.59,47.24,2.1
316,12.64,24,player,Borussia Mgladbach,0.722,713.1,643.4,748.9,749.0,41.51,43.59,5.8
316,12.64,22,player,Borussia Mgladbach,0.72,1192.7,414.5,1222.5,493.2,64.84,19.31,12.1
316,12.64,19,player,Borussia Mgladbach,0.713,1578.7,430.3,1608.3,512.7,83.99,21.23,14.6
316,12.64,51,player,Borussia Mgladbach,0.655,1049.9,300.1,1082.8,374.7,57.9,7.41,32.0
316,12.64,13,player,Borussia Mgladbach,0.649,877.4,1032.1,929.7,1080.0,49.91,72.47,15.4
316,12.64,39,player,Borussia Mgladbach,0.63,382.5,382.2,413.3,452.5,24.3,15.28,5.7
316,12.64,50,player,VfL Wolfsburg,0.587,1703.7,602.9,1738.4,683.3,89.39,37.53,9.5
316,12.64,27,player,Borussia Mgladbach,0.575,1416.5,342.3,1456.5,408.2,76.57,10.82,19.6
316,12.64,41,player,Borussia Mgladbach,0.482,523.0,267.5,545.8,326.5,30.74,2.45,18.5
316,12.64,54,player,VfL Wolfsburg,0.442,1475.6,326.6,1510.6,389.5,79.5,8.92,0.0
316,12.64,28,player,Borussia Mgladbach,0.436,778.3,300.4,804.0,367.6,43.92,6.69,15.5
316,12.64,49,player,Borussia Mgladbach,0.415,894.5,269.6,920.7,322.8,49.82,2.07,4.8
316,12.64,8,player,Borussia Mgladbach,0.368,1419.3,917.6,1464.3,1018.5,74.77,67.31,25.3
316,12.64,0,ball,Ball,0.7,30.0,52.0,44.0,65.0,3.27,-26.54,0.0
317,12.68,11,player,Borussia Mgladbach,0.824,1018.5,673.8,1062.8,768.0,56.36,45.32,21.1
317,12.68,46,player,Borussia Mgladbach,0.808,854.3,395.5,886.1,473.3,48.01,17.34,2.7
317,12.68,4,player,Borussia Mgladbach,0.764,321.2,984.9,366.4,1080.0,24.26,72.47,9.3
317,12.68,22,player,Borussia Mgladbach,0.735,1193.0,412.5,1223.0,491.5,64.87,19.14,15.3
317,12.68,48,player,Borussia Mgladbach,0.729,1651.3,700.7,1697.8,788.7,86.61,47.2,4.0
317,12.68,24,player,Borussia Mgladbach,0.713,712.4,646.7,747.9,749.9,41.47,43.68,8.6
317,12.68,19,player,Borussia Mgladbach,0.708,1577.9,431.2,1607.5,509.1,83.97,20.87,31.9
317,12.68,13,player,Borussia Mgladbach,0.627,876.5,1035.6,928.4,1080.0,49.86,72.47,4.4
317,12.68,39,player,Borussia Mgladbach,0.625,382.6,381.1,414.0,452.5,24.32,15.27,1.9
317,12.68,51,player,Borussia Mgladbach,0.62,1054.8,299.5,1084.3,373.5,58.06,7.29,18.5
317,12.68,50,player,VfL Wolfsburg,0.552,1704.0,602.1,1739.1,683.1,89.42,37.51,2.7
317,12.68,27,player,Borussia Mgladbach,0.542,1422.5,343.2,1458.5,411.1,76.76,11.12,31.7
317,12.68,28,player,Borussia Mgladbach,0.535,776.6,301.0,801.2,367.7,43.81,6.7,10.4
317,12.68,8,player,Borussia Mgladbach,0.372,1421.4,918.6,1463.7,1016.5,74.8,67.14,16.1
317,12.68,55,player,Borussia Mgladbach,0.368,724.1,492.5,756.0,566.3,41.65,26.44,0.0
317,12.68,49,player,Borussia Mgladbach,0.359,894.8,269.1,924.8,322.5,49.93,2.04,10.5
317,12.68,54,player,VfL Wolfsburg,0.358,1478.6,326.6,1513.5,389.0,79.65,8.87,14.3
317,12.68,0,ball,Ball,0.7,28.0,52.0,43.0,66.0,3.19,-26.48,0.0
318,12.72,46,player,Borussia Mgladbach,0.805,855.2,395.9,886.8,472.2,48.05,17.23,10.1
318,12.72,4,player,Borussia Mgladbach,0.754,316.7,984.2,362.4,1080.0,24.07,72.47,17.2
318,12.72,22,player,Borussia Mgladbach,0.751,1192.7,412.9,1223.4,490.7,64.87,19.06,7.0
318,12.72,11,player,Borussia Mgladbach,0.747,1026.4,677.7,1065.7,765.6,56.62,45.11,30.3
318,12.72,19,player,Borussia Mgladbach,0.704,1576.9,432.4,1607.2,512.1,83.92,21.17,27.1
318,12.72,48,player,Borussia Mgladbach,0.695,1656.1,698.0,1698.8,789.0,86.75,47.23,12.6
318,12.72,24,player,Borussia Mgladbach,0.685,710.3,648.3,748.5,748.1,41.43,43.51,15.9
318,12.72,39,player,Borussia Mgladbach,0.641,381.8,380.7,414.0,450.9,24.3,15.12,14.0
318,12.72,50,player,VfL Wolfsburg,0.637,1703.8,601.5,1740.1,684.3,89.43,37.62,9.6
318,12.72,51,player,Borussia Mgladbach,0.622,1057.4,298.4,1085.9,374.8,58.17,7.43,15.5
318,12.72,27,player,Borussia Mgladbach,0.589,1426.4,346.1,1462.2,410.1,76.95,11.01,19.9
318,12.72,28,player,Borussia Mgladbach,0.583,773.2,302.7,799.4,366.7,43.67,6.6,14.9
318,12.72,13,player,Borussia Mgladbach,0.528,875.6,1040.2,926.6,1080.0,49.8,72.47,5.5
318,12.72,55,player,Borussia Mgladbach,0.416,722.6,493.0,756.1,567.3,41.62,26.53,9.0
318,12.72,41,player,Borussia Mgladbach,0.404,516.9,269.3,542.6,323.5,30.49,2.14,18.1
318,12.72,8,player,Borussia Mgladbach,0.312,1425.1,919.3,1466.6,1019.7,74.95,67.41,28.1
318,12.72,49,player,Borussia Mgladbach,0.306,901.9,266.6,927.8,321.7,50.19,1.96,24.0
318,12.72,0,ball,Ball,0.7,1492.0,350.0,1507.0,361.0,79.97,5.45,0.0
319,12.76,46,player,Borussia Mgladbach,0.794,855.7,396.3,887.2,473.0,48.07,17.31,7.4
319,12.76,22,player,Borussia Mgladbach,0.755,1192.4,412.4,1223.9,489.0,64.88,18.89,15.2
319,12.76,11,player,Borussia Mgladbach,0.722,1029.9,680.3,1066.4,766.7,56.72,45.21,12.5
319,12.76,19,player,Borussia Mgladbach,0.721,1577.3,432.1,1607.1,511.6,83.93,21.12,4.9
319,12.76,4,player,Borussia Mgladbach,0.708,315.0,987.6,358.8,1080.0,23.95,72.47,11.0
319,12.76,27,player,Borussia Mgladbach,0.647,1431.5,344.0,1465.1,410.3,77.15,11.03,18.0
319,12.76,48,player,Borussia Mgladbach,0.644,1657.9,700.3,1700.2,787.8,86.83,47.12,12.5
319,12.76,39,player,Borussia Mgladbach,0.611,382.0,378.0,410.9,450.4,24.22,15.06,8.6
319,12.76,28,player,Borussia Mgladbach,0.604,770.6,302.3,796.9,367.5,43.55,6.68,13.3
319,12.76,51,player,Borussia Mgladbach,0.599,1055.7,298.2,1085.3,373.9,58.11,7.33,10.0
319,12.76,24,player,Borussia Mgladbach,0.595,708.0,647.7,746.1,740.8,41.3,42.84,38.0
319,12.76,50,player,VfL Wolfsburg,0.554,1704.2,598.9,1740.5,683.2,89.46,37.52,9.4
319,12.76,13,player,Borussia Mgladbach,0.534,874.6,1041.0,925.0,1080.0,49.74,72.47,5.4
319,12.76,41,player,Borussia Mgladbach,0.458,513.5,269.7,538.1,323.4,30.28,2.13,18.3
319,12.76,55,player,Borussia Mgladbach,0.326,725.6,492.7,756.3,562.9,41.69,26.11,38.0
319,12.76,54,player,VfL Wolfsburg,0.325,1486.2,328.8,1516.6,389.0,79.92,8.88,12.2
319,12.76,8,player,Borussia Mgladbach,0.323,1425.3,920.6,1468.6,1032.9,74.96,68.53,38.0
319,12.76,49,player,Borussia Mgladbach,0.309,903.0,269.2,927.7,322.3,50.21,2.02,5.8
319,12.76,0,ball,Ball,0.7,24.0,54.0,39.0,67.0,2.99,-26.31,0.0
320,12.8,46,player,Borussia Mgladbach,0.816,856.6,395.3,886.0,472.9,48.06,17.3,1.5
320,12.8,11,player,Borussia Mgladbach,0.743,1034.2,676.8,1069.7,768.0,56.9,45.33,19.5
320,12.8,22,player,Borussia Mgladbach,0.742,1191.9,414.3,1224.5,489.2,64.88,18.92,2.2
320,12.8,19,player,Borussia Mgladbach,0.721,1575.9,432.4,1606.0,512.6,83.87,21.22,11.1
320,12.8,4,player,Borussia Mgladbach,0.717,311.8,988.0,356.3,1080.0,23.82,72.47,11.7
320,12.8,28,player,Borussia Mgladbach,0.666,767.4,301.4,793.6,366.3,43.38,6.56,18.5
320,12.8,48,player,Borussia Mgladbach,0.651,1660.3,698.8,1700.3,787.0,86.9,47.05,8.6
320,12.8,39,player,Borussia Mgladbach,0.647,378.1,375.3,410.0,453.4,24.11,15.36,28.6
320,12.8,24,player,Borussia Mgladbach,0.644,707.0,644.8,744.9,739.3,41.25,42.71,13.3
320,12.8,41,player,Borussia Mgladbach,0.628,509.2,268.7,534.2,323.2,30.08,2.11,18.8
320,12.8,51,player,Borussia Mgladbach,0.608,1052.9,296.6,1087.0,372.6,58.08,7.2,12.4
320,12.8,13,player,Borussia Mgladbach,0.556,871.2,1040.1,923.7,1080.0,49.63,72.47,9.9
320,12.8,27,player,Borussia Mgladbach,0.524,1435.0,345.6,1467.4,411.1,77.3,11.12,15.0
320,12.8,50,player,VfL Wolfsburg,0.524,1703.9,598.2,1741.9,682.1,89.49,37.41,9.7
320,12.8,55,player,Borussia Mgladbach,0.513,722.1,493.4,755.7,565.4,41.59,26.36,23.7
320,12.8,49,player,Borussia Mgladbach,0.382,905.0,268.7,928.2,323.4,50.28,2.13,11.6
320,12.8,0,ball,Ball,0.7,1496.0,350.0,1510.0,361.0,80.14,5.45,0.0
321,12.84,46,player,Borussia Mgladbach,0.76,857.5,392.8,885.3,473.1,48.07,17.32,2.4
321,12.84,11,player,Borussia Mgladbach,0.747,1035.4,677.1,1071.5,766.3,56.98,45.18,15.5
321,12.84,4,player,Borussia Mgladbach,0.705,309.7,987.8,354.0,1080.0,23.72,72.47,9.3
321,12.84,22,player,Borussia Mgladbach,0.696,1192.2,416.0,1225.2,489.9,64.91,18.99,6.7
321,12.84,28,player,Borussia Mgladbach,0.677,765.0,301.5,790.7,367.2,43.24,6.65,14.5
321,12.84,19,player,Borussia Mgladbach,0.673,1574.3,433.0,1604.7,513.0,83.79,21.26,7.4
321,12.84,48,player,Borussia Mgladbach,0.666,1663.9,697.3,1699.7,787.0,86.97,47.05,6.5
321,12.84,39,player,Borussia Mgladbach,0.661,377.7,374.9,408.5,452.9,24.06,15.31,6.3
321,12.84,41,player,Borussia Mgladbach,0.632,505.3,267.5,529.8,324.6,29.87,2.26,22.8
321,12.84,13,player,Borussia Mgladbach,0.568,869.3,1040.5,921.4,1080.0,49.54,72.47,8.6
321,12.84,55,player,Borussia Mgladbach,0.512,722.9,493.0,753.7,565.7,41.57,26.38,3.7
321,12.84,27,player,Borussia Mgladbach,0.506,1433.9,347.5,1469.9,411.3,77.33,11.14,3.4
321,12.84,24,player,Borussia Mgladbach,0.456,705.4,642.9,742.7,740.6,41.16,42.82,12.9
321,12.84,50,player,VfL Wolfsburg,0.451,1702.2,598.0,1742.8,680.9,89.47,37.31,9.5
321,12.84,51,player,Borussia Mgladbach,0.429,1051.9,298.1,1084.7,370.3,58.0,6.96,22.6
321,12.84,49,player,Borussia Mgladbach,0.386,910.5,268.0,931.2,322.2,50.5,2.01,22.5
321,12.84,54,player,VfL Wolfsburg,0.34,1491.9,327.6,1520.1,389.4,80.15,8.92,10.6
321,12.84,0,ball,Ball,0.7,1077.0,230.0,1091.0,242.0,58.93,-7.07,0.0
322,12.88,11,player,Borussia Mgladbach,0.777,1036.6,674.5,1072.3,766.6,57.02,45.2,4.8
322,12.88,46,player,Borussia Mgladbach,0.755,857.4,393.2,884.5,469.7,48.05,16.98,30.7
322,12.88,19,player,Borussia Mgladbach,0.698,1571.9,431.0,1604.2,511.5,83.73,21.11,14.4
322,12.88,22,player,Borussia Mgladbach,0.693,1191.9,416.7,1224.1,491.0,64.87,19.1,10.4
322,12.88,4,player,Borussia Mgladbach,0.69,305.4,990.4,349.5,1080.0,23.52,72.47,18.1
322,12.88,39,player,Borussia Mgladbach,0.689,378.1,375.9,408.2,454.6,24.07,15.48,15.2
322,12.88,48,player,Borussia Mgladbach,0.688,1665.6,697.7,1698.8,787.1,86.99,47.06,2.0
322,12.88,28,player,Borussia Mgladbach,0.645,761.2,302.7,786.0,367.1,43.03,6.64,19.6
322,12.88,27,player,Borussia Mgladbach,0.639,1434.7,349.0,1472.5,414.1,77.41,11.42,26.1
322,12.88,41,player,Borussia Mgladbach,0.618,503.5,270.4,527.2,324.6,29.76,2.26,10.1
322,12.88,13,player,Borussia Mgladbach,0.551,868.1,1041.2,919.3,1080.0,49.46,72.47,6.7
322,12.88,50,player,VfL Wolfsburg,0.486,1699.2,598.0,1742.8,681.0,89.4,37.32,6.7
322,12.88,55,player,Borussia Mgladbach,0.481,723.2,493.2,752.6,567.5,41.55,26.56,15.6
322,12.88,24,player,Borussia Mgladbach,0.446,702.5,639.4,740.3,739.1,41.03,42.69,16.8
322,12.88,54,player,VfL Wolfsburg,0.353,1495.2,327.2,1520.7,384.4,80.27,8.41,38.0
322,12.88,49,player,Borussia Mgladbach,0.327,910.1,268.8,934.0,322.3,50.56,2.02,5.7
322,12.88,51,player,Borussia Mgladbach,0.321,1051.6,296.8,1076.8,367.3,57.8,6.66,32.8
322,12.88,0,ball,Ball,0.7,724.0,552.0,731.0,561.0,41.02,25.49,0.0
323,12.92,11,player,Borussia Mgladbach,0.796,1036.4,669.6,1074.4,764.7,57.07,45.03,16.0
323,12.92,48,player,Borussia Mgladbach,0.74,1665.4,697.7,1698.4,787.9,86.97,47.13,6.3
323,12.92,4,player,Borussia Mgladbach,0.733,302.4,992.7,345.7,1080.0,23.36,72.47,14.0
323,12.92,39,player,Borussia Mgladbach,0.695,376.9,375.8,407.4,454.4,24.02,15.46,4.8
323,12.92,46,player,Borussia Mgladbach,0.682,856.5,390.9,882.4,469.2,47.97,16.93,8.1
323,12.92,22,player,Borussia Mgladbach,0.64,1191.5,414.3,1222.7,490.2,64.82,19.01,8.5
323,12.92,27,player,Borussia Mgladbach,0.635,1438.9,348.1,1474.7,414.7,77.56,11.48,15.4
323,12.92,19,player,Borussia Mgladbach,0.611,1570.6,430.1,1602.2,510.0,83.65,20.96,15.1
323,12.92,50,player,VfL Wolfsburg,0.598,1700.3,598.0,1743.7,681.7,89.44,37.38,7.0
323,12.92,28,player,Borussia Mgladbach,0.564,757.3,302.5,783.1,366.0,42.85,6.53,18.8
323,12.92,41,player,Borussia Mgladbach,0.542,502.1,270.3,524.5,324.6,29.65,2.25,9.7
323,12.92,13,player,Borussia Mgladbach,0.523,866.1,1041.8,918.0,1080.0,49.39,72.47,6.8
323,12.92,55,player,Borussia Mgladbach,0.466,721.6,492.9,750.7,567.7,41.46,26.57,7.8
323,12.92,24,player,Borussia Mgladbach,0.434,702.4,637.5,737.9,736.5,40.96,42.45,21.9
323,12.92,49,player,Borussia Mgladbach,0.415,907.4,267.5,935.6,322.5,50.53,2.04,3.2
323,12.92,54,player,VfL Wolfsburg,0.408,1495.9,329.0,1522.8,390.0,80.32,8.97,38.0
323,12.92,51,player,Borussia Mgladbach,0.322,1049.7,299.7,1074.4,364.7,57.69,6.39,26.3
323,12.92,0,ball,Ball,0.7,12.0,57.0,28.0,69.0,2.4,-26.03,0.0
324,12.96,4,player,Borussia Mgladbach,0.784,299.2,996.6,344.0,1080.0,23.25,72.47,10.2
324,12.96,11,player,Borussia Mgladbach,0.783,1036.0,667.6,1077.9,763.0,57.15,44.87,15.9
324,12.96,48,player,Borussia Mgladbach,0.772,1663.4,696.9,1698.3,789.1,86.91,47.24,11.4
324,12.96,46,player,Borussia Mgladbach,0.667,854.1,389.4,882.5,469.5,47.91,16.96,5.8
324,12.96,50,player,VfL Wolfsburg,0.664,1699.7,598.6,1744.6,681.5,89.45,37.36,2.0
324,12.96,22,player,Borussia Mgladbach,0.646,1192.4,412.2,1221.7,488.0,64.83,18.8,19.3
324,12.96,19,player,Borussia Mgladbach,0.645,1568.0,428.0,1602.0,508.7,83.59,20.84,12.7
324,12.96,39,player,Borussia Mgladbach,0.634,375.6,375.7,405.4,454.1,23.94,15.43,8.1
324,12.96,24,player,Borussia Mgladbach,0.627,700.1,637.4,738.1,737.5,40.91,42.54,8.9
324,12.96,49,player,Borussia Mgladbach,0.602,906.9,267.0,936.8,324.8,50.55,2.27,21.2
324,12.96,13,player,Borussia Mgladbach,0.601,863.4,1041.3,914.7,1080.0,49.25,72.47,12.2
324,12.96,27,player,Borussia Mgladbach,0.557,1437.4,351.4,1476.5,417.1,77.56,11.72,21.1
324,12.96,55,player,Borussia Mgladbach,0.488,720.6,493.9,748.6,566.1,41.38,26.42,15.2
324,12.96,28,player,Borussia Mgladbach,0.458,755.8,301.1,781.9,365.1,42.78,6.43,10.4
324,12.96,54,player,VfL Wolfsburg,0.436,1497.8,331.3,1522.2,385.9,80.37,8.56,37.7
324,12.96,41,player,Borussia Mgladbach,0.41,498.0,267.9,520.2,324.0,29.43,2.2,20.1
324,12.96,51,player,Borussia Mgladbach,0.354,1049.1,300.4,1077.1,364.3,57.74,6.35,6.3
324,12.96,0,ball,Ball,0.7,1704.0,655.0,1714.0,669.0,88.92,35.54,0.0
325,13.0,4,player,Borussia Mgladbach,0.784,296.0,996.9,341.1,1080.0,23.11,72.47,12.4
325,13.0,48,player,Borussia Mgladbach,0.777,1664.0,696.8,1697.4,787.2,86.91,47.06,15.9
325,13.0,11,player,Borussia Mgladbach,0.763,1035.7,667.2,1078.0,760.2,57.14,44.62,22.5
325,13.0,22,player,Borussia Mgladbach,0.722,1191.3,408.8,1220.7,487.8,64.77,18.77,5.1
325,13.0,46,player,Borussia Mgladbach,0.696,853.3,389.1,881.1,467.2,47.86,16.74,20.8
325,13.0,39,player,Borussia Mgladbach,0.684,375.2,378.3,405.1,452.3,23.91,15.25,16.2
325,13.0,19,player,Borussia Mgladbach,0.683,1566.7,427.3,1600.5,507.8,83.52,20.74,10.4
325,13.0,27,player,Borussia Mgladbach,0.651,1441.4,352.1,1478.4,418.7,77.71,11.88,19.6
325,13.0,50,player,VfL Wolfsburg,0.624,1698.8,596.7,1743.9,682.4,89.41,37.45,8.3
325,13.0,55,player,Borussia Mgladbach,0.611,719.2,490.8,747.9,566.2,41.33,26.43,4.7
325,13.0,28,player,Borussia Mgladbach,0.605,752.5,300.3,777.2,364.5,42.58,6.37,19.3
325,13.0,49,player,Borussia Mgladbach,0.583,907.1,266.7,938.9,324.0,50.61,2.2,8.8
325,13.0,24,player,Borussia Mgladbach,0.58,699.3,635.2,734.9,737.4,40.82,42.53,8.6
325,13.0,13,player,Borussia Mgladbach,0.579,860.8,1041.8,912.4,1080.0,49.14,72.47,10.3
325,13.0,54,player,VfL Wolfsburg,0.402,1497.3,331.4,1526.1,388.7,80.45,8.85,26.9
325,13.0,51,player,Borussia Mgladbach,0.367,1050.0,300.1,1075.3,361.7,57.72,6.08,24.2
325,13.0,45,player,Borussia Mgladbach,0.358,1229.0,237.5,1256.9,287.1,67.06,-1.66,0.0
325,13.0,41,player,Borussia Mgladbach,0.303,491.8,269.1,517.9,325.0,29.22,2.3,21.3
325,13.0,0,ball,Ball,0.7,7.0,58.0,22.0,71.0,2.12,-25.86,0.0
326,13.04,4,player,Borussia Mgladbach,0.769,292.0,997.7,336.4,1080.0,22.91,72.47,18.1
326,13.04,22,player,Borussia Mgladbach,0.765,1188.6,407.7,1220.0,486.8,64.69,18.68,11.5
326,13.04,11,player,Borussia Mgladbach,0.765,1038.7,668.5,1079.1,757.6,57.24,44.38,23.6
326,13.04,48,player,Borussia Mgladbach,0.74,1661.0,696.3,1698.3,788.0,86.86,47.14,8.4
326,13.04,19,player,Borussia Mgladbach,0.692,1563.0,428.4,1600.7,507.2,83.44,20.69,9.1
326,13.04,39,player,Borussia Mgladbach,0.679,374.6,380.0,404.9,452.3,23.9,15.25,1.6
326,13.04,27,player,Borussia Mgladbach,0.653,1448.1,348.8,1481.3,419.9,77.94,12.0,23.8
326,13.04,28,player,Borussia Mgladbach,0.639,748.6,300.5,775.6,364.3,42.44,6.36,12.8
326,13.04,46,player,Borussia Mgladbach,0.633,851.5,389.7,880.4,466.5,47.79,16.67,8.7
326,13.04,24,player,Borussia Mgladbach,0.621,697.3,636.1,730.9,739.4,40.68,42.72,20.7
326,13.04,50,player,VfL Wolfsburg,0.599,1699.3,596.5,1743.5,680.5,89.42,37.27,15.9
326,13.04,55,player,Borussia Mgladbach,0.566,718.3,488.9,745.7,565.3,41.26,26.34,10.6
326,13.04,49,player,Borussia Mgladbach,0.54,905.7,267.0,938.5,322.3,50.56,2.02,16.4
326,13.04,56,player,Borussia Mgladbach,0.527,1073.2,311.7,1104.7,373.2,59.05,7.26,0.0
326,13.04,13,player,Borussia Mgladbach,0.487,857.8,1043.4,909.3,1080.0,49.0,72.47,12.6
326,13.04,54,player,VfL Wolfsburg,0.402,1491.7,330.0,1530.4,392.3,80.4,9.21,33.3
326,13.04,41,player,Borussia Mgladbach,0.378,489.9,267.5,513.0,323.5,29.04,2.15,21.4
326,13.04,51,player,Borussia Mgladbach,0.345,1049.7,299.8,1074.6,367.4,57.69,6.67,38.0
326,13.04,0,ball,Ball,0.7,5.0,60.0,18.0,71.0,1.96,-25.75,0.0
327,13.08,11,player,Borussia Mgladbach,0.797,1041.0,669.5,1079.7,757.9,57.31,44.41,6.9
327,13.08,22,player,Borussia Mgladbach,0.775,1187.7,407.4,1218.7,484.2,64.64,18.42,23.8
327,13.08,24,player,Borussia Mgladbach,0.765,693.9,635.2,728.4,737.5,40.53,42.54,20.5
327,13.08,4,player,Borussia Mgladbach,0.723,289.7,996.7,334.8,1080.0,22.82,72.47,8.0
327,13.08,55,player,Borussia Mgladbach,0.692,714.4,487.1,743.9,569.3,41.12,26.72,36.5
327,13.08,48,player,Borussia Mgladbach,0.661,1657.7,697.3,1700.1,787.5,86.83,47.09,5.1
327,13.08,50,player,VfL Wolfsburg,0.646,1702.4,595.7,1742.1,679.7,89.47,37.2,7.9
327,13.08,19,player,Borussia Mgladbach,0.628,1561.9,430.1,1598.8,506.2,83.37,20.59,10.8
327,13.08,46,player,Borussia Mgladbach,0.62,851.1,390.8,878.8,466.5,47.74,16.67,4.5
327,13.08,39,player,Borussia Mgladbach,0.62,374.0,381.5,403.1,450.6,23.82,15.09,16.2
327,13.08,28,player,Borussia Mgladbach,0.611,746.3,300.5,771.9,364.1,42.28,6.33,13.9
327,13.08,27,player,Borussia Mgladbach,0.602,1454.1,352.9,1483.9,421.3,78.16,12.14,23.0
327,13.08,49,player,Borussia Mgladbach,0.542,909.2,266.8,938.5,323.3,50.65,2.12,11.9
327,13.08,41,player,Borussia Mgladbach,0.527,489.6,265.9,510.7,322.6,28.97,2.05,10.5
327,13.08,13,player,Borussia Mgladbach,0.465,854.0,1045.0,904.2,1080.0,48.79,72.47,18.4
327,13.08,56,player,Borussia Mgladbach,0.463,1075.3,312.3,1104.4,371.1,59.1,7.05,19.3
327,13.08,54,player,VfL Wolfsburg,0.349,1491.2,329.5,1534.7,395.0,80.48,9.48,25.2
327,13.08,51,player,Borussia Mgladbach,0.348,1049.1,300.1,1073.5,365.1,57.65,6.43,21.7
327,13.08,0,ball,Ball,0.7,0.0,60.0,15.0,72.0,1.75,-25.69,0.0
328,13.12,11,player,Borussia Mgladbach,0.79,1046.8,668.1,1078.9,757.4,57.43,44.36,11.6
328,13.12,24,player,Borussia Mgladbach,0.761,692.6,636.6,725.4,734.2,40.42,42.24,28.9
328,13.12,22,player,Borussia Mgladbach,0.732,1187.4,408.3,1217.3,483.3,64.6,18.34,8.2
328,13.12,4,player,Borussia Mgladbach,0.701,288.4,998.2,329.9,1080.0,22.68,72.47,12.8
328,13.12,46,player,Borussia Mgladbach,0.687,848.9,392.9,876.1,466.5,47.62,16.67,11.2
328,13.12,27,player,Borussia Mgladbach,0.679,1454.2,353.6,1487.6,422.1,78.25,12.23,11.1
328,13.12,39,player,Borussia Mgladbach,0.678,373.4,378.8,402.1,452.8,23.79,15.3,19.3
328,13.12,28,player,Borussia Mgladbach,0.654,742.9,298.8,767.4,362.3,42.08,6.14,25.0
328,13.12,48,player,Borussia Mgladbach,0.62,1656.3,699.4,1701.3,787.6,86.82,47.11,1.1
328,13.12,50,player,VfL Wolfsburg,0.605,1703.1,595.5,1740.7,678.8,89.46,37.11,7.7
328,13.12,55,player,Borussia Mgladbach,0.595,714.0,489.8,740.3,567.2,41.02,26.52,20.4
328,13.12,49,player,Borussia Mgladbach,0.578,912.9,267.5,940.8,323.5,50.8,2.14,14.0
328,13.12,19,player,Borussia Mgladbach,0.57,1561.6,429.7,1599.1,504.8,83.38,20.45,12.3
328,13.12,41,player,Borussia Mgladbach,0.558,485.9,266.8,506.2,321.7,28.76,1.95,21.1
328,13.12,56,player,Borussia Mgladbach,0.483,1073.1,311.3,1104.6,369.2,59.05,6.86,17.8
328,13.12,13,player,Borussia Mgladbach,0.44,851.1,1045.3,901.3,1080.0,48.66,72.47,11.8
328,13.12,54,player,VfL Wolfsburg,0.426,1491.3,329.6,1536.0,397.6,80.51,9.74,24.0
328,13.12,0,ball,Ball,0.7,448.0,233.0,458.0,246.0,26.22,-6.69,0.0
329,13.16,11,player,Borussia Mgladbach,0.762,1048.1,668.0,1077.9,755.5,57.44,44.19,15.6
329,13.16,22,player,Borussia Mgladbach,0.722,1185.9,407.0,1216.0,484.0,64.53,18.4,8.3
329,13.16,4,player,Borussia Mgladbach,0.669,284.0,998.4,327.9,1080.0,22.53,72.47,13.2
329,13.16,46,player,Borussia Mgladbach,0.663,849.1,391.5,875.0,465.2,47.59,16.53,12.1
329,13.16,27,player,Borussia Mgladbach,0.642,1450.9,353.2,1490.9,420.7,78.25,12.09,12.3
329,13.16,55,player,Borussia Mgladbach,0.64,711.7,492.1,740.9,569.0,40.98,26.7,16.5
329,13.16,48,player,Borussia Mgladbach,0.621,1651.7,699.2,1700.7,786.4,86.7,46.99,14.7
329,13.16,24,player,Borussia Mgladbach,0.596,689.6,637.1,723.7,735.3,40.31,42.34,13.3
329,13.16,49,player,Borussia Mgladbach,0.57,915.3,267.7,940.1,324.0,50.85,2.19,6.4
329,13.16,39,player,Borussia Mgladbach,0.565,371.3,378.0,400.4,451.9,23.69,15.21,12.1
329,13.16,19,player,Borussia Mgladbach,0.561,1561.1,428.3,1597.2,506.8,83.31,20.65,18.3
329,13.16,50,player,VfL Wolfsburg,0.555,1701.5,594.8,1740.4,677.6,89.42,37.0,11.0
329,13.16,56,player,Borussia Mgladbach,0.534,1072.8,310.3,1107.0,368.0,59.1,6.73,12.3
329,13.16,41,player,Borussia Mgladbach,0.529,481.2,267.8,503.4,322.1,28.57,2.0,17.5
329,13.16,13,player,Borussia Mgladbach,0.468,850.3,1044.8,898.9,1080.0,48.59,72.47,6.5
329,13.16,28,player,Borussia Mgladbach,0.454,740.2,300.9,762.5,362.1,41.89,6.13,17.5
329,13.16,54,player,VfL Wolfsburg,0.448,1492.8,330.3,1535.0,398.2,80.51,9.81,5.6
329,13.16,0,ball,Ball,0.7,445.0,233.0,456.0,246.0,26.09,-6.69,0.0
330,13.2,11,player,Borussia Mgladbach,0.794,1045.1,667.7,1079.9,757.3,57.42,44.35,14.7
330,13.2,46,player,Borussia Mgladbach,0.695,848.4,389.7,873.5,462.8,47.54,16.3,21.5
330,13.2,4,player,Borussia Mgladbach,0.69,280.4,999.5,325.1,1080.0,22.38,72.47,13.3
330,13.2,48,player,Borussia Mgladbach,0.66,1647.9,698.6,1699.8,786.6,86.59,47.01,10.3
330,13.2,50,player,VfL Wolfsburg,0.636,1696.9,593.4,1738.3,678.6,89.25,37.09,17.4
330,13.2,22,player,Borussia Mgladbach,0.632,1185.6,408.0,1214.1,482.7,64.48,18.27,12.1
330,13.2,49,player,Borussia Mgladbach,0.62,918.2,265.1,938.2,323.2,50.87,2.11,7.5
330,13.2,55,player,Borussia Mgladbach,0.583,709.5,490.9,738.1,569.6,40.86,26.75,11.8
330,13.2,39,player,Borussia Mgladbach,0.578,369.7,374.9,400.1,452.4,23.65,15.26,6.0
330,13.2,24,player,Borussia Mgladbach,0.559,686.0,638.7,720.7,726.9,40.14,41.57,38.0
330,13.2,27,player,Borussia Mgladbach,0.53,1447.6,353.9,1493.1,422.3,78.22,12.25,14.5
330,13.2,56,player,Borussia Mgladbach,0.518,1073.3,309.4,1107.2,367.1,59.12,6.64,8.6
330,13.2,28,player,Borussia Mgladbach,0.477,734.7,300.7,759.9,362.0,41.68,6.12,18.5
330,13.2,19,player,Borussia Mgladbach,0.476,1561.4,425.6,1597.2,505.6,83.32,20.53,10.6
330,13.2,41,player,Borussia Mgladbach,0.449,479.3,269.2,501.3,322.5,28.47,2.04,9.9
330,13.2,13,player,Borussia Mgladbach,0.401,846.0,1044.2,896.9,1080.0,48.44,72.47,13.0
330,13.2,54,player,VfL Wolfsburg,0.367,1497.5,329.7,1534.4,397.9,80.62,9.78,10.1
330,13.2,0,ball,Ball,0.7,442.0,232.0,454.0,247.0,25.96,-6.69,0.0
331,13.24,11,player,Borussia Mgladbach,0.817,1042.5,664.9,1081.7,755.2,57.4,44.16,16.6
331,13.24,4,player,Borussia Mgladbach,0.801,277.3,1001.0,320.5,1080.0,22.21,72.47,15.9
331,13.24,46,player,Borussia Mgladbach,0.757,846.5,386.8,872.7,462.5,47.47,16.27,6.9
331,13.24,50,player,VfL Wolfsburg,0.681,1694.6,593.7,1736.8,678.8,89.16,37.11,8.6
331,13.24,24,player,Borussia Mgladbach,0.675,684.8,638.5,718.1,722.9,40.04,41.2,34.5
331,13.24,48,player,Borussia Mgladbach,0.665,1647.2,698.3,1698.3,784.9,86.55,46.86,14.7
331,13.24,55,player,Borussia Mgladbach,0.624,706.2,491.1,735.6,570.7,40.72,26.87,16.2
331,13.24,22,player,Borussia Mgladbach,0.612,1184.4,409.1,1211.6,483.3,64.38,18.33,9.8
331,13.24,39,player,Borussia Mgladbach,0.514,367.7,375.7,398.0,450.6,23.54,15.08,18.7
331,13.24,41,player,Borussia Mgladbach,0.511,473.2,267.3,498.0,324.1,28.23,2.2,25.5
331,13.24,49,player,Borussia Mgladbach,0.506,915.8,265.4,937.9,322.1,50.8,2.0,12.4
331,13.24,27,player,Borussia Mgladbach,0.496,1449.8,354.3,1496.1,422.7,78.35,12.29,12.1
331,13.24,19,player,Borussia Mgladbach,0.494,1559.0,426.9,1596.9,505.2,83.25,20.49,7.1
331,13.24,28,player,Borussia Mgladbach,0.454,731.8,300.9,758.6,361.8,41.57,6.09,10.0
331,13.24,56,player,Borussia Mgladbach,0.443,1077.9,308.5,1109.1,364.9,59.29,6.42,25.2
331,13.24,13,player,Borussia Mgladbach,0.389,843.3,1044.1,895.4,1080.0,48.35,72.47,8.7
331,13.24,54,player,VfL Wolfsburg,0.37,1500.4,330.0,1535.8,395.4,80.74,9.52,25.1
331,13.24,0,ball,Ball,0.7,440.0,232.0,450.0,247.0,25.81,-6.69,0.0
332,13.28,4,player,Borussia Mgladbach,0.816,275.3,1001.6,317.4,1079.8,22.09,72.46,10.8
332,13.28,11,player,Borussia Mgladbach,0.805,1042.6,663.8,1081.2,753.9,57.39,44.04,11.3
332,13.28,46,player,Borussia Mgladbach,0.773,844.8,384.7,871.3,461.4,47.39,16.16,12.1
332,13.28,48,player,Borussia Mgladbach,0.71,1649.2,697.9,1697.2,785.0,86.57,46.87,2.2
332,13.28,50,player,VfL Wolfsburg,0.709,1693.4,592.6,1736.4,677.5,89.12,36.99,11.2
332,13.28,22,player,Borussia Mgladbach,0.621,1183.3,408.8,1210.9,481.9,64.34,18.19,12.9
332,13.28,24,player,Borussia Mgladbach,0.556,683.2,636.9,714.3,723.6,39.91,41.26,13.0
332,13.28,55,player,Borussia Mgladbach,0.549,705.5,491.3,735.4,570.5,40.69,26.84,3.1
332,13.28,49,player,Borussia Mgladbach,0.535,914.1,262.2,938.8,323.2,50.78,2.12,10.9
332,13.28,39,player,Borussia Mgladbach,0.509,367.5,375.0,398.6,450.3,23.55,15.05,2.8
332,13.28,19,player,Borussia Mgladbach,0.507,1556.5,424.3,1597.6,505.6,83.21,20.53,6.0
332,13.28,27,player,Borussia Mgladbach,0.46,1465.1,354.7,1497.4,422.1,78.77,12.22,38.0
332,13.28,56,player,Borussia Mgladbach,0.454,1083.3,306.7,1110.3,362.1,59.46,6.13,30.2
332,13.28,13,player,Borussia Mgladbach,0.397,841.2,1043.1,892.4,1080.0,48.23,72.47,10.7
332,13.28,41,player,Borussia Mgladbach,0.347,467.3,268.6,494.8,323.9,28.0,2.19,21.1
332,13.28,54,player,VfL Wolfsburg,0.345,1503.1,327.5,1534.4,392.0,80.79,9.17,31.7
332,13.28,0,ball,Ball,0.7,437.0,233.0,448.0,247.0,25.68,-6.64,0.0
333,13.32,11,player,Borussia Mgladbach,0.79,1040.8,662.4,1085.0,751.1,57.44,43.78,23.4
333,13.32,4,player,Borussia Mgladbach,0.784,271.4,1000.9,315.2,1079.4,21.95,72.42,13.0
333,13.32,46,player,Borussia Mgladbach,0.773,842.9,384.5,869.3,460.1,47.29,16.03,14.2
333,13.32,48,player,Borussia Mgladbach,0.698,1650.6,696.8,1696.2,784.3,86.58,46.81,5.7
333,13.32,50,player,VfL Wolfsburg,0.692,1691.6,593.6,1734.9,674.1,89.06,36.67,29.8
333,13.32,22,player,Borussia Mgladbach,0.635,1182.6,408.6,1209.0,479.8,64.28,17.98,19.4
333,13.32,39,player,Borussia Mgladbach,0.58,367.3,374.4,397.6,449.9,23.52,15.01,4.4
333,13.32,55,player,Borussia Mgladbach,0.525,704.5,489.5,734.5,569.6,40.64,26.75,8.9
333,13.32,27,player,Borussia Mgladbach,0.525,1468.2,355.7,1500.1,423.7,78.91,12.38,19.0
333,13.32,19,player,Borussia Mgladbach,0.501,1558.1,424.3,1598.0,503.2,83.27,20.3,22.1
333,13.32,49,player,Borussia Mgladbach,0.473,913.4,260.4,940.8,321.7,50.82,1.96,14.5
333,13.32,13,player,Borussia Mgladbach,0.444,837.1,1041.3,887.6,1080.0,48.03,72.47,18.2
333,13.32,56,player,Borussia Mgladbach,0.437,1086.2,308.2,1110.7,363.6,59.54,6.28,15.6
333,13.32,54,player,VfL Wolfsburg,0.404,1504.9,325.5,1535.0,390.0,80.86,8.98,18.9
333,13.32,57,player,Borussia Mgladbach,0.395,1408.2,917.4,1456.3,1020.1,74.32,67.44,0.0
333,13.32,41,player,Borussia Mgladbach,0.386,465.2,268.5,491.8,324.8,27.87,2.28,13.9
333,13.32,28,player,Borussia Mgladbach,0.384,728.6,300.6,752.6,363.9,41.35,6.31,14.3
333,13.32,24,player,Borussia Mgladbach,0.383,681.5,634.7,712.5,717.7,39.82,40.72,38.0
333,13.32,0,ball,Ball,0.7,434.0,240.0,446.0,248.0,25.57,-6.21,0.0
334,13.36,11,player,Borussia Mgladbach,0.756,1041.3,661.7,1086.2,749.4,57.48,43.63,14.3
334,13.36,46,player,Borussia Mgladbach,0.75,839.4,384.3,867.8,460.1,47.17,16.03,11.2
334,13.36,4,player,Borussia Mgladbach,0.75,268.8,1001.0,311.9,1079.4,21.81,72.42,12.2
334,13.36,50,player,VfL Wolfsburg,0.709,1693.1,591.5,1732.2,673.2,89.04,36.59,7.3
334,13.36,48,player,Borussia Mgladbach,0.7,1654.3,695.6,1695.4,784.1,86.65,46.78,6.6
334,13.36,22,player,Borussia Mgladbach,0.686,1179.6,407.0,1208.4,480.3,64.19,18.04,9.5
334,13.36,27,player,Borussia Mgladbach,0.583,1466.9,359.4,1501.1,425.2,78.89,12.54,13.9
334,13.36,39,player,Borussia Mgladbach,0.572,366.5,377.3,396.4,448.9,23.46,14.91,10.4
334,13.36,24,player,Borussia Mgladbach,0.543,677.6,629.6,708.9,723.9,39.65,41.29,38.0
334,13.36,55,player,Borussia Mgladbach,0.542,702.7,488.2,732.2,565.9,40.54,26.39,33.6
334,13.36,19,player,Borussia Mgladbach,0.458,1559.0,424.1,1597.4,501.1,83.29,20.09,18.7
334,13.36,56,player,Borussia Mgladbach,0.436,1087.8,306.8,1112.5,364.8,59.62,6.4,13.4
334,13.36,28,player,Borussia Mgladbach,0.435,725.6,298.1,749.7,363.7,41.2,6.29,13.6
334,13.36,57,player,Borussia Mgladbach,0.424,1407.3,915.6,1455.3,1026.4,74.26,67.97,38.0
334,13.36,49,player,Borussia Mgladbach,0.395,913.3,260.9,941.7,320.0,50.84,1.78,16.3
334,13.36,41,player,Borussia Mgladbach,0.395,464.4,268.3,487.5,324.5,27.74,2.24,12.4
334,13.36,51,player,Borussia Mgladbach,0.383,1039.5,301.7,1066.4,363.9,57.23,6.31,0.0
334,13.36,13,player,Borussia Mgladbach,0.376,833.5,1043.4,883.2,1080.0,47.84,72.47,16.6
334,13.36,0,ball,Ball,0.7,1905.0,112.0,1912.0,122.0,102.62,-20.0,0.0
335,13.4,46,player,Borussia Mgladbach,0.799,837.3,384.7,868.3,459.8,47.13,16.0,4.5
335,13.4,11,player,Borussia Mgladbach,0.744,1041.5,661.2,1087.0,746.0,57.51,43.32,27.9
335,13.4,4,player,Borussia Mgladbach,0.728,266.8,1001.9,310.2,1079.2,21.73,72.41,7.7
335,13.4,22,player,Borussia Mgladbach,0.726,1177.5,404.8,1208.1,479.0,64.13,17.91,12.8
335,13.4,50,player,VfL Wolfsburg,0.725,1693.0,590.8,1730.0,671.2,88.99,36.4,17.7
335,13.4,48,player,Borussia Mgladbach,0.694,1656.7,695.5,1695.1,783.8,86.7,46.76,5.1
335,13.4,39,player,Borussia Mgladbach,0.638,364.2,376.8,394.8,446.2,23.35,14.64,26.3
335,13.4,27,player,Borussia Mgladbach,0.608,1467.8,358.6,1502.8,426.6,78.96,12.68,13.8
335,13.4,55,player,Borussia Mgladbach,0.528,702.8,486.7,728.5,565.1,40.45,26.32,10.6
335,13.4,19,player,Borussia Mgladbach,0.499,1558.6,423.3,1597.2,501.1,83.27,20.08,1.4
335,13.4,51,player,Borussia Mgladbach,0.483,1035.4,302.7,1066.1,364.6,57.11,6.39,12.5
335,13.4,28,player,Borussia Mgladbach,0.451,721.5,295.3,744.7,362.5,40.96,6.17,23.8
335,13.4,41,player,Borussia Mgladbach,0.44,462.3,266.0,483.7,322.4,27.58,2.03,23.8
335,13.4,24,player,Borussia Mgladbach,0.438,675.9,628.1,706.2,720.5,39.53,40.98,29.4
335,13.4,57,player,Borussia Mgladbach,0.398,1407.1,913.4,1452.8,1024.1,74.2,67.78,18.0
335,13.4,49,player,Borussia Mgladbach,0.372,914.3,262.1,941.8,319.2,50.87,1.69,8.0
335,13.4,56,player,Borussia Mgladbach,0.37,1089.3,305.2,1112.0,362.3,59.65,6.14,23.5
335,13.4,54,player,VfL Wolfsburg,0.354,1506.2,321.3,1533.9,388.9,80.87,8.86,5.3
335,13.4,13,player,Borussia Mgladbach,0.345,829.8,1045.2,880.7,1080.0,47.7,72.47,12.8
335,13.4,0,ball,Ball,0.7,1027.0,224.0,1037.0,236.0,56.24,-7.71,0.0
336,13.44,46,player,Borussia Mgladbach,0.782,835.8,385.0,868.2,459.3,47.09,15.95,6.3
336,13.44,11,player,Borussia Mgladbach,0.775,1042.8,660.2,1089.0,745.6,57.59,43.28,7.9
336,13.44,22,player,Borussia Mgladbach,0.769,1175.3,402.8,1208.2,477.1,64.08,17.72,17.1
336,13.44,50,player,VfL Wolfsburg,0.705,1693.6,588.3,1726.9,671.8,88.93,36.45,7.6
336,13.44,39,player,Borussia Mgladbach,0.7,361.9,377.0,392.4,447.3,23.24,14.75,14.1
336,13.44,4,player,Borussia Mgladbach,0.69,264.2,1003.7,307.1,1079.9,21.6,72.46,12.6
336,13.44,24,player,Borussia Mgladbach,0.678,672.0,625.2,703.8,722.2,39.38,41.13,19.2
336,13.44,48,player,Borussia Mgladbach,0.667,1657.6,695.4,1694.3,784.6,86.7,46.83,5.8
336,13.44,27,player,Borussia Mgladbach,0.598,1473.7,358.0,1503.0,425.4,79.11,12.56,17.7
336,13.44,19,player,Borussia Mgladbach,0.579,1558.8,421.4,1595.6,501.4,83.24,20.12,4.5
336,13.44,55,player,Borussia Mgladbach,0.572,703.2,487.8,728.3,562.9,40.45,26.11,18.6
336,13.44,28,player,Borussia Mgladbach,0.534,718.5,293.8,742.5,357.8,40.82,5.69,38.0
336,13.44,41,player,Borussia Mgladbach,0.489,458.8,264.1,480.5,321.0,27.4,1.89,20.4
336,13.44,51,player,Borussia Mgladbach,0.47,1035.7,300.8,1064.3,360.8,57.08,5.99,35.4
336,13.44,13,player,Borussia Mgladbach,0.437,827.2,1044.8,878.3,1080.0,47.58,72.47,10.4
336,13.44,54,player,VfL Wolfsburg,0.43,1505.6,319.9,1534.2,390.0,80.86,8.97,10.1
336,13.44,49,player,Borussia Mgladbach,0.404,917.4,261.9,941.8,319.3,50.94,1.7,7.1
336,13.44,56,player,Borussia Mgladbach,0.376,1087.9,305.0,1114.9,362.7,59.69,6.18,5.3
336,13.44,57,player,Borussia Mgladbach,0.304,1403.8,913.3,1449.0,1021.8,74.04,67.59,22.2
336,13.44,0,ball,Ball,0.7,817.0,211.0,823.0,217.0,45.21,-9.42,0.0
337,13.48,22,player,Borussia Mgladbach,0.79,1172.2,402.3,1207.1,475.0,63.98,17.51,21.2
337,13.48,46,player,Borussia Mgladbach,0.788,834.8,383.6,867.3,457.6,47.04,15.78,15.6
337,13.48,39,player,Borussia Mgladbach,0.769,358.2,376.8,390.3,447.9,23.1,14.81,14.0
337,13.48,11,player,Borussia Mgladbach,0.713,1048.5,658.7,1090.4,743.0,57.76,43.04,26.7
337,13.48,48,player,Borussia Mgladbach,0.711,1658.7,695.6,1692.5,785.2,86.68,46.89,6.0
337,13.48,4,player,Borussia Mgladbach,0.655,259.3,1005.5,304.1,1080.0,21.42,72.47,16.3
337,13.48,50,player,VfL Wolfsburg,0.637,1692.9,587.9,1725.8,672.6,88.88,36.53,8.0
337,13.48,27,player,Borussia Mgladbach,0.601,1474.1,358.3,1504.7,426.3,79.16,12.64,9.0
337,13.48,55,player,Borussia Mgladbach,0.573,699.9,483.4,728.3,562.7,40.37,26.09,7.8
337,13.48,24,player,Borussia Mgladbach,0.572,669.5,622.0,701.1,720.0,39.26,40.93,21.3
337,13.48,19,player,Borussia Mgladbach,0.562,1559.1,421.1,1592.4,500.6,83.17,20.04,9.5
337,13.48,51,player,Borussia Mgladbach,0.537,1038.2,301.6,1061.2,356.8,57.07,5.58,37.1
337,13.48,41,player,Borussia Mgladbach,0.525,456.5,264.2,478.7,321.6,27.3,1.94,10.7
337,13.48,28,player,Borussia Mgladbach,0.521,715.6,295.7,739.2,358.3,40.66,5.74,15.1
337,13.48,13,player,Borussia Mgladbach,0.426,827.0,1045.0,874.7,1080.0,47.5,72.47,7.5
337,13.48,56,player,Borussia Mgladbach,0.424,1088.2,303.2,1117.1,361.3,59.76,6.05,13.8
337,13.48,57,player,Borussia Mgladbach,0.403,1407.2,912.4,1447.8,1010.0,74.13,66.59,38.0
337,13.48,49,player,Borussia Mgladbach,0.389,920.3,262.4,940.5,316.3,50.98,1.39,28.5
337,13.48,54,player,VfL Wolfsburg,0.364,1506.1,321.1,1534.2,389.3,80.87,8.9,6.3
337,13.48,0,ball,Ball,0.7,1563.0,479.0,1576.0,489.0,82.93,18.4,0.0
338,13.52,22,player,Borussia Mgladbach,0.779,1170.5,401.8,1207.4,472.4,63.95,17.25,23.6
338,13.52,39,player,Borussia Mgladbach,0.775,355.5,374.6,387.4,448.5,22.96,14.87,13.5
338,13.52,46,player,Borussia Mgladbach,0.749,832.7,383.3,865.2,456.5,46.93,15.67,13.8
338,13.52,11,player,Borussia Mgladbach,0.746,1051.9,657.6,1092.0,744.7,57.88,43.2,17.9
338,13.52,48,player,Borussia Mgladbach,0.715,1654.5,695.3,1691.3,784.4,86.55,46.81,13.2
338,13.52,55,player,Borussia Mgladbach,0.663,698.7,483.9,727.7,563.4,40.32,26.16,7.3
338,13.52,50,player,VfL Wolfsburg,0.657,1690.6,590.0,1725.1,671.6,88.81,36.44,10.1
338,13.52,4,player,Borussia Mgladbach,0.629,256.7,1007.0,300.8,1080.0,21.29,72.47,12.1
338,13.52,51,player,Borussia Mgladbach,0.58,1036.7,301.3,1058.2,357.0,56.95,5.6,10.6
338,13.52,19,player,Borussia Mgladbach,0.492,1560.9,421.3,1592.3,498.4,83.22,19.82,20.5
338,13.52,27,player,Borussia Mgladbach,0.467,1473.8,360.2,1505.0,427.4,79.16,12.76,10.4
338,13.52,49,player,Borussia Mgladbach,0.455,919.6,262.1,940.1,316.5,50.96,1.42,3.6
338,13.52,28,player,Borussia Mgladbach,0.452,710.7,295.5,735.1,352.0,40.42,5.09,38.0
338,13.52,57,player,Borussia Mgladbach,0.435,1406.3,912.3,1445.1,1009.1,74.05,66.51,10.0
338,13.52,58,player,Borussia Mgladbach,0.426,646.2,359.5,673.2,433.5,37.39,13.38,0.0
338,13.52,56,player,Borussia Mgladbach,0.369,1089.5,303.0,1119.1,359.5,59.84,5.86,18.3
338,13.52,13,player,Borussia Mgladbach,0.354,823.1,1044.8,872.2,1079.6,47.35,72.44,13.6
338,13.52,41,player,Borussia Mgladbach,0.319,452.7,268.7,473.8,320.2,27.07,1.8,24.2
338,13.52,0,ball,Ball,0.7,656.0,412.0,667.0,425.0,37.45,11.86,0.0
339,13.56,39,player,Borussia Mgladbach,0.75,351.1,371.3,383.7,449.8,22.76,15.0,21.4
339,13.56,22,player,Borussia Mgladbach,0.75,1168.8,401.8,1206.9,472.8,63.89,17.29,6.3
339,13.56,55,player,Borussia Mgladbach,0.735,694.3,486.1,726.5,565.0,40.19,26.31,18.1
339,13.56,46,player,Borussia Mgladbach,0.73,832.3,383.6,862.6,456.4,46.86,15.66,6.7
339,13.56,48,player,Borussia Mgladbach,0.691,1654.0,695.0,1689.9,782.5,86.52,46.64,15.3
339,13.56,11,player,Borussia Mgladbach,0.676,1055.5,654.9,1092.0,743.9,57.97,43.12,10.4
339,13.56,4,player,Borussia Mgladbach,0.664,253.9,1008.0,298.0,1080.0,21.16,72.47,11.6
339,13.56,19,player,Borussia Mgladbach,0.623,1560.1,421.8,1591.0,496.1,83.18,19.59,21.0
339,13.56,50,player,VfL Wolfsburg,0.6,1688.2,589.6,1724.0,671.2,88.73,36.4,8.2
339,13.56,51,player,Borussia Mgladbach,0.569,1037.2,302.0,1056.2,356.5,56.91,5.55,6.2
339,13.56,57,player,Borussia Mgladbach,0.475,1406.6,914.6,1443.4,1014.5,74.0,66.97,38.0
339,13.56,24,player,Borussia Mgladbach,0.454,662.1,623.6,697.1,716.1,38.97,40.57,20.7
339,13.56,27,player,Borussia Mgladbach,0.448,1474.6,362.1,1510.0,428.1,79.3,12.83,14.3
339,13.56,54,player,VfL Wolfsburg,0.435,1506.6,324.4,1534.8,393.4,80.88,9.32,18.6
339,13.56,56,player,Borussia Mgladbach,0.433,1090.2,302.6,1123.2,358.1,59.97,5.72,17.2
339,13.56,41,player,Borussia Mgladbach,0.396,448.0,266.9,471.4,321.9,26.9,1.98,22.5
339,13.56,13,player,Borussia Mgladbach,0.388,818.2,1043.4,870.5,1080.0,47.2,72.47,14.0
339,13.56,49,player,Borussia Mgladbach,0.385,918.1,257.6,941.1,317.1,50.94,1.48,5.8
339,13.56,28,player,Borussia Mgladbach,0.328,706.2,295.5,732.1,357.7,40.24,5.67,38.0
339,13.56,0,ball,Ball,0.7,1564.0,475.0,1578.0,488.0,83.02,18.15,0.0
340,13.6,22,player,Borussia Mgladbach,0.801,1170.1,402.8,1206.5,471.6,63.92,17.17,11.1
340,13.6,55,player,Borussia Mgladbach,0.771,693.2,485.8,723.1,565.7,40.08,26.38,11.9
340,13.6,4,player,Borussia Mgladbach,0.715,251.4,1007.3,295.3,1080.0,21.04,72.47,10.8
340,13.6,48,player,Borussia Mgladbach,0.699,1651.6,695.0,1690.1,781.2,86.47,46.53,11.5
340,13.6,46,player,Borussia Mgladbach,0.698,830.8,384.6,858.7,453.6,46.72,15.38,28.5
340,13.6,11,player,Borussia Mgladbach,0.688,1055.2,650.0,1093.3,742.9,57.99,43.04,8.0
340,13.6,39,player,Borussia Mgladbach,0.671,349.3,371.1,379.2,449.4,22.6,14.96,14.9
340,13.6,28,player,Borussia Mgladbach,0.653,704.5,295.3,729.1,358.3,40.12,5.74,12.3
340,13.6,19,player,Borussia Mgladbach,0.61,1555.6,421.1,1589.5,497.1,83.02,19.69,16.5
340,13.6,50,player,VfL Wolfsburg,0.586,1685.2,588.4,1724.6,671.2,88.67,36.4,5.2
340,13.6,51,player,Borussia Mgladbach,0.52,1036.8,302.3,1055.2,358.7,56.88,5.78,21.2
340,13.6,49,player,Borussia Mgladbach,0.519,915.6,258.0,942.4,318.3,50.91,1.6,11.0
340,13.6,57,player,Borussia Mgladbach,0.515,1404.1,914.2,1442.9,1019.7,73.91,67.41,38.0
340,13.6,27,player,Borussia Mgladbach,0.503,1475.1,358.6,1516.6,427.4,79.48,12.76,17.4
340,13.6,13,player,Borussia Mgladbach,0.459,815.9,1043.0,865.9,1080.0,47.04,72.47,14.2
340,13.6,56,player,Borussia Mgladbach,0.438,1092.5,303.8,1124.9,357.2,60.07,5.62,12.8
340,13.6,54,player,VfL Wolfsburg,0.343,1505.6,325.7,1535.5,393.7,80.87,9.35,3.1
340,13.6,24,player,Borussia Mgladbach,0.329,659.7,623.5,693.5,716.2,38.83,40.58,12.7
340,13.6,0,ball,Ball,0.7,417.0,240.0,427.0,247.0,24.63,-6.27,0.0
341,13.64,22,player,Borussia Mgladbach,0.814,1169.8,402.3,1205.0,471.9,63.87,17.21,5.2
341,13.64,55,player,Borussia Mgladbach,0.779,690.7,486.5,722.4,565.6,40.0,26.37,7.0
341,13.64,11,player,Borussia Mgladbach,0.734,1054.7,650.0,1093.5,742.0,57.99,42.95,8.1
341,13.64,4,player,Borussia Mgladbach,0.726,247.7,1007.1,290.6,1080.0,20.84,72.47,17.3
341,13.64,48,player,Borussia Mgladbach,0.717,1649.5,695.2,1689.8,782.3,86.41,46.62,10.3
341,13.64,28,player,Borussia Mgladbach,0.694,700.5,290.7,726.8,359.8,39.97,5.89,19.9
341,13.64,19,player,Borussia Mgladbach,0.637,1552.6,420.8,1589.6,497.9,82.95,19.77,9.8
341,13.64,50,player,VfL Wolfsburg,0.635,1681.9,587.9,1725.8,671.4,88.62,36.42,4.7
341,13.64,56,player,Borussia Mgladbach,0.626,1095.0,303.4,1126.3,362.1,60.16,6.12,38.0
341,13.64,27,player,Borussia Mgladbach,0.613,1476.6,359.5,1518.4,430.2,79.55,13.04,26.3
341,13.64,51,player,Borussia Mgladbach,0.588,1035.8,302.7,1055.1,358.0,56.85,5.71,6.9
341,13.64,39,player,Borussia Mgladbach,0.58,347.2,372.0,376.5,447.4,22.47,14.76,21.4
341,13.64,46,player,Borussia Mgladbach,0.558,828.4,382.3,857.4,452.5,46.62,15.27,12.8
341,13.64,57,player,Borussia Mgladbach,0.53,1402.8,913.7,1442.4,1022.0,73.87,67.61,17.8
341,13.64,49,player,Borussia Mgladbach,0.469,913.0,256.2,943.7,316.2,50.88,1.38,20.0
341,13.64,54,player,VfL Wolfsburg,0.464,1505.1,326.8,1538.8,396.0,80.93,9.58,21.4
341,13.64,24,player,Borussia Mgladbach,0.459,657.0,616.1,691.1,716.0,38.7,40.57,11.5
341,13.64,13,player,Borussia Mgladbach,0.421,814.0,1043.2,861.9,1079.7,46.91,72.45,12.6
341,13.64,41,player,Borussia Mgladbach,0.354,441.8,268.3,467.3,322.8,26.64,2.07,12.4
341,13.64,0,ball,Ball,0.7,909.0,48.0,915.0,57.0,49.94,-27.22,0.0
342,13.68,22,player,Borussia Mgladbach,0.82,1170.3,400.5,1203.5,472.0,63.85,17.21,2.2
342,13.68,55,player,Borussia Mgladbach,0.767,688.8,486.6,725.8,565.4,40.04,26.35,4.1
342,13.68,11,player,Borussia Mgladbach,0.732,1052.9,648.6,1093.4,739.7,57.94,42.74,19.1
342,13.68,48,player,Borussia Mgladbach,0.697,1648.7,694.5,1689.6,779.9,86.4,46.4,19.7
342,13.68,4,player,Borussia Mgladbach,0.696,244.4,1006.3,287.6,1080.0,20.7,72.47,12.8
342,13.68,19,player,Borussia Mgladbach,0.676,1550.5,420.0,1590.8,496.7,82.93,19.66,10.3
342,13.68,28,player,Borussia Mgladbach,0.633,697.9,289.9,722.0,361.1,39.78,6.02,20.1
342,13.68,27,player,Borussia Mgladbach,0.62,1478.9,360.2,1516.4,428.7,79.57,12.89,13.9
342,13.68,46,player,Borussia Mgladbach,0.617,825.0,381.2,853.9,450.4,46.45,15.06,24.7
342,13.68,50,player,VfL Wolfsburg,0.592,1680.1,589.9,1724.5,671.2,88.55,36.4,7.0
342,13.68,57,player,Borussia Mgladbach,0.569,1402.2,913.3,1440.9,1021.7,73.82,67.58,5.1
342,13.68,56,player,Borussia Mgladbach,0.559,1096.3,303.7,1125.5,362.2,60.17,6.13,1.5
342,13.68,39,player,Borussia Mgladbach,0.557,344.2,372.6,375.1,446.4,22.36,14.67,13.2
342,13.68,24,player,Borussia Mgladbach,0.553,653.1,614.8,689.9,718.2,38.59,40.76,20.5
342,13.68,51,player,Borussia Mgladbach,0.548,1035.9,302.2,1054.4,357.1,56.83,5.61,8.5
342,13.68,41,player,Borussia Mgladbach,0.45,441.6,264.2,464.1,321.7,26.55,1.95,13.8
342,13.68,49,player,Borussia Mgladbach,0.443,913.0,256.3,945.2,315.1,50.92,1.27,10.2
342,13.68,58,player,Borussia Mgladbach,0.425,636.3,358.4,665.1,432.5,36.94,13.27,10.5
342,13.68,13,player,Borussia Mgladbach,0.409,809.1,1046.0,858.8,1080.0,46.72,72.47,16.6
342,13.68,54,player,VfL Wolfsburg,0.378,1504.7,328.5,1539.5,397.3,80.93,9.72,12.4
342,13.68,0,ball,Ball,0.7,83.0,189.0,95.0,198.0,7.03,-11.63,0.0
343,13.72,22,player,Borussia Mgladbach,0.795,1170.3,400.0,1202.0,473.0,63.81,17.32,10.2
343,13.72,11,player,Borussia Mgladbach,0.729,1054.8,644.5,1095.4,733.8,58.04,42.2,38.0
343,13.72,55,player,Borussia Mgladbach,0.726,687.4,487.9,725.2,564.7,39.98,26.28,7.8
343,13.72,4,player,Borussia Mgladbach,0.709,241.4,1006.1,285.6,1080.0,20.59,72.47,10.3
343,13.72,48,player,Borussia Mgladbach,0.705,1650.2,692.2,1688.8,779.9,86.41,46.4,1.4
343,13.72,28,player,Borussia Mgladbach,0.657,694.9,291.0,718.8,357.8,39.62,5.68,33.7
343,13.72,39,player,Borussia Mgladbach,0.653,340.3,371.8,373.6,446.0,22.22,14.62,13.1
343,13.72,19,player,Borussia Mgladbach,0.632,1548.1,418.9,1591.1,494.3,82.89,19.42,21.8
343,13.72,24,player,Borussia Mgladbach,0.607,649.7,610.2,685.6,718.6,38.4,40.8,17.0
343,13.72,46,player,Borussia Mgladbach,0.573,825.2,377.3,853.6,451.3,46.45,15.15,8.5
343,13.72,50,player,VfL Wolfsburg,0.559,1677.5,588.5,1722.5,669.4,88.44,36.23,17.9
343,13.72,27,player,Borussia Mgladbach,0.558,1480.9,362.5,1518.4,429.5,79.67,12.97,11.2
343,13.72,41,player,Borussia Mgladbach,0.52,439.6,263.4,461.5,321.3,26.43,1.92,11.3
343,13.72,51,player,Borussia Mgladbach,0.511,1034.1,301.3,1052.8,361.2,56.74,6.03,38.0
343,13.72,57,player,Borussia Mgladbach,0.494,1400.3,913.4,1441.8,1008.8,73.83,66.49,38.0
343,13.72,58,player,Borussia Mgladbach,0.473,633.2,359.3,663.3,429.0,36.8,12.92,34.4
343,13.72,56,player,Borussia Mgladbach,0.396,1096.8,304.6,1126.1,362.7,60.2,6.19,5.4
343,13.72,13,player,Borussia Mgladbach,0.367,806.2,1047.1,854.5,1079.9,46.56,72.47,14.8
343,13.72,49,player,Borussia Mgladbach,0.345,911.5,260.8,945.3,314.7,50.88,1.22,5.4
343,13.72,0,ball,Ball,0.7,998.0,229.0,1008.0,238.0,54.73,-7.33,0.0
344,13.76,48,player,Borussia Mgladbach,0.784,1650.1,688.7,1688.1,778.9,86.4,46.32,7.9
344,13.76,22,player,Borussia Mgladbach,0.778,1170.8,399.4,1201.9,472.5,63.82,17.26,5.4
344,13.76,55,player,Borussia Mgladbach,0.771,684.3,488.2,724.2,565.6,39.89,26.37,12.3
344,13.76,4,player,Borussia Mgladbach,0.725,237.5,1007.7,282.2,1080.0,20.42,72.47,15.0
344,13.76,11,player,Borussia Mgladbach,0.709,1055.0,643.1,1095.7,732.1,58.05,42.04,14.3
344,13.76,28,player,Borussia Mgladbach,0.7,692.2,290.3,716.1,356.2,39.48,5.52,19.1
344,13.76,39,player,Borussia Mgladbach,0.686,338.3,372.1,372.0,446.6,22.13,14.68,9.4
344,13.76,46,player,Borussia Mgladbach,0.641,823.4,377.6,852.6,449.4,46.38,14.96,18.8
344,13.76,19,player,Borussia Mgladbach,0.614,1547.1,418.2,1592.0,494.8,82.88,19.47,4.4
344,13.76,51,player,Borussia Mgladbach,0.597,1031.5,299.1,1051.7,361.8,56.65,6.1,10.2
344,13.76,27,player,Borussia Mgladbach,0.592,1483.0,360.5,1518.0,428.9,79.71,12.91,6.4
344,13.76,50,player,VfL Wolfsburg,0.576,1676.6,587.6,1720.2,667.1,88.38,36.02,20.1
344,13.76,24,player,Borussia Mgladbach,0.558,647.6,611.5,681.5,720.9,38.26,41.02,23.5
344,13.76,57,player,Borussia Mgladbach,0.498,1398.6,912.7,1440.3,1003.7,73.78,66.06,38.0
344,13.76,56,player,Borussia Mgladbach,0.469,1098.0,303.6,1125.2,360.3,60.21,5.94,22.3
344,13.76,13,player,Borussia Mgladbach,0.418,803.9,1047.2,852.1,1080.0,46.45,72.47,9.8
344,13.76,41,player,Borussia Mgladbach,0.404,437.1,264.4,456.8,320.8,26.24,1.86,17.6
344,13.76,49,player,Borussia Mgladbach,0.396,911.6,261.3,944.4,314.4,50.86,1.19,3.3
344,13.76,58,player,Borussia Mgladbach,0.316,631.6,360.4,659.5,428.7,36.67,12.89,12.3
344,13.76,0,ball,Ball,0.7,1910.0,122.0,1920.0,132.0,102.89,-18.89,0.0
345,13.8,48,player,Borussia Mgladbach,0.75,1653.8,689.2,1687.9,774.4,86.5,45.91,37.7
345,13.8,55,player,Borussia Mgladbach,0.728,683.0,486.3,722.2,565.8,39.81,26.39,7.4
345,13.8,22,player,Borussia Mgladbach,0.712,1170.0,398.4,1199.9,472.9,63.75,17.31,7.6
345,13.8,4,player,Borussia Mgladbach,0.71,235.9,1008.0,280.6,1080.0,20.35,72.47,6.7
345,13.8,39,player,Borussia Mgladbach,0.69,337.5,373.9,369.3,444.9,22.04,14.51,17.3
345,13.8,28,player,Borussia Mgladbach,0.685,689.0,289.0,711.4,356.7,39.28,5.57,18.5
345,13.8,46,player,Borussia Mgladbach,0.663,821.5,378.4,851.4,447.2,46.3,14.74,21.0
345,13.8,11,player,Borussia Mgladbach,0.649,1060.3,643.4,1095.1,731.8,58.17,42.02,10.6
345,13.8,50,player,VfL Wolfsburg,0.643,1676.3,586.1,1717.7,665.5,88.32,35.87,14.2
345,13.8,51,player,Borussia Mgladbach,0.562,1030.5,299.1,1052.1,362.8,56.64,6.19,9.0
345,13.8,27,player,Borussia Mgladbach,0.554,1491.1,329.3,1533.3,429.3,80.3,12.95,38.0
345,13.8,19,player,Borussia Mgladbach,0.551,1546.1,418.2,1592.1,491.4,82.87,19.13,30.1
345,13.8,56,player,Borussia Mgladbach,0.529,1097.9,302.4,1123.8,358.0,60.18,5.7,21.7
345,13.8,24,player,Borussia Mgladbach,0.516,645.1,615.3,679.0,715.0,38.12,40.47,38.0
345,13.8,49,player,Borussia Mgladbach,0.489,913.0,258.1,941.9,313.8,50.83,1.14,5.8
345,13.8,41,player,Borussia Mgladbach,0.48,434.2,260.9,455.9,320.8,26.14,1.86,8.6
345,13.8,57,player,Borussia Mgladbach,0.464,1394.8,912.6,1440.3,1000.4,73.7,65.77,26.8
345,13.8,58,player,Borussia Mgladbach,0.408,628.6,358.8,657.1,429.1,36.53,12.93,12.9
345,13.8,13,player,Borussia Mgladbach,0.347,803.2,1046.4,849.7,1080.0,46.38,72.47,6.4
345,13.8,0,ball,Ball,0.7,1907.0,124.0,1920.0,134.0,102.79,-18.67,0.0
346,13.84,22,player,Borussia Mgladbach,0.718,1169.2,396.4,1199.8,470.0,63.73,17.02,25.9
346,13.84,39,player,Borussia Mgladbach,0.707,334.6,373.9,367.1,442.8,21.9,14.3,22.9
346,13.84,4,player,Borussia Mgladbach,0.693,233.0,1008.8,276.9,1080.0,20.19,72.47,13.6
346,13.84,50,player,VfL Wolfsburg,0.686,1677.5,586.7,1716.9,665.0,88.33,35.82,4.8
346,13.84,55,player,Borussia Mgladbach,0.686,683.5,484.8,717.6,565.7,39.7,26.38,9.4
346,13.84,48,player,Borussia Mgladbach,0.658,1654.4,688.2,1687.7,773.3,86.52,45.81,8.9
346,13.84,46,player,Borussia Mgladbach,0.633,821.1,380.2,851.0,447.7,46.28,14.79,5.1
346,13.84,11,player,Borussia Mgladbach,0.626,1063.5,645.5,1094.6,730.7,58.23,41.92,11.0
346,13.84,24,player,Borussia Mgladbach,0.604,644.0,615.7,677.3,710.5,38.05,40.05,38.0
346,13.84,27,player,Borussia Mgladbach,0.554,1494.7,328.9,1532.5,429.7,80.37,12.99,7.3
346,13.84,49,player,Borussia Mgladbach,0.536,917.4,257.3,942.7,316.5,50.97,1.41,27.4
346,13.84,56,player,Borussia Mgladbach,0.533,1098.1,300.1,1125.3,356.0,60.22,5.5,18.8
346,13.84,28,player,Borussia Mgladbach,0.531,685.8,290.2,710.5,352.4,39.16,5.13,38.0
346,13.84,19,player,Borussia Mgladbach,0.528,1546.3,420.6,1591.7,490.2,82.88,19.02,10.4
346,13.84,51,player,Borussia Mgladbach,0.515,1027.1,300.6,1053.9,361.2,56.6,6.03,15.1
346,13.84,41,player,Borussia Mgladbach,0.502,431.4,262.8,455.6,321.3,26.07,1.91,8.5
346,13.84,57,player,Borussia Mgladbach,0.445,1392.9,912.7,1440.4,1016.9,73.61,67.17,38.0
346,13.84,58,player,Borussia Mgladbach,0.427,628.3,358.8,655.1,430.0,36.48,13.02,9.3
346,13.84,13,player,Borussia Mgladbach,0.36,799.0,1045.6,848.1,1080.0,46.25,72.47,12.0
346,13.84,0,ball,Ball,0.7,1681.0,639.0,1691.0,654.0,87.88,34.08,0.0
347,13.88,48,player,Borussia Mgladbach,0.802,1652.5,687.0,1687.8,775.3,86.47,45.99,16.5
347,13.88,22,player,Borussia Mgladbach,0.723,1168.7,396.3,1200.1,467.0,63.73,16.72,27.3
347,13.88,4,player,Borussia Mgladbach,0.706,230.4,1008.9,274.1,1080.0,20.07,72.47,11.2
347,13.88,55,player,Borussia Mgladbach,0.688,683.1,485.5,717.1,566.3,39.68,26.44,6.2
347,13.88,39,player,Borussia Mgladbach,0.686,333.7,370.8,364.1,441.7,21.8,14.19,13.6
347,13.88,50,player,VfL Wolfsburg,0.657,1679.4,582.9,1715.0,663.3,88.34,35.66,14.2
347,13.88,24,player,Borussia Mgladbach,0.633,640.9,615.7,675.2,711.7,37.93,40.17,15.1
347,13.88,46,player,Borussia Mgladbach,0.612,822.2,378.8,849.7,448.0,46.27,14.82,2.7
347,13.88,11,player,Borussia Mgladbach,0.59,1066.3,645.1,1096.0,734.7,58.33,42.28,34.3
347,13.88,19,player,Borussia Mgladbach,0.53,1546.5,420.7,1591.4,490.9,82.87,19.08,5.9
347,13.88,58,player,Borussia Mgladbach,0.509,627.8,359.7,653.3,429.6,36.42,12.98,6.2
347,13.88,41,player,Borussia Mgladbach,0.506,429.2,264.6,454.0,320.9,25.97,1.87,9.5
347,13.88,51,player,Borussia Mgladbach,0.499,1025.4,300.8,1054.3,362.5,56.56,6.16,12.1
347,13.88,56,player,Borussia Mgladbach,0.467,1098.8,300.5,1127.9,355.4,60.31,5.44,9.1
347,13.88,27,player,Borussia Mgladbach,0.46,1497.6,328.2,1532.2,431.0,80.43,13.12,12.9
347,13.88,49,player,Borussia Mgladbach,0.449,919.1,257.1,941.2,317.4,50.97,1.51,8.9
347,13.88,57,player,Borussia Mgladbach,0.442,1391.4,912.6,1440.4,997.0,73.63,65.48,38.0
347,13.88,28,player,Borussia Mgladbach,0.415,684.6,293.9,707.3,351.8,39.05,5.07,11.9
347,13.88,13,player,Borussia Mgladbach,0.309,796.2,1046.3,847.6,1079.9,46.17,72.47,6.6
347,13.88,0,ball,Ball,0.7,1901.0,118.0,1915.0,132.0,102.53,-19.11,0.0
348,13.92,48,player,Borussia Mgladbach,0.758,1650.7,686.3,1688.2,775.0,86.44,45.96,3.7
348,13.92,4,player,Borussia Mgladbach,0.73,228.1,1007.9,272.3,1080.0,19.98,72.47,8.3
348,13.92,50,player,VfL Wolfsburg,0.707,1679.3,580.8,1712.0,663.6,88.26,35.69,7.4
348,13.92,39,player,Borussia Mgladbach,0.688,331.8,370.2,362.3,441.5,21.7,14.17,8.9
348,13.92,22,player,Borussia Mgladbach,0.686,1168.5,398.0,1200.3,466.2,63.73,16.64,7.1
348,13.92,55,player,Borussia Mgladbach,0.672,685.1,485.3,713.7,564.7,39.65,26.28,15.0
348,13.92,46,player,Borussia Mgladbach,0.632,820.0,377.6,847.7,446.6,46.17,14.69,15.4
348,13.92,19,player,Borussia Mgladbach,0.572,1550.4,417.7,1590.4,489.9,82.95,18.98,11.5
348,13.92,11,player,Borussia Mgladbach,0.536,1069.0,643.1,1097.5,731.0,58.43,41.94,32.1
348,13.92,51,player,Borussia Mgladbach,0.533,1024.4,300.9,1054.1,365.4,56.53,6.46,27.5
348,13.92,56,player,Borussia Mgladbach,0.501,1100.8,299.2,1130.6,355.1,60.43,5.41,11.2
348,13.92,27,player,Borussia Mgladbach,0.501,1495.1,326.6,1534.7,430.8,80.43,13.1,1.9
348,13.92,24,player,Borussia Mgladbach,0.494,638.4,612.6,672.0,711.9,37.79,40.18,12.6
348,13.92,41,player,Borussia Mgladbach,0.468,427.8,264.3,453.7,319.8,25.92,1.76,11.4
348,13.92,58,player,Borussia Mgladbach,0.43,625.4,359.0,650.3,429.1,36.28,12.93,13.3
348,13.92,57,player,Borussia Mgladbach,0.419,1388.7,912.1,1440.4,1033.2,73.46,68.55,38.0
348,13.92,28,player,Borussia Mgladbach,0.403,681.9,289.9,706.2,352.9,38.95,5.19,13.7
348,13.92,13,player,Borussia Mgladbach,0.399,793.9,1045.2,845.7,1080.0,46.08,72.47,8.9
348,13.92,49,player,Borussia Mgladbach,0.383,919.4,257.2,941.4,315.0,50.98,1.26,22.6
348,13.92,0,ball,Ball,0.7,880.0,51.0,886.0,60.0,48.39,-26.88,0.0
349,13.96,48,player,Borussia Mgladbach,0.778,1648.0,684.4,1689.0,772.7,86.4,45.75,18.9
349,13.96,4,player,Borussia Mgladbach,0.759,226.0,1007.8,270.8,1080.0,19.9,72.47,7.4
349,13.96,50,player,VfL Wolfsburg,0.749,1676.8,578.6,1710.6,664.5,88.16,35.77,11.8
349,13.96,46,player,Borussia Mgladbach,0.711,820.3,375.1,845.8,446.3,46.13,14.65,5.1
349,13.96,28,player,Borussia Mgladbach,0.676,680.4,287.8,703.7,352.6,38.85,5.15,9.7
349,13.96,24,player,Borussia Mgladbach,0.67,636.2,612.2,669.8,707.0,37.67,39.73,38.0
349,13.96,11,player,Borussia Mgladbach,0.666,1067.6,641.3,1098.0,731.8,58.41,42.01,6.7
349,13.96,39,player,Borussia Mgladbach,0.662,329.8,370.6,360.4,442.0,21.6,14.22,9.7
349,13.96,55,player,Borussia Mgladbach,0.661,683.5,483.6,713.4,564.2,39.6,26.24,5.8
349,13.96,22,player,Borussia Mgladbach,0.633,1168.9,398.4,1199.7,465.3,63.73,16.54,8.5
349,13.96,19,player,Borussia Mgladbach,0.606,1553.5,418.0,1589.0,490.8,82.99,19.08,9.0
349,13.96,58,player,Borussia Mgladbach,0.577,624.5,358.0,649.8,427.9,36.25,12.81,11.3
349,13.96,27,player,Borussia Mgladbach,0.548,1495.8,324.2,1541.8,431.3,80.62,13.15,17.9
349,13.96,51,player,Borussia Mgladbach,0.513,1023.9,301.6,1052.6,364.4,56.48,6.36,10.7
349,13.96,13,player,Borussia Mgladbach,0.46,791.3,1045.1,841.7,1080.0,45.92,72.47,13.5
349,13.96,56,player,Borussia Mgladbach,0.434,1102.7,301.0,1131.2,353.0,60.49,5.19,20.4
349,13.96,57,player,Borussia Mgladbach,0.418,1387.9,911.8,1439.4,999.4,73.52,65.69,38.0
349,13.96,49,player,Borussia Mgladbach,0.352,918.4,256.1,940.2,313.7,50.93,1.13,13.0
349,13.96,41,player,Borussia Mgladbach,0.342,424.2,264.0,452.1,320.0,25.79,1.78,12.2
349,13.96,0,ball,Ball,0.7,205.0,24.0,218.0,36.0,12.39,-29.77,0.0
350,14.0,48,player,Borussia Mgladbach,0.76,1643.8,684.2,1689.2,773.2,86.3,45.8,9.8
350,14.0,46,player,Borussia Mgladbach,0.754,817.6,374.9,844.9,445.0,46.03,14.53,13.6
350,14.0,4,player,Borussia Mgladbach,0.751,223.9,1008.0,268.4,1080.0,19.79,72.47,9.3
350,14.0,28,player,Borussia Mgladbach,0.738,675.8,286.6,699.8,353.5,38.64,5.24,21.1
350,14.0,24,player,Borussia Mgladbach,0.723,634.9,613.1,667.7,707.3,37.59,39.76,7.9
350,14.0,11,player,Borussia Mgladbach,0.703,1067.7,640.2,1100.6,731.7,58.48,42.01,5.8
350,14.0,55,player,Borussia Mgladbach,0.696,683.8,484.2,712.1,564.0,39.57,26.21,3.1
350,14.0,19,player,Borussia Mgladbach,0.667,1555.5,415.8,1589.3,489.9,83.05,18.99,9.9
350,14.0,22,player,Borussia Mgladbach,0.646,1168.8,397.9,1199.7,464.7,63.73,16.49,5.1
350,14.0,58,player,Borussia Mgladbach,0.638,622.3,357.7,649.5,428.7,36.18,12.89,8.9
350,14.0,39,player,Borussia Mgladbach,0.595,327.1,372.5,358.6,441.4,21.49,14.16,11.8
350,14.0,50,player,VfL Wolfsburg,0.589,1673.4,578.4,1710.7,666.0,88.07,35.91,14.9
350,14.0,27,player,Borussia Mgladbach,0.585,1495.6,331.5,1541.8,430.9,80.62,13.11,4.3
350,14.0,56,player,Borussia Mgladbach,0.531,1103.8,301.2,1131.3,353.2,60.52,5.22,3.2
350,14.0,51,player,Borussia Mgladbach,0.505,1023.6,301.0,1051.7,362.9,56.45,6.21,13.9
350,14.0,57,player,Borussia Mgladbach,0.448,1383.1,911.4,1439.8,1026.6,73.34,68.0,38.0
350,14.0,13,player,Borussia Mgladbach,0.395,789.8,1045.8,839.0,1080.0,45.83,72.47,8.6
350,14.0,41,player,Borussia Mgladbach,0.39,420.4,260.5,448.9,319.8,25.61,1.76,16.4
350,14.0,49,player,Borussia Mgladbach,0.352,917.9,255.0,940.0,313.1,50.91,1.06,6.3
350,14.0,0,ball,Ball,0.7,1297.0,231.0,1316.0,254.0,70.45,-6.37,0.0
351,14.04,4,player,Borussia Mgladbach,0.771,220.1,1007.6,264.7,1080.0,19.62,72.47,15.6
351,14.04,46,player,Borussia Mgladbach,0.756,816.1,372.4,842.5,444.1,45.93,14.43,12.5
351,14.04,11,player,Borussia Mgladbach,0.736,1067.1,637.6,1103.0,726.3,58.52,41.51,38.0
351,14.04,48,player,Borussia Mgladbach,0.725,1642.1,682.3,1691.6,772.7,86.32,45.75,4.4
351,14.04,55,player,Borussia Mgladbach,0.719,682.4,482.2,711.5,562.9,39.52,26.11,10.1
351,14.04,22,player,Borussia Mgladbach,0.693,1170.2,396.3,1198.1,463.6,63.73,16.38,9.9
351,14.04,28,player,Borussia Mgladbach,0.69,672.3,287.3,696.1,353.3,38.45,5.22,16.7
351,14.04,19,player,Borussia Mgladbach,0.676,1557.0,409.3,1589.4,490.3,83.09,19.02,4.7
351,14.04,27,player,Borussia Mgladbach,0.654,1496.9,335.8,1542.7,432.2,80.67,13.24,12.9
351,14.04,58,player,Borussia Mgladbach,0.637,621.2,356.3,647.9,427.3,36.11,12.75,14.2
351,14.04,24,player,Borussia Mgladbach,0.623,630.8,612.2,666.4,708.5,37.46,39.87,15.2
351,14.04,39,player,Borussia Mgladbach,0.614,325.2,373.1,357.4,444.8,21.43,14.5,31.2
351,14.04,56,player,Borussia Mgladbach,0.539,1105.6,300.3,1130.5,352.9,60.55,5.18,4.3
351,14.04,50,player,VfL Wolfsburg,0.519,1670.9,577.7,1709.2,665.4,87.98,35.86,9.6
351,14.04,57,player,Borussia Mgladbach,0.501,1378.8,911.8,1438.9,1027.0,73.22,68.02,11.0
351,14.04,51,player,Borussia Mgladbach,0.494,1023.7,301.1,1049.4,363.4,56.39,6.26,7.1
351,14.04,41,player,Borussia Mgladbach,0.391,419.1,258.4,446.9,316.5,25.51,1.41,32.3
351,14.04,49,player,Borussia Mgladbach,0.353,917.8,256.2,939.4,311.0,50.89,0.84,19.6
351,14.04,13,player,Borussia Mgladbach,0.34,785.8,1047.4,836.3,1079.9,45.68,72.47,13.7
351,14.04,0,ball,Ball,0.7,1297.0,231.0,1316.0,253.0,70.45,-6.43,0.0
352,14.08,46,player,Borussia Mgladbach,0.76,813.8,370.9,842.1,443.4,45.87,14.36,8.9
352,14.08,11,player,Borussia Mgladbach,0.756,1065.5,638.1,1103.9,724.9,58.51,41.39,11.6
352,14.08,4,player,Borussia Mgladbach,0.748,217.7,1007.1,263.6,1080.0,19.54,72.47,7.1
352,14.08,55,player,Borussia Mgladbach,0.741,680.1,481.9,709.3,563.2,39.41,26.14,10.3
352,14.08,48,player,Borussia Mgladbach,0.734,1641.8,683.4,1691.7,772.5,86.32,45.74,1.5
352,14.08,28,player,Borussia Mgladbach,0.732,670.6,287.2,694.9,352.4,38.38,5.13,10.9
352,14.08,39,player,Borussia Mgladbach,0.71,323.8,372.2,355.1,445.4,21.34,14.56,9.6
352,14.08,27,player,Borussia Mgladbach,0.702,1500.5,329.7,1543.4,433.2,80.77,13.34,13.3
352,14.08,19,player,Borussia Mgladbach,0.681,1557.5,409.0,1587.9,489.7,83.06,18.96,5.5
352,14.08,22,player,Borussia Mgladbach,0.668,1169.8,395.5,1198.0,461.7,63.72,16.19,17.0
352,14.08,24,player,Borussia Mgladbach,0.638,626.5,607.1,665.9,705.1,37.34,39.55,30.5
352,14.08,58,player,Borussia Mgladbach,0.636,621.5,354.5,646.7,426.2,36.09,12.64,9.9
352,14.08,50,player,VfL Wolfsburg,0.623,1665.3,579.1,1708.6,666.7,87.82,35.98,18.0
352,14.08,56,player,Borussia Mgladbach,0.533,1106.3,298.0,1131.2,353.7,60.58,5.26,8.3
352,14.08,41,player,Borussia Mgladbach,0.523,417.7,256.6,442.8,315.2,25.36,1.28,17.8
352,14.08,57,player,Borussia Mgladbach,0.522,1376.5,912.5,1435.5,1029.3,73.08,68.22,21.7
352,14.08,51,player,Borussia Mgladbach,0.439,1023.9,300.4,1047.8,361.6,56.36,6.07,17.1
352,14.08,49,player,Borussia Mgladbach,0.329,918.1,257.2,940.4,312.1,50.92,0.95,10.4
352,14.08,13,player,Borussia Mgladbach,0.3,784.2,1047.4,832.5,1080.0,45.55,72.47,11.3
352,14.08,0,ball,Ball,0.7,1885.0,116.0,1907.0,133.0,101.9,-19.17,0.0
353,14.12,11,player,Borussia Mgladbach,0.798,1064.1,636.7,1106.0,722.9,58.53,41.2,17.0
353,14.12,48,player,Borussia Mgladbach,0.781,1642.7,682.9,1692.0,771.2,86.35,45.62,10.8
353,14.12,46,player,Borussia Mgladbach,0.743,813.5,371.1,841.7,442.5,45.85,14.27,8.1
353,14.12,4,player,Borussia Mgladbach,0.727,215.7,1007.5,261.1,1080.0,19.44,72.47,9.3
353,14.12,55,player,Borussia Mgladbach,0.707,677.8,480.5,707.5,563.1,39.31,26.13,9.3
353,14.12,39,player,Borussia Mgladbach,0.685,322.2,371.6,353.1,443.5,21.24,14.38,18.8
353,14.12,28,player,Borussia Mgladbach,0.684,667.5,285.1,693.1,350.5,38.25,4.93,20.9
353,14.12,27,player,Borussia Mgladbach,0.683,1504.7,362.1,1543.6,431.7,80.89,13.19,17.0
353,14.12,22,player,Borussia Mgladbach,0.663,1169.1,391.9,1195.5,459.5,63.64,15.97,21.0
353,14.12,24,player,Borussia Mgladbach,0.658,624.2,606.1,662.4,702.2,37.19,39.29,27.3
353,14.12,19,player,Borussia Mgladbach,0.618,1556.3,408.0,1586.0,490.7,82.98,19.06,11.3
353,14.12,58,player,Borussia Mgladbach,0.608,619.3,354.9,643.1,427.6,35.94,12.78,17.7
353,14.12,50,player,VfL Wolfsburg,0.596,1662.9,578.0,1706.2,665.0,87.72,35.82,17.7
353,14.12,56,player,Borussia Mgladbach,0.564,1105.9,295.7,1132.4,353.6,60.6,5.25,2.1
353,14.12,41,player,Borussia Mgladbach,0.562,416.1,256.7,440.9,316.1,25.27,1.38,11.9
353,14.12,57,player,Borussia Mgladbach,0.553,1376.1,912.2,1433.4,1030.2,73.02,68.3,8.7
353,14.12,51,player,Borussia Mgladbach,0.447,1023.7,300.6,1046.8,362.6,56.33,6.18,10.1
353,14.12,0,ball,Ball,0.7,917.0,263.0,932.0,275.0,50.67,-3.56,0.0
354,14.16,11,player,Borussia Mgladbach,0.751,1067.3,637.8,1105.9,720.0,58.6,40.93,25.1
354,14.16,55,player,Borussia Mgladbach,0.741,675.3,480.8,705.4,564.4,39.2,26.26,15.0
354,14.16,48,player,Borussia Mgladbach,0.741,1644.8,681.6,1691.8,770.9,86.4,45.59,5.1
354,14.16,22,player,Borussia Mgladbach,0.718,1168.2,388.1,1195.1,461.3,63.6,16.15,16.7
354,14.16,46,player,Borussia Mgladbach,0.7,809.8,371.3,840.7,442.7,45.73,14.29,10.7
354,14.16,27,player,Borussia Mgladbach,0.675,1506.2,362.6,1543.0,431.9,80.91,13.21,2.2
354,14.16,4,player,Borussia Mgladbach,0.673,211.6,1008.1,257.8,1080.0,19.27,72.47,15.4
354,14.16,39,player,Borussia Mgladbach,0.666,318.5,370.2,351.2,442.8,21.09,14.3,14.5
354,14.16,24,player,Borussia Mgladbach,0.643,622.1,601.6,660.2,699.8,37.08,39.06,22.8
354,14.16,19,player,Borussia Mgladbach,0.634,1555.9,408.6,1584.0,489.3,82.93,18.93,12.8
354,14.16,50,player,VfL Wolfsburg,0.617,1660.9,577.6,1704.0,663.9,87.62,35.72,12.5
354,14.16,58,player,Borussia Mgladbach,0.576,618.6,355.2,642.3,428.8,35.91,12.9,11.3
354,14.16,57,player,Borussia Mgladbach,0.576,1372.9,911.8,1432.2,1027.7,72.93,68.08,21.0
354,14.16,41,player,Borussia Mgladbach,0.548,412.0,257.1,437.9,316.4,25.1,1.4,16.2
354,14.16,56,player,Borussia Mgladbach,0.54,1105.7,295.0,1133.8,351.9,60.64,5.08,15.7
354,14.16,28,player,Borussia Mgladbach,0.535,663.6,285.5,688.6,347.9,38.03,4.67,31.0
354,14.16,51,player,Borussia Mgladbach,0.482,1023.1,297.3,1045.2,361.7,56.27,6.08,10.1
354,14.16,13,player,Borussia Mgladbach,0.309,779.3,1047.8,827.9,1080.0,45.33,72.47,9.8
354,14.16,0,ball,Ball,0.7,871.0,49.0,878.0,58.0,47.94,-27.1,0.0
355,14.2,11,player,Borussia Mgladbach,0.759,1069.7,637.9,1107.1,720.4,58.69,40.97,8.6
355,14.2,22,player,Borussia Mgladbach,0.751,1167.9,386.9,1196.1,461.4,63.62,16.16,1.8
355,14.2,55,player,Borussia Mgladbach,0.712,672.5,481.1,701.8,566.0,39.04,26.41,19.8
355,14.2,46,player,Borussia Mgladbach,0.706,808.6,372.1,840.0,442.4,45.68,14.26,5.3
355,14.2,41,player,Borussia Mgladbach,0.689,410.9,258.0,433.9,317.7,24.97,1.54,16.9
355,14.2,19,player,Borussia Mgladbach,0.676,1555.2,408.8,1582.5,488.9,82.87,18.88,6.3
355,14.2,39,player,Borussia Mgladbach,0.675,318.4,370.6,349.7,442.1,21.05,14.23,7.5
355,14.2,24,player,Borussia Mgladbach,0.662,621.5,601.1,659.6,695.4,37.04,38.66,36.3
355,14.2,4,player,Borussia Mgladbach,0.633,209.8,1008.1,253.1,1080.0,19.12,72.47,13.3
355,14.2,27,player,Borussia Mgladbach,0.624,1507.4,364.0,1542.6,429.6,80.94,12.98,20.8
355,14.2,58,player,Borussia Mgladbach,0.62,616.6,354.7,641.4,428.3,35.83,12.85,8.2
355,14.2,48,player,Borussia Mgladbach,0.615,1649.1,682.1,1690.9,768.4,86.49,45.36,22.6
355,14.2,57,player,Borussia Mgladbach,0.544,1371.6,911.3,1432.2,1030.6,72.89,68.33,22.9
355,14.2,56,player,Borussia Mgladbach,0.53,1103.8,294.4,1133.5,349.0,60.59,4.78,27.6
355,14.2,51,player,Borussia Mgladbach,0.481,1021.8,297.8,1042.3,361.0,56.16,6.01,11.4
355,14.2,28,player,Borussia Mgladbach,0.446,660.9,285.9,686.7,347.9,37.91,4.66,10.8
355,14.2,50,player,VfL Wolfsburg,0.401,1660.2,579.4,1702.0,655.5,87.6,34.93,38.0
355,14.2,13,player,Borussia Mgladbach,0.311,778.9,1048.1,825.3,1079.8,45.27,72.46,6.3
355,14.2,0,ball,Ball,0.7,1563.0,468.0,1573.0,481.0,82.9,17.46,0.0
356,14.24,11,player,Borussia Mgladbach,0.793,1073.3,636.8,1108.1,719.0,58.8,40.84,15.4
356,14.24,39,player,Borussia Mgladbach,0.735,316.3,370.7,347.6,442.9,20.95,14.32,11.9
356,14.24,55,player,Borussia Mgladbach,0.726,669.8,481.3,700.7,566.7,38.95,26.48,10.1
356,14.24,22,player,Borussia Mgladbach,0.713,1167.1,385.7,1194.5,460.1,63.56,16.03,12.6
356,14.24,24,player,Borussia Mgladbach,0.705,621.9,602.0,657.2,696.2,37.0,38.73,7.3
356,14.24,46,player,Borussia Mgladbach,0.704,808.6,372.0,838.7,442.3,45.65,14.26,3.0
356,14.24,4,player,Borussia Mgladbach,0.628,207.0,1009.1,250.8,1080.0,19.0,72.47,10.6
356,14.24,48,player,Borussia Mgladbach,0.618,1651.9,680.1,1691.9,767.9,86.59,45.31,9.3
356,14.24,27,player,Borussia Mgladbach,0.613,1503.4,331.9,1541.6,426.3,80.83,12.65,31.2
356,14.24,41,player,Borussia Mgladbach,0.603,409.7,259.8,431.5,316.2,24.87,1.38,17.1
356,14.24,19,player,Borussia Mgladbach,0.599,1555.3,409.1,1580.8,487.8,82.84,18.78,9.9
356,14.24,58,player,Borussia Mgladbach,0.581,613.9,353.7,640.4,427.2,35.74,12.73,13.1
356,14.24,51,player,Borussia Mgladbach,0.498,1021.5,297.8,1040.9,360.6,56.12,5.97,5.2
356,14.24,56,player,Borussia Mgladbach,0.473,1104.4,294.9,1134.3,348.0,60.62,4.67,10.0
356,14.24,57,player,Borussia Mgladbach,0.46,1368.6,909.6,1432.1,1041.4,72.78,69.25,38.0
356,14.24,50,player,VfL Wolfsburg,0.435,1659.1,576.9,1699.7,661.7,87.48,35.51,38.0
356,14.24,28,player,Borussia Mgladbach,0.415,657.6,285.2,682.4,345.6,37.71,4.43,27.4
356,14.24,0,ball,Ball,0.7,931.0,220.0,941.0,229.0,51.25,-8.29,0.0
357,14.28,11,player,Borussia Mgladbach,0.801,1074.1,635.9,1110.4,719.3,58.88,40.87,7.1
357,14.28,55,player,Borussia Mgladbach,0.779,666.0,480.6,697.9,566.3,38.79,26.43,15.3
357,14.28,39,player,Borussia Mgladbach,0.773,314.6,370.8,346.3,443.8,20.88,14.4,9.9
357,14.28,24,player,Borussia Mgladbach,0.728,619.9,601.6,655.8,696.7,36.92,38.78,8.6
357,14.28,22,player,Borussia Mgladbach,0.724,1164.8,385.8,1195.4,459.4,63.53,15.96,7.2
357,14.28,46,player,Borussia Mgladbach,0.717,809.2,372.6,839.3,441.7,45.68,14.2,5.9
357,14.28,4,player,Borussia Mgladbach,0.688,205.2,1008.9,249.6,1080.0,18.93,72.47,6.1
357,14.28,48,player,Borussia Mgladbach,0.62,1654.1,678.7,1692.2,767.4,86.65,45.27,7.0
357,14.28,19,player,Borussia Mgladbach,0.612,1553.5,409.0,1580.2,487.0,82.78,18.7,8.6
357,14.28,27,player,Borussia Mgladbach,0.605,1503.0,343.3,1543.0,428.0,80.85,12.82,15.4
357,14.28,41,player,Borussia Mgladbach,0.597,405.7,260.9,430.5,316.5,24.75,1.41,11.8
357,14.28,28,player,Borussia Mgladbach,0.59,657.2,285.9,680.5,345.2,37.66,4.39,6.5
357,14.28,58,player,Borussia Mgladbach,0.576,611.6,353.8,640.4,428.2,35.68,12.84,10.4
357,14.28,57,player,Borussia Mgladbach,0.546,1365.8,911.3,1430.9,1044.4,72.68,69.5,24.4
357,14.28,51,player,Borussia Mgladbach,0.524,1020.2,297.0,1039.5,359.7,56.06,5.88,10.2
357,14.28,56,player,Borussia Mgladbach,0.518,1104.1,294.9,1134.2,347.2,60.61,4.6,6.7
357,14.28,50,player,VfL Wolfsburg,0.443,1659.0,577.4,1697.8,657.9,87.45,35.15,32.3
357,14.28,49,player,Borussia Mgladbach,0.325,908.5,255.5,939.0,308.1,50.64,0.54,9.0
357,14.28,0,ball,Ball,0.7,1294.0,231.0,1312.0,253.0,70.27,-6.43,0.0
358,14.32,39,player,Borussia Mgladbach,0.798,312.4,371.4,345.0,442.7,20.78,14.3,12.7
358,14.32,11,player,Borussia Mgladbach,0.77,1075.8,629.6,1109.9,718.8,58.91,40.82,5.5
358,14.32,55,player,Borussia Mgladbach,0.732,664.4,479.6,697.0,564.7,38.72,26.28,15.1
358,14.32,24,player,Borussia Mgladbach,0.722,619.1,603.9,654.0,697.1,36.85,38.81,6.6
358,14.32,4,player,Borussia Mgladbach,0.712,202.4,1009.3,247.7,1080.0,18.82,72.47,9.7
358,14.32,46,player,Borussia Mgladbach,0.669,809.0,370.9,836.9,439.6,45.61,13.99,19.8
358,14.32,58,player,Borussia Mgladbach,0.665,611.4,352.7,640.2,427.8,35.67,12.8,3.4
358,14.32,48,player,Borussia Mgladbach,0.656,1654.7,675.6,1693.3,766.2,86.7,45.17,10.0
358,14.32,22,player,Borussia Mgladbach,0.651,1163.8,387.4,1195.0,459.2,63.49,15.94,3.3
358,14.32,28,player,Borussia Mgladbach,0.61,654.6,284.4,678.8,345.3,37.55,4.39,9.9
358,14.32,57,player,Borussia Mgladbach,0.583,1365.1,910.7,1428.8,1047.1,72.61,69.72,21.0
358,14.32,51,player,Borussia Mgladbach,0.495,1019.3,298.0,1039.4,357.2,56.03,5.63,23.1
358,14.32,50,player,VfL Wolfsburg,0.495,1659.2,575.9,1696.8,657.2,87.44,35.08,6.3
358,14.32,19,player,Borussia Mgladbach,0.493,1552.6,408.6,1578.5,485.5,82.73,18.55,14.2
358,14.32,27,player,Borussia Mgladbach,0.474,1499.7,327.8,1541.9,424.7,80.75,12.49,31.2
358,14.32,56,player,Borussia Mgladbach,0.459,1103.2,298.4,1132.6,347.6,60.55,4.64,6.9
358,14.32,41,player,Borussia Mgladbach,0.439,403.2,259.7,425.9,314.5,24.56,1.21,25.3
358,14.32,49,player,Borussia Mgladbach,0.427,907.7,251.6,936.2,307.6,50.55,0.49,9.3
358,14.32,0,ball,Ball,0.7,922.0,220.0,932.0,227.0,50.79,-8.4,0.0
359,14.36,39,player,Borussia Mgladbach,0.817,309.6,370.1,341.7,442.2,20.63,14.25,14.7
359,14.36,55,player,Borussia Mgladbach,0.756,662.5,479.4,695.3,565.1,38.64,26.33,9.0
359,14.36,11,player,Borussia Mgladbach,0.747,1075.8,626.4,1110.4,718.6,58.92,40.8,1.6
359,14.36,24,player,Borussia Mgladbach,0.713,617.1,602.5,652.3,694.8,36.76,38.6,20.8
359,14.36,4,player,Borussia Mgladbach,0.701,199.4,1010.1,245.7,1080.0,18.71,72.47,10.3
359,14.36,58,player,Borussia Mgladbach,0.692,610.8,352.7,639.8,426.3,35.64,12.65,13.8
359,14.36,48,player,Borussia Mgladbach,0.692,1654.0,671.9,1693.0,764.3,86.68,44.99,15.8
359,14.36,46,player,Borussia Mgladbach,0.686,806.2,367.2,834.2,440.0,45.47,14.02,12.7
359,14.36,22,player,Borussia Mgladbach,0.652,1162.6,388.2,1193.9,459.2,63.44,15.94,5.3
359,14.36,57,player,Borussia Mgladbach,0.614,1363.1,910.4,1427.5,1049.6,72.53,69.93,20.5
359,14.36,28,player,Borussia Mgladbach,0.579,650.7,282.3,673.9,344.3,37.32,4.3,22.3
359,14.36,51,player,Borussia Mgladbach,0.531,1017.9,299.4,1039.7,360.3,56.0,5.94,28.5
359,14.36,50,player,VfL Wolfsburg,0.501,1658.9,575.3,1695.5,658.3,87.39,35.2,10.7
359,14.36,49,player,Borussia Mgladbach,0.491,905.5,246.9,934.2,307.0,50.44,0.43,11.4
359,14.36,56,player,Borussia Mgladbach,0.467,1103.1,298.1,1130.8,347.3,60.5,4.61,5.5
359,14.36,13,player,Borussia Mgladbach,0.442,767.7,1046.5,817.4,1080.0,44.83,72.47,9.9
359,14.36,19,player,Borussia Mgladbach,0.416,1551.3,410.7,1577.9,484.9,82.68,18.49,7.3
359,14.36,0,ball,Ball,0.7,1291.0,231.0,1308.0,251.0,70.09,-6.53,0.0
360,14.4,55,player,Borussia Mgladbach,0.787,662.1,478.9,694.1,563.3,38.59,26.15,16.6
360,14.4,39,player,Borussia Mgladbach,0.781,307.9,369.6,339.2,441.1,20.52,14.13,14.4
360,14.4,11,player,Borussia Mgladbach,0.763,1075.6,626.6,1110.7,717.9,58.92,40.74,6.1
360,14.4,22,player,Borussia Mgladbach,0.721,1161.6,388.9,1193.5,459.2,63.4,15.94,3.3
360,14.4,4,player,Borussia Mgladbach,0.702,195.9,1009.3,241.1,1080.0,18.53,72.47,16.7
360,14.4,46,player,Borussia Mgladbach,0.69,803.5,364.4,832.1,439.5,45.35,13.97,11.7
360,14.4,58,player,Borussia Mgladbach,0.652,609.6,353.4,638.9,425.6,35.59,12.57,8.5
360,14.4,48,player,Borussia Mgladbach,0.639,1653.2,673.3,1692.9,762.9,86.67,44.86,11.8
360,14.4,24,player,Borussia Mgladbach,0.639,616.8,603.0,649.7,695.0,36.69,38.61,6.4
360,14.4,57,player,Borussia Mgladbach,0.622,1361.6,910.5,1426.5,1047.7,72.48,69.78,15.0
360,14.4,28,player,Borussia Mgladbach,0.618,647.3,280.3,670.7,343.9,37.15,4.26,15.7
360,14.4,51,player,Borussia Mgladbach,0.6,1016.8,300.1,1037.2,360.5,55.91,5.97,8.5
360,14.4,50,player,VfL Wolfsburg,0.462,1658.9,576.1,1693.2,658.7,87.33,35.23,6.1
360,14.4,27,player,Borussia Mgladbach,0.447,1505.0,366.3,1545.7,429.4,80.96,12.96,23.3
360,14.4,56,player,Borussia Mgladbach,0.417,1101.2,297.5,1129.7,348.3,60.42,4.7,11.1
360,14.4,13,player,Borussia Mgladbach,0.351,766.5,1047.9,813.0,1079.7,44.7,72.45,11.8
360,14.4,49,player,Borussia Mgladbach,0.346,901.7,248.0,932.8,305.5,50.31,0.26,18.9
360,14.4,0,ball,Ball,0.7,1861.0,119.0,1872.0,134.0,100.33,-18.95,0.0
361,14.44,39,player,Borussia Mgladbach,0.779,305.3,370.7,338.0,440.8,20.42,14.11,9.2
361,14.44,55,player,Borussia Mgladbach,0.772,660.2,476.5,692.9,564.4,38.52,26.25,11.8
361,14.44,11,player,Borussia Mgladbach,0.744,1077.2,624.9,1112.1,716.7,58.99,40.63,12.0
361,14.44,22,player,Borussia Mgladbach,0.696,1160.5,387.7,1192.6,458.7,63.35,15.89,6.2
361,14.44,46,player,Borussia Mgladbach,0.668,802.4,363.4,831.5,439.4,45.31,13.96,4.1
361,14.44,4,player,Borussia Mgladbach,0.655,194.0,1010.6,239.2,1080.0,18.44,72.47,7.9
361,14.44,51,player,Borussia Mgladbach,0.625,1013.8,299.3,1036.0,361.6,55.8,6.07,13.5
361,14.44,58,player,Borussia Mgladbach,0.61,609.2,353.3,638.7,426.2,35.58,12.63,5.7
361,14.44,28,player,Borussia Mgladbach,0.6,644.8,281.0,668.9,342.9,37.04,4.15,13.6
361,14.44,48,player,Borussia Mgladbach,0.582,1652.7,673.8,1692.9,762.9,86.66,44.86,0.9
361,14.44,57,player,Borussia Mgladbach,0.58,1360.5,910.4,1425.0,1045.8,72.42,69.61,15.4
361,14.44,24,player,Borussia Mgladbach,0.574,614.7,601.1,648.2,695.1,36.6,38.62,8.1
361,14.44,50,player,VfL Wolfsburg,0.532,1657.7,577.2,1691.2,658.2,87.26,35.18,7.8
361,14.44,27,player,Borussia Mgladbach,0.46,1511.8,366.4,1548.0,437.4,81.15,13.76,38.0
361,14.44,41,player,Borussia Mgladbach,0.43,395.5,257.8,415.9,310.8,24.09,0.82,18.3
361,14.44,56,player,Borussia Mgladbach,0.399,1098.9,296.9,1127.5,347.9,60.31,4.66,10.9
361,14.44,19,player,Borussia Mgladbach,0.337,1548.3,407.7,1574.8,482.8,82.54,18.28,11.1
361,14.44,13,player,Borussia Mgladbach,0.304,762.0,1049.7,810.7,1080.0,44.54,72.47,14.3
361,14.44,0,ball,Ball,0.7,903.0,257.0,918.0,269.0,49.94,-4.2,0.0
362,14.48,39,player,Borussia Mgladbach,0.758,304.5,370.8,335.5,436.5,20.32,13.67,38.0
362,14.48,11,player,Borussia Mgladbach,0.69,1079.1,624.7,1112.0,710.8,59.04,40.08,38.0
362,14.48,55,player,Borussia Mgladbach,0.689,659.2,477.2,691.1,562.9,38.45,26.11,14.2
362,14.48,46,player,Borussia Mgladbach,0.686,802.2,362.9,831.4,438.8,45.3,13.9,5.3
362,14.48,22,player,Borussia Mgladbach,0.681,1160.5,386.2,1191.6,457.0,63.33,15.73,14.7
362,14.48,24,player,Borussia Mgladbach,0.66,614.6,600.5,647.1,689.8,36.56,38.14,38.0
362,14.48,4,player,Borussia Mgladbach,0.643,192.9,1010.3,238.9,1080.0,18.4,72.47,3.0
362,14.48,58,player,Borussia Mgladbach,0.634,608.4,353.7,638.8,425.7,35.56,12.59,4.7
362,14.48,51,player,Borussia Mgladbach,0.609,1012.7,300.4,1036.3,361.2,55.78,6.03,4.3
362,14.48,48,player,Borussia Mgladbach,0.577,1653.2,674.2,1693.1,762.2,86.67,44.8,6.1
362,14.48,28,player,Borussia Mgladbach,0.544,642.3,280.7,666.7,343.0,36.92,4.16,11.0
362,14.48,57,player,Borussia Mgladbach,0.538,1360.9,910.4,1424.2,1040.9,72.43,69.2,36.7
362,14.48,50,player,VfL Wolfsburg,0.529,1656.9,576.8,1691.4,657.7,87.25,35.14,4.2
362,14.48,27,player,Borussia Mgladbach,0.447,1516.1,366.5,1547.9,436.0,81.26,13.62,16.3
362,14.48,41,player,Borussia Mgladbach,0.399,395.0,256.7,413.6,310.9,24.01,0.83,6.6
362,14.48,0,ball,Ball,0.7,1553.0,432.0,1570.0,447.0,82.73,13.97,0.0
363,14.52,55,player,Borussia Mgladbach,0.755,659.0,475.7,689.5,562.2,38.4,26.04,7.5
363,14.52,39,player,Borussia Mgladbach,0.749,303.5,370.2,334.6,435.8,20.27,13.6,7.7
363,14.52,24,player,Borussia Mgladbach,0.744,613.7,599.8,648.7,689.8,36.58,38.13,1.7
363,14.52,46,player,Borussia Mgladbach,0.693,802.0,362.9,831.5,437.2,45.3,13.74,14.1
363,14.52,22,player,Borussia Mgladbach,0.671,1161.0,382.7,1191.1,456.8,63.33,15.7,2.1
363,14.52,58,player,Borussia Mgladbach,0.669,610.5,354.4,639.7,427.0,35.63,12.72,13.7
363,14.52,11,player,Borussia Mgladbach,0.665,1081.8,624.6,1115.7,708.2,59.2,39.84,26.1
363,14.52,4,player,Borussia Mgladbach,0.622,192.7,1011.4,237.7,1080.0,18.37,72.47,2.8
363,14.52,51,player,Borussia Mgladbach,0.606,1012.3,300.1,1037.0,361.6,55.79,6.07,3.7
363,14.52,50,player,VfL Wolfsburg,0.567,1656.3,576.6,1691.3,658.2,87.23,35.18,4.2
363,14.52,48,player,Borussia Mgladbach,0.554,1654.7,675.8,1693.8,759.2,86.74,44.52,25.6
363,14.52,57,player,Borussia Mgladbach,0.531,1361.0,910.4,1422.6,1036.5,72.4,68.83,33.6
363,14.52,28,player,Borussia Mgladbach,0.397,640.1,279.7,665.7,343.1,36.84,4.17,7.3
363,14.52,27,player,Borussia Mgladbach,0.364,1517.9,365.8,1548.7,436.4,81.33,13.66,7.2
363,14.52,41,player,Borussia Mgladbach,0.336,394.2,256.7,412.5,310.1,23.96,0.75,8.5
363,14.52,0,ball,Ball,0.7,1099.0,301.0,1115.0,312.0,60.04,0.37,0.0
364,14.56,24,player,Borussia Mgladbach,0.776,613.5,599.5,648.4,689.5,36.56,38.11,2.1
364,14.56,39,player,Borussia Mgladbach,0.763,303.2,370.2,334.4,437.5,20.26,13.77,15.3
364,14.56,55,player,Borussia Mgladbach,0.733,658.1,475.5,690.0,561.9,38.39,26.01,3.2
364,14.56,46,player,Borussia Mgladbach,0.669,801.6,363.8,831.9,435.8,45.3,13.6,12.8
364,14.56,11,player,Borussia Mgladbach,0.668,1085.0,624.8,1116.2,706.2,59.29,39.66,18.7
364,14.56,22,player,Borussia Mgladbach,0.641,1161.3,382.4,1190.9,455.7,63.34,15.59,10.2
364,14.56,51,player,Borussia Mgladbach,0.631,1012.4,300.1,1038.7,360.8,55.83,6.0,7.7
364,14.56,4,player,Borussia Mgladbach,0.617,192.0,1011.5,235.4,1080.0,18.3,72.47,6.3
364,14.56,58,player,Borussia Mgladbach,0.613,611.0,355.5,640.9,427.3,35.68,12.75,5.1
364,14.56,48,player,Borussia Mgladbach,0.595,1658.0,676.7,1694.6,757.8,86.85,44.39,14.9
364,14.56,50,player,VfL Wolfsburg,0.582,1656.7,577.0,1692.5,656.6,87.28,35.03,13.8
364,14.56,57,player,Borussia Mgladbach,0.498,1360.1,910.9,1421.4,1039.7,72.35,69.1,24.4
364,14.56,41,player,Borussia Mgladbach,0.417,393.9,257.3,412.9,310.1,23.96,0.75,0.3
364,14.56,59,player,Borussia Mgladbach,0.362,1495.7,325.6,1519.9,388.7,80.25,8.85,0.0
364,14.56,27,player,Borussia Mgladbach,0.332,1518.8,366.4,1548.5,432.5,81.37,13.27,35.3
364,14.56,28,player,Borussia Mgladbach,0.331,639.5,280.6,664.5,342.8,36.79,4.14,4.9
364,14.56,19,player,Borussia Mgladbach,0.312,1550.4,398.7,1576.1,479.8,82.64,17.98,9.4
364,14.56,13,player,Borussia Mgladbach,0.301,761.2,1048.9,806.7,1079.6,44.43,72.44,3.4
364,14.56,0,ball,Ball,0.7,195.0,0.0,209.0,10.0,11.72,-32.63,0.0
365,14.6,39,player,Borussia Mgladbach,0.752,302.9,369.2,334.1,438.3,20.25,13.86,7.5
365,14.6,24,player,Borussia Mgladbach,0.733,614.9,599.5,648.0,689.1,36.59,38.07,4.0
365,14.6,46,player,Borussia Mgladbach,0.708,802.6,362.7,831.6,435.9,45.31,13.61,1.9
365,14.6,55,player,Borussia Mgladbach,0.704,657.8,474.8,689.2,561.0,38.36,25.92,8.4
365,14.6,11,player,Borussia Mgladbach,0.684,1087.8,623.4,1119.3,706.4,59.43,39.67,12.8
365,14.6,48,player,Borussia Mgladbach,0.672,1660.6,676.3,1694.8,758.3,86.91,44.44,7.2
365,14.6,4,player,Borussia Mgladbach,0.614,191.4,1011.7,235.2,1080.0,18.29,72.47,1.4
365,14.6,22,player,Borussia Mgladbach,0.582,1161.5,383.7,1189.8,455.4,63.31,15.56,3.2
365,14.6,50,player,VfL Wolfsburg,0.571,1655.9,577.0,1693.4,656.3,87.28,35.01,2.4
365,14.6,51,player,Borussia Mgladbach,0.567,1013.6,300.0,1038.9,360.0,55.87,5.91,8.6
365,14.6,58,player,Borussia Mgladbach,0.514,615.2,357.9,641.1,426.2,35.79,12.64,14.1
365,14.6,57,player,Borussia Mgladbach,0.468,1360.3,911.5,1421.6,1038.6,72.36,69.01,7.8
365,14.6,59,player,Borussia Mgladbach,0.435,1496.0,326.2,1519.4,389.3,80.24,8.91,5.6
365,14.6,41,player,Borussia Mgladbach,0.407,393.8,257.8,413.4,310.6,23.98,0.8,4.4
365,14.6,19,player,Borussia Mgladbach,0.382,1547.5,402.0,1575.7,479.3,82.56,17.94,8.3
365,14.6,27,player,Borussia Mgladbach,0.358,1519.9,369.3,1547.9,430.3,81.39,13.05,20.5
365,14.6,0,ball,Ball,0.7,899.0,220.0,907.0,229.0,49.54,-8.29,0.0
366,14.64,39,player,Borussia Mgladbach,0.742,302.7,369.5,334.3,438.5,20.25,13.87,1.2
366,14.64,24,player,Borussia Mgladbach,0.712,617.9,597.9,648.2,688.0,36.66,37.97,11.8
366,14.64,46,player,Borussia Mgladbach,0.7,803.7,360.6,832.4,434.7,45.36,13.49,11.5
366,14.64,55,player,Borussia Mgladbach,0.658,657.7,473.1,689.3,561.4,38.36,25.97,4.2
366,14.64,11,player,Borussia Mgladbach,0.649,1091.2,621.4,1119.9,706.0,59.53,39.64,9.3
366,14.64,48,player,Borussia Mgladbach,0.637,1662.2,674.5,1695.9,758.0,86.98,44.41,6.4
366,14.64,4,player,Borussia Mgladbach,0.61,191.2,1011.4,235.3,1080.0,18.28,72.47,0.4
366,14.64,22,player,Borussia Mgladbach,0.573,1161.3,383.3,1189.7,455.1,63.31,15.53,2.7
366,14.64,50,player,VfL Wolfsburg,0.551,1656.1,577.0,1694.2,655.8,87.31,34.96,4.9
366,14.64,58,player,Borussia Mgladbach,0.511,618.9,357.6,644.6,424.6,35.96,12.48,21.6
366,14.64,59,player,Borussia Mgladbach,0.491,1495.3,326.1,1519.4,390.9,80.22,9.06,14.0
366,14.64,51,player,Borussia Mgladbach,0.49,1016.7,298.9,1040.0,356.6,55.98,5.56,32.4
366,14.64,57,player,Borussia Mgladbach,0.451,1360.3,911.6,1421.0,1038.0,72.35,68.95,5.3
366,14.64,41,player,Borussia Mgladbach,0.419,394.4,257.3,414.7,309.4,24.02,0.67,11.8
366,14.64,19,player,Borussia Mgladbach,0.386,1547.6,402.7,1576.1,479.1,82.57,17.92,2.3
366,14.64,0,ball,Ball,0.7,898.0,219.0,907.0,229.0,49.51,-8.35,0.0
367,14.68,11,player,Borussia Mgladbach,0.742,1093.9,619.1,1124.4,705.9,59.7,39.63,15.6
367,14.68,39,player,Borussia Mgladbach,0.729,302.2,369.4,334.1,439.2,20.24,13.94,6.6
367,14.68,46,player,Borussia Mgladbach,0.724,805.2,361.4,833.0,433.6,45.41,13.39,10.6
367,14.68,24,player,Borussia Mgladbach,0.7,617.7,597.0,648.8,688.6,36.67,38.02,5.2
367,14.68,55,player,Borussia Mgladbach,0.618,657.4,473.1,688.6,558.5,38.33,25.68,26.0
367,14.68,4,player,Borussia Mgladbach,0.592,191.2,1010.4,235.5,1080.0,18.29,72.47,0.3
367,14.68,22,player,Borussia Mgladbach,0.589,1160.8,383.1,1189.5,454.7,63.29,15.49,4.2
367,14.68,48,player,Borussia Mgladbach,0.557,1666.3,672.3,1697.6,757.5,87.12,44.37,13.2
367,14.68,59,player,Borussia Mgladbach,0.517,1493.5,326.1,1518.7,392.1,80.15,9.19,13.3
367,14.68,50,player,VfL Wolfsburg,0.508,1657.3,575.8,1695.5,659.9,87.35,35.34,34.4
367,14.68,58,player,Borussia Mgladbach,0.448,618.9,356.7,646.3,423.2,36.0,12.34,13.3
367,14.68,51,player,Borussia Mgladbach,0.434,1019.5,296.9,1040.2,354.1,56.06,5.3,24.8
367,14.68,41,player,Borussia Mgladbach,0.426,394.0,257.1,414.6,308.1,24.0,0.54,12.6
367,14.68,57,player,Borussia Mgladbach,0.423,1360.3,911.0,1419.9,1033.5,72.33,68.58,34.0
367,14.68,19,player,Borussia Mgladbach,0.391,1551.4,400.8,1576.5,481.4,82.67,18.15,22.4
367,14.68,13,player,Borussia Mgladbach,0.313,760.6,1049.4,805.2,1079.8,44.38,72.46,1.5
367,14.68,0,ball,Ball,0.7,903.0,259.0,913.0,272.0,49.82,-3.93,0.0
368,14.72,46,player,Borussia Mgladbach,0.779,808.6,360.8,833.3,432.0,45.5,13.22,16.6
368,14.72,11,player,Borussia Mgladbach,0.728,1098.0,617.3,1126.9,703.0,59.87,39.36,28.4
368,14.72,39,player,Borussia Mgladbach,0.717,302.6,368.6,335.6,438.7,20.28,13.89,6.1
368,14.72,22,player,Borussia Mgladbach,0.631,1160.6,383.0,1189.8,455.2,63.29,15.54,4.5
368,14.72,24,player,Borussia Mgladbach,0.628,619.9,596.8,649.4,687.1,36.74,37.89,13.5
368,14.72,55,player,Borussia Mgladbach,0.603,657.3,473.1,689.1,559.9,38.34,25.82,12.5
368,14.72,4,player,Borussia Mgladbach,0.595,190.9,1011.1,234.9,1080.0,18.27,72.47,1.7
368,14.72,59,player,Borussia Mgladbach,0.525,1493.0,325.6,1519.1,392.3,80.14,9.21,1.2
368,14.72,50,player,VfL Wolfsburg,0.512,1657.7,574.8,1696.4,660.9,87.37,35.43,8.6
368,14.72,41,player,Borussia Mgladbach,0.47,394.5,256.3,416.2,309.6,24.06,0.7,15.6
368,14.72,51,player,Borussia Mgladbach,0.457,1020.6,296.8,1041.5,352.7,56.12,5.16,13.9
368,14.72,58,player,Borussia Mgladbach,0.456,618.5,356.0,648.9,423.8,36.06,12.39,7.2
368,14.72,57,player,Borussia Mgladbach,0.451,1360.1,910.6,1418.9,1034.5,72.3,68.66,8.0
368,14.72,13,player,Borussia Mgladbach,0.325,760.9,1049.5,805.1,1079.6,44.39,72.44,1.4
368,14.72,48,player,Borussia Mgladbach,0.315,1667.6,672.8,1699.4,756.5,87.2,44.28,10.9
368,14.72,0,ball,Ball,0.7,902.0,258.0,911.0,269.0,49.74,-4.14,0.0
369,14.76,11,player,Borussia Mgladbach,0.828,1097.7,613.6,1128.7,703.3,59.91,39.39,3.9
369,14.76,24,player,Borussia Mgladbach,0.779,620.4,595.5,651.0,686.6,36.79,37.83,6.6
369,14.76,46,player,Borussia Mgladbach,0.732,810.1,361.5,836.3,430.3,45.61,13.05,18.9
369,14.76,39,player,Borussia Mgladbach,0.704,302.6,369.6,335.8,437.8,20.28,13.8,8.1
369,14.76,22,player,Borussia Mgladbach,0.661,1159.6,383.5,1190.0,455.2,63.27,15.54,1.8
369,14.76,55,player,Borussia Mgladbach,0.614,658.0,473.1,688.9,559.2,38.35,25.76,5.9
369,14.76,4,player,Borussia Mgladbach,0.613,191.5,1010.6,235.2,1080.0,18.29,72.47,1.8
369,14.76,48,player,Borussia Mgladbach,0.605,1669.0,670.7,1704.0,756.3,87.34,44.26,13.2
369,14.76,50,player,VfL Wolfsburg,0.52,1659.8,575.2,1696.6,662.0,87.42,35.54,10.5
369,14.76,59,player,Borussia Mgladbach,0.513,1492.7,325.3,1519.1,392.0,80.14,9.17,2.9
369,14.76,51,player,Borussia Mgladbach,0.474,1022.0,296.7,1043.9,353.9,56.21,5.28,13.9
369,14.76,57,player,Borussia Mgladbach,0.449,1359.8,910.8,1418.6,1034.3,72.29,68.65,1.6
369,14.76,41,player,Borussia Mgladbach,0.429,394.6,255.8,416.2,309.1,24.06,0.65,4.5
369,14.76,58,player,Borussia Mgladbach,0.403,618.7,356.7,654.2,424.6,36.2,12.47,14.5
369,14.76,19,player,Borussia Mgladbach,0.361,1551.4,405.5,1577.3,481.9,82.68,18.19,2.3
369,14.76,13,player,Borussia Mgladbach,0.319,760.8,1049.5,805.1,1079.6,44.39,72.44,0.1
369,14.76,49,player,Borussia Mgladbach,0.31,895.6,247.1,924.4,301.1,49.93,-0.19,0.0
369,14.76,0,ball,Ball,0.7,904.0,287.0,911.0,293.0,49.8,-1.35,0.0
370,14.8,11,player,Borussia Mgladbach,0.81,1097.9,611.3,1131.2,702.1,59.97,39.27,11.6
370,14.8,24,player,Borussia Mgladbach,0.799,619.3,595.2,652.8,688.3,36.81,38.0,15.0
370,14.8,46,player,Borussia Mgladbach,0.796,811.2,357.1,837.3,429.8,45.67,13.0,6.5
370,14.8,39,player,Borussia Mgladbach,0.683,302.7,368.5,335.7,437.4,20.28,13.76,3.6
370,14.8,22,player,Borussia Mgladbach,0.651,1159.2,383.2,1189.4,455.1,63.25,15.53,2.4
370,14.8,55,player,Borussia Mgladbach,0.602,658.1,472.6,689.1,559.9,38.36,25.82,5.9
370,14.8,4,player,Borussia Mgladbach,0.59,191.6,1010.7,235.4,1080.0,18.3,72.47,0.8
370,14.8,50,player,VfL Wolfsburg,0.527,1661.6,573.5,1699.0,706.1,87.3,39.64,38.0
370,14.8,59,player,Borussia Mgladbach,0.502,1492.6,324.3,1518.4,392.0,80.12,9.17,1.8
370,14.8,51,player,Borussia Mgladbach,0.463,1022.7,296.8,1044.8,353.5,56.26,5.24,5.0
370,14.8,41,player,Borussia Mgladbach,0.457,394.6,253.8,415.2,307.9,24.03,0.52,12.1
370,14.8,19,player,Borussia Mgladbach,0.437,1549.9,407.2,1579.3,480.8,82.7,18.08,10.2
370,14.8,48,player,Borussia Mgladbach,0.431,1670.0,668.6,1707.3,754.9,87.45,44.13,14.9
370,14.8,57,player,Borussia Mgladbach,0.395,1359.7,911.4,1418.3,1034.2,72.28,68.64,1.0
370,14.8,49,player,Borussia Mgladbach,0.354,895.1,247.0,924.1,301.5,49.91,-0.15,4.2
370,14.8,13,player,Borussia Mgladbach,0.322,761.0,1048.6,804.8,1079.5,44.38,72.43,1.2
370,14.8,27,player,Borussia Mgladbach,0.307,1525.2,364.8,1552.0,429.9,81.62,13.01,4.3
370,14.8,0,ball,Ball,0.7,903.0,286.0,910.0,292.0,49.75,-1.46,0.0
371,14.84,46,player,Borussia Mgladbach,0.812,811.0,357.6,839.1,430.3,45.71,13.05,5.5
371,14.84,11,player,Borussia Mgladbach,0.754,1103.0,609.3,1134.8,698.9,60.18,38.98,32.7
371,14.84,39,player,Borussia Mgladbach,0.715,303.4,366.8,335.9,436.3,20.3,13.65,9.8
371,14.84,24,player,Borussia Mgladbach,0.701,621.7,594.7,656.0,688.6,36.95,38.03,12.6
371,14.84,48,player,Borussia Mgladbach,0.651,1670.3,666.6,1711.8,755.0,87.57,44.14,10.4
371,14.84,22,player,Borussia Mgladbach,0.642,1158.4,383.9,1189.0,455.0,63.22,15.52,2.7
371,14.84,55,player,Borussia Mgladbach,0.636,658.9,471.7,689.7,555.5,38.39,25.39,38.0
371,14.84,4,player,Borussia Mgladbach,0.6,191.2,1010.7,235.9,1080.0,18.3,72.47,0.1
371,14.84,51,player,Borussia Mgladbach,0.514,1024.2,296.1,1047.2,355.1,56.35,5.41,17.3
371,14.84,50,player,VfL Wolfsburg,0.505,1661.6,574.1,1696.8,658.4,87.49,35.2,38.0
371,14.84,41,player,Borussia Mgladbach,0.505,394.3,251.8,415.5,307.0,24.03,0.42,8.5
371,14.84,59,player,Borussia Mgladbach,0.492,1492.4,324.4,1518.5,392.1,80.11,9.19,1.4
371,14.84,58,player,Borussia Mgladbach,0.45,621.3,352.4,664.0,421.9,36.5,12.21,18.2
371,14.84,19,player,Borussia Mgladbach,0.427,1550.6,407.1,1578.8,480.1,82.71,18.01,6.3
371,14.84,27,player,Borussia Mgladbach,0.399,1527.1,367.2,1552.7,429.4,81.69,12.96,7.6
371,14.84,57,player,Borussia Mgladbach,0.395,1360.0,910.2,1418.7,1030.2,72.31,68.3,30.4
371,14.84,13,player,Borussia Mgladbach,0.356,761.0,1047.9,805.6,1079.4,44.4,72.43,1.7
371,14.84,49,player,Borussia Mgladbach,0.329,896.7,248.9,923.7,300.2,49.94,-0.29,12.9
371,14.84,0,ball,Ball,0.7,1093.0,294.0,1108.0,309.0,59.71,-0.15,0.0
372,14.88,46,player,Borussia Mgladbach,0.807,812.1,355.9,839.8,428.1,45.75,12.83,19.8
372,14.88,24,player,Borussia Mgladbach,0.723,622.5,595.1,656.7,687.2,36.98,37.89,12.2
372,14.88,39,player,Borussia Mgladbach,0.711,303.4,368.7,335.6,435.1,20.29,13.53,11.2
372,14.88,11,player,Borussia Mgladbach,0.709,1103.8,609.0,1138.3,697.3,60.29,38.84,16.1
372,14.88,55,player,Borussia Mgladbach,0.663,657.7,471.8,689.6,552.4,38.35,25.09,27.1
372,14.88,48,player,Borussia Mgladbach,0.659,1670.3,666.3,1715.8,754.9,87.67,44.13,8.9
372,14.88,22,player,Borussia Mgladbach,0.63,1157.8,384.8,1188.2,453.9,63.18,15.41,10.6
372,14.88,4,player,Borussia Mgladbach,0.595,191.7,1011.6,235.8,1080.0,18.31,72.47,0.9
372,14.88,51,player,Borussia Mgladbach,0.563,1024.8,296.2,1047.7,355.8,56.38,5.48,7.1
372,14.88,59,player,Borussia Mgladbach,0.522,1491.8,324.5,1517.4,392.3,80.07,9.21,4.3
372,14.88,50,player,VfL Wolfsburg,0.513,1662.2,573.1,1697.1,657.7,87.52,35.14,6.3
372,14.88,58,player,Borussia Mgladbach,0.506,624.0,351.2,665.2,419.8,36.6,12.0,20.7
372,14.88,41,player,Borussia Mgladbach,0.502,394.6,251.9,415.2,306.0,24.02,0.32,9.5
372,14.88,27,player,Borussia Mgladbach,0.467,1527.5,366.9,1553.3,429.1,81.72,12.93,3.8
372,14.88,19,player,Borussia Mgladbach,0.418,1549.3,405.7,1578.3,480.2,82.66,18.02,4.1
372,14.88,57,player,Borussia Mgladbach,0.41,1359.5,910.4,1418.3,1034.3,72.28,68.65,31.5
372,14.88,49,player,Borussia Mgladbach,0.377,894.3,247.9,924.2,301.0,49.9,-0.2,9.1
372,14.88,13,player,Borussia Mgladbach,0.305,760.5,1048.2,805.9,1079.4,44.4,72.42,0.7
372,14.88,0,ball,Ball,0.7,1098.0,310.0,1107.0,319.0,59.8,1.21,0.0
373,14.92,46,player,Borussia Mgladbach,0.808,812.5,356.9,840.7,427.5,45.78,12.77,6.5
373,14.92,39,player,Borussia Mgladbach,0.704,303.5,367.8,335.6,436.2,20.29,13.64,9.9
373,14.92,11,player,Borussia Mgladbach,0.693,1105.7,610.7,1142.2,697.4,60.43,38.84,12.8
373,14.92,48,player,Borussia Mgladbach,0.689,1670.4,665.8,1717.6,754.3,87.72,44.08,6.3
373,14.92,24,player,Borussia Mgladbach,0.685,624.9,594.0,657.4,685.9,37.05,37.77,12.9
373,14.92,22,player,Borussia Mgladbach,0.633,1158.2,384.5,1186.6,453.5,63.15,15.37,4.7
373,14.92,4,player,Borussia Mgladbach,0.607,191.8,1011.9,235.7,1080.0,18.31,72.47,0.1
373,14.92,55,player,Borussia Mgladbach,0.599,657.1,470.4,689.2,550.7,38.32,24.93,15.1
373,14.92,51,player,Borussia Mgladbach,0.563,1026.0,296.2,1049.1,356.0,56.45,5.5,6.1
373,14.92,58,player,Borussia Mgladbach,0.515,628.3,351.1,668.4,418.4,36.79,11.85,21.3
373,14.92,50,player,VfL Wolfsburg,0.511,1662.3,571.0,1697.7,657.1,87.54,35.08,5.4
373,14.92,59,player,Borussia Mgladbach,0.481,1491.5,323.5,1516.2,392.0,80.03,9.17,4.5
373,14.92,19,player,Borussia Mgladbach,0.456,1548.6,404.7,1578.5,480.1,82.65,18.02,1.2
373,14.92,41,player,Borussia Mgladbach,0.442,394.4,254.2,415.6,305.1,24.02,0.23,7.8
373,14.92,57,player,Borussia Mgladbach,0.422,1359.2,910.6,1417.4,1030.3,72.26,68.31,30.6
373,14.92,49,player,Borussia Mgladbach,0.414,894.3,247.3,923.2,300.2,49.87,-0.29,8.6
373,14.92,27,player,Borussia Mgladbach,0.402,1529.0,366.2,1553.3,427.3,81.76,12.75,16.6
373,14.92,13,player,Borussia Mgladbach,0.316,760.4,1048.7,805.6,1079.5,44.39,72.43,1.4
373,14.92,0,ball,Ball,0.7,1102.0,328.0,1110.0,335.0,59.96,2.97,0.0
374,14.96,46,player,Borussia Mgladbach,0.771,814.0,358.3,842.7,429.1,45.87,12.93,16.5
374,14.96,39,player,Borussia Mgladbach,0.767,304.6,366.3,336.8,435.0,20.34,13.52,11.4
374,14.96,48,player,Borussia Mgladbach,0.656,1672.8,668.1,1720.1,753.6,87.84,44.02,12.2
374,14.96,22,player,Borussia Mgladbach,0.641,1158.0,383.6,1184.7,451.3,63.11,15.16,19.8
374,14.96,51,player,Borussia Mgladbach,0.633,1028.4,297.3,1051.1,358.4,56.56,5.75,24.8
374,14.96,55,player,Borussia Mgladbach,0.628,658.4,470.0,691.0,553.8,38.4,25.23,28.2
374,14.96,4,player,Borussia Mgladbach,0.611,192.2,1012.5,235.7,1080.0,18.32,72.47,0.8
374,14.96,24,player,Borussia Mgladbach,0.603,626.2,593.5,659.8,684.5,37.14,37.64,14.1
374,14.96,58,player,Borussia Mgladbach,0.586,633.2,351.5,672.9,416.6,37.02,11.67,26.2
374,14.96,11,player,Borussia Mgladbach,0.578,1111.3,611.3,1144.8,694.2,60.63,38.54,32.8
374,14.96,19,player,Borussia Mgladbach,0.547,1547.5,403.1,1580.4,481.7,82.66,18.17,14.0
374,14.96,50,player,VfL Wolfsburg,0.491,1664.7,569.7,1699.6,656.0,87.65,34.97,13.8
374,14.96,59,player,Borussia Mgladbach,0.491,1491.5,323.3,1514.4,391.6,79.99,9.14,4.9
374,14.96,41,player,Borussia Mgladbach,0.444,395.8,257.1,414.6,302.2,24.02,-0.07,27.2
374,14.96,57,player,Borussia Mgladbach,0.439,1359.2,910.4,1417.5,1035.1,72.25,68.71,36.4
374,14.96,27,player,Borussia Mgladbach,0.366,1528.8,365.4,1553.1,427.9,81.75,12.8,5.3
374,14.96,13,player,Borussia Mgladbach,0.365,760.3,1048.3,806.5,1079.7,44.41,72.45,2.1
374,14.96,49,player,Borussia Mgladbach,0.345,895.6,249.5,920.9,301.0,49.84,-0.2,8.5
374,14.96,0,ball,Ball,0.7,1095.0,310.0,1105.0,323.0,59.67,1.41,0.0
375,15.0,46,player,Borussia Mgladbach,0.783,816.8,356.9,844.3,427.3,45.98,12.75,18.9
375,15.0,39,player,Borussia Mgladbach,0.763,305.1,365.1,336.1,433.8,20.33,13.4,11.4
375,15.0,48,player,Borussia Mgladbach,0.712,1672.3,666.4,1721.2,753.7,87.85,44.03,1.3
375,15.0,58,player,Borussia Mgladbach,0.652,641.8,352.2,677.8,417.8,37.36,11.79,32.8
375,15.0,24,player,Borussia Mgladbach,0.649,628.0,591.3,661.2,683.1,37.21,37.51,13.3
375,15.0,11,player,Borussia Mgladbach,0.646,1114.3,611.9,1145.5,695.1,60.72,38.63,11.4
375,15.0,51,player,Borussia Mgladbach,0.623,1027.5,296.8,1052.3,358.3,56.57,5.74,1.2
375,15.0,55,player,Borussia Mgladbach,0.619,656.8,468.1,690.5,549.5,38.34,24.82,37.7
375,15.0,22,player,Borussia Mgladbach,0.618,1157.2,382.1,1184.4,452.1,63.07,15.23,7.3
375,15.0,4,player,Borussia Mgladbach,0.602,191.3,1012.3,235.2,1080.0,18.28,72.47,2.8
375,15.0,19,player,Borussia Mgladbach,0.589,1549.6,402.9,1580.7,481.6,82.72,18.17,5.6
375,15.0,50,player,VfL Wolfsburg,0.503,1667.9,571.5,1700.8,655.1,87.76,34.89,12.4
375,15.0,57,player,Borussia Mgladbach,0.448,1358.5,910.8,1416.8,1034.5,72.22,68.66,5.3
375,15.0,41,player,Borussia Mgladbach,0.395,395.8,258.2,413.8,302.3,24.0,-0.07,1.7
375,15.0,59,player,Borussia Mgladbach,0.393,1491.3,323.5,1511.5,391.3,79.91,9.11,7.5
375,15.0,49,player,Borussia Mgladbach,0.363,891.5,242.8,918.1,303.6,49.67,0.07,29.1
375,15.0,27,player,Borussia Mgladbach,0.345,1529.5,366.7,1552.5,428.0,81.75,12.81,1.0
375,15.0,0,ball,Ball,0.7,842.0,51.0,849.0,60.0,46.39,-26.88,0.0
376,15.04,46,player,Borussia Mgladbach,0.745,818.3,354.8,844.8,421.6,46.03,12.18,38.0
376,15.04,39,player,Borussia Mgladbach,0.727,305.1,363.7,335.9,431.4,20.32,13.16,21.4
376,15.04,48,player,Borussia Mgladbach,0.703,1673.4,666.5,1721.5,752.5,87.89,43.92,10.7
376,15.04,22,player,Borussia Mgladbach,0.701,1154.4,378.5,1182.9,449.7,62.97,14.99,23.7
376,15.04,11,player,Borussia Mgladbach,0.655,1115.2,608.3,1146.5,693.0,60.77,38.43,18.1
376,15.04,4,player,Borussia Mgladbach,0.624,191.3,1010.4,235.7,1080.0,18.29,72.47,0.8
376,15.04,55,player,Borussia Mgladbach,0.613,655.1,468.0,688.1,547.3,38.24,24.6,21.5
376,15.04,51,player,Borussia Mgladbach,0.601,1027.2,296.6,1053.2,357.4,56.58,5.65,8.6
376,15.04,24,player,Borussia Mgladbach,0.591,630.1,590.6,660.9,682.4,37.25,37.45,6.9
376,15.04,19,player,Borussia Mgladbach,0.54,1549.3,402.5,1580.8,481.7,82.72,18.17,0.5
376,15.04,58,player,Borussia Mgladbach,0.525,647.1,352.9,681.3,417.8,37.58,11.79,20.0
376,15.04,50,player,VfL Wolfsburg,0.517,1671.3,572.5,1701.4,653.8,87.86,34.77,14.7
376,15.04,57,player,Borussia Mgladbach,0.506,1359.0,911.3,1414.8,1027.5,72.2,68.07,38.0
376,15.04,41,player,Borussia Mgladbach,0.43,394.3,254.5,415.2,304.7,24.01,0.18,22.4
376,15.04,49,player,Borussia Mgladbach,0.38,890.3,245.6,912.9,300.0,49.5,-0.3,36.7
376,15.04,13,player,Borussia Mgladbach,0.359,760.0,1048.3,805.8,1079.7,44.39,72.45,1.0
376,15.04,27,player,Borussia Mgladbach,0.342,1528.4,366.7,1551.9,430.2,81.7,13.04,21.2
376,15.04,59,player,Borussia Mgladbach,0.338,1490.1,323.6,1509.4,390.7,79.83,9.04,9.4
376,15.04,0,ball,Ball,0.7,841.0,50.0,848.0,59.0,46.34,-26.99,0.0
377,15.08,11,player,Borussia Mgladbach,0.73,1118.7,604.7,1150.7,693.8,60.96,38.51,17.9
377,15.08,24,player,Borussia Mgladbach,0.729,632.4,589.6,663.6,682.2,37.38,37.43,11.2
377,15.08,39,player,Borussia Mgladbach,0.715,305.6,362.5,336.9,431.7,20.36,13.19,4.3
377,15.08,46,player,Borussia Mgladbach,0.681,820.2,353.9,847.2,420.7,46.13,12.08,13.0
377,15.08,22,player,Borussia Mgladbach,0.671,1153.9,378.1,1181.9,447.9,62.94,14.81,15.9
377,15.08,48,player,Borussia Mgladbach,0.624,1681.5,666.5,1721.2,749.7,88.09,43.66,29.5
377,15.08,51,player,Borussia Mgladbach,0.601,1029.0,296.4,1055.5,358.5,56.68,5.76,13.8
377,15.08,4,player,Borussia Mgladbach,0.596,191.5,1011.8,236.0,1080.0,18.31,72.47,1.2
377,15.08,55,player,Borussia Mgladbach,0.536,656.1,467.9,688.2,546.9,38.26,24.56,4.1
377,15.08,19,player,Borussia Mgladbach,0.522,1550.2,402.9,1581.8,482.0,82.77,18.2,4.9
377,15.08,57,player,Borussia Mgladbach,0.477,1358.5,910.0,1414.9,1034.5,72.18,68.66,38.0
377,15.08,58,player,Borussia Mgladbach,0.474,650.6,352.3,684.6,418.2,37.75,11.84,15.7
377,15.08,60,player,Borussia Mgladbach,0.409,1083.8,288.9,1104.7,339.9,59.35,3.84,0.0
377,15.08,27,player,Borussia Mgladbach,0.386,1528.2,365.6,1552.5,432.2,81.7,13.24,17.6
377,15.08,50,player,VfL Wolfsburg,0.372,1674.9,571.3,1702.2,654.8,87.96,34.86,12.6
377,15.08,41,player,Borussia Mgladbach,0.364,396.5,257.1,415.4,302.4,24.06,-0.06,22.2
377,15.08,13,player,Borussia Mgladbach,0.346,760.5,1048.8,806.0,1079.7,44.4,72.45,1.4
377,15.08,49,player,Borussia Mgladbach,0.311,888.7,241.7,911.0,300.3,49.41,-0.28,8.4
377,15.08,0,ball,Ball,0.7,1851.0,112.0,1872.0,135.0,100.09,-19.28,0.0
378,15.12,24,player,Borussia Mgladbach,0.776,635.0,589.3,666.2,679.1,37.49,37.14,28.0
378,15.12,11,player,Borussia Mgladbach,0.76,1121.1,602.2,1152.4,691.5,61.06,38.29,21.8
378,15.12,22,player,Borussia Mgladbach,0.728,1152.8,377.5,1181.4,449.1,62.89,14.93,11.4
378,15.12,39,player,Borussia Mgladbach,0.722,306.2,362.3,338.1,431.4,20.4,13.16,4.5
378,15.12,46,player,Borussia Mgladbach,0.665,821.6,352.2,848.8,421.4,46.21,12.16,9.7
378,15.12,48,player,Borussia Mgladbach,0.652,1684.0,663.7,1724.5,750.1,88.23,43.7,12.8
378,15.12,4,player,Borussia Mgladbach,0.594,192.4,1012.5,236.1,1080.0,18.33,72.47,2.0
378,15.12,51,player,Borussia Mgladbach,0.594,1030.6,296.4,1055.9,357.3,56.74,5.63,12.6
378,15.12,19,player,Borussia Mgladbach,0.579,1552.1,403.8,1581.3,482.0,82.8,18.21,3.2
378,15.12,55,player,Borussia Mgladbach,0.535,655.9,467.4,688.1,546.7,38.25,24.54,1.8
378,15.12,58,player,Borussia Mgladbach,0.526,656.6,349.2,688.8,416.0,38.01,11.61,30.4
378,15.12,57,player,Borussia Mgladbach,0.461,1357.8,910.3,1415.0,1034.7,72.16,68.68,2.3
378,15.12,60,player,Borussia Mgladbach,0.441,1083.2,288.5,1104.1,340.0,59.32,3.86,2.9
378,15.12,27,player,Borussia Mgladbach,0.398,1528.3,365.1,1552.8,434.6,81.7,13.48,21.8
378,15.12,41,player,Borussia Mgladbach,0.388,396.6,256.9,416.8,303.7,24.11,0.08,13.6
378,15.12,49,player,Borussia Mgladbach,0.334,886.0,250.4,908.7,299.3,49.28,-0.38,14.7
378,15.12,13,player,Borussia Mgladbach,0.324,760.9,1048.1,805.8,1079.7,44.4,72.45,0.3
378,15.12,50,player,VfL Wolfsburg,0.318,1678.2,574.0,1703.4,654.0,88.08,34.79,12.2
378,15.12,0,ball,Ball,0.7,850.0,49.0,859.0,59.0,46.87,-27.05,0.0
379,15.16,24,player,Borussia Mgladbach,0.824,636.8,588.8,668.0,679.1,37.58,37.14,7.9
379,15.16,11,player,Borussia Mgladbach,0.768,1123.4,600.4,1154.5,689.3,61.17,38.09,20.7
379,15.16,39,player,Borussia Mgladbach,0.732,307.1,361.3,338.1,430.3,20.42,13.05,9.5
379,15.16,48,player,Borussia Mgladbach,0.688,1688.0,662.4,1727.0,749.6,88.39,43.65,15.2
379,15.16,22,player,Borussia Mgladbach,0.652,1150.7,377.1,1177.2,448.8,62.74,14.9,14.4
379,15.16,51,player,Borussia Mgladbach,0.602,1032.3,295.1,1055.3,356.6,56.76,5.56,6.9
379,15.16,46,player,Borussia Mgladbach,0.601,823.9,351.4,850.3,419.9,46.31,12.01,16.2
379,15.16,4,player,Borussia Mgladbach,0.587,191.6,1011.5,235.5,1080.0,18.3,72.47,2.8
379,15.16,19,player,Borussia Mgladbach,0.569,1551.9,403.0,1581.4,482.0,82.8,18.2,0.6
379,15.16,55,player,Borussia Mgladbach,0.524,656.0,466.7,686.4,543.8,38.21,24.26,26.0
379,15.16,57,player,Borussia Mgladbach,0.5,1357.2,910.4,1413.8,1038.1,72.11,68.97,26.1
379,15.16,58,player,Borussia Mgladbach,0.48,657.0,347.3,690.4,415.6,38.06,11.56,6.2
379,15.16,60,player,Borussia Mgladbach,0.425,1079.7,289.8,1102.0,341.6,59.18,4.01,19.2
379,15.16,50,player,VfL Wolfsburg,0.403,1678.3,573.3,1703.7,654.2,88.09,34.8,1.4
379,15.16,41,player,Borussia Mgladbach,0.385,397.8,252.9,418.7,303.0,24.18,0.0,10.1
379,15.16,27,player,Borussia Mgladbach,0.374,1527.7,366.2,1552.4,434.5,81.68,13.47,2.4
379,15.16,13,player,Borussia Mgladbach,0.303,760.6,1048.5,805.9,1079.7,44.4,72.44,0.4
379,15.16,0,ball,Ball,0.7,1163.0,426.0,1172.0,437.0,62.94,13.17,0.0
380,15.2,24,player,Borussia Mgladbach,0.808,639.1,587.4,670.5,677.9,37.69,37.03,14.5
380,15.2,39,player,Borussia Mgladbach,0.77,308.6,360.7,339.1,429.3,20.48,12.94,11.2
380,15.2,11,player,Borussia Mgladbach,0.761,1125.2,601.4,1156.1,687.1,61.25,37.89,19.6
380,15.2,48,player,Borussia Mgladbach,0.748,1691.3,663.0,1730.2,748.8,88.55,43.58,15.5
380,15.2,22,player,Borussia Mgladbach,0.731,1147.9,376.3,1177.0,448.6,62.66,14.88,7.1
380,15.2,51,player,Borussia Mgladbach,0.69,1029.5,294.4,1056.1,358.0,56.71,5.7,13.9
380,15.2,4,player,Borussia Mgladbach,0.614,191.8,1011.8,235.7,1080.0,18.31,72.47,0.7
380,15.2,19,player,Borussia Mgladbach,0.591,1551.7,403.0,1581.2,482.1,82.79,18.21,1.3
380,15.2,46,player,Borussia Mgladbach,0.588,824.3,350.6,850.6,419.4,46.32,11.95,5.3
380,15.2,58,player,Borussia Mgladbach,0.58,659.9,346.0,694.7,415.0,38.24,11.5,17.1
380,15.2,57,player,Borussia Mgladbach,0.548,1356.7,910.7,1413.5,1039.0,72.09,69.04,6.6
380,15.2,55,player,Borussia Mgladbach,0.516,656.0,466.6,685.5,543.0,38.19,24.19,6.9
380,15.2,60,player,Borussia Mgladbach,0.477,1077.3,289.4,1098.8,342.3,59.03,4.08,14.4
380,15.2,41,player,Borussia Mgladbach,0.394,398.7,248.8,420.1,302.9,24.24,-0.0,5.3
380,15.2,27,player,Borussia Mgladbach,0.335,1527.4,366.0,1551.9,432.4,81.67,13.26,18.7
380,15.2,59,player,Borussia Mgladbach,0.312,1484.8,324.7,1506.7,388.4,79.64,8.81,6.8
380,15.2,49,player,Borussia Mgladbach,0.306,880.0,245.7,910.7,301.9,49.18,-0.11,13.2
380,15.2,13,player,Borussia Mgladbach,0.305,760.5,1048.9,806.0,1079.8,44.4,72.45,0.9
380,15.2,0,ball,Ball,0.7,1686.0,606.0,1702.0,628.0,88.43,31.29,0.0
381,15.24,24,player,Borussia Mgladbach,0.773,640.9,587.7,672.8,674.7,37.79,36.73,28.3
381,15.24,11,player,Borussia Mgladbach,0.755,1129.2,601.1,1158.9,687.4,61.42,37.91,15.0
381,15.24,48,player,Borussia Mgladbach,0.749,1696.8,661.8,1732.9,748.8,88.74,43.57,17.8
381,15.24,39,player,Borussia Mgladbach,0.735,309.8,361.6,339.9,429.1,20.52,12.93,4.5
381,15.24,22,player,Borussia Mgladbach,0.716,1147.7,377.0,1176.8,449.2,62.65,14.95,6.1
381,15.24,51,player,Borussia Mgladbach,0.647,1032.9,294.5,1056.7,357.0,56.81,5.6,12.8
381,15.24,4,player,Borussia Mgladbach,0.628,192.1,1012.3,235.8,1080.0,18.32,72.47,1.1
381,15.24,57,player,Borussia Mgladbach,0.565,1357.3,910.7,1413.5,1036.8,72.11,68.86,16.4
381,15.24,19,player,Borussia Mgladbach,0.561,1550.8,403.0,1581.6,483.0,82.77,18.3,8.2
381,15.24,46,player,Borussia Mgladbach,0.553,825.6,347.3,850.9,419.0,46.36,11.92,4.8
381,15.24,55,player,Borussia Mgladbach,0.537,655.7,465.7,685.6,543.2,38.18,24.2,1.2
381,15.24,58,player,Borussia Mgladbach,0.537,660.8,346.8,698.7,416.0,38.36,11.61,14.7
381,15.24,60,player,Borussia Mgladbach,0.472,1077.7,289.7,1098.1,342.3,59.03,4.09,0.8
381,15.24,59,player,Borussia Mgladbach,0.427,1483.1,325.2,1506.2,389.6,79.58,8.93,11.8
381,15.24,27,player,Borussia Mgladbach,0.423,1528.1,364.0,1553.3,436.0,81.7,13.62,32.7
381,15.24,41,player,Borussia Mgladbach,0.38,400.1,247.4,423.1,302.3,24.35,-0.06,11.3
381,15.24,50,player,VfL Wolfsburg,0.351,1682.3,572.7,1706.7,656.0,88.25,34.98,10.7
381,15.24,13,player,Borussia Mgladbach,0.318,761.2,1048.6,806.7,1079.6,44.43,72.44,3.1
381,15.24,49,player,Borussia Mgladbach,0.309,879.2,240.3,911.4,303.1,49.18,0.02,11.4
381,15.24,0,ball,Ball,0.7,1246.0,238.0,1256.0,249.0,67.57,-6.27,0.0
382,15.28,48,player,Borussia Mgladbach,0.764,1697.7,661.8,1734.6,749.6,88.8,43.65,8.7
382,15.28,24,player,Borussia Mgladbach,0.745,642.0,587.6,677.0,676.5,37.92,36.89,19.1
382,15.28,11,player,Borussia Mgladbach,0.723,1130.4,600.9,1159.7,686.9,61.47,37.87,6.1
382,15.28,39,player,Borussia Mgladbach,0.717,311.0,361.2,340.3,428.3,20.56,12.85,7.3
382,15.28,22,player,Borussia Mgladbach,0.683,1144.7,377.3,1175.8,449.0,62.55,14.92,9.3
382,15.28,51,player,Borussia Mgladbach,0.668,1035.3,294.2,1057.3,356.3,56.89,5.53,9.9
382,15.28,4,player,Borussia Mgladbach,0.619,192.4,1013.1,235.6,1080.0,18.32,72.47,0.2
382,15.28,58,player,Borussia Mgladbach,0.59,666.8,348.2,703.8,415.3,38.64,11.54,25.9
382,15.28,57,player,Borussia Mgladbach,0.579,1355.4,909.0,1411.4,1038.0,72.01,68.96,12.5
382,15.28,19,player,Borussia Mgladbach,0.532,1551.0,403.5,1581.7,481.9,82.78,18.2,9.5
382,15.28,46,player,Borussia Mgladbach,0.532,826.2,348.5,852.9,418.4,46.43,11.85,8.4
382,15.28,55,player,Borussia Mgladbach,0.531,655.2,466.1,685.2,543.2,38.16,24.2,1.9
382,15.28,59,player,Borussia Mgladbach,0.521,1480.0,327.0,1505.5,390.1,79.48,8.98,10.3
382,15.28,60,player,Borussia Mgladbach,0.47,1076.5,287.4,1096.5,342.6,58.95,4.12,7.0
382,15.28,27,player,Borussia Mgladbach,0.421,1527.7,364.3,1553.2,435.3,81.69,13.55,6.4
382,15.28,41,player,Borussia Mgladbach,0.376,400.2,248.1,423.4,303.2,24.37,0.03,8.5
382,15.28,0,ball,Ball,0.7,851.0,50.0,860.0,59.0,46.92,-26.99,0.0
383,15.32,24,player,Borussia Mgladbach,0.82,641.6,589.1,685.3,675.1,38.11,36.76,20.4
383,15.32,48,player,Borussia Mgladbach,0.76,1697.2,660.6,1735.6,750.0,88.81,43.68,3.2
383,15.32,39,player,Borussia Mgladbach,0.737,311.0,360.7,340.5,429.3,20.57,12.95,9.0
383,15.32,11,player,Borussia Mgladbach,0.728,1131.6,600.3,1160.3,683.8,61.51,37.58,26.7
383,15.32,51,player,Borussia Mgladbach,0.659,1034.3,294.4,1059.2,357.2,56.91,5.62,9.0
383,15.32,4,player,Borussia Mgladbach,0.621,191.7,1011.9,235.6,1080.0,18.3,72.47,1.5
383,15.32,22,player,Borussia Mgladbach,0.616,1142.9,377.4,1174.3,449.2,62.47,14.94,7.8
383,15.32,57,player,Borussia Mgladbach,0.592,1353.7,909.2,1411.1,1035.4,71.97,68.73,20.4
383,15.32,46,player,Borussia Mgladbach,0.549,826.3,348.7,852.9,417.3,46.43,11.74,9.4
383,15.32,19,player,Borussia Mgladbach,0.542,1552.0,405.1,1581.4,481.3,82.8,18.14,5.9
383,15.32,58,player,Borussia Mgladbach,0.501,673.8,349.1,705.6,412.2,38.86,11.23,34.4
383,15.32,55,player,Borussia Mgladbach,0.419,654.6,465.9,683.5,541.1,38.1,24.0,19.6
383,15.32,27,player,Borussia Mgladbach,0.402,1525.9,364.6,1552.5,432.1,81.65,13.23,29.6
383,15.32,60,player,Borussia Mgladbach,0.399,1072.9,287.6,1095.5,341.0,58.84,3.96,17.8
383,15.32,41,player,Borussia Mgladbach,0.397,400.6,247.7,422.0,302.7,24.34,-0.03,5.4
383,15.32,59,player,Borussia Mgladbach,0.382,1476.2,326.1,1504.3,389.8,79.35,8.96,11.5
383,15.32,50,player,VfL Wolfsburg,0.314,1683.9,572.2,1710.5,656.5,88.38,35.02,6.2
383,15.32,0,ball,Ball,0.7,882.0,260.0,893.0,272.0,48.76,-3.88,0.0
384,15.36,24,player,Borussia Mgladbach,0.86,640.3,590.3,689.2,675.9,38.17,36.84,9.2
384,15.36,11,player,Borussia Mgladbach,0.775,1131.2,599.4,1161.0,682.6,61.52,37.46,10.4
384,15.36,39,player,Borussia Mgladbach,0.768,310.9,360.2,340.4,427.0,20.56,12.72,21.2
384,15.36,48,player,Borussia Mgladbach,0.714,1696.8,659.1,1735.8,749.4,88.81,43.63,4.8
384,15.36,51,player,Borussia Mgladbach,0.627,1033.9,294.6,1059.2,356.1,56.91,5.51,10.3
384,15.36,4,player,Borussia Mgladbach,0.617,190.2,1009.7,236.3,1080.0,18.28,72.47,1.7
384,15.36,46,player,Borussia Mgladbach,0.58,826.3,346.6,852.5,418.0,46.42,11.82,6.7
384,15.36,57,player,Borussia Mgladbach,0.575,1352.6,906.7,1407.4,1033.9,71.87,68.61,14.8
384,15.36,22,player,Borussia Mgladbach,0.554,1139.3,375.5,1172.8,449.4,62.34,14.97,11.8
384,15.36,19,player,Borussia Mgladbach,0.471,1551.4,402.8,1579.9,482.8,82.74,18.29,14.6
384,15.36,58,player,Borussia Mgladbach,0.453,682.0,345.1,706.4,409.9,39.08,10.99,29.0
384,15.36,55,player,Borussia Mgladbach,0.385,652.6,464.3,681.4,540.0,37.99,23.89,13.2
384,15.36,59,player,Borussia Mgladbach,0.379,1470.0,323.2,1504.1,390.3,79.19,9.0,15.3
384,15.36,41,player,Borussia Mgladbach,0.352,401.1,250.2,422.2,300.8,24.35,-0.22,17.4
384,15.36,60,player,Borussia Mgladbach,0.341,1071.0,287.4,1094.7,341.4,58.77,4.0,7.2
384,15.36,27,player,Borussia Mgladbach,0.335,1524.0,362.8,1552.3,435.4,81.58,13.56,30.4
384,15.36,50,player,VfL Wolfsburg,0.315,1682.3,569.7,1712.1,657.5,88.37,35.11,8.3
384,15.36,0,ball,Ball,0.7,879.0,261.0,890.0,271.0,48.6,-3.88,0.0
385,15.4,24,player,Borussia Mgladbach,0.865,639.1,588.3,690.5,677.3,38.18,36.97,11.6
385,15.4,39,player,Borussia Mgladbach,0.777,311.0,359.5,340.8,427.2,20.57,12.74,2.0
385,15.4,11,player,Borussia Mgladbach,0.748,1133.5,597.6,1162.9,682.3,61.62,37.44,9.4
385,15.4,48,player,Borussia Mgladbach,0.72,1696.7,658.7,1736.0,746.5,88.83,43.37,23.4
385,15.4,51,player,Borussia Mgladbach,0.619,1036.5,292.7,1058.1,355.3,56.94,5.43,8.1
385,15.4,4,player,Borussia Mgladbach,0.613,190.3,1008.3,235.4,1080.0,18.27,72.47,1.6
385,15.4,46,player,Borussia Mgladbach,0.548,826.9,346.2,851.5,417.1,46.41,11.72,8.4
385,15.4,22,player,Borussia Mgladbach,0.536,1136.5,373.7,1172.0,450.0,62.25,15.03,9.7
385,15.4,55,player,Borussia Mgladbach,0.508,651.7,463.2,680.2,538.9,37.94,23.78,11.3
385,15.4,58,player,Borussia Mgladbach,0.502,684.0,344.3,710.6,408.9,39.24,10.89,16.9
385,15.4,57,player,Borussia Mgladbach,0.497,1350.8,906.1,1406.0,1033.7,71.79,68.6,6.7
385,15.4,19,player,Borussia Mgladbach,0.44,1551.9,403.3,1579.0,483.0,82.73,18.3,1.4
385,15.4,59,player,Borussia Mgladbach,0.434,1469.8,324.6,1500.7,389.3,79.1,8.9,11.8
385,15.4,50,player,VfL Wolfsburg,0.411,1679.4,570.0,1712.9,657.8,88.32,35.14,5.6
385,15.4,41,player,Borussia Mgladbach,0.373,402.1,246.4,423.2,301.4,24.4,-0.16,7.1
385,15.4,27,player,Borussia Mgladbach,0.324,1524.0,363.3,1552.9,436.3,81.59,13.65,7.9
385,15.4,60,player,Borussia Mgladbach,0.305,1069.7,287.4,1094.1,341.0,58.72,3.95,6.1
385,15.4,0,ball,Ball,0.7,841.0,50.0,847.0,59.0,46.31,-26.99,0.0
386,15.44,24,player,Borussia Mgladbach,0.821,638.3,588.2,688.6,676.6,38.11,36.9,8.7
386,15.44,39,player,Borussia Mgladbach,0.769,312.4,359.9,341.0,426.5,20.6,12.66,7.4
386,15.44,11,player,Borussia Mgladbach,0.7,1134.4,597.8,1163.1,679.8,61.66,37.21,20.8
386,15.44,48,player,Borussia Mgladbach,0.651,1697.9,658.6,1739.7,745.7,88.95,43.29,13.0
386,15.44,51,player,Borussia Mgladbach,0.623,1037.0,292.3,1058.4,354.0,56.96,5.3,12.1
386,15.44,4,player,Borussia Mgladbach,0.614,189.6,1008.1,234.0,1080.0,18.22,72.47,4.3
386,15.44,55,player,Borussia Mgladbach,0.583,650.1,459.2,678.6,538.2,37.86,23.72,9.4
386,15.44,46,player,Borussia Mgladbach,0.566,827.1,344.3,853.1,414.7,46.45,11.48,22.5
386,15.44,59,player,Borussia Mgladbach,0.546,1469.5,324.7,1498.7,389.0,79.04,8.87,6.0
386,15.44,57,player,Borussia Mgladbach,0.506,1349.5,905.9,1405.3,1032.1,71.75,68.46,12.9
386,15.44,50,player,VfL Wolfsburg,0.453,1677.2,570.3,1713.9,657.0,88.29,35.07,7.5
386,15.44,22,player,Borussia Mgladbach,0.436,1135.4,374.7,1170.6,446.5,62.19,14.67,32.4
386,15.44,19,player,Borussia Mgladbach,0.418,1551.8,405.1,1577.1,481.4,82.69,18.15,14.3
386,15.44,58,player,Borussia Mgladbach,0.397,687.3,343.8,714.5,407.4,39.41,10.74,20.9
386,15.44,41,player,Borussia Mgladbach,0.365,401.4,243.1,425.1,301.9,24.43,-0.11,5.2
386,15.44,13,player,Borussia Mgladbach,0.346,756.0,1046.7,806.0,1079.9,44.3,72.46,2.4
386,15.44,0,ball,Ball,0.7,692.0,392.0,705.0,402.0,39.27,9.69,0.0
387,15.48,39,player,Borussia Mgladbach,0.716,314.2,360.2,342.3,425.4,20.68,12.56,11.4
387,15.48,24,player,Borussia Mgladbach,0.695,639.2,589.2,686.1,675.7,38.07,36.82,8.2
387,15.48,11,player,Borussia Mgladbach,0.663,1135.3,590.4,1165.2,676.8,61.73,36.92,26.5
387,15.48,48,player,Borussia Mgladbach,0.638,1699.2,658.3,1740.8,745.5,89.01,43.28,5.5
387,15.48,55,player,Borussia Mgladbach,0.635,649.3,459.8,678.7,538.5,37.84,23.74,2.9
387,15.48,4,player,Borussia Mgladbach,0.632,188.5,1008.9,233.5,1080.0,18.18,72.47,3.4
387,15.48,46,player,Borussia Mgladbach,0.604,827.2,340.7,855.2,414.6,46.51,11.47,5.2
387,15.48,51,player,Borussia Mgladbach,0.572,1039.4,292.4,1059.3,353.1,57.05,5.2,11.4
387,15.48,57,player,Borussia Mgladbach,0.536,1349.9,904.7,1405.6,1032.3,71.77,68.47,1.9
387,15.48,59,player,Borussia Mgladbach,0.52,1469.7,325.4,1498.0,390.6,79.03,9.03,14.7
387,15.48,22,player,Borussia Mgladbach,0.492,1134.1,376.4,1166.1,444.5,62.05,14.47,21.8
387,15.48,58,player,Borussia Mgladbach,0.481,690.2,340.9,715.3,406.9,39.51,10.69,9.6
387,15.48,19,player,Borussia Mgladbach,0.48,1551.6,405.6,1576.6,480.8,82.68,18.08,5.8
387,15.48,50,player,VfL Wolfsburg,0.431,1677.8,570.4,1715.8,657.0,88.35,35.07,5.4
387,15.48,41,player,Borussia Mgladbach,0.354,399.9,241.6,425.4,300.4,24.4,-0.27,14.3
387,15.48,13,player,Borussia Mgladbach,0.337,756.0,1046.6,806.1,1079.9,44.3,72.46,0.1
387,15.48,0,ball,Ball,0.7,656.0,516.0,662.0,521.0,37.55,21.79,0.0
388,15.52,24,player,Borussia Mgladbach,0.751,644.2,586.2,687.1,673.1,38.21,36.58,24.9
388,15.52,39,player,Borussia Mgladbach,0.727,315.1,358.8,343.9,425.1,20.74,12.53,6.4
388,15.52,46,player,Borussia Mgladbach,0.686,828.0,340.2,856.7,413.5,46.56,11.35,11.4
388,15.52,4,player,Borussia Mgladbach,0.673,189.5,1008.8,235.5,1080.0,18.25,72.47,6.3
388,15.52,55,player,Borussia Mgladbach,0.673,649.5,458.9,679.0,536.5,37.85,23.55,17.8
388,15.52,57,player,Borussia Mgladbach,0.629,1350.8,904.2,1406.4,1032.3,71.81,68.47,3.6
388,15.52,11,player,Borussia Mgladbach,0.612,1136.3,589.9,1167.9,677.9,61.82,37.03,12.5
388,15.52,58,player,Borussia Mgladbach,0.577,693.7,339.5,721.3,409.7,39.75,10.97,33.6
388,15.52,48,player,Borussia Mgladbach,0.576,1700.7,657.6,1743.7,743.8,89.12,43.12,17.4
388,15.52,59,player,Borussia Mgladbach,0.575,1470.0,325.4,1497.4,389.7,79.02,8.95,7.9
388,15.52,22,player,Borussia Mgladbach,0.528,1133.5,373.7,1163.9,443.7,61.98,14.39,9.5
388,15.52,19,player,Borussia Mgladbach,0.511,1550.8,404.7,1577.9,481.2,82.69,18.13,4.2
388,15.52,50,player,VfL Wolfsburg,0.482,1681.3,569.6,1717.0,655.2,88.48,34.9,18.5
388,15.52,51,player,Borussia Mgladbach,0.443,1041.0,290.9,1060.6,351.7,57.13,5.06,15.1
388,15.52,41,player,Borussia Mgladbach,0.405,401.3,242.3,426.0,301.7,24.45,-0.13,13.2
388,15.52,62,player,Borussia Mgladbach,0.388,642.5,272.2,668.3,323.7,36.92,2.16,0.0
388,15.52,13,player,Borussia Mgladbach,0.387,755.9,1046.4,805.8,1080.0,44.29,72.47,1.2
388,15.52,27,player,Borussia Mgladbach,0.345,1521.1,362.0,1548.9,439.3,81.4,13.95,10.6
388,15.52,61,player,Borussia Mgladbach,0.344,1215.8,215.2,1240.8,268.9,66.34,-3.57,0.0
388,15.52,0,ball,Ball,0.7,1704.0,629.0,1711.0,636.0,89.0,32.76,0.0
389,15.56,24,player,Borussia Mgladbach,0.789,649.3,578.9,689.8,669.3,38.39,36.23,35.7
389,15.56,55,player,Borussia Mgladbach,0.77,647.6,456.6,677.8,535.1,37.77,23.41,14.3
389,15.56,46,player,Borussia Mgladbach,0.741,828.3,337.7,857.5,409.8,46.59,10.99,33.1
389,15.56,4,player,Borussia Mgladbach,0.702,188.0,1007.5,234.8,1080.0,18.2,72.47,4.5
389,15.56,39,player,Borussia Mgladbach,0.7,315.1,357.4,345.0,423.1,20.76,12.33,17.7
389,15.56,58,player,Borussia Mgladbach,0.644,693.7,335.1,726.9,409.4,39.89,10.94,13.0
389,15.56,48,player,Borussia Mgladbach,0.632,1702.8,653.4,1743.9,739.5,89.2,42.73,35.9
389,15.56,11,player,Borussia Mgladbach,0.578,1135.3,590.4,1168.6,674.3,61.82,36.69,30.3
389,15.56,57,player,Borussia Mgladbach,0.564,1348.9,904.0,1406.1,1030.4,71.76,68.32,14.5
389,15.56,50,player,VfL Wolfsburg,0.556,1684.2,567.8,1719.0,651.3,88.62,34.54,35.1
389,15.56,22,player,Borussia Mgladbach,0.525,1131.9,374.0,1160.5,441.5,61.86,14.18,22.6
389,15.56,62,player,Borussia Mgladbach,0.492,644.6,268.5,672.6,324.7,37.08,2.27,18.0
389,15.56,59,player,Borussia Mgladbach,0.486,1469.9,323.1,1495.1,388.1,78.97,8.78,15.5
389,15.56,41,player,Borussia Mgladbach,0.459,401.5,242.3,428.5,299.5,24.51,-0.36,21.6
389,15.56,19,player,Borussia Mgladbach,0.451,1549.3,403.9,1577.7,478.3,82.66,17.84,26.0
389,15.56,13,player,Borussia Mgladbach,0.405,755.2,1045.0,806.1,1080.0,44.28,72.47,0.8
389,15.56,27,player,Borussia Mgladbach,0.381,1520.4,362.4,1547.6,437.8,81.36,13.8,13.6
389,15.56,0,ball,Ball,0.7,849.0,44.0,856.0,52.0,46.76,-27.73,0.0
390,15.6,24,player,Borussia Mgladbach,0.779,652.6,578.6,691.6,667.7,38.51,36.07,17.6
390,15.6,55,player,Borussia Mgladbach,0.771,647.7,451.2,677.8,530.3,37.76,22.95,38.0
390,15.6,46,player,Borussia Mgladbach,0.735,829.6,337.3,858.8,407.7,46.65,10.77,20.2
390,15.6,4,player,Borussia Mgladbach,0.708,187.1,1006.8,233.4,1080.0,18.15,72.47,4.8
390,15.6,39,player,Borussia Mgladbach,0.693,315.3,354.6,345.5,420.0,20.76,12.01,28.8
390,15.6,11,player,Borussia Mgladbach,0.684,1134.8,583.3,1170.3,670.7,61.85,36.36,30.4
390,15.6,48,player,Borussia Mgladbach,0.669,1706.5,651.8,1746.0,735.9,89.36,42.39,33.3
390,15.6,22,player,Borussia Mgladbach,0.593,1130.8,369.0,1157.5,438.0,61.76,13.83,32.7
390,15.6,58,player,Borussia Mgladbach,0.533,696.0,332.2,730.9,403.2,40.04,10.31,38.0
390,15.6,13,player,Borussia Mgladbach,0.528,755.2,1043.5,805.6,1080.0,44.27,72.47,0.9
390,15.6,62,player,Borussia Mgladbach,0.519,643.0,266.0,670.9,325.2,37.0,2.32,8.8
390,15.6,41,player,Borussia Mgladbach,0.516,402.8,243.1,428.7,297.6,24.54,-0.56,17.8
390,15.6,50,player,VfL Wolfsburg,0.496,1689.6,568.0,1718.6,648.3,88.75,34.25,28.4
390,15.6,57,player,Borussia Mgladbach,0.475,1346.8,902.1,1404.0,1023.5,71.68,67.73,38.0
390,15.6,27,player,Borussia Mgladbach,0.442,1520.0,360.2,1545.8,434.6,81.32,13.48,29.7
390,15.6,59,player,Borussia Mgladbach,0.389,1467.1,322.2,1491.2,385.8,78.81,8.54,26.0
390,15.6,60,player,Borussia Mgladbach,0.359,1058.1,281.0,1085.5,346.6,58.2,4.53,14.0
390,15.6,19,player,Borussia Mgladbach,0.324,1549.6,402.1,1576.0,476.5,82.63,17.66,16.4
390,15.6,0,ball,Ball,0.7,1704.0,625.0,1712.0,632.0,89.05,32.38,0.0
391,15.64,55,player,Borussia Mgladbach,0.806,647.0,449.2,678.1,528.1,37.75,22.73,19.6
391,15.64,24,player,Borussia Mgladbach,0.797,657.9,579.0,694.7,664.8,38.71,35.8,30.6
391,15.64,46,player,Borussia Mgladbach,0.792,831.1,337.4,862.8,406.5,46.79,10.65,16.7
391,15.64,11,player,Borussia Mgladbach,0.727,1133.4,573.8,1172.8,669.7,61.88,36.26,8.8
391,15.64,48,player,Borussia Mgladbach,0.715,1709.9,650.6,1747.0,735.6,89.47,42.37,9.8
391,15.64,4,player,Borussia Mgladbach,0.711,188.8,1006.8,234.0,1080.0,18.2,72.47,4.8
391,15.64,13,player,Borussia Mgladbach,0.605,755.5,1042.5,806.2,1080.0,44.29,72.47,1.8
391,15.64,22,player,Borussia Mgladbach,0.599,1128.3,366.0,1154.3,437.5,61.61,13.77,13.9
391,15.64,62,player,Borussia Mgladbach,0.598,644.2,264.4,672.6,325.0,37.07,2.3,7.0
391,15.64,39,player,Borussia Mgladbach,0.583,318.0,353.0,347.6,419.8,20.88,11.99,10.8
391,15.64,58,player,Borussia Mgladbach,0.551,699.7,328.8,736.6,399.5,40.27,9.94,38.0
391,15.64,41,player,Borussia Mgladbach,0.55,403.9,241.7,430.1,295.6,24.6,-0.77,19.3
391,15.64,57,player,Borussia Mgladbach,0.53,1348.1,901.3,1403.8,1024.3,71.71,67.8,6.4
391,15.64,27,player,Borussia Mgladbach,0.446,1520.0,360.2,1544.7,433.7,81.29,13.39,7.7
391,15.64,50,player,VfL Wolfsburg,0.421,1691.6,567.7,1718.9,648.1,88.81,34.23,5.5
391,15.64,19,player,Borussia Mgladbach,0.402,1548.2,403.2,1577.5,473.4,82.65,17.35,27.7
391,15.64,60,player,Borussia Mgladbach,0.388,1051.5,281.7,1084.2,345.8,58.0,4.45,19.3
391,15.64,59,player,Borussia Mgladbach,0.333,1466.7,322.7,1487.9,384.9,78.72,8.46,11.2
391,15.64,0,ball,Ball,0.7,1705.0,624.0,1712.0,632.0,89.08,32.33,0.0
392,15.68,55,player,Borussia Mgladbach,0.814,647.2,449.2,679.3,525.6,37.78,22.48,22.4
392,15.68,24,player,Borussia Mgladbach,0.799,663.8,578.7,697.0,663.7,38.91,35.7,19.8
392,15.68,48,player,Borussia Mgladbach,0.776,1714.3,647.8,1750.3,735.1,89.66,42.32,17.6
392,15.68,46,player,Borussia Mgladbach,0.762,833.9,336.5,863.2,404.5,46.87,10.45,19.3
392,15.68,11,player,Borussia Mgladbach,0.722,1135.0,568.1,1177.5,668.7,62.03,36.17,16.2
392,15.68,4,player,Borussia Mgladbach,0.717,190.7,1005.6,235.9,1080.0,18.29,72.47,7.8
392,15.68,58,player,Borussia Mgladbach,0.651,706.1,327.9,743.7,399.0,40.61,9.89,30.7
392,15.68,22,player,Borussia Mgladbach,0.616,1125.5,363.5,1152.7,435.9,61.51,13.61,17.4
392,15.68,13,player,Borussia Mgladbach,0.589,755.2,1041.9,807.1,1080.0,44.31,72.47,1.3
392,15.68,41,player,Borussia Mgladbach,0.569,406.4,239.0,431.2,295.0,24.69,-0.83,9.9
392,15.68,39,player,Borussia Mgladbach,0.55,321.1,351.8,349.9,417.8,21.01,11.8,20.9
392,15.68,57,player,Borussia Mgladbach,0.529,1350.6,898.8,1404.5,1022.2,71.79,67.62,17.8
392,15.68,62,player,Borussia Mgladbach,0.512,644.5,265.4,672.0,323.5,37.06,2.14,14.2
392,15.68,50,player,VfL Wolfsburg,0.505,1691.7,566.1,1721.2,648.8,88.87,34.3,7.7
392,15.68,19,player,Borussia Mgladbach,0.443,1549.3,402.5,1579.1,473.7,82.71,17.38,6.3
392,15.68,27,player,Borussia Mgladbach,0.443,1520.5,359.2,1545.3,433.9,81.32,13.41,2.7
392,15.68,60,player,Borussia Mgladbach,0.425,1050.5,281.2,1084.0,347.4,57.97,4.61,14.7
392,15.68,59,player,Borussia Mgladbach,0.413,1465.5,318.2,1487.7,385.2,78.68,8.48,4.1
392,15.68,0,ball,Ball,0.7,1705.0,623.0,1713.0,631.0,89.11,32.24,0.0
393,15.72,55,player,Borussia Mgladbach,0.807,648.0,447.7,678.5,523.5,37.77,22.28,18.1
393,15.72,24,player,Borussia Mgladbach,0.781,667.7,575.9,699.9,665.8,39.08,35.9,23.6
393,15.72,46,player,Borussia Mgladbach,0.781,835.7,335.4,863.8,404.4,46.93,10.43,5.6
393,15.72,11,player,Borussia Mgladbach,0.729,1136.6,565.3,1178.3,662.9,62.1,35.62,38.0
393,15.72,58,player,Borussia Mgladbach,0.694,707.0,327.1,744.6,398.2,40.65,9.8,8.9
393,15.72,48,player,Borussia Mgladbach,0.688,1717.0,646.6,1751.7,731.7,89.77,42.01,29.6
393,15.72,4,player,Borussia Mgladbach,0.685,192.0,1001.9,235.2,1080.0,18.3,72.47,1.1
393,15.72,22,player,Borussia Mgladbach,0.683,1123.7,362.2,1151.1,435.6,61.42,13.58,7.9
393,15.72,13,player,Borussia Mgladbach,0.658,755.8,1038.1,807.3,1080.0,44.32,72.47,1.5
393,15.72,57,player,Borussia Mgladbach,0.627,1351.3,897.4,1404.3,1020.7,71.8,67.5,11.1
393,15.72,41,player,Borussia Mgladbach,0.561,405.8,236.6,432.4,294.0,24.7,-0.94,9.5
393,15.72,62,player,Borussia Mgladbach,0.536,646.1,264.3,671.7,323.8,37.1,2.17,4.6
393,15.72,59,player,Borussia Mgladbach,0.507,1464.9,315.7,1487.0,382.2,78.66,8.18,27.8
393,15.72,39,player,Borussia Mgladbach,0.495,323.7,349.2,350.3,416.9,21.08,11.7,10.4
393,15.72,19,player,Borussia Mgladbach,0.481,1549.4,399.4,1579.6,472.2,82.74,17.23,13.4
393,15.72,60,player,Borussia Mgladbach,0.456,1048.1,281.2,1083.7,346.0,57.9,4.47,14.0
393,15.72,27,player,Borussia Mgladbach,0.418,1520.2,360.2,1543.7,432.7,81.28,13.29,11.6
393,15.72,50,player,VfL Wolfsburg,0.369,1694.6,563.9,1722.0,645.0,88.98,33.94,33.9
393,15.72,0,ball,Ball,0.7,1129.0,412.0,1137.0,423.0,61.22,11.76,0.0
394,15.76,55,player,Borussia Mgladbach,0.805,647.7,446.5,679.0,521.1,37.77,22.05,20.9
394,15.76,48,player,Borussia Mgladbach,0.784,1719.4,643.3,1753.3,730.0,89.88,41.85,17.1
394,15.76,24,player,Borussia Mgladbach,0.757,670.0,570.4,706.6,661.9,39.29,35.53,38.0
394,15.76,46,player,Borussia Mgladbach,0.733,838.2,330.4,864.7,402.5,47.01,10.24,18.7
394,15.76,11,player,Borussia Mgladbach,0.715,1138.7,563.6,1178.5,662.3,62.16,35.57,6.9
394,15.76,22,player,Borussia Mgladbach,0.703,1121.5,361.0,1150.8,433.1,61.36,13.33,23.0
394,15.76,4,player,Borussia Mgladbach,0.687,191.5,1000.1,235.4,1080.0,18.29,72.47,0.7
394,15.76,58,player,Borussia Mgladbach,0.676,712.6,328.5,747.6,397.0,40.87,9.69,22.0
394,15.76,57,player,Borussia Mgladbach,0.659,1352.8,895.1,1404.6,1018.2,71.85,67.29,19.6
394,15.76,13,player,Borussia Mgladbach,0.645,756.2,1034.2,807.7,1080.0,44.34,72.47,1.5
394,15.76,59,player,Borussia Mgladbach,0.6,1463.2,315.4,1487.3,379.8,78.63,7.93,22.2
394,15.76,39,player,Borussia Mgladbach,0.599,326.3,347.2,351.5,415.6,21.17,11.57,14.2
394,15.76,19,player,Borussia Mgladbach,0.512,1550.9,398.3,1581.0,471.6,82.81,17.18,8.3
394,15.76,60,player,Borussia Mgladbach,0.503,1048.6,280.7,1083.4,345.8,57.91,4.45,2.2
394,15.76,62,player,Borussia Mgladbach,0.495,647.3,265.8,672.0,321.7,37.13,1.96,19.9
394,15.76,41,player,Borussia Mgladbach,0.479,410.1,234.2,433.3,289.6,24.81,-1.4,38.0
394,15.76,27,player,Borussia Mgladbach,0.452,1519.7,360.6,1543.2,432.2,81.26,13.24,4.3
394,15.76,50,player,VfL Wolfsburg,0.451,1695.7,561.2,1723.4,649.4,89.01,34.36,37.8
394,15.76,63,player,Borussia Mgladbach,0.376,1205.5,209.4,1229.9,258.5,65.82,-4.68,0.0
394,15.76,0,ball,Ball,0.7,364.0,226.0,372.0,236.0,21.77,-7.6,0.0
395,15.8,55,player,Borussia Mgladbach,0.806,647.5,445.6,680.4,520.3,37.8,21.97,7.4
395,15.8,48,player,Borussia Mgladbach,0.787,1719.5,638.5,1756.3,728.8,89.96,41.74,12.5
395,15.8,24,player,Borussia Mgladbach,0.76,672.3,567.7,717.0,663.2,39.6,35.65,30.2
395,15.8,11,player,Borussia Mgladbach,0.723,1142.2,564.4,1179.0,659.8,62.26,35.33,23.1
395,15.8,57,player,Borussia Mgladbach,0.72,1353.9,894.1,1404.6,1017.3,71.88,67.2,7.8
395,15.8,4,player,Borussia Mgladbach,0.695,192.2,999.2,235.8,1080.0,18.32,72.47,2.6
395,15.8,46,player,Borussia Mgladbach,0.679,839.4,330.4,866.1,400.5,47.08,10.04,19.0
395,15.8,13,player,Borussia Mgladbach,0.674,756.4,1033.4,808.8,1080.0,44.37,72.47,2.7
395,15.8,22,player,Borussia Mgladbach,0.671,1120.4,361.5,1147.8,432.7,61.26,13.29,10.1
395,15.8,58,player,Borussia Mgladbach,0.644,718.3,329.5,750.2,396.0,41.08,9.58,21.0
395,15.8,39,player,Borussia Mgladbach,0.581,329.6,346.4,352.7,412.4,21.27,11.25,30.8
395,15.8,19,player,Borussia Mgladbach,0.557,1550.9,397.7,1581.9,469.8,82.84,17.0,16.5
395,15.8,59,player,Borussia Mgladbach,0.515,1461.3,314.9,1486.8,379.8,78.57,7.94,5.6
395,15.8,60,player,Borussia Mgladbach,0.478,1051.1,279.8,1084.3,346.4,57.99,4.51,9.7
395,15.8,27,player,Borussia Mgladbach,0.456,1519.0,360.9,1542.9,430.7,81.23,13.08,14.5
395,15.8,62,player,Borussia Mgladbach,0.444,648.3,265.9,672.1,321.5,37.16,1.93,3.2
395,15.8,41,player,Borussia Mgladbach,0.432,415.8,233.8,435.9,288.3,25.02,-1.53,22.4
395,15.8,50,player,VfL Wolfsburg,0.414,1697.4,559.7,1727.3,645.5,89.17,33.99,36.0
395,15.8,63,player,Borussia Mgladbach,0.339,1203.1,210.1,1228.5,258.8,65.72,-4.64,9.7
395,15.8,0,ball,Ball,0.7,365.0,225.0,373.0,235.0,21.82,-7.71,0.0
396,15.84,24,player,Borussia Mgladbach,0.814,674.0,568.9,721.8,661.7,39.75,35.51,18.6
396,15.84,48,player,Borussia Mgladbach,0.809,1721.3,639.9,1756.9,727.6,90.02,41.63,11.1
396,15.84,55,player,Borussia Mgladbach,0.786,647.0,444.4,680.2,520.0,37.78,21.94,3.3
396,15.84,57,player,Borussia Mgladbach,0.741,1354.9,893.8,1405.6,1015.9,71.93,67.08,11.6
396,15.84,11,player,Borussia Mgladbach,0.738,1145.0,568.2,1178.8,658.2,62.32,35.18,14.7
396,15.84,4,player,Borussia Mgladbach,0.711,192.5,1000.4,235.9,1080.0,18.33,72.47,0.6
396,15.84,13,player,Borussia Mgladbach,0.664,756.1,1033.8,808.6,1080.0,44.36,72.47,0.9
396,15.84,39,player,Borussia Mgladbach,0.607,331.7,346.9,354.5,410.3,21.36,11.03,20.8
396,15.84,46,player,Borussia Mgladbach,0.604,842.9,328.9,870.2,399.1,47.27,9.9,21.9
396,15.84,22,player,Borussia Mgladbach,0.574,1118.1,362.9,1146.5,431.9,61.17,13.21,10.5
396,15.84,58,player,Borussia Mgladbach,0.568,725.5,329.0,752.2,395.1,41.31,9.49,22.5
396,15.84,59,player,Borussia Mgladbach,0.567,1460.0,315.4,1486.1,380.8,78.52,8.04,10.0
396,15.84,50,player,VfL Wolfsburg,0.561,1700.6,558.0,1727.2,641.4,89.27,33.6,36.2
396,15.84,19,player,Borussia Mgladbach,0.543,1550.7,396.1,1581.9,468.9,82.84,16.9,8.2
396,15.84,60,player,Borussia Mgladbach,0.485,1050.8,278.6,1083.3,346.8,57.96,4.55,4.5
396,15.84,64,player,Borussia Mgladbach,0.446,1130.3,187.2,1161.3,240.0,62.13,-6.64,0.0
396,15.84,27,player,Borussia Mgladbach,0.426,1519.0,361.4,1540.0,429.3,81.17,12.95,13.9
396,15.84,62,player,Borussia Mgladbach,0.403,649.0,266.2,673.0,320.0,37.19,1.78,14.1
396,15.84,63,player,Borussia Mgladbach,0.341,1201.3,208.5,1226.6,259.7,65.62,-4.55,12.4
396,15.84,0,ball,Ball,0.7,366.0,224.0,374.0,236.0,21.87,-7.71,0.0
397,15.88,48,player,Borussia Mgladbach,0.817,1721.9,639.9,1759.1,728.4,90.09,41.7,8.7
397,15.88,55,player,Borussia Mgladbach,0.766,647.7,444.0,680.5,520.2,37.81,21.96,2.8
397,15.88,11,player,Borussia Mgladbach,0.752,1145.8,566.0,1178.7,656.1,62.34,34.99,17.9
397,15.88,57,player,Borussia Mgladbach,0.751,1355.9,894.3,1405.9,1016.2,71.96,67.12,4.0
397,15.88,24,player,Borussia Mgladbach,0.746,675.6,569.1,714.7,661.1,39.62,35.45,13.4
397,15.88,4,player,Borussia Mgladbach,0.714,192.3,1000.2,235.8,1080.0,18.32,72.47,0.4
397,15.88,13,player,Borussia Mgladbach,0.65,756.3,1033.8,808.1,1080.0,44.35,72.47,0.7
397,15.88,39,player,Borussia Mgladbach,0.609,333.8,347.3,355.4,411.7,21.44,11.18,15.0
397,15.88,46,player,Borussia Mgladbach,0.594,844.3,328.3,870.1,399.6,47.3,9.95,6.0
397,15.88,27,player,Borussia Mgladbach,0.582,1516.0,359.7,1537.6,429.3,81.03,12.95,12.1
397,15.88,50,player,VfL Wolfsburg,0.581,1699.2,557.9,1728.2,644.2,89.24,33.87,24.2
397,15.88,59,player,Borussia Mgladbach,0.579,1457.0,316.1,1482.4,382.0,78.34,8.16,19.4
397,15.88,19,player,Borussia Mgladbach,0.557,1551.1,396.8,1582.9,470.0,82.87,17.01,10.0
397,15.88,58,player,Borussia Mgladbach,0.525,728.8,330.1,755.5,396.0,41.48,9.59,17.4
397,15.88,22,player,Borussia Mgladbach,0.523,1114.4,364.1,1146.4,430.4,61.08,13.06,15.8
397,15.88,60,player,Borussia Mgladbach,0.523,1050.7,279.9,1083.0,348.4,57.95,4.71,14.7
397,15.88,64,player,Borussia Mgladbach,0.395,1130.6,188.1,1160.6,240.5,62.12,-6.58,4.7
397,15.88,62,player,Borussia Mgladbach,0.384,648.5,268.3,672.7,320.5,37.18,1.83,5.1
397,15.88,63,player,Borussia Mgladbach,0.329,1198.6,208.2,1224.7,261.8,65.5,-4.33,22.6
397,15.88,0,ball,Ball,0.7,914.0,223.0,930.0,235.0,50.53,-7.81,0.0
398,15.92,55,player,Borussia Mgladbach,0.768,647.1,442.5,680.6,520.3,37.79,21.97,1.5
398,15.92,24,player,Borussia Mgladbach,0.768,676.5,567.2,720.2,662.0,39.78,35.54,16.7
398,15.92,48,player,Borussia Mgladbach,0.765,1722.9,640.1,1761.6,726.2,90.18,41.51,19.8
398,15.92,57,player,Borussia Mgladbach,0.753,1356.8,894.1,1406.1,1016.3,71.98,67.13,2.4
398,15.92,11,player,Borussia Mgladbach,0.736,1145.5,563.8,1179.1,655.2,62.35,34.9,7.5
398,15.92,4,player,Borussia Mgladbach,0.71,192.5,1000.6,236.1,1080.0,18.33,72.47,1.0
398,15.92,39,player,Borussia Mgladbach,0.68,333.9,349.2,358.2,413.9,21.52,11.4,21.3
398,15.92,13,player,Borussia Mgladbach,0.652,756.2,1033.8,808.5,1080.0,44.36,72.47,0.5
398,15.92,27,player,Borussia Mgladbach,0.626,1513.8,360.1,1537.3,429.2,80.97,12.94,5.7
398,15.92,50,player,VfL Wolfsburg,0.608,1698.8,556.9,1730.4,644.0,89.29,33.85,4.3
398,15.92,59,player,Borussia Mgladbach,0.59,1454.7,315.9,1484.8,382.8,78.34,8.24,7.2
398,15.92,58,player,Borussia Mgladbach,0.574,730.9,326.8,757.6,396.9,41.58,9.68,12.9
398,15.92,60,player,Borussia Mgladbach,0.564,1050.7,279.1,1082.3,348.8,57.93,4.76,4.3
398,15.92,19,player,Borussia Mgladbach,0.555,1552.0,397.1,1583.3,470.4,82.9,17.05,4.5
398,15.92,46,player,Borussia Mgladbach,0.539,846.0,328.2,872.1,396.7,47.39,9.66,28.0
398,15.92,22,player,Borussia Mgladbach,0.488,1113.0,363.7,1146.8,431.4,61.05,13.16,9.4
398,15.92,62,player,Borussia Mgladbach,0.462,646.7,267.9,674.4,321.8,37.18,1.97,12.4
398,15.92,64,player,Borussia Mgladbach,0.412,1129.7,187.7,1159.6,238.9,62.07,-6.76,16.4
398,15.92,63,player,Borussia Mgladbach,0.367,1196.7,207.8,1223.7,261.7,65.42,-4.34,6.8
398,15.92,0,ball,Ball,0.7,917.0,222.0,932.0,234.0,50.66,-7.92,0.0
399,15.96,24,player,Borussia Mgladbach,0.768,677.4,568.0,722.6,661.8,39.86,35.52,7.2
399,15.96,11,player,Borussia Mgladbach,0.742,1146.1,561.9,1178.7,653.4,62.36,34.73,15.8
399,15.96,57,player,Borussia Mgladbach,0.742,1357.5,893.7,1407.7,1016.1,72.04,67.1,5.5
399,15.96,48,player,Borussia Mgladbach,0.74,1722.8,638.4,1765.0,725.9,90.26,41.47,8.0
399,15.96,55,player,Borussia Mgladbach,0.738,649.7,441.0,679.1,520.5,37.82,21.99,2.9
399,15.96,4,player,Borussia Mgladbach,0.715,192.9,1001.0,236.3,1080.0,18.35,72.47,1.3
399,15.96,39,player,Borussia Mgladbach,0.678,334.3,350.4,361.8,413.1,21.62,11.31,11.7
399,15.96,13,player,Borussia Mgladbach,0.638,755.8,1034.0,808.5,1080.0,44.35,72.47,0.7
399,15.96,27,player,Borussia Mgladbach,0.617,1511.3,360.2,1536.8,429.7,80.89,12.99,8.7
399,15.96,59,player,Borussia Mgladbach,0.575,1454.2,316.0,1484.9,385.0,78.32,8.46,19.7
399,15.96,50,player,VfL Wolfsburg,0.575,1701.1,557.3,1731.9,643.0,89.39,33.75,12.4
399,15.96,19,player,Borussia Mgladbach,0.538,1552.9,396.3,1585.7,470.7,82.98,17.09,8.1
399,15.96,64,player,Borussia Mgladbach,0.528,1129.3,188.0,1157.7,237.3,62.01,-6.93,16.3
399,15.96,22,player,Borussia Mgladbach,0.527,1112.2,362.7,1145.3,430.5,60.99,13.07,10.0
399,15.96,46,player,Borussia Mgladbach,0.514,847.7,326.8,872.6,395.3,47.45,9.52,13.6
399,15.96,58,player,Borussia Mgladbach,0.447,734.2,324.7,760.8,397.0,41.75,9.69,14.9
399,15.96,60,player,Borussia Mgladbach,0.446,1050.6,281.5,1080.5,348.6,57.88,4.73,4.8
399,15.96,62,player,Borussia Mgladbach,0.376,642.4,268.1,674.6,322.7,37.07,2.06,12.2
399,15.96,0,ball,Ball,0.7,919.0,222.0,934.0,233.0,50.76,-7.97,0.0
400,16.0,24,player,Borussia Mgladbach,0.764,676.9,570.8,728.2,661.9,39.98,35.53,11.4
400,16.0,11,player,Borussia Mgladbach,0.753,1145.4,552.3,1179.1,653.7,62.35,34.76,3.4
400,16.0,55,player,Borussia Mgladbach,0.745,650.2,440.8,679.5,521.1,37.85,22.05,5.7
400,16.0,57,player,Borussia Mgladbach,0.743,1357.7,894.4,1409.3,1017.1,72.07,67.19,8.9
400,16.0,27,player,Borussia Mgladbach,0.724,1510.0,359.1,1537.2,430.6,80.87,13.07,7.8
400,16.0,4,player,Borussia Mgladbach,0.718,192.9,1001.5,236.3,1080.0,18.35,72.47,0.0
400,16.0,39,player,Borussia Mgladbach,0.704,335.9,349.6,367.3,414.4,21.8,11.44,20.6
400,16.0,48,player,Borussia Mgladbach,0.696,1724.2,637.0,1767.1,726.0,90.35,41.49,7.5
400,16.0,13,player,Borussia Mgladbach,0.647,756.5,1033.6,808.4,1080.0,44.37,72.47,1.3
400,16.0,59,player,Borussia Mgladbach,0.619,1452.8,316.2,1481.1,387.8,78.18,8.75,29.0
400,16.0,19,player,Borussia Mgladbach,0.585,1551.5,396.6,1588.2,470.6,83.01,17.08,2.7
400,16.0,50,player,VfL Wolfsburg,0.563,1701.4,556.5,1732.3,644.5,89.4,33.89,12.7
400,16.0,64,player,Borussia Mgladbach,0.561,1129.1,186.4,1158.0,239.0,62.02,-6.74,17.0
400,16.0,22,player,Borussia Mgladbach,0.551,1111.1,364.7,1144.3,431.6,60.94,13.18,11.1
400,16.0,46,player,Borussia Mgladbach,0.531,848.5,328.9,873.3,392.1,47.48,9.19,29.9
400,16.0,60,player,Borussia Mgladbach,0.446,1051.4,281.3,1079.9,349.4,57.88,4.82,7.9
400,16.0,58,player,Borussia Mgladbach,0.425,737.7,323.3,765.7,394.7,41.96,9.45,28.2
400,16.0,62,player,Borussia Mgladbach,0.423,641.8,270.3,675.1,326.0,37.08,2.41,31.1
400,16.0,63,player,Borussia Mgladbach,0.301,1190.0,211.4,1220.9,264.1,65.17,-4.08,15.9
400,16.0,0,ball,Ball,0.7,926.0,210.0,937.0,218.0,51.02,-9.42,0.0
401,16.04,24,player,Borussia Mgladbach,0.778,677.9,571.3,731.8,662.8,40.1,35.61,12.5
401,16.04,55,player,Borussia Mgladbach,0.767,650.8,440.4,680.2,520.6,37.88,22.0,4.7
401,16.04,11,player,Borussia Mgladbach,0.762,1145.3,548.0,1179.2,653.9,62.35,34.77,0.9
401,16.04,57,player,Borussia Mgladbach,0.74,1359.6,894.1,1409.3,1017.7,72.12,67.24,5.8
401,16.04,27,player,Borussia Mgladbach,0.738,1505.8,361.2,1536.5,432.9,80.73,13.31,24.2
401,16.04,4,player,Borussia Mgladbach,0.733,192.7,1001.6,236.6,1080.0,18.35,72.47,0.3
401,16.04,48,player,Borussia Mgladbach,0.71,1724.4,637.3,1769.2,726.2,90.4,41.5,4.9
401,16.04,59,player,Borussia Mgladbach,0.654,1453.3,315.4,1480.2,388.1,78.17,8.78,2.6
401,16.04,13,player,Borussia Mgladbach,0.653,756.5,1033.4,808.3,1080.0,44.36,72.47,0.3
401,16.04,22,player,Borussia Mgladbach,0.639,1110.0,362.4,1139.6,428.8,60.8,12.9,28.1
401,16.04,39,player,Borussia Mgladbach,0.635,338.2,347.3,369.7,414.9,21.92,11.49,11.7
401,16.04,19,player,Borussia Mgladbach,0.585,1553.1,397.7,1589.1,470.6,83.07,17.07,5.6
401,16.04,50,player,VfL Wolfsburg,0.581,1700.7,555.2,1732.6,644.0,89.39,33.84,4.4
401,16.04,46,player,Borussia Mgladbach,0.527,849.2,326.7,874.7,394.4,47.54,9.42,21.5
401,16.04,64,player,Borussia Mgladbach,0.523,1128.8,186.9,1157.0,240.6,61.98,-6.58,15.3
401,16.04,60,player,Borussia Mgladbach,0.507,1054.6,281.9,1079.2,349.1,57.95,4.79,6.5
401,16.04,58,player,Borussia Mgladbach,0.447,741.0,323.4,769.4,395.1,42.14,9.5,16.5
401,16.04,62,player,Borussia Mgladbach,0.407,641.8,270.0,673.3,327.6,37.04,2.57,15.0
401,16.04,0,ball,Ball,0.7,928.0,211.0,940.0,220.0,51.15,-9.26,0.0
402,16.08,24,player,Borussia Mgladbach,0.772,684.0,568.8,733.5,663.6,40.29,35.69,18.8
402,16.08,11,player,Borussia Mgladbach,0.756,1146.5,555.2,1179.0,654.6,62.37,34.84,6.3
402,16.08,4,player,Borussia Mgladbach,0.748,192.5,1001.8,237.2,1080.0,18.36,72.47,0.7
402,16.08,27,player,Borussia Mgladbach,0.742,1504.3,361.9,1536.1,433.1,80.69,13.33,4.6
402,16.08,57,player,Borussia Mgladbach,0.741,1360.0,894.8,1410.8,1018.5,72.16,67.31,7.2
402,16.08,55,player,Borussia Mgladbach,0.729,652.3,440.9,680.2,519.1,37.91,21.86,13.7
402,16.08,22,player,Borussia Mgladbach,0.666,1109.9,362.0,1140.1,429.3,60.81,12.95,4.9
402,16.08,59,player,Borussia Mgladbach,0.665,1452.6,315.2,1480.4,388.5,78.16,8.82,4.1
402,16.08,48,player,Borussia Mgladbach,0.643,1726.8,638.2,1770.9,726.6,90.5,41.54,9.5
402,16.08,13,player,Borussia Mgladbach,0.636,756.2,1035.3,808.0,1080.0,44.35,72.47,1.1
402,16.08,19,player,Borussia Mgladbach,0.599,1552.0,399.5,1589.9,472.1,83.06,17.22,13.3
402,16.08,50,player,VfL Wolfsburg,0.595,1705.3,556.7,1735.5,642.9,89.58,33.74,19.5
402,16.08,39,player,Borussia Mgladbach,0.576,338.7,347.9,370.0,416.2,21.95,11.63,12.2
402,16.08,60,player,Borussia Mgladbach,0.512,1058.1,282.1,1079.3,350.3,58.04,4.91,13.6
402,16.08,41,player,Borussia Mgladbach,0.482,421.2,235.8,452.2,289.4,25.59,-1.41,0.0
402,16.08,46,player,Borussia Mgladbach,0.468,850.1,327.6,876.1,393.1,47.6,9.29,12.7
402,16.08,62,player,Borussia Mgladbach,0.458,642.9,269.6,671.9,324.8,37.02,2.27,26.4
402,16.08,58,player,Borussia Mgladbach,0.443,744.6,325.7,773.4,395.5,42.33,9.53,17.7
402,16.08,64,player,Borussia Mgladbach,0.428,1128.4,187.4,1155.2,241.4,61.92,-6.49,9.7
402,16.08,0,ball,Ball,0.7,1713.0,622.0,1722.0,633.0,89.52,32.29,0.0
403,16.12,24,player,Borussia Mgladbach,0.793,686.3,569.1,725.0,662.1,40.13,35.55,18.8
403,16.12,11,player,Borussia Mgladbach,0.744,1146.3,556.5,1178.8,655.8,62.36,34.96,10.9
403,16.12,4,player,Borussia Mgladbach,0.738,191.4,1002.7,237.2,1080.0,18.33,72.47,2.2
403,16.12,57,player,Borussia Mgladbach,0.732,1361.3,896.9,1411.5,1021.3,72.2,67.55,21.9
403,16.12,55,player,Borussia Mgladbach,0.723,652.4,441.1,681.0,519.4,37.93,21.88,3.1
403,16.12,27,player,Borussia Mgladbach,0.668,1502.1,362.3,1534.2,434.5,80.57,13.48,16.6
403,16.12,48,player,Borussia Mgladbach,0.661,1725.8,644.3,1771.9,729.6,90.48,41.81,24.3
403,16.12,22,player,Borussia Mgladbach,0.635,1107.9,364.4,1136.4,429.5,60.66,12.97,13.3
403,16.12,19,player,Borussia Mgladbach,0.617,1552.8,398.8,1591.0,472.5,83.1,17.26,5.7
403,16.12,13,player,Borussia Mgladbach,0.611,755.5,1037.6,807.6,1080.0,44.32,72.47,2.3
403,16.12,50,player,VfL Wolfsburg,0.606,1706.1,558.9,1736.9,644.6,89.62,33.9,15.0
403,16.12,60,player,Borussia Mgladbach,0.53,1057.5,282.8,1080.3,348.8,58.05,4.76,13.2
403,16.12,46,player,Borussia Mgladbach,0.518,851.2,327.7,878.1,392.5,47.67,9.23,8.9
403,16.12,59,player,Borussia Mgladbach,0.515,1453.0,317.2,1479.5,387.6,78.15,8.73,8.0
403,16.12,62,player,Borussia Mgladbach,0.498,645.7,269.1,671.8,327.9,37.1,2.6,29.8
403,16.12,58,player,Borussia Mgladbach,0.463,747.5,329.4,775.2,396.0,42.45,9.58,11.8
403,16.12,64,player,Borussia Mgladbach,0.459,1128.8,186.1,1154.8,241.2,61.92,-6.51,2.3
403,16.12,39,player,Borussia Mgladbach,0.378,343.0,350.3,370.3,417.8,22.07,11.79,18.7
403,16.12,41,player,Borussia Mgladbach,0.367,422.7,237.1,452.1,289.8,25.62,-1.37,4.9
403,16.12,0,ball,Ball,0.7,373.0,224.0,382.0,236.0,22.26,-7.71,0.0
404,16.16,24,player,Borussia Mgladbach,0.766,689.1,568.4,733.9,661.7,40.42,35.51,25.8
404,16.16,4,player,Borussia Mgladbach,0.746,191.5,1005.0,236.6,1080.0,18.32,72.47,1.1
404,16.16,11,player,Borussia Mgladbach,0.745,1146.3,554.8,1178.7,655.9,62.36,34.97,0.5
404,16.16,55,player,Borussia Mgladbach,0.724,652.6,440.8,680.2,519.9,37.92,21.94,5.0
404,16.16,57,player,Borussia Mgladbach,0.705,1361.6,898.2,1411.7,1022.6,72.2,67.65,9.5
404,16.16,22,player,Borussia Mgladbach,0.685,1105.1,363.4,1134.4,431.0,60.54,13.12,17.5
404,16.16,48,player,Borussia Mgladbach,0.666,1726.7,646.3,1774.9,729.7,90.57,41.83,8.5
404,16.16,27,player,Borussia Mgladbach,0.644,1500.6,365.0,1532.7,434.7,80.5,13.49,7.0
404,16.16,19,player,Borussia Mgladbach,0.638,1552.7,399.5,1590.2,474.5,83.07,17.46,17.8
404,16.16,13,player,Borussia Mgladbach,0.598,755.3,1039.5,807.3,1080.0,44.31,72.47,1.2
404,16.16,50,player,VfL Wolfsburg,0.578,1706.7,557.7,1738.7,647.5,89.67,34.18,25.7
404,16.16,59,player,Borussia Mgladbach,0.536,1451.1,320.7,1479.3,389.5,78.09,8.93,18.4
404,16.16,46,player,Borussia Mgladbach,0.532,851.7,326.7,879.0,393.1,47.71,9.29,6.3
404,16.16,60,player,Borussia Mgladbach,0.524,1057.1,282.1,1081.3,350.7,58.06,4.95,16.9
404,16.16,58,player,Borussia Mgladbach,0.495,750.1,333.0,778.4,397.4,42.6,9.72,18.4
404,16.16,62,player,Borussia Mgladbach,0.477,648.4,274.2,671.3,326.8,37.15,2.48,11.3
404,16.16,64,player,Borussia Mgladbach,0.473,1127.2,187.7,1153.6,243.4,61.85,-6.27,22.5
404,16.16,41,player,Borussia Mgladbach,0.388,425.1,235.6,454.6,290.9,25.75,-1.26,15.5
404,16.16,39,player,Borussia Mgladbach,0.377,344.8,351.0,369.7,420.4,22.12,12.05,23.3
404,16.16,0,ball,Ball,0.7,375.0,225.0,384.0,237.0,22.37,-7.6,0.0
405,16.2,24,player,Borussia Mgladbach,0.765,692.7,567.6,728.8,660.9,40.38,35.44,7.5
405,16.2,4,player,Borussia Mgladbach,0.741,191.5,1005.8,236.0,1080.0,18.31,72.47,1.3
405,16.2,48,player,Borussia Mgladbach,0.715,1729.2,645.1,1776.2,729.4,90.67,41.8,8.7
405,16.2,11,player,Borussia Mgladbach,0.715,1145.9,554.0,1178.0,652.0,62.33,34.6,32.8
405,16.2,57,player,Borussia Mgladbach,0.705,1362.3,896.9,1414.3,1020.6,72.29,67.49,16.7
405,16.2,22,player,Borussia Mgladbach,0.663,1101.4,361.7,1131.8,430.5,60.38,13.07,14.7
405,16.2,55,player,Borussia Mgladbach,0.658,653.5,441.4,680.1,519.4,37.94,21.89,4.8
405,16.2,19,player,Borussia Mgladbach,0.639,1552.4,399.5,1590.3,475.0,83.06,17.51,4.5
405,16.2,13,player,Borussia Mgladbach,0.593,755.2,1039.0,807.5,1080.0,44.31,72.47,0.2
405,16.2,46,player,Borussia Mgladbach,0.549,853.8,326.6,881.0,391.9,47.81,9.17,14.2
405,16.2,60,player,Borussia Mgladbach,0.543,1057.3,282.1,1083.1,349.9,58.11,4.87,8.5
405,16.2,27,player,Borussia Mgladbach,0.533,1499.5,366.2,1530.0,433.8,80.41,13.4,11.8
405,16.2,59,player,Borussia Mgladbach,0.508,1451.5,321.7,1476.2,388.9,78.02,8.86,8.1
405,16.2,50,player,VfL Wolfsburg,0.498,1711.6,559.5,1739.2,645.5,89.81,33.99,21.8
405,16.2,64,player,Borussia Mgladbach,0.477,1128.0,189.7,1153.4,243.3,61.86,-6.29,2.2
405,16.2,62,player,Borussia Mgladbach,0.418,648.7,276.4,671.3,331.7,37.17,2.99,38.0
405,16.2,58,player,Borussia Mgladbach,0.416,752.6,333.8,781.7,395.8,42.74,9.56,19.4
405,16.2,41,player,Borussia Mgladbach,0.352,429.4,235.7,455.4,291.0,25.89,-1.25,11.8
405,16.2,39,player,Borussia Mgladbach,0.348,348.4,353.2,371.3,419.9,22.25,12.0,12.5
405,16.2,0,ball,Ball,0.7,377.0,225.0,385.0,237.0,22.45,-7.6,0.0
406,16.24,48,player,Borussia Mgladbach,0.777,1733.4,642.0,1778.1,727.5,90.83,41.62,21.7
406,16.24,4,player,Borussia Mgladbach,0.736,191.5,1005.5,235.5,1080.0,18.3,72.47,0.9
406,16.24,57,player,Borussia Mgladbach,0.711,1363.9,897.4,1415.6,1020.8,72.35,67.5,6.1
406,16.24,11,player,Borussia Mgladbach,0.709,1147.0,559.8,1176.4,650.4,62.33,34.45,13.5
406,16.24,24,player,Borussia Mgladbach,0.68,696.8,567.5,729.1,658.1,40.48,35.17,25.5
406,16.24,19,player,Borussia Mgladbach,0.669,1553.7,399.7,1591.2,472.7,83.13,17.28,21.3
406,16.24,22,player,Borussia Mgladbach,0.634,1100.9,361.1,1128.9,429.1,60.3,12.93,15.2
406,16.24,55,player,Borussia Mgladbach,0.611,654.5,440.1,680.5,518.7,37.97,21.82,6.9
406,16.24,13,player,Borussia Mgladbach,0.601,755.3,1038.5,807.6,1080.0,44.32,72.47,0.5
406,16.24,60,player,Borussia Mgladbach,0.587,1055.9,283.0,1084.0,350.2,58.1,4.9,3.2
406,16.24,46,player,Borussia Mgladbach,0.584,854.9,327.9,884.2,391.6,47.92,9.14,10.6
406,16.24,58,player,Borussia Mgladbach,0.507,756.5,329.3,785.8,395.9,42.94,9.58,18.2
406,16.24,27,player,Borussia Mgladbach,0.47,1499.5,366.4,1527.8,432.2,80.36,13.24,15.3
406,16.24,62,player,Borussia Mgladbach,0.465,649.9,276.3,672.4,336.6,37.24,3.49,38.0
406,16.24,41,player,Borussia Mgladbach,0.448,432.9,235.9,455.9,292.0,25.99,-1.15,13.5
406,16.24,59,player,Borussia Mgladbach,0.444,1451.4,321.3,1475.4,385.8,78.01,8.55,28.5
406,16.24,64,player,Borussia Mgladbach,0.388,1128.3,190.5,1153.8,241.7,61.88,-6.46,14.9
406,16.24,39,player,Borussia Mgladbach,0.355,349.9,353.9,374.6,420.1,22.37,12.02,10.9
406,16.24,0,ball,Ball,0.7,768.0,381.0,778.0,393.0,43.03,8.67,0.0
407,16.28,48,player,Borussia Mgladbach,0.826,1737.0,642.1,1780.4,726.7,90.97,41.55,14.7
407,16.28,11,player,Borussia Mgladbach,0.736,1146.2,554.0,1176.5,649.9,62.31,34.41,4.5
407,16.28,4,player,Borussia Mgladbach,0.735,191.6,1005.2,235.6,1080.0,18.3,72.47,0.2
407,16.28,24,player,Borussia Mgladbach,0.699,700.3,567.4,733.4,660.8,40.67,35.43,28.9
407,16.28,22,player,Borussia Mgladbach,0.676,1099.8,360.8,1129.9,428.4,60.3,12.86,6.3
407,16.28,46,player,Borussia Mgladbach,0.675,854.8,324.6,887.6,391.2,48.0,9.1,8.0
407,16.28,57,player,Borussia Mgladbach,0.67,1363.6,897.6,1416.1,1021.6,72.36,67.57,6.2
407,16.28,19,player,Borussia Mgladbach,0.646,1554.7,398.5,1592.3,473.0,83.18,17.32,5.6
407,16.28,60,player,Borussia Mgladbach,0.632,1055.4,284.6,1087.2,351.2,58.17,5.01,11.0
407,16.28,13,player,Borussia Mgladbach,0.612,755.5,1038.6,807.5,1080.0,44.32,72.47,0.1
407,16.28,58,player,Borussia Mgladbach,0.569,759.4,327.2,786.9,395.1,43.04,9.49,11.7
407,16.28,55,player,Borussia Mgladbach,0.514,655.7,440.0,681.6,519.1,38.03,21.85,6.4
407,16.28,39,player,Borussia Mgladbach,0.49,351.4,353.1,375.2,421.3,22.43,12.14,12.4
407,16.28,27,player,Borussia Mgladbach,0.445,1497.1,364.7,1524.3,433.7,80.2,13.39,19.6
407,16.28,62,player,Borussia Mgladbach,0.422,649.7,275.9,673.4,339.7,37.27,3.82,29.0
407,16.28,50,player,VfL Wolfsburg,0.409,1715.4,556.5,1743.6,644.6,90.01,33.9,9.9
407,16.28,41,player,Borussia Mgladbach,0.407,437.5,235.1,457.7,290.7,26.15,-1.28,18.3
407,16.28,59,player,Borussia Mgladbach,0.391,1451.2,321.3,1475.1,387.4,77.99,8.71,14.4
407,16.28,64,player,Borussia Mgladbach,0.371,1127.9,188.5,1154.8,241.8,61.9,-6.45,1.6
407,16.28,0,ball,Ball,0.7,939.0,228.0,948.0,238.0,51.64,-7.39,0.0
408,16.32,48,player,Borussia Mgladbach,0.844,1741.7,641.5,1782.4,726.2,91.14,41.5,15.3
408,16.32,24,player,Borussia Mgladbach,0.759,702.6,566.1,739.9,661.8,40.89,35.52,20.9
408,16.32,4,player,Borussia Mgladbach,0.725,191.7,1004.9,235.8,1080.0,18.31,72.47,0.8
408,16.32,11,player,Borussia Mgladbach,0.723,1146.1,553.0,1176.7,650.1,62.31,34.42,1.3
408,16.32,46,player,Borussia Mgladbach,0.72,855.1,325.1,889.3,392.3,48.06,9.21,10.9
408,16.32,57,player,Borussia Mgladbach,0.716,1364.6,897.6,1417.4,1021.5,72.41,67.56,4.9
408,16.32,60,player,Borussia Mgladbach,0.682,1056.2,286.1,1088.4,353.0,58.22,5.19,17.1
408,16.32,22,player,Borussia Mgladbach,0.664,1099.1,361.3,1127.4,427.8,60.22,12.8,8.7
408,16.32,19,player,Borussia Mgladbach,0.648,1553.5,398.6,1592.7,473.1,83.16,17.32,1.7
408,16.32,58,player,Borussia Mgladbach,0.61,760.8,326.1,787.7,394.8,43.1,9.46,5.8
408,16.32,13,player,Borussia Mgladbach,0.597,755.0,1038.1,807.4,1080.0,44.31,72.47,1.1
408,16.32,39,player,Borussia Mgladbach,0.592,354.3,351.8,376.2,420.0,22.52,12.01,14.6
408,16.32,55,player,Borussia Mgladbach,0.58,655.9,439.2,682.6,518.3,38.06,21.77,7.5
408,16.32,27,player,Borussia Mgladbach,0.487,1496.9,364.2,1522.6,435.0,80.15,13.52,12.6
408,16.32,50,player,VfL Wolfsburg,0.468,1717.6,557.3,1745.7,644.6,90.12,33.9,9.4
408,16.32,59,player,Borussia Mgladbach,0.383,1449.2,321.8,1473.7,389.3,77.9,8.9,19.5
408,16.32,62,player,Borussia Mgladbach,0.374,649.9,275.9,673.9,340.8,37.29,3.93,10.3
408,16.32,64,player,Borussia Mgladbach,0.32,1127.8,189.4,1155.7,242.1,61.92,-6.41,3.6
408,16.32,0,ball,Ball,0.7,941.0,228.0,950.0,238.0,51.75,-7.39,0.0
409,16.36,48,player,Borussia Mgladbach,0.807,1743.4,640.2,1784.8,725.5,91.24,41.44,11.1
409,16.36,46,player,Borussia Mgladbach,0.742,858.6,325.8,892.4,391.7,48.22,9.15,15.9
409,16.36,4,player,Borussia Mgladbach,0.713,191.9,1005.0,235.9,1080.0,18.31,72.47,0.6
409,16.36,57,player,Borussia Mgladbach,0.711,1363.9,898.1,1417.8,1021.4,72.4,67.55,1.2
409,16.36,11,player,Borussia Mgladbach,0.705,1146.9,554.0,1176.5,649.6,62.33,34.38,4.2
409,16.36,24,player,Borussia Mgladbach,0.68,704.0,567.9,740.7,660.9,40.94,35.44,8.5
409,16.36,19,player,Borussia Mgladbach,0.668,1553.9,398.5,1592.9,472.8,83.18,17.29,2.5
409,16.36,22,player,Borussia Mgladbach,0.659,1098.5,361.8,1126.5,427.1,60.18,12.73,7.4
409,16.36,58,player,Borussia Mgladbach,0.658,763.6,326.0,793.7,394.7,43.32,9.45,20.2
409,16.36,60,player,Borussia Mgladbach,0.657,1054.6,287.5,1089.8,351.9,58.22,5.08,9.8
409,16.36,13,player,Borussia Mgladbach,0.613,755.0,1038.1,807.4,1080.0,44.31,72.47,0.2
409,16.36,27,player,Borussia Mgladbach,0.557,1496.1,363.3,1519.8,435.8,80.06,13.6,10.6
409,16.36,39,player,Borussia Mgladbach,0.556,355.7,351.5,376.9,414.6,22.54,11.47,38.0
409,16.36,55,player,Borussia Mgladbach,0.468,656.9,440.1,683.2,519.5,38.1,21.89,11.6
409,16.36,62,player,Borussia Mgladbach,0.455,651.0,275.5,675.0,342.2,37.35,4.08,14.5
409,16.36,50,player,VfL Wolfsburg,0.385,1719.4,559.7,1746.3,644.1,90.18,33.85,7.1
409,16.36,59,player,Borussia Mgladbach,0.379,1446.3,322.5,1471.6,390.0,77.77,8.98,13.6
409,16.36,0,ball,Ball,0.7,944.0,228.0,953.0,239.0,51.9,-7.33,0.0
410,16.4,48,player,Borussia Mgladbach,0.774,1746.3,639.3,1787.0,726.4,91.36,41.52,12.6
410,16.4,11,player,Borussia Mgladbach,0.746,1146.2,547.1,1176.1,647.7,62.3,34.2,16.5
410,16.4,46,player,Borussia Mgladbach,0.719,860.1,325.8,894.9,391.1,48.32,9.09,10.5
410,16.4,57,player,Borussia Mgladbach,0.718,1363.8,896.8,1418.5,1021.2,72.42,67.54,1.8
410,16.4,4,player,Borussia Mgladbach,0.716,191.6,1002.4,236.2,1080.0,18.31,72.47,0.1
410,16.4,58,player,Borussia Mgladbach,0.692,764.0,325.5,798.9,394.9,43.46,9.47,12.8
410,16.4,24,player,Borussia Mgladbach,0.662,705.8,567.5,740.4,659.9,40.98,35.34,9.2
410,16.4,27,player,Borussia Mgladbach,0.662,1493.4,362.5,1517.7,436.0,79.94,13.62,11.2
410,16.4,39,player,Borussia Mgladbach,0.652,358.2,351.2,381.8,416.7,22.74,11.68,26.2
410,16.4,13,player,Borussia Mgladbach,0.633,755.2,1035.8,807.4,1080.0,44.31,72.47,0.4
410,16.4,19,player,Borussia Mgladbach,0.624,1554.9,398.6,1593.6,472.8,83.22,17.3,3.7
410,16.4,22,player,Borussia Mgladbach,0.61,1096.8,362.3,1124.3,427.3,60.08,12.75,9.1
410,16.4,60,player,Borussia Mgladbach,0.6,1052.4,287.8,1093.1,353.9,58.24,5.28,18.4
410,16.4,50,player,VfL Wolfsburg,0.567,1719.0,557.1,1749.6,643.8,90.25,33.83,6.7
410,16.4,55,player,Borussia Mgladbach,0.5,656.9,436.7,685.8,520.4,38.17,21.98,9.6
410,16.4,41,player,Borussia Mgladbach,0.494,441.0,233.2,464.4,291.6,26.42,-1.19,8.4
410,16.4,62,player,Borussia Mgladbach,0.475,651.2,276.3,677.2,341.5,37.41,4.0,8.6
410,16.4,59,player,Borussia Mgladbach,0.377,1446.4,322.1,1471.4,389.2,77.77,8.9,7.5
410,16.4,0,ball,Ball,0.7,947.0,229.0,955.0,239.0,52.03,-7.28,0.0
411,16.44,24,player,Borussia Mgladbach,0.764,706.3,569.0,747.0,660.3,41.15,35.38,15.9
411,16.44,48,player,Borussia Mgladbach,0.746,1748.7,639.0,1789.5,725.2,91.48,41.42,14.7
411,16.44,11,player,Borussia Mgladbach,0.739,1144.6,541.8,1176.0,646.9,62.26,34.12,7.9
411,16.44,39,player,Borussia Mgladbach,0.731,358.8,352.2,382.0,420.0,22.78,12.01,30.2
411,16.44,4,player,Borussia Mgladbach,0.713,191.7,1002.1,235.6,1080.0,18.3,72.47,1.1
411,16.44,57,player,Borussia Mgladbach,0.709,1363.8,896.9,1419.0,1021.9,72.43,67.6,5.4
411,16.44,27,player,Borussia Mgladbach,0.674,1491.5,361.7,1514.5,436.3,79.81,13.65,11.9
411,16.44,58,player,Borussia Mgladbach,0.655,767.2,324.2,803.6,395.5,43.67,9.53,19.0
411,16.44,46,player,Borussia Mgladbach,0.649,864.8,323.4,895.8,391.5,48.46,9.13,13.4
411,16.44,13,player,Borussia Mgladbach,0.64,755.5,1036.1,807.4,1080.0,44.32,72.47,0.6
411,16.44,19,player,Borussia Mgladbach,0.623,1556.3,398.8,1593.3,471.8,83.25,17.2,9.5
411,16.44,22,player,Borussia Mgladbach,0.595,1095.9,361.2,1124.0,425.8,60.05,12.6,13.8
411,16.44,55,player,Borussia Mgladbach,0.586,656.8,435.9,687.5,521.5,38.21,22.09,10.5
411,16.44,50,player,VfL Wolfsburg,0.583,1720.5,558.8,1750.8,644.1,90.32,33.86,6.6
411,16.44,62,player,Borussia Mgladbach,0.525,651.3,278.0,676.9,342.4,37.41,4.09,8.4
411,16.44,60,player,Borussia Mgladbach,0.487,1053.2,287.1,1094.1,352.9,58.29,5.18,10.3
411,16.44,41,player,Borussia Mgladbach,0.417,442.6,233.9,466.1,290.1,26.49,-1.34,15.5
411,16.44,59,player,Borussia Mgladbach,0.402,1445.9,321.0,1470.4,389.9,77.73,8.96,6.9
411,16.44,0,ball,Ball,0.7,949.0,229.0,958.0,239.0,52.16,-7.28,0.0
412,16.48,24,player,Borussia Mgladbach,0.808,706.4,568.1,754.7,661.2,41.34,35.46,18.8
412,16.48,39,player,Borussia Mgladbach,0.756,360.0,352.7,382.7,421.9,22.83,12.2,17.8
412,16.48,11,player,Borussia Mgladbach,0.746,1144.0,543.0,1175.7,646.8,62.24,34.11,1.9
412,16.48,27,player,Borussia Mgladbach,0.738,1488.8,361.3,1513.0,436.7,79.7,13.69,10.7
412,16.48,48,player,Borussia Mgladbach,0.731,1751.1,637.6,1792.4,725.0,91.61,41.39,11.9
412,16.48,4,player,Borussia Mgladbach,0.711,191.5,1002.2,234.6,1080.0,18.27,72.47,2.6
412,16.48,57,player,Borussia Mgladbach,0.706,1363.9,896.9,1419.5,1022.0,72.44,67.61,1.5
412,16.48,19,player,Borussia Mgladbach,0.64,1557.9,399.1,1592.8,471.8,83.28,17.19,2.5
412,16.48,13,player,Borussia Mgladbach,0.63,755.4,1036.5,807.3,1080.0,44.31,72.47,0.3
412,16.48,58,player,Borussia Mgladbach,0.624,768.7,327.2,806.9,396.4,43.79,9.63,13.7
412,16.48,55,player,Borussia Mgladbach,0.61,656.9,436.1,687.9,517.8,38.21,21.73,32.1
412,16.48,50,player,VfL Wolfsburg,0.604,1720.8,558.9,1751.4,642.9,90.34,33.74,10.7
412,16.48,22,player,Borussia Mgladbach,0.596,1096.1,361.8,1123.4,425.0,60.04,12.52,7.4
412,16.48,46,player,Borussia Mgladbach,0.592,869.0,321.6,898.4,390.3,48.64,9.0,19.2
412,16.48,62,player,Borussia Mgladbach,0.562,651.2,278.5,677.1,342.0,37.41,4.05,3.8
412,16.48,59,player,Borussia Mgladbach,0.429,1445.8,321.8,1470.4,389.6,77.73,8.94,2.1
412,16.48,60,player,Borussia Mgladbach,0.417,1052.2,287.6,1087.0,352.0,58.08,5.09,19.9
412,16.48,41,player,Borussia Mgladbach,0.357,442.1,236.8,468.2,290.6,26.54,-1.29,6.3
412,16.48,0,ball,Ball,0.7,951.0,231.0,960.0,241.0,52.27,-7.07,0.0
413,16.52,24,player,Borussia Mgladbach,0.774,707.1,570.4,757.9,662.5,41.44,35.59,14.5
413,16.52,39,player,Borussia Mgladbach,0.77,361.0,352.3,384.7,422.2,22.91,12.23,7.2
413,16.52,11,player,Borussia Mgladbach,0.726,1142.8,544.9,1175.3,646.0,62.2,34.04,7.7
413,16.52,48,player,Borussia Mgladbach,0.721,1754.5,638.6,1794.0,726.2,91.72,41.5,14.4
413,16.52,4,player,Borussia Mgladbach,0.712,191.4,1004.9,235.0,1080.0,18.28,72.47,0.5
413,16.52,57,player,Borussia Mgladbach,0.707,1364.4,896.9,1419.4,1021.4,72.45,67.56,4.8
413,16.52,27,player,Borussia Mgladbach,0.705,1488.0,362.9,1512.6,436.9,79.67,13.71,2.9
413,16.52,55,player,Borussia Mgladbach,0.696,658.1,435.7,688.3,518.2,38.25,21.76,4.8
413,16.52,50,player,VfL Wolfsburg,0.657,1718.8,557.5,1753.5,643.9,90.34,33.83,8.0
413,16.52,19,player,Borussia Mgladbach,0.653,1558.8,399.0,1592.9,472.1,83.3,17.22,3.3
413,16.52,22,player,Borussia Mgladbach,0.606,1095.6,362.0,1122.3,425.2,60.0,12.54,4.0
413,16.52,13,player,Borussia Mgladbach,0.603,755.4,1036.3,807.4,1080.0,44.32,72.47,0.3
413,16.52,46,player,Borussia Mgladbach,0.595,871.3,321.9,899.3,390.2,48.72,9.0,7.4
413,16.52,62,player,Borussia Mgladbach,0.582,650.5,280.4,677.2,343.3,37.4,4.19,12.2
413,16.52,58,player,Borussia Mgladbach,0.537,771.6,328.2,808.7,395.5,43.9,9.53,13.6
413,16.52,60,player,Borussia Mgladbach,0.502,1050.7,288.0,1078.2,351.9,57.82,5.07,23.8
413,16.52,59,player,Borussia Mgladbach,0.482,1443.7,321.4,1470.8,391.8,77.68,9.15,20.0
413,16.52,41,player,Borussia Mgladbach,0.324,444.4,238.2,472.3,293.0,26.71,-1.04,27.0
413,16.52,0,ball,Ball,0.7,952.0,232.0,964.0,243.0,52.4,-6.91,0.0
414,16.56,39,player,Borussia Mgladbach,0.773,361.7,352.8,385.4,423.2,22.95,12.33,10.1
414,16.56,24,player,Borussia Mgladbach,0.76,707.2,570.0,757.1,662.6,41.42,35.59,1.6
414,16.56,27,player,Borussia Mgladbach,0.743,1486.3,363.7,1511.3,436.8,79.59,13.7,6.9
414,16.56,57,player,Borussia Mgladbach,0.74,1364.8,897.5,1418.9,1021.2,72.45,67.54,1.6
414,16.56,48,player,Borussia Mgladbach,0.73,1756.5,638.0,1795.6,726.7,91.81,41.55,8.4
414,16.56,11,player,Borussia Mgladbach,0.712,1141.8,545.1,1173.6,643.7,62.14,33.82,20.1
414,16.56,55,player,Borussia Mgladbach,0.702,658.8,433.6,688.5,513.5,38.27,21.3,38.0
414,16.56,4,player,Borussia Mgladbach,0.698,191.1,1003.8,235.3,1080.0,18.28,72.47,0.2
414,16.56,19,player,Borussia Mgladbach,0.664,1558.4,398.8,1592.6,471.9,83.29,17.2,2.3
414,16.56,46,player,Borussia Mgladbach,0.663,874.1,321.4,899.8,389.7,48.8,8.95,8.5
414,16.56,22,player,Borussia Mgladbach,0.646,1094.6,361.7,1120.9,426.1,59.94,12.63,10.0
414,16.56,62,player,Borussia Mgladbach,0.623,649.0,280.1,677.3,345.1,37.36,4.38,17.7
414,16.56,13,player,Borussia Mgladbach,0.601,755.4,1036.3,807.3,1080.0,44.31,72.47,0.2
414,16.56,50,player,VfL Wolfsburg,0.59,1718.1,558.2,1754.6,644.4,90.35,33.88,4.4
414,16.56,60,player,Borussia Mgladbach,0.551,1049.2,288.0,1075.9,353.3,57.72,5.22,15.6
414,16.56,58,player,Borussia Mgladbach,0.505,772.0,333.7,812.9,395.1,44.02,9.49,11.0
414,16.56,65,player,Borussia Mgladbach,0.502,1082.3,288.7,1102.3,349.1,59.24,4.79,0.0
414,16.56,59,player,Borussia Mgladbach,0.458,1443.4,322.0,1471.2,391.5,77.68,9.13,2.2
414,16.56,0,ball,Ball,0.7,954.0,232.0,967.0,243.0,52.53,-6.91,0.0
415,16.6,48,player,Borussia Mgladbach,0.777,1758.0,636.5,1797.3,726.8,91.88,41.56,7.0
415,16.6,24,player,Borussia Mgladbach,0.749,706.2,569.2,756.6,662.9,41.39,35.63,4.5
415,16.6,57,player,Borussia Mgladbach,0.734,1364.3,896.9,1418.6,1021.4,72.43,67.56,2.4
415,16.6,55,player,Borussia Mgladbach,0.724,659.7,430.5,690.8,512.9,38.34,21.25,8.5
415,16.6,11,player,Borussia Mgladbach,0.72,1141.5,543.1,1172.4,645.0,62.1,33.94,11.0
415,16.6,4,player,Borussia Mgladbach,0.701,190.6,1003.6,234.6,1080.0,18.26,72.47,2.5
415,16.6,39,player,Borussia Mgladbach,0.695,362.9,353.4,387.8,422.7,23.04,12.29,8.8
415,16.6,27,player,Borussia Mgladbach,0.686,1483.8,365.9,1510.4,438.9,79.5,13.91,20.7
415,16.6,46,player,Borussia Mgladbach,0.684,876.1,320.4,901.4,388.3,48.89,8.8,15.5
415,16.6,22,player,Borussia Mgladbach,0.664,1094.6,360.9,1120.8,425.1,59.94,12.53,9.1
415,16.6,19,player,Borussia Mgladbach,0.659,1557.2,398.4,1591.7,470.9,83.24,17.1,9.9
415,16.6,13,player,Borussia Mgladbach,0.603,755.1,1037.6,807.3,1080.0,44.31,72.47,0.6
415,16.6,50,player,VfL Wolfsburg,0.58,1718.8,559.5,1756.6,644.3,90.41,33.88,5.8
415,16.6,60,player,Borussia Mgladbach,0.551,1048.2,289.1,1074.8,353.9,57.67,5.28,7.3
415,16.6,62,player,Borussia Mgladbach,0.527,648.4,281.6,677.1,344.2,37.34,4.28,9.0
415,16.6,66,player,Borussia Mgladbach,0.491,1192.1,226.4,1218.6,275.3,65.14,-2.9,0.0
415,16.6,65,player,Borussia Mgladbach,0.482,1083.2,289.3,1103.0,345.3,59.29,4.4,35.5
415,16.6,58,player,Borussia Mgladbach,0.481,773.4,337.2,813.2,395.3,44.07,9.52,4.4
415,16.6,59,player,Borussia Mgladbach,0.459,1442.7,320.0,1471.4,390.9,77.67,9.07,5.6
415,16.6,41,player,Borussia Mgladbach,0.325,443.6,235.2,474.9,292.2,26.76,-1.13,4.3
415,16.6,0,ball,Ball,0.7,957.0,230.0,970.0,242.0,52.68,-7.07,0.0
416,16.64,48,player,Borussia Mgladbach,0.782,1759.4,636.1,1799.9,727.9,91.97,41.66,12.5
416,16.64,24,player,Borussia Mgladbach,0.756,706.5,570.3,757.3,662.7,41.41,35.61,2.8
416,16.64,57,player,Borussia Mgladbach,0.721,1364.1,896.3,1418.7,1021.5,72.43,67.57,0.7
416,16.64,55,player,Borussia Mgladbach,0.72,661.1,430.4,692.3,509.8,38.41,20.94,28.0
416,16.64,39,player,Borussia Mgladbach,0.718,363.6,353.4,387.1,421.4,23.03,12.16,12.0
416,16.64,4,player,Borussia Mgladbach,0.694,190.3,1003.2,234.9,1080.0,18.25,72.47,0.3
416,16.64,11,player,Borussia Mgladbach,0.691,1140.0,541.8,1171.3,642.2,62.04,33.68,23.9
416,16.64,19,player,Borussia Mgladbach,0.657,1557.5,397.8,1591.7,470.8,83.25,17.09,1.5
416,16.64,27,player,Borussia Mgladbach,0.641,1482.7,367.4,1507.1,439.0,79.39,13.92,9.9
416,16.64,46,player,Borussia Mgladbach,0.629,877.6,321.3,903.4,388.4,48.98,8.82,8.0
416,16.64,13,player,Borussia Mgladbach,0.6,755.2,1037.8,807.0,1080.0,44.3,72.47,0.4
416,16.64,22,player,Borussia Mgladbach,0.596,1094.0,361.5,1120.2,425.9,59.91,12.6,7.3
416,16.64,50,player,VfL Wolfsburg,0.562,1719.9,559.2,1758.4,643.5,90.49,33.8,9.5
416,16.64,60,player,Borussia Mgladbach,0.523,1048.9,290.1,1075.2,355.1,57.7,5.4,11.5
416,16.64,62,player,Borussia Mgladbach,0.491,648.4,283.0,676.9,345.1,37.34,4.38,8.4
416,16.64,58,player,Borussia Mgladbach,0.487,773.8,338.8,813.1,395.8,44.07,9.57,4.4
416,16.64,65,player,Borussia Mgladbach,0.457,1083.6,291.6,1104.3,345.1,59.33,4.38,4.4
416,16.64,66,player,Borussia Mgladbach,0.441,1192.4,226.9,1220.7,274.8,65.21,-2.95,7.8
416,16.64,59,player,Borussia Mgladbach,0.371,1443.3,320.1,1471.7,390.4,77.69,9.01,5.5
416,16.64,41,player,Borussia Mgladbach,0.31,444.8,233.9,475.2,291.9,26.79,-1.15,4.1
416,16.64,0,ball,Ball,0.7,959.0,229.0,973.0,241.0,52.81,-7.17,0.0
417,16.68,48,player,Borussia Mgladbach,0.806,1761.0,635.9,1801.4,727.2,92.05,41.59,9.4
417,16.68,24,player,Borussia Mgladbach,0.752,708.0,569.1,754.0,663.1,41.37,35.64,5.1
417,16.68,55,player,Borussia Mgladbach,0.726,662.8,427.5,693.8,510.9,38.49,21.05,12.0
417,16.68,57,player,Borussia Mgladbach,0.717,1364.1,896.8,1418.5,1021.7,72.42,67.58,1.1
417,16.68,39,player,Borussia Mgladbach,0.697,366.1,353.3,388.1,421.8,23.12,12.19,8.8
417,16.68,4,player,Borussia Mgladbach,0.696,189.1,1004.1,234.3,1080.0,18.21,72.47,3.6
417,16.68,11,player,Borussia Mgladbach,0.668,1139.9,542.7,1170.2,640.3,62.02,33.5,16.1
417,16.68,46,player,Borussia Mgladbach,0.665,878.7,321.8,904.6,389.4,49.04,8.92,10.4
417,16.68,19,player,Borussia Mgladbach,0.632,1555.7,397.5,1591.2,471.1,83.19,17.12,6.1
417,16.68,50,player,VfL Wolfsburg,0.629,1721.1,558.1,1759.4,644.6,90.54,33.9,9.9
417,16.68,13,player,Borussia Mgladbach,0.57,754.8,1038.7,806.6,1080.0,44.28,72.47,1.9
417,16.68,27,player,Borussia Mgladbach,0.499,1482.4,369.5,1505.7,438.8,79.35,13.9,4.4
417,16.68,22,player,Borussia Mgladbach,0.489,1093.2,362.5,1119.4,426.8,59.87,12.7,9.2
417,16.68,58,player,Borussia Mgladbach,0.475,772.6,333.2,812.5,396.6,44.03,9.64,8.0
417,16.68,62,player,Borussia Mgladbach,0.442,648.7,283.5,677.1,344.1,37.35,4.28,9.0
417,16.68,60,player,Borussia Mgladbach,0.44,1049.1,291.5,1073.1,355.1,57.65,5.41,4.3
417,16.68,65,player,Borussia Mgladbach,0.438,1085.1,290.8,1104.1,336.8,59.37,3.52,38.0
417,16.68,66,player,Borussia Mgladbach,0.392,1192.9,227.0,1221.5,274.8,65.24,-2.95,2.9
417,16.68,59,player,Borussia Mgladbach,0.35,1443.5,319.2,1471.2,390.3,77.69,9.01,0.9
417,16.68,41,player,Borussia Mgladbach,0.334,448.4,233.4,475.3,291.3,26.89,-1.22,10.5
417,16.68,0,ball,Ball,0.7,961.0,228.0,976.0,241.0,52.94,-7.23,0.0
418,16.72,48,player,Borussia Mgladbach,0.812,1762.4,633.2,1803.1,727.3,92.13,41.61,7.0
418,16.72,24,player,Borussia Mgladbach,0.753,710.8,570.3,753.0,663.3,41.41,35.66,4.2
418,16.72,4,player,Borussia Mgladbach,0.723,188.0,1005.0,234.8,1080.0,18.2,72.47,1.4
418,16.72,57,player,Borussia Mgladbach,0.722,1363.7,897.6,1417.8,1021.7,72.4,67.58,2.6
418,16.72,55,player,Borussia Mgladbach,0.698,663.5,428.6,695.7,508.7,38.55,20.83,19.8
418,16.72,39,player,Borussia Mgladbach,0.695,367.3,354.0,388.5,423.0,23.17,12.31,11.4
418,16.72,46,player,Borussia Mgladbach,0.684,879.3,323.5,907.8,388.8,49.13,8.85,10.4
418,16.72,11,player,Borussia Mgladbach,0.663,1139.4,544.6,1169.2,638.9,61.98,33.37,12.2
418,16.72,19,player,Borussia Mgladbach,0.659,1554.8,397.7,1591.4,471.8,83.17,17.19,6.3
418,16.72,50,player,VfL Wolfsburg,0.648,1728.0,559.2,1760.8,643.8,90.75,33.82,20.1
418,16.72,62,player,Borussia Mgladbach,0.596,646.6,282.0,675.9,348.6,37.27,4.74,38.0
418,16.72,13,player,Borussia Mgladbach,0.551,754.6,1038.7,805.6,1080.0,44.26,72.47,2.3
418,16.72,27,player,Borussia Mgladbach,0.523,1480.1,367.5,1503.9,437.8,79.25,13.8,12.6
418,16.72,22,player,Borussia Mgladbach,0.464,1091.7,364.4,1118.5,429.1,59.81,12.93,22.0
418,16.72,60,player,Borussia Mgladbach,0.457,1047.7,292.1,1073.9,355.1,57.63,5.41,1.3
418,16.72,41,player,Borussia Mgladbach,0.443,450.9,230.2,477.1,291.4,27.0,-1.21,9.8
418,16.72,65,player,Borussia Mgladbach,0.442,1086.5,290.7,1105.4,342.3,59.43,4.09,38.0
418,16.72,59,player,Borussia Mgladbach,0.422,1443.9,318.7,1471.9,389.7,77.72,8.94,6.4
418,16.72,58,player,Borussia Mgladbach,0.422,774.3,330.1,812.9,396.0,44.08,9.58,7.2
418,16.72,66,player,Borussia Mgladbach,0.383,1194.1,227.7,1223.8,274.3,65.33,-3.0,9.5
418,16.72,0,ball,Ball,0.7,969.0,216.0,978.0,224.0,53.2,-8.78,0.0
419,16.76,48,player,Borussia Mgladbach,0.84,1766.8,633.5,1804.4,727.9,92.26,41.66,13.0
419,16.76,24,player,Borussia Mgladbach,0.737,712.4,568.8,757.2,661.9,41.55,35.53,17.0
419,16.76,4,player,Borussia Mgladbach,0.725,187.8,1004.8,234.3,1080.0,18.18,72.47,1.4
419,16.76,57,player,Borussia Mgladbach,0.715,1363.1,897.1,1417.9,1022.1,72.39,67.61,2.8
419,16.76,55,player,Borussia Mgladbach,0.707,663.1,430.3,696.4,507.0,38.56,20.67,14.7
419,16.76,19,player,Borussia Mgladbach,0.702,1553.7,396.5,1590.9,471.1,83.13,17.12,7.4
419,16.76,39,player,Borussia Mgladbach,0.69,367.0,353.5,389.1,422.3,23.17,12.24,6.2
419,16.76,11,player,Borussia Mgladbach,0.634,1138.9,542.4,1167.8,637.8,61.94,33.26,10.9
419,16.76,50,player,VfL Wolfsburg,0.614,1733.2,557.3,1761.9,644.0,90.89,33.85,13.6
419,16.76,62,player,Borussia Mgladbach,0.579,644.1,281.7,675.0,349.2,37.19,4.8,9.4
419,16.76,13,player,Borussia Mgladbach,0.568,754.2,1038.4,805.6,1080.0,44.25,72.47,0.7
419,16.76,46,player,Borussia Mgladbach,0.532,880.4,325.0,913.7,387.0,49.31,8.67,22.7
419,16.76,41,player,Borussia Mgladbach,0.513,453.4,224.0,477.7,290.7,27.07,-1.28,9.6
419,16.76,58,player,Borussia Mgladbach,0.475,778.0,325.4,811.7,395.9,44.14,9.57,5.6
419,16.76,22,player,Borussia Mgladbach,0.464,1091.3,365.4,1118.3,427.5,59.79,12.76,15.2
419,16.76,65,player,Borussia Mgladbach,0.447,1088.2,291.7,1106.7,337.5,59.52,3.59,38.0
419,16.76,66,player,Borussia Mgladbach,0.429,1196.3,228.3,1223.7,274.7,65.39,-2.97,5.9
419,16.76,60,player,Borussia Mgladbach,0.426,1048.6,293.9,1072.6,353.0,57.63,5.19,19.3
419,16.76,59,player,Borussia Mgladbach,0.422,1443.0,318.8,1472.2,390.7,77.7,9.05,9.4
419,16.76,27,player,Borussia Mgladbach,0.398,1478.3,368.7,1502.2,438.5,79.16,13.87,10.0
419,16.76,0,ball,Ball,0.7,972.0,217.0,981.0,225.0,53.36,-8.67,0.0
420,16.8,48,player,Borussia Mgladbach,0.817,1767.5,632.0,1805.7,728.7,92.3,41.74,7.7
420,16.8,24,player,Borussia Mgladbach,0.783,714.1,568.8,764.1,661.3,41.76,35.47,19.6
420,16.8,19,player,Borussia Mgladbach,0.751,1553.1,397.1,1591.4,471.3,83.12,17.14,1.9
420,16.8,55,player,Borussia Mgladbach,0.734,662.1,433.5,705.3,510.7,38.76,21.03,37.4
420,16.8,57,player,Borussia Mgladbach,0.729,1362.7,897.6,1416.3,1022.7,72.34,67.67,6.7
420,16.8,39,player,Borussia Mgladbach,0.722,367.8,350.8,390.6,422.7,23.23,12.28,6.2
420,16.8,4,player,Borussia Mgladbach,0.713,186.9,1004.7,232.7,1080.0,18.13,72.47,5.0
420,16.8,46,player,Borussia Mgladbach,0.668,881.1,324.5,917.6,386.8,49.43,8.65,10.6
420,16.8,11,player,Borussia Mgladbach,0.625,1134.7,528.6,1167.0,636.6,61.82,33.15,14.4
420,16.8,50,player,VfL Wolfsburg,0.603,1734.0,557.2,1761.6,641.9,90.92,33.65,18.1
420,16.8,13,player,Borussia Mgladbach,0.566,753.6,1039.4,805.5,1080.0,44.23,72.47,1.4
420,16.8,62,player,Borussia Mgladbach,0.565,643.1,281.8,675.2,348.4,37.17,4.72,7.7
420,16.8,41,player,Borussia Mgladbach,0.563,455.2,231.7,478.2,290.1,27.13,-1.34,7.8
420,16.8,58,player,Borussia Mgladbach,0.511,779.3,321.8,812.2,395.6,44.19,9.54,5.1
420,16.8,22,player,Borussia Mgladbach,0.468,1090.6,365.5,1118.3,428.7,59.77,12.89,11.2
420,16.8,65,player,Borussia Mgladbach,0.437,1089.2,290.4,1107.8,342.4,59.57,4.1,38.0
420,16.8,59,player,Borussia Mgladbach,0.365,1440.9,321.7,1473.4,392.5,77.67,9.23,16.8
420,16.8,66,player,Borussia Mgladbach,0.342,1200.5,228.0,1223.1,272.4,65.49,-3.2,23.0
420,16.8,0,ball,Ball,0.7,974.0,218.0,984.0,226.0,53.49,-8.56,0.0
421,16.84,48,player,Borussia Mgladbach,0.834,1768.5,632.5,1806.5,727.5,92.36,41.63,11.0
421,16.84,19,player,Borussia Mgladbach,0.747,1551.3,397.3,1589.9,472.6,83.04,17.27,14.6
421,16.84,39,player,Borussia Mgladbach,0.729,367.3,350.7,390.2,422.4,23.21,12.26,2.9
421,16.84,24,player,Borussia Mgladbach,0.727,717.8,569.0,754.1,660.6,41.6,35.41,14.8
421,16.84,57,player,Borussia Mgladbach,0.722,1361.5,895.1,1414.3,1021.7,72.27,67.58,10.3
421,16.84,4,player,Borussia Mgladbach,0.715,185.7,1005.8,232.6,1080.0,18.1,72.47,2.7
421,16.84,46,player,Borussia Mgladbach,0.687,877.5,323.8,920.5,389.5,49.41,8.92,24.8
421,16.84,55,player,Borussia Mgladbach,0.68,661.0,436.7,710.0,510.8,38.85,21.04,7.8
421,16.84,11,player,Borussia Mgladbach,0.652,1133.2,527.3,1166.0,635.9,61.75,33.08,8.6
421,16.84,13,player,Borussia Mgladbach,0.609,752.3,1038.7,804.3,1080.0,44.17,72.47,5.4
421,16.84,58,player,Borussia Mgladbach,0.586,780.7,275.5,810.2,394.3,44.17,9.41,11.8
421,16.84,41,player,Borussia Mgladbach,0.567,457.2,233.2,478.6,289.5,27.19,-1.41,7.8
421,16.84,50,player,VfL Wolfsburg,0.561,1733.8,557.3,1763.7,644.7,90.95,33.92,24.3
421,16.84,62,player,Borussia Mgladbach,0.527,641.2,282.5,674.0,347.8,37.09,4.66,9.1
421,16.84,65,player,Borussia Mgladbach,0.464,1089.3,291.1,1109.3,344.8,59.6,4.34,22.0
421,16.84,22,player,Borussia Mgladbach,0.373,1089.6,369.8,1115.7,429.3,59.68,12.95,9.8
421,16.84,27,player,Borussia Mgladbach,0.346,1472.3,368.4,1498.8,437.7,78.92,13.79,11.2
421,16.84,59,player,Borussia Mgladbach,0.33,1438.8,322.3,1472.5,395.6,77.58,9.55,29.5
421,16.84,0,ball,Ball,0.7,976.0,218.0,986.0,227.0,53.59,-8.51,0.0
422,16.88,48,player,Borussia Mgladbach,0.835,1767.7,631.2,1808.0,726.0,92.38,41.49,12.8
422,16.88,39,player,Borussia Mgladbach,0.723,367.6,350.4,390.4,423.1,23.22,12.32,6.0
422,16.88,19,player,Borussia Mgladbach,0.711,1550.5,397.6,1589.5,473.1,83.0,17.32,5.3
422,16.88,24,player,Borussia Mgladbach,0.707,718.3,570.1,752.7,659.9,41.58,35.34,6.4
422,16.88,57,player,Borussia Mgladbach,0.707,1361.3,895.1,1413.9,1021.1,72.25,67.53,4.8
422,16.88,4,player,Borussia Mgladbach,0.707,184.4,1006.4,231.8,1080.0,18.05,72.47,4.3
422,16.88,11,player,Borussia Mgladbach,0.703,1131.5,527.0,1163.1,635.1,61.64,33.01,11.7
422,16.88,46,player,Borussia Mgladbach,0.684,877.0,323.2,919.0,388.9,49.36,8.87,6.8
422,16.88,55,player,Borussia Mgladbach,0.636,658.6,440.4,711.5,511.1,38.83,21.07,3.7
422,16.88,41,player,Borussia Mgladbach,0.616,456.5,233.1,479.4,290.4,27.2,-1.31,8.5
422,16.88,13,player,Borussia Mgladbach,0.59,751.7,1040.0,802.6,1080.0,44.12,72.47,4.6
422,16.88,50,player,VfL Wolfsburg,0.581,1733.9,556.0,1765.9,646.1,91.0,34.05,12.5
422,16.88,58,player,Borussia Mgladbach,0.529,781.1,296.4,809.8,394.7,44.17,9.45,3.8
422,16.88,27,player,Borussia Mgladbach,0.503,1471.5,370.7,1497.8,438.3,78.87,13.85,6.6
422,16.88,65,player,Borussia Mgladbach,0.459,1088.9,292.8,1108.8,346.3,59.58,4.5,14.4
422,16.88,62,player,Borussia Mgladbach,0.41,639.7,285.7,672.4,348.5,37.01,4.73,9.9
422,16.88,22,player,Borussia Mgladbach,0.326,1088.1,369.0,1115.5,429.7,59.64,12.99,5.5
422,16.88,59,player,Borussia Mgladbach,0.31,1438.5,323.9,1473.6,395.3,77.6,9.51,3.6
422,16.88,0,ball,Ball,0.7,973.0,232.0,985.0,244.0,53.49,-6.85,0.0
423,16.92,48,player,Borussia Mgladbach,0.796,1767.4,631.1,1809.9,726.6,92.41,41.54,5.7
423,16.92,57,player,Borussia Mgladbach,0.746,1359.7,894.2,1413.0,1019.0,72.2,67.35,16.4
423,16.92,39,player,Borussia Mgladbach,0.725,366.8,351.9,389.8,421.1,23.18,12.13,18.1
423,16.92,24,player,Borussia Mgladbach,0.713,717.9,570.6,749.3,660.0,41.49,35.35,8.5
423,16.92,4,player,Borussia Mgladbach,0.677,182.7,1006.0,230.1,1080.0,17.97,72.47,7.0
423,16.92,19,player,Borussia Mgladbach,0.675,1549.5,398.1,1586.7,473.2,82.91,17.33,8.6
423,16.92,46,player,Borussia Mgladbach,0.671,875.4,323.5,917.7,389.3,49.29,8.91,7.3
423,16.92,11,player,Borussia Mgladbach,0.649,1131.7,532.4,1162.6,634.6,61.64,32.96,4.7
423,16.92,41,player,Borussia Mgladbach,0.635,455.8,231.0,480.2,289.4,27.2,-1.42,9.5
423,16.92,50,player,VfL Wolfsburg,0.607,1732.3,557.7,1766.1,645.5,90.97,33.99,5.8
423,16.92,13,player,Borussia Mgladbach,0.571,748.3,1039.2,801.8,1080.0,44.03,72.47,8.6
423,16.92,58,player,Borussia Mgladbach,0.559,781.2,278.3,810.9,395.7,44.2,9.55,9.0
423,16.92,55,player,Borussia Mgladbach,0.555,658.8,441.4,710.4,508.1,38.8,20.78,26.8
423,16.92,27,player,Borussia Mgladbach,0.55,1467.7,367.3,1497.3,438.0,78.77,13.82,9.8
423,16.92,65,player,Borussia Mgladbach,0.441,1087.9,292.3,1108.6,351.0,59.54,4.98,38.0
423,16.92,62,player,Borussia Mgladbach,0.332,637.3,285.5,673.2,352.2,36.97,5.11,34.4
423,16.92,22,player,Borussia Mgladbach,0.33,1086.0,372.3,1110.3,430.8,59.45,13.1,19.2
423,16.92,0,ball,Ball,0.7,975.0,232.0,985.0,244.0,53.54,-6.85,0.0
424,16.96,48,player,Borussia Mgladbach,0.82,1763.8,632.7,1811.7,727.6,92.37,41.63,9.7
424,16.96,11,player,Borussia Mgladbach,0.755,1130.0,536.5,1160.5,634.5,61.54,32.95,8.4
424,16.96,39,player,Borussia Mgladbach,0.746,363.8,351.7,389.5,421.7,23.1,12.18,8.9
424,16.96,24,player,Borussia Mgladbach,0.742,717.0,571.5,748.1,660.0,41.44,35.35,4.5
424,16.96,19,player,Borussia Mgladbach,0.73,1547.8,398.0,1584.7,471.3,82.83,17.14,18.6
424,16.96,50,player,VfL Wolfsburg,0.709,1728.6,559.0,1767.0,646.5,90.89,34.08,10.7
424,16.96,46,player,Borussia Mgladbach,0.687,880.4,321.5,914.7,388.1,49.33,8.78,12.2
424,16.96,4,player,Borussia Mgladbach,0.664,181.2,1005.1,227.6,1080.0,17.88,72.47,8.4
424,16.96,41,player,Borussia Mgladbach,0.654,454.1,228.9,481.7,290.1,27.19,-1.35,6.6
424,16.96,57,player,Borussia Mgladbach,0.627,1358.5,893.9,1412.3,1014.7,72.17,66.99,32.5
424,16.96,55,player,Borussia Mgladbach,0.603,658.2,437.3,713.7,506.3,38.86,20.6,16.8
424,16.96,27,player,Borussia Mgladbach,0.592,1457.6,363.4,1494.2,437.2,78.44,13.75,30.5
424,16.96,13,player,Borussia Mgladbach,0.522,747.0,1037.2,800.4,1080.0,43.96,72.47,5.7
424,16.96,22,player,Borussia Mgladbach,0.506,1082.4,369.1,1109.1,430.4,59.33,13.06,11.5
424,16.96,60,player,Borussia Mgladbach,0.459,1042.0,289.6,1064.0,355.2,57.23,5.42,8.1
424,16.96,66,player,Borussia Mgladbach,0.399,1201.6,227.6,1226.7,279.8,65.59,-2.42,17.7
424,16.96,65,player,Borussia Mgladbach,0.377,1085.6,291.2,1107.7,348.4,59.47,4.72,24.5
424,16.96,0,ball,Ball,0.7,976.0,231.0,985.0,241.0,53.56,-7.07,0.0
425,17.0,48,player,Borussia Mgladbach,0.81,1761.9,635.0,1812.2,727.2,92.33,41.59,4.7
425,17.0,39,player,Borussia Mgladbach,0.758,363.2,351.6,389.1,422.9,23.08,12.31,11.6
425,17.0,24,player,Borussia Mgladbach,0.757,716.0,569.4,745.8,661.6,41.36,35.5,15.1
425,17.0,11,player,Borussia Mgladbach,0.746,1125.1,536.2,1157.6,631.9,61.36,32.7,28.0
425,17.0,4,player,Borussia Mgladbach,0.72,179.2,1005.3,224.2,1080.0,17.75,72.47,11.2
425,17.0,50,player,VfL Wolfsburg,0.675,1727.3,559.2,1767.2,644.6,90.88,33.91,16.0
425,17.0,46,player,Borussia Mgladbach,0.673,881.8,318.9,911.6,385.7,49.29,8.54,21.7
425,17.0,19,player,Borussia Mgladbach,0.67,1544.3,395.8,1582.8,473.5,82.68,17.36,23.9
425,17.0,57,player,Borussia Mgladbach,0.636,1357.0,892.8,1410.7,1016.5,72.09,67.14,14.9
425,17.0,55,player,Borussia Mgladbach,0.612,657.3,436.2,717.2,507.7,38.93,20.73,13.3
425,17.0,27,player,Borussia Mgladbach,0.593,1455.1,362.8,1489.6,438.1,78.26,13.83,18.2
425,17.0,41,player,Borussia Mgladbach,0.59,450.9,230.1,481.0,289.8,27.09,-1.38,9.4
425,17.0,22,player,Borussia Mgladbach,0.566,1080.0,367.4,1106.1,430.8,59.2,13.09,12.8
425,17.0,60,player,Borussia Mgladbach,0.513,1038.1,294.2,1061.0,356.1,57.06,5.51,17.5
425,17.0,13,player,Borussia Mgladbach,0.506,743.9,1037.2,797.9,1080.0,43.83,72.47,11.6
425,17.0,66,player,Borussia Mgladbach,0.482,1201.0,227.1,1227.3,281.3,65.59,-2.27,13.9
425,17.0,64,player,Borussia Mgladbach,0.445,1131.0,182.4,1155.9,239.5,62.01,-6.69,0.0
425,17.0,67,player,Borussia Mgladbach,0.442,776.7,325.5,807.6,396.7,44.01,9.66,0.0
425,17.0,65,player,Borussia Mgladbach,0.383,1082.9,290.6,1106.1,347.6,59.36,4.64,12.4
425,17.0,62,player,Borussia Mgladbach,0.32,633.3,287.7,668.4,352.0,36.75,5.08,10.1
425,17.0,0,ball,Ball,0.7,977.0,230.0,986.0,241.0,53.62,-7.12,0.0
426,17.04,48,player,Borussia Mgladbach,0.839,1760.2,634.3,1813.6,726.6,92.33,41.54,4.5
426,17.04,4,player,Borussia Mgladbach,0.769,176.6,1004.2,222.2,1080.0,17.65,72.47,9.4
426,17.04,24,player,Borussia Mgladbach,0.766,713.4,569.4,746.5,660.9,41.31,35.44,7.2
426,17.04,11,player,Borussia Mgladbach,0.762,1121.8,536.6,1155.3,632.0,61.22,32.71,12.6
426,17.04,39,player,Borussia Mgladbach,0.754,362.0,353.6,387.8,423.7,23.02,12.38,8.5
426,17.04,19,player,Borussia Mgladbach,0.666,1543.2,395.8,1583.1,470.8,82.67,17.09,24.6
426,17.04,50,player,VfL Wolfsburg,0.657,1725.3,558.5,1768.0,646.1,90.84,34.05,13.1
426,17.04,46,player,Borussia Mgladbach,0.639,887.7,317.5,910.7,383.0,49.42,8.26,27.3
426,17.04,57,player,Borussia Mgladbach,0.632,1355.6,892.6,1406.9,1016.0,71.97,67.1,11.4
426,17.04,55,player,Borussia Mgladbach,0.623,660.8,434.2,722.6,506.6,39.15,20.63,21.9
426,17.04,13,player,Borussia Mgladbach,0.612,742.9,1036.3,796.1,1080.0,43.77,72.47,5.6
426,17.04,27,player,Borussia Mgladbach,0.599,1451.2,359.7,1485.7,437.3,78.06,13.75,18.9
426,17.04,41,player,Borussia Mgladbach,0.584,450.0,233.2,480.4,291.0,27.06,-1.24,12.3
426,17.04,60,player,Borussia Mgladbach,0.517,1036.0,293.5,1059.6,355.4,56.97,5.44,10.3
426,17.04,22,player,Borussia Mgladbach,0.483,1076.3,367.5,1104.2,429.4,59.06,12.96,17.4
426,17.04,65,player,Borussia Mgladbach,0.426,1081.8,290.7,1106.0,351.9,59.32,5.08,38.0
426,17.04,64,player,Borussia Mgladbach,0.412,1130.8,186.1,1155.2,239.8,61.99,-6.66,3.4
426,17.04,67,player,Borussia Mgladbach,0.404,775.5,328.4,808.1,396.4,43.99,9.62,3.6
426,17.04,66,player,Borussia Mgladbach,0.333,1201.4,227.7,1225.8,282.1,65.56,-2.18,8.2
426,17.04,62,player,Borussia Mgladbach,0.301,631.6,288.1,666.0,350.8,36.65,4.96,14.4
426,17.04,0,ball,Ball,0.7,978.0,229.0,987.0,240.0,53.67,-7.23,0.0
427,17.08,48,player,Borussia Mgladbach,0.849,1759.9,633.8,1814.5,725.5,92.35,41.43,9.9
427,17.08,39,player,Borussia Mgladbach,0.795,358.7,353.8,387.0,423.7,22.92,12.39,9.3
427,17.08,4,player,Borussia Mgladbach,0.772,173.6,1004.8,218.9,1080.0,17.51,72.47,12.8
427,17.08,24,player,Borussia Mgladbach,0.756,712.5,568.4,744.3,661.9,41.24,35.53,10.8
427,17.08,11,player,Borussia Mgladbach,0.752,1118.4,533.5,1154.1,627.7,61.11,32.31,37.4
427,17.08,13,player,Borussia Mgladbach,0.703,740.7,1035.7,793.4,1080.0,43.66,72.47,10.1
427,17.08,57,player,Borussia Mgladbach,0.674,1354.5,892.4,1404.0,1015.3,71.88,67.04,9.7
427,17.08,50,player,VfL Wolfsburg,0.655,1721.0,558.9,1768.0,645.5,90.74,33.99,10.6
427,17.08,19,player,Borussia Mgladbach,0.623,1541.5,395.4,1581.6,470.9,82.59,17.1,7.1
427,17.08,46,player,Borussia Mgladbach,0.615,889.1,317.4,910.8,384.5,49.46,8.41,13.8
427,17.08,55,player,Borussia Mgladbach,0.568,664.9,432.9,722.4,504.9,39.24,20.46,17.1
427,17.08,41,player,Borussia Mgladbach,0.558,450.0,234.3,479.8,290.4,27.04,-1.31,6.3
427,17.08,27,player,Borussia Mgladbach,0.536,1431.5,327.1,1480.3,437.7,77.43,13.79,38.0
427,17.08,60,player,Borussia Mgladbach,0.53,1032.6,293.2,1058.0,356.0,56.84,5.5,12.9
427,17.08,22,player,Borussia Mgladbach,0.504,1076.8,368.0,1103.6,429.6,59.05,12.98,2.0
427,17.08,65,player,Borussia Mgladbach,0.458,1081.8,290.1,1106.2,354.1,59.32,5.31,20.8
427,17.08,67,player,Borussia Mgladbach,0.436,775.5,329.8,808.9,397.4,44.01,9.72,9.3
427,17.08,62,player,Borussia Mgladbach,0.391,626.2,287.9,664.6,351.2,36.47,5.01,16.1
427,17.08,66,player,Borussia Mgladbach,0.322,1201.0,229.5,1223.9,280.1,65.5,-2.39,19.7
427,17.08,64,player,Borussia Mgladbach,0.304,1128.1,180.9,1158.8,238.0,62.01,-6.86,17.4
427,17.08,0,ball,Ball,0.7,979.0,229.0,988.0,240.0,53.72,-7.23,0.0
428,17.12,48,player,Borussia Mgladbach,0.849,1761.6,632.5,1814.3,724.6,92.4,41.35,8.4
428,17.12,39,player,Borussia Mgladbach,0.776,358.1,354.5,386.7,423.4,22.89,12.36,3.8
428,17.12,24,player,Borussia Mgladbach,0.772,709.3,569.0,742.1,662.0,41.11,35.54,11.6
428,17.12,11,player,Borussia Mgladbach,0.741,1114.6,533.9,1151.6,627.0,60.96,32.24,15.1
428,17.12,13,player,Borussia Mgladbach,0.732,738.5,1035.8,791.3,1080.0,43.56,72.47,9.0
428,17.12,4,player,Borussia Mgladbach,0.725,170.9,1003.8,216.1,1080.0,17.38,72.47,11.4
428,17.12,57,player,Borussia Mgladbach,0.692,1350.3,890.9,1401.5,1015.7,71.73,67.08,14.4
428,17.12,19,player,Borussia Mgladbach,0.669,1538.4,396.1,1580.5,471.5,82.49,17.16,11.3
428,17.12,27,player,Borussia Mgladbach,0.664,1432.5,325.4,1477.0,438.1,77.37,13.83,6.5
428,17.12,50,player,VfL Wolfsburg,0.652,1719.4,558.9,1770.4,643.1,90.77,33.76,20.7
428,17.12,46,player,Borussia Mgladbach,0.643,889.2,316.8,910.8,386.2,49.46,8.59,15.8
428,17.12,55,player,Borussia Mgladbach,0.569,668.4,432.8,721.0,502.4,39.29,20.21,22.7
428,17.12,60,player,Borussia Mgladbach,0.561,1030.8,291.9,1056.3,355.0,56.75,5.4,12.3
428,17.12,65,player,Borussia Mgladbach,0.508,1081.8,289.6,1104.2,354.4,59.27,5.33,5.0
428,17.12,41,player,Borussia Mgladbach,0.488,450.3,234.6,477.7,290.0,26.99,-1.35,5.5
428,17.12,22,player,Borussia Mgladbach,0.425,1075.8,366.6,1103.0,431.6,59.01,13.18,18.5
428,17.12,62,player,Borussia Mgladbach,0.396,622.3,294.1,655.1,352.0,36.13,5.09,31.5
428,17.12,64,player,Borussia Mgladbach,0.386,1128.0,188.8,1148.5,238.7,61.74,-6.78,25.4
428,17.12,67,player,Borussia Mgladbach,0.363,774.4,331.4,805.7,398.9,43.9,9.88,17.1
428,17.12,0,ball,Ball,0.7,979.0,230.0,988.0,241.0,53.72,-7.12,0.0
429,17.16,48,player,Borussia Mgladbach,0.837,1762.7,632.1,1814.4,723.9,92.43,41.29,6.5
429,17.16,39,player,Borussia Mgladbach,0.774,357.0,355.2,384.9,424.4,22.82,12.46,11.0
429,17.16,11,player,Borussia Mgladbach,0.768,1104.0,526.3,1149.3,626.8,60.65,32.22,28.3
429,17.16,24,player,Borussia Mgladbach,0.721,706.4,570.4,744.3,662.4,41.09,35.58,3.9
429,17.16,50,player,VfL Wolfsburg,0.715,1717.5,557.3,1772.2,640.9,90.78,33.55,19.0
429,17.16,13,player,Borussia Mgladbach,0.713,735.2,1034.9,789.1,1080.0,43.44,72.47,11.2
429,17.16,4,player,Borussia Mgladbach,0.712,169.1,1004.1,214.4,1080.0,17.3,72.47,7.3
429,17.16,27,player,Borussia Mgladbach,0.711,1435.8,322.8,1473.7,437.0,77.38,13.72,10.0
429,17.16,57,player,Borussia Mgladbach,0.703,1345.9,892.2,1400.8,1015.7,71.61,67.07,10.5
429,17.16,46,player,Borussia Mgladbach,0.667,890.1,319.1,911.0,386.8,49.49,8.65,6.3
429,17.16,19,player,Borussia Mgladbach,0.633,1537.2,395.9,1578.1,471.0,82.4,17.11,9.4
429,17.16,55,player,Borussia Mgladbach,0.585,676.3,432.1,732.7,501.5,39.78,20.13,38.0
429,17.16,60,player,Borussia Mgladbach,0.541,1027.3,291.3,1055.6,355.8,56.64,5.48,12.3
429,17.16,22,player,Borussia Mgladbach,0.385,1074.6,361.4,1103.3,430.0,58.99,13.02,14.9
429,17.16,65,player,Borussia Mgladbach,0.378,1078.1,289.4,1105.3,357.0,59.2,5.6,24.9
429,17.16,62,player,Borussia Mgladbach,0.375,617.9,296.4,652.2,354.3,35.95,5.32,26.6
429,17.16,41,player,Borussia Mgladbach,0.362,451.0,234.2,475.4,290.9,26.95,-1.26,8.9
429,17.16,64,player,Borussia Mgladbach,0.357,1127.3,188.5,1148.5,238.0,61.72,-6.85,7.0
429,17.16,67,player,Borussia Mgladbach,0.321,770.0,325.3,802.7,398.4,43.72,9.83,17.5
429,17.16,0,ball,Ball,0.7,980.0,231.0,989.0,241.0,53.77,-7.07,0.0
430,17.2,48,player,Borussia Mgladbach,0.819,1765.4,631.6,1814.7,722.9,92.51,41.2,10.8
430,17.2,39,player,Borussia Mgladbach,0.753,354.1,354.6,383.1,425.5,22.71,12.57,14.3
430,17.2,24,player,Borussia Mgladbach,0.736,703.5,570.3,740.4,664.4,40.93,35.76,22.3
430,17.2,27,player,Borussia Mgladbach,0.713,1436.4,322.1,1469.7,438.0,77.29,13.82,12.3
430,17.2,11,player,Borussia Mgladbach,0.693,1102.8,532.1,1147.2,625.5,60.57,32.09,13.7
430,17.2,57,player,Borussia Mgladbach,0.678,1344.1,893.7,1398.0,1018.0,71.5,67.26,20.3
430,17.2,4,player,Borussia Mgladbach,0.666,165.9,1005.0,211.2,1080.0,17.15,72.47,13.1
430,17.2,46,player,Borussia Mgladbach,0.647,889.6,320.5,912.5,387.8,49.51,8.76,9.8
430,17.2,55,player,Borussia Mgladbach,0.638,677.8,431.6,730.3,499.7,39.75,19.95,16.5
430,17.2,13,player,Borussia Mgladbach,0.632,733.3,1035.4,784.7,1080.0,43.29,72.47,13.0
430,17.2,50,player,VfL Wolfsburg,0.619,1718.7,557.8,1773.0,639.3,90.84,33.4,14.2
430,17.2,19,player,Borussia Mgladbach,0.528,1533.3,394.5,1576.3,468.7,82.26,16.88,23.8
430,17.2,60,player,Borussia Mgladbach,0.507,1025.8,290.9,1052.9,358.0,56.54,5.7,21.8
430,17.2,65,player,Borussia Mgladbach,0.36,1078.6,289.6,1103.3,351.4,59.17,5.03,38.0
430,17.2,22,player,Borussia Mgladbach,0.335,1072.2,365.8,1102.0,429.9,58.9,13.01,8.3
430,17.2,66,player,Borussia Mgladbach,0.324,1199.9,229.1,1223.3,276.7,65.47,-2.75,10.9
430,17.2,41,player,Borussia Mgladbach,0.304,449.9,234.1,472.9,289.9,26.86,-1.36,12.7
430,17.2,67,player,Borussia Mgladbach,0.303,764.3,317.7,800.3,397.9,43.51,9.77,19.1
430,17.2,0,ball,Ball,0.7,981.0,232.0,989.0,243.0,53.8,-6.91,0.0
431,17.24,48,player,Borussia Mgladbach,0.821,1769.6,630.1,1813.6,721.7,92.59,41.09,12.0
431,17.24,24,player,Borussia Mgladbach,0.819,700.8,571.7,743.6,665.5,40.94,35.86,9.0
431,17.24,27,player,Borussia Mgladbach,0.726,1432.6,323.3,1464.6,438.1,77.06,13.83,20.1
431,17.24,39,player,Borussia Mgladbach,0.726,352.2,355.7,381.0,426.2,22.61,12.63,10.4
431,17.24,11,player,Borussia Mgladbach,0.719,1097.0,537.6,1142.9,625.2,60.32,32.07,22.5
431,17.24,57,player,Borussia Mgladbach,0.713,1339.5,893.5,1394.1,1019.6,71.29,67.4,22.0
431,17.24,4,player,Borussia Mgladbach,0.663,161.7,1005.2,208.3,1080.0,16.99,72.47,14.6
431,17.24,46,player,Borussia Mgladbach,0.634,888.2,325.3,912.5,387.3,49.48,8.7,6.0
431,17.24,13,player,Borussia Mgladbach,0.611,731.3,1036.0,782.5,1080.0,43.19,72.47,8.7
431,17.24,60,player,Borussia Mgladbach,0.56,1023.1,291.8,1050.8,357.1,56.42,5.61,13.7
431,17.24,55,player,Borussia Mgladbach,0.542,674.8,432.0,727.3,500.2,39.6,20.0,14.3
431,17.24,50,player,VfL Wolfsburg,0.528,1724.8,555.5,1776.6,636.7,91.09,33.16,31.5
431,17.24,19,player,Borussia Mgladbach,0.509,1529.1,395.9,1572.1,470.4,82.05,17.05,24.9
431,17.24,22,player,Borussia Mgladbach,0.491,1071.4,364.6,1100.7,427.4,58.85,12.76,23.2
431,17.24,65,player,Borussia Mgladbach,0.408,1077.8,290.1,1101.5,353.5,59.1,5.24,20.4
431,17.24,67,player,Borussia Mgladbach,0.362,761.4,323.3,797.5,398.3,43.37,9.82,13.5
431,17.24,0,ball,Ball,0.7,980.0,233.0,990.0,244.0,53.8,-6.8,0.0
432,17.28,24,player,Borussia Mgladbach,0.796,699.1,573.6,741.9,666.8,40.86,35.99,13.6
432,17.28,48,player,Borussia Mgladbach,0.782,1771.2,630.1,1812.3,721.6,92.59,41.08,1.3
432,17.28,57,player,Borussia Mgladbach,0.781,1337.0,893.5,1389.6,1015.8,71.15,67.08,31.7
432,17.28,46,player,Borussia Mgladbach,0.699,885.7,327.0,913.5,388.0,49.44,8.77,6.8
432,17.28,11,player,Borussia Mgladbach,0.689,1092.3,538.9,1140.3,622.1,60.14,31.78,30.3
432,17.28,55,player,Borussia Mgladbach,0.67,675.4,432.6,726.1,499.2,39.59,19.9,9.2
432,17.28,27,player,Borussia Mgladbach,0.657,1431.4,325.2,1462.0,438.0,76.97,13.82,8.8
432,17.28,39,player,Borussia Mgladbach,0.648,349.8,355.2,376.3,426.3,22.44,12.65,16.1
432,17.28,4,player,Borussia Mgladbach,0.631,158.6,1007.7,205.0,1080.0,16.84,72.47,13.4
432,17.28,13,player,Borussia Mgladbach,0.566,727.6,1035.6,780.0,1080.0,43.05,72.47,12.8
432,17.28,19,player,Borussia Mgladbach,0.524,1525.2,395.3,1568.2,470.7,81.85,17.08,18.0
432,17.28,22,player,Borussia Mgladbach,0.516,1070.1,365.9,1097.3,429.7,58.73,12.99,23.4
432,17.28,50,player,VfL Wolfsburg,0.5,1729.5,552.6,1775.2,634.1,91.19,32.92,23.8
432,17.28,60,player,Borussia Mgladbach,0.411,1020.5,294.8,1047.5,357.2,56.27,5.62,13.5
432,17.28,62,player,Borussia Mgladbach,0.41,615.0,299.5,646.8,353.5,35.74,5.24,7.0
432,17.28,41,player,Borussia Mgladbach,0.336,447.6,237.9,468.9,291.3,26.7,-1.22,9.6
432,17.28,67,player,Borussia Mgladbach,0.327,758.3,325.9,790.1,397.7,43.1,9.76,24.5
432,17.28,0,ball,Ball,0.7,979.0,233.0,991.0,245.0,53.8,-6.75,0.0
433,17.32,48,player,Borussia Mgladbach,0.789,1769.6,631.6,1810.6,721.2,92.52,41.05,7.3
433,17.32,57,player,Borussia Mgladbach,0.789,1334.9,893.8,1387.6,1013.4,71.06,66.88,20.1
433,17.32,24,player,Borussia Mgladbach,0.762,695.0,573.9,737.6,667.1,40.66,36.02,18.4
433,17.32,11,player,Borussia Mgladbach,0.737,1097.9,538.4,1136.8,621.9,60.2,31.76,5.0
433,17.32,4,player,Borussia Mgladbach,0.724,155.5,1007.1,200.3,1080.0,16.66,72.47,15.9
433,17.32,46,player,Borussia Mgladbach,0.717,882.6,327.6,913.4,389.2,49.36,8.89,13.4
433,17.32,55,player,Borussia Mgladbach,0.69,676.6,432.0,724.2,498.9,39.57,19.87,2.8
433,17.32,13,player,Borussia Mgladbach,0.608,723.3,1037.1,776.4,1080.0,42.87,72.47,16.3
433,17.32,27,player,Borussia Mgladbach,0.588,1428.0,325.0,1458.1,439.5,76.78,13.98,22.1
433,17.32,22,player,Borussia Mgladbach,0.561,1068.7,366.8,1095.7,435.2,58.65,13.54,38.0
433,17.32,39,player,Borussia Mgladbach,0.558,347.7,354.5,374.2,427.1,22.33,12.73,11.8
433,17.32,50,player,VfL Wolfsburg,0.546,1730.6,551.5,1775.2,633.0,91.22,32.8,10.4
433,17.32,19,player,Borussia Mgladbach,0.546,1522.3,394.5,1565.4,469.9,81.71,17.0,14.3
433,17.32,60,player,Borussia Mgladbach,0.422,1017.6,297.1,1043.0,360.7,56.08,5.98,36.9
433,17.32,41,player,Borussia Mgladbach,0.379,444.4,236.7,465.8,288.4,26.53,-1.52,31.1
433,17.32,0,ball,Ball,0.7,978.0,232.0,991.0,244.0,53.77,-6.85,0.0
434,17.36,48,player,Borussia Mgladbach,0.813,1767.2,630.7,1808.4,720.3,92.41,40.96,12.2
434,17.36,24,player,Borussia Mgladbach,0.808,691.9,574.4,729.3,666.7,40.38,35.98,25.4
434,17.36,11,player,Borussia Mgladbach,0.772,1097.7,539.5,1134.4,622.4,60.13,31.81,7.3
434,17.36,57,player,Borussia Mgladbach,0.754,1331.3,892.9,1383.8,1019.2,70.87,67.37,38.0
434,17.36,4,player,Borussia Mgladbach,0.752,149.8,1006.1,195.6,1080.0,16.43,72.47,21.3
434,17.36,46,player,Borussia Mgladbach,0.661,880.0,327.1,912.7,388.3,49.27,8.81,10.9
434,17.36,55,player,Borussia Mgladbach,0.66,674.0,432.3,724.3,499.0,39.51,19.88,5.7
434,17.36,13,player,Borussia Mgladbach,0.632,718.9,1036.5,773.5,1080.0,42.7,72.47,15.0
434,17.36,27,player,Borussia Mgladbach,0.598,1423.6,321.9,1454.2,440.8,76.57,14.1,22.4
434,17.36,19,player,Borussia Mgladbach,0.598,1520.2,394.2,1561.3,470.4,81.55,17.06,15.0
434,17.36,39,player,Borussia Mgladbach,0.572,345.7,351.7,368.7,425.7,22.14,12.59,21.6
434,17.36,50,player,VfL Wolfsburg,0.526,1729.4,552.0,1775.7,633.0,91.2,32.8,1.5
434,17.36,60,player,Borussia Mgladbach,0.515,1014.2,299.4,1038.7,361.0,55.88,6.01,17.8
434,17.36,68,player,Borussia Mgladbach,0.49,731.8,281.3,774.7,400.5,42.05,10.05,0.0
434,17.36,22,player,Borussia Mgladbach,0.433,1067.2,371.2,1094.3,434.4,58.57,13.46,10.2
434,17.36,41,player,Borussia Mgladbach,0.375,443.4,235.7,463.5,289.9,26.45,-1.37,15.2
434,17.36,0,ball,Ball,0.7,977.0,230.0,991.0,243.0,53.74,-7.01,0.0
435,17.4,24,player,Borussia Mgladbach,0.816,689.0,573.5,722.5,665.6,40.14,35.87,23.4
435,17.4,57,player,Borussia Mgladbach,0.802,1328.1,892.4,1378.3,1011.6,70.69,66.73,38.0
435,17.4,11,player,Borussia Mgladbach,0.796,1094.6,537.9,1131.3,621.9,59.98,31.76,14.4
435,17.4,48,player,Borussia Mgladbach,0.772,1764.2,630.6,1808.1,721.1,92.33,41.03,9.6
435,17.4,4,player,Borussia Mgladbach,0.75,145.8,1005.9,191.5,1080.0,16.24,72.47,16.9
435,17.4,39,player,Borussia Mgladbach,0.68,342.4,351.5,369.3,426.0,22.07,12.61,6.3
435,17.4,13,player,Borussia Mgladbach,0.653,714.4,1035.8,769.0,1080.0,42.5,72.47,18.6
435,17.4,55,player,Borussia Mgladbach,0.626,678.2,432.9,723.6,498.0,39.59,19.78,11.7
435,17.4,46,player,Borussia Mgladbach,0.625,877.6,327.8,908.8,388.9,49.12,8.86,15.1
435,17.4,60,player,Borussia Mgladbach,0.624,1007.9,301.3,1035.6,364.1,55.64,6.33,35.7
435,17.4,27,player,Borussia Mgladbach,0.586,1421.6,359.3,1448.6,441.7,76.37,14.2,19.4
435,17.4,19,player,Borussia Mgladbach,0.58,1518.1,392.6,1559.6,468.3,81.47,16.85,20.1
435,17.4,50,player,VfL Wolfsburg,0.574,1727.5,550.6,1776.4,633.0,91.17,32.81,2.8
435,17.4,22,player,Borussia Mgladbach,0.471,1065.0,374.4,1092.2,437.4,58.46,13.76,28.8
435,17.4,41,player,Borussia Mgladbach,0.412,441.1,235.7,462.2,289.4,26.35,-1.41,9.5
435,17.4,67,player,Borussia Mgladbach,0.354,746.4,328.2,777.3,398.7,42.48,9.85,18.9
435,17.4,68,player,Borussia Mgladbach,0.312,728.9,280.7,771.7,400.0,41.9,9.99,14.4
435,17.4,0,ball,Ball,0.7,976.0,230.0,990.0,242.0,53.69,-7.07,0.0
436,17.44,11,player,Borussia Mgladbach,0.821,1092.1,539.3,1128.4,621.0,59.85,31.67,14.1
436,17.44,24,player,Borussia Mgladbach,0.819,685.7,576.6,717.9,666.7,39.95,35.98,19.7
436,17.44,57,player,Borussia Mgladbach,0.809,1324.0,892.2,1376.1,1010.6,70.54,66.64,15.2
436,17.44,48,player,Borussia Mgladbach,0.742,1762.0,632.1,1808.6,722.9,92.28,41.2,15.4
436,17.44,4,player,Borussia Mgladbach,0.73,141.6,1007.0,188.9,1080.0,16.08,72.47,14.1
436,17.44,39,player,Borussia Mgladbach,0.708,341.3,352.4,366.6,427.5,21.98,12.77,16.3
436,17.44,13,player,Borussia Mgladbach,0.675,710.8,1035.5,766.0,1080.0,42.35,72.47,13.6
436,17.44,27,player,Borussia Mgladbach,0.637,1418.8,353.4,1447.2,440.1,76.27,14.03,17.5
436,17.44,55,player,Borussia Mgladbach,0.634,689.1,433.2,722.3,497.9,39.83,19.77,21.3
436,17.44,50,player,VfL Wolfsburg,0.592,1728.6,551.6,1774.8,631.4,91.17,32.66,13.5
436,17.44,46,player,Borussia Mgladbach,0.576,878.0,323.7,907.3,390.0,49.09,8.98,10.6
436,17.44,60,player,Borussia Mgladbach,0.561,1005.1,300.4,1030.2,362.1,55.43,6.13,26.1
436,17.44,19,player,Borussia Mgladbach,0.543,1516.5,391.2,1555.7,467.9,81.33,16.81,12.9
436,17.44,22,player,Borussia Mgladbach,0.538,1063.4,375.7,1090.2,438.7,58.37,13.89,14.5
436,17.44,67,player,Borussia Mgladbach,0.511,748.9,340.9,773.7,398.1,42.45,9.8,5.7
436,17.44,62,player,Borussia Mgladbach,0.488,595.1,295.7,636.8,354.0,34.98,5.3,17.1
436,17.44,41,player,Borussia Mgladbach,0.37,438.3,235.9,459.7,290.0,26.22,-1.35,13.3
436,17.44,0,ball,Ball,0.7,975.0,229.0,989.0,242.0,53.64,-7.12,0.0
437,17.48,24,player,Borussia Mgladbach,0.795,682.3,578.6,713.6,665.6,39.76,35.88,19.4
437,17.48,57,player,Borussia Mgladbach,0.79,1320.5,893.5,1373.9,1013.4,70.41,66.88,25.2
437,17.48,48,player,Borussia Mgladbach,0.769,1753.1,633.6,1810.5,722.6,92.11,41.17,15.1
437,17.48,39,player,Borussia Mgladbach,0.74,337.7,353.7,361.2,427.6,21.75,12.78,20.5
437,17.48,11,player,Borussia Mgladbach,0.735,1090.0,540.9,1124.5,620.6,59.71,31.63,13.4
437,17.48,4,player,Borussia Mgladbach,0.716,137.3,1007.8,185.2,1080.0,15.9,72.47,16.4
437,17.48,22,player,Borussia Mgladbach,0.686,1058.3,376.4,1088.2,440.5,58.19,14.07,22.9
437,17.48,19,player,Borussia Mgladbach,0.664,1517.3,390.1,1553.6,468.2,81.3,16.83,3.8
437,17.48,27,player,Borussia Mgladbach,0.644,1410.2,356.1,1444.0,442.2,75.97,14.24,33.3
437,17.48,46,player,Borussia Mgladbach,0.621,876.0,323.3,905.0,391.0,48.98,9.08,13.4
437,17.48,55,player,Borussia Mgladbach,0.609,690.6,432.2,720.5,497.8,39.82,19.76,1.0
437,17.48,13,player,Borussia Mgladbach,0.608,707.7,1037.1,760.4,1080.0,42.15,72.47,17.9
437,17.48,69,player,Borussia Mgladbach,0.539,1061.2,292.1,1085.0,348.1,58.26,4.68,0.0
437,17.48,50,player,VfL Wolfsburg,0.518,1728.0,552.5,1774.4,630.6,91.15,32.58,7.3
437,17.48,67,player,Borussia Mgladbach,0.458,740.5,339.3,770.3,398.1,42.15,9.79,27.0
437,17.48,60,player,Borussia Mgladbach,0.443,1001.3,300.5,1027.5,361.6,55.27,6.07,15.6
437,17.48,62,player,Borussia Mgladbach,0.442,595.5,297.1,634.3,353.8,34.93,5.27,5.6
437,17.48,41,player,Borussia Mgladbach,0.436,433.9,235.7,457.7,290.8,26.06,-1.27,16.0
437,17.48,0,ball,Ball,0.7,975.0,230.0,988.0,243.0,53.61,-7.01,0.0
438,17.52,57,player,Borussia Mgladbach,0.811,1315.3,894.6,1366.9,1012.6,70.13,66.81,26.1
438,17.52,48,player,Borussia Mgladbach,0.751,1750.4,633.0,1808.1,722.4,91.99,41.15,11.1
438,17.52,39,player,Borussia Mgladbach,0.747,333.4,353.4,359.4,428.1,21.61,12.83,14.0
438,17.52,11,player,Borussia Mgladbach,0.743,1086.5,542.1,1121.9,620.1,59.56,31.58,14.3
438,17.52,24,player,Borussia Mgladbach,0.721,678.6,575.2,710.7,667.2,39.61,36.03,19.2
438,17.52,22,player,Borussia Mgladbach,0.697,1055.1,377.5,1086.2,439.7,58.06,13.99,13.4
438,17.52,4,player,Borussia Mgladbach,0.694,134.0,1008.8,179.9,1080.0,15.71,72.47,17.6
438,17.52,27,player,Borussia Mgladbach,0.648,1407.8,330.6,1442.3,442.1,75.87,14.23,9.2
438,17.52,46,player,Borussia Mgladbach,0.613,874.8,322.6,902.6,390.1,48.89,8.98,11.8
438,17.52,55,player,Borussia Mgladbach,0.579,694.9,432.5,721.4,498.1,39.95,19.79,12.0
438,17.52,62,player,Borussia Mgladbach,0.557,595.1,296.3,631.6,355.4,34.85,5.44,16.6
438,17.52,19,player,Borussia Mgladbach,0.527,1517.2,389.6,1551.2,467.2,81.24,16.73,10.4
438,17.52,13,player,Borussia Mgladbach,0.517,704.4,1037.5,756.2,1080.0,41.97,72.47,15.6
438,17.52,69,player,Borussia Mgladbach,0.497,1058.0,294.1,1082.0,350.4,58.11,4.92,25.8
438,17.52,41,player,Borussia Mgladbach,0.465,430.8,236.2,456.6,293.5,25.96,-0.98,27.7
438,17.52,50,player,VfL Wolfsburg,0.426,1728.2,552.1,1775.0,631.0,91.17,32.62,3.8
438,17.52,60,player,Borussia Mgladbach,0.388,999.8,300.6,1026.1,361.8,55.19,6.09,7.1
438,17.52,67,player,Borussia Mgladbach,0.375,737.8,343.0,766.3,399.8,41.98,9.97,22.0
438,17.52,0,ball,Ball,0.7,974.0,231.0,987.0,244.0,53.56,-6.91,0.0
439,17.56,57,player,Borussia Mgladbach,0.815,1311.8,893.3,1364.0,1009.6,69.98,66.55,26.3
439,17.56,24,player,Borussia Mgladbach,0.795,674.3,574.0,708.2,668.1,39.44,36.11,16.6
439,17.56,48,player,Borussia Mgladbach,0.766,1746.7,633.4,1804.1,722.2,91.8,41.14,16.9
439,17.56,4,player,Borussia Mgladbach,0.76,129.8,1008.6,175.8,1080.0,15.52,72.47,17.0
439,17.56,39,player,Borussia Mgladbach,0.76,330.3,353.7,355.9,429.3,21.45,12.95,18.5
439,17.56,11,player,Borussia Mgladbach,0.704,1082.7,541.6,1120.3,620.3,59.42,31.61,12.1
439,17.56,22,player,Borussia Mgladbach,0.684,1050.9,377.6,1084.5,439.7,57.91,13.99,13.2
439,17.56,46,player,Borussia Mgladbach,0.682,873.1,320.1,900.0,390.0,48.78,8.98,9.6
439,17.56,55,player,Borussia Mgladbach,0.631,695.1,431.9,721.8,498.6,39.97,19.84,4.5
439,17.56,27,player,Borussia Mgladbach,0.614,1403.1,329.3,1438.9,442.2,75.66,14.24,18.4
439,17.56,13,player,Borussia Mgladbach,0.568,699.9,1038.6,752.9,1080.0,41.8,72.47,16.0
439,17.56,19,player,Borussia Mgladbach,0.531,1515.7,388.9,1547.3,468.0,81.1,16.82,14.7
439,17.56,62,player,Borussia Mgladbach,0.523,592.1,296.3,629.4,357.5,34.73,5.65,22.7
439,17.56,67,player,Borussia Mgladbach,0.482,734.5,341.7,760.8,399.5,41.76,9.94,20.3
439,17.56,69,player,Borussia Mgladbach,0.475,1054.4,294.3,1079.5,349.8,57.95,4.87,15.1
439,17.56,41,player,Borussia Mgladbach,0.396,427.1,238.8,453.1,293.7,25.78,-0.96,16.6
439,17.56,70,player,Borussia Mgladbach,0.381,1101.7,184.1,1122.5,240.5,60.38,-6.59,0.0
439,17.56,50,player,VfL Wolfsburg,0.368,1726.7,554.0,1778.6,633.7,91.2,32.87,22.9
439,17.56,0,ball,Ball,0.7,974.0,233.0,987.0,245.0,53.56,-6.75,0.0
440,17.6,57,player,Borussia Mgladbach,0.805,1307.8,892.5,1361.0,1012.7,69.82,66.82,28.4
440,17.6,24,player,Borussia Mgladbach,0.804,670.0,575.4,702.4,666.9,39.2,36.0,24.4
440,17.6,11,player,Borussia Mgladbach,0.776,1079.2,542.4,1118.3,620.9,59.29,31.66,13.1
440,17.6,4,player,Borussia Mgladbach,0.773,123.6,1007.7,171.0,1080.0,15.26,72.47,22.8
440,17.6,48,player,Borussia Mgladbach,0.75,1745.0,633.8,1799.0,721.7,91.64,41.09,15.1
440,17.6,55,player,Borussia Mgladbach,0.73,692.1,431.7,721.7,502.1,39.9,20.18,31.6
440,17.6,39,player,Borussia Mgladbach,0.719,326.8,356.9,351.2,430.6,21.25,13.08,21.2
440,17.6,22,player,Borussia Mgladbach,0.698,1049.4,377.2,1081.6,439.4,57.8,13.97,10.3
440,17.6,13,player,Borussia Mgladbach,0.655,696.0,1038.2,747.9,1080.0,41.59,72.47,18.3
440,17.6,19,player,Borussia Mgladbach,0.61,1514.6,387.0,1542.4,468.3,80.95,16.84,13.9
440,17.6,46,player,Borussia Mgladbach,0.595,871.3,320.4,897.5,389.5,48.67,8.93,10.8
440,17.6,27,player,Borussia Mgladbach,0.526,1399.7,327.5,1439.5,440.5,75.6,14.07,16.0
440,17.6,62,player,Borussia Mgladbach,0.514,590.9,294.3,626.6,358.5,34.62,5.75,12.7
440,17.6,60,player,Borussia Mgladbach,0.506,991.7,299.3,1019.1,364.3,54.81,6.35,20.9
440,17.6,50,player,VfL Wolfsburg,0.489,1715.2,555.3,1775.1,636.7,90.82,33.16,38.0
440,17.6,67,player,Borussia Mgladbach,0.443,721.6,339.3,754.7,399.9,41.28,9.98,38.0
440,17.6,69,player,Borussia Mgladbach,0.439,1052.9,292.8,1074.7,345.7,57.79,4.44,38.0
440,17.6,41,player,Borussia Mgladbach,0.413,423.1,239.0,448.8,293.3,25.57,-1.01,19.7
440,17.6,0,ball,Ball,0.7,973.0,235.0,986.0,247.0,53.51,-6.53,0.0
441,17.64,24,player,Borussia Mgladbach,0.823,664.6,574.5,698.1,666.0,38.96,35.92,22.5
441,17.64,57,player,Borussia Mgladbach,0.809,1303.3,892.3,1354.3,1010.4,69.56,66.62,28.9
441,17.64,11,player,Borussia Mgladbach,0.764,1072.2,542.0,1115.9,621.1,59.06,31.68,20.9
441,17.64,4,player,Borussia Mgladbach,0.732,119.5,1008.2,168.1,1080.0,15.1,72.47,14.5
441,17.64,13,player,Borussia Mgladbach,0.718,690.0,1037.0,743.3,1080.0,41.35,72.47,22.0
441,17.64,19,player,Borussia Mgladbach,0.691,1511.7,390.7,1537.3,469.5,80.75,16.97,21.7
441,17.64,48,player,Borussia Mgladbach,0.674,1750.0,634.3,1796.7,719.9,91.72,40.92,16.8
441,17.64,22,player,Borussia Mgladbach,0.67,1048.1,378.4,1079.2,439.4,57.71,13.96,8.4
441,17.64,55,player,Borussia Mgladbach,0.619,688.9,431.2,722.9,500.4,39.84,20.02,15.6
441,17.64,46,player,Borussia Mgladbach,0.583,870.1,318.3,896.5,389.3,48.62,8.9,5.7
441,17.64,27,player,Borussia Mgladbach,0.58,1395.3,328.8,1436.5,439.1,75.42,13.93,20.7
441,17.64,60,player,Borussia Mgladbach,0.56,987.2,302.5,1013.9,364.5,54.56,6.37,22.1
441,17.64,39,player,Borussia Mgladbach,0.486,321.4,358.2,348.5,428.8,21.03,12.9,25.1
441,17.64,62,player,Borussia Mgladbach,0.417,588.3,294.1,623.0,357.7,34.47,5.67,15.9
441,17.64,50,player,VfL Wolfsburg,0.415,1716.5,554.7,1772.8,632.5,90.82,32.76,35.5
441,17.64,69,player,Borussia Mgladbach,0.319,1047.5,293.0,1070.8,345.1,57.56,4.37,22.1
441,17.64,0,ball,Ball,0.7,745.0,342.0,754.0,348.0,41.77,4.37,0.0
442,17.68,11,player,Borussia Mgladbach,0.849,1067.0,543.3,1117.2,618.9,58.97,31.47,20.5
442,17.68,57,player,Borussia Mgladbach,0.808,1298.0,890.4,1352.6,1012.3,69.39,66.78,20.6
442,17.68,24,player,Borussia Mgladbach,0.804,661.2,580.2,694.6,668.2,38.79,36.12,23.0
442,17.68,48,player,Borussia Mgladbach,0.752,1754.5,629.3,1796.0,717.7,91.82,40.72,20.5
442,17.68,13,player,Borussia Mgladbach,0.704,686.0,1035.0,737.6,1080.0,41.13,72.47,20.1
442,17.68,60,player,Borussia Mgladbach,0.689,980.5,303.0,1008.8,365.8,54.26,6.51,29.7
442,17.68,39,player,Borussia Mgladbach,0.682,319.5,357.4,346.7,430.7,20.95,13.09,18.9
442,17.68,46,player,Borussia Mgladbach,0.676,865.6,319.8,892.7,390.3,48.41,9.0,20.9
442,17.68,4,player,Borussia Mgladbach,0.673,113.7,1008.1,161.2,1080.0,14.81,72.47,26.1
442,17.68,19,player,Borussia Mgladbach,0.647,1509.5,389.1,1535.3,471.0,80.63,17.11,16.1
442,17.68,27,player,Borussia Mgladbach,0.626,1388.0,341.5,1431.4,441.8,75.1,14.21,38.0
442,17.68,22,player,Borussia Mgladbach,0.607,1044.3,379.6,1075.3,441.7,57.51,14.19,27.5
442,17.68,55,player,Borussia Mgladbach,0.563,685.8,431.9,725.9,500.3,39.84,20.01,1.0
442,17.68,41,player,Borussia Mgladbach,0.511,417.5,235.3,439.9,292.7,25.19,-1.07,17.2
442,17.68,62,player,Borussia Mgladbach,0.48,584.7,293.1,618.9,356.4,34.26,5.54,21.7
442,17.68,50,player,VfL Wolfsburg,0.403,1718.1,556.0,1771.1,630.3,90.83,32.55,19.2
442,17.68,69,player,Borussia Mgladbach,0.381,1041.9,294.1,1067.8,350.0,57.33,4.88,38.0
442,17.68,0,ball,Ball,0.7,970.0,234.0,980.0,246.0,53.28,-6.64,0.0
443,17.72,11,player,Borussia Mgladbach,0.854,1065.6,542.9,1114.7,617.0,58.87,31.29,18.7
443,17.72,39,player,Borussia Mgladbach,0.793,314.8,358.5,344.1,432.8,20.77,13.3,24.4
443,17.72,57,player,Borussia Mgladbach,0.792,1294.3,893.6,1348.1,1016.7,69.2,67.16,38.0
443,17.72,24,player,Borussia Mgladbach,0.778,657.6,580.9,690.4,669.7,38.61,36.26,21.4
443,17.72,27,player,Borussia Mgladbach,0.732,1382.6,331.8,1429.8,442.8,74.92,14.3,18.1
443,17.72,41,player,Borussia Mgladbach,0.714,415.0,236.7,436.8,294.2,25.05,-0.91,19.2
443,17.72,48,player,Borussia Mgladbach,0.713,1755.0,634.0,1793.4,718.1,91.77,40.76,6.2
443,17.72,46,player,Borussia Mgladbach,0.692,862.3,319.4,889.8,390.8,48.25,9.06,15.1
443,17.72,4,player,Borussia Mgladbach,0.682,109.6,1008.7,154.5,1080.0,14.56,72.47,22.3
443,17.72,60,player,Borussia Mgladbach,0.665,975.8,305.7,1006.5,366.9,54.08,6.61,18.7
443,17.72,19,player,Borussia Mgladbach,0.62,1505.7,388.5,1531.3,470.1,80.44,17.03,18.6
443,17.72,62,player,Borussia Mgladbach,0.597,582.1,293.0,611.3,356.1,34.0,5.51,23.6
443,17.72,55,player,Borussia Mgladbach,0.574,686.0,432.1,725.3,498.0,39.83,19.78,20.3
443,17.72,22,player,Borussia Mgladbach,0.548,1043.2,379.1,1072.9,440.5,57.43,14.07,13.3
443,17.72,71,player,Borussia Mgladbach,0.541,1178.1,236.1,1201.8,290.0,64.33,-1.35,0.0
443,17.72,13,player,Borussia Mgladbach,0.534,682.2,1039.0,733.5,1080.0,40.95,72.47,16.1
443,17.72,69,player,Borussia Mgladbach,0.531,1040.6,293.5,1064.7,350.6,57.22,4.94,11.5
443,17.72,50,player,VfL Wolfsburg,0.384,1720.6,555.6,1769.6,633.0,90.84,32.8,23.0
443,17.72,0,ball,Ball,0.7,969.0,220.0,982.0,232.0,53.31,-8.13,0.0
444,17.76,11,player,Borussia Mgladbach,0.839,1064.6,541.3,1112.6,615.7,58.8,31.17,12.8
444,17.76,24,player,Borussia Mgladbach,0.825,652.3,577.0,687.1,672.1,38.4,36.48,27.0
444,17.76,57,player,Borussia Mgladbach,0.82,1289.2,893.5,1341.0,1017.0,68.91,67.18,25.4
444,17.76,39,player,Borussia Mgladbach,0.786,309.3,358.2,338.7,430.6,20.49,13.08,32.4
444,17.76,48,player,Borussia Mgladbach,0.724,1754.4,632.8,1790.2,719.2,91.67,40.86,12.6
444,17.76,4,player,Borussia Mgladbach,0.713,104.7,1009.7,151.7,1080.0,14.39,72.47,15.9
444,17.76,27,player,Borussia Mgladbach,0.679,1378.4,339.5,1424.1,442.5,74.67,14.27,22.5
444,17.76,55,player,Borussia Mgladbach,0.676,688.0,431.9,724.3,499.9,39.85,19.97,16.7
444,17.76,41,player,Borussia Mgladbach,0.665,409.7,236.5,432.5,293.4,24.8,-0.99,23.5
444,17.76,60,player,Borussia Mgladbach,0.661,973.6,305.4,1003.5,367.0,53.95,6.63,12.1
444,17.76,69,player,Borussia Mgladbach,0.64,1036.7,293.8,1060.2,352.3,57.01,5.12,25.1
444,17.76,19,player,Borussia Mgladbach,0.612,1502.6,390.0,1528.1,467.4,80.3,16.76,27.5
444,17.76,13,player,Borussia Mgladbach,0.597,677.7,1039.6,729.7,1080.0,40.76,72.47,17.1
444,17.76,46,player,Borussia Mgladbach,0.539,859.5,325.5,886.6,392.7,48.1,9.25,21.7
444,17.76,22,player,Borussia Mgladbach,0.509,1039.6,381.2,1073.7,441.6,57.36,14.18,11.5
444,17.76,62,player,Borussia Mgladbach,0.507,577.3,292.7,609.4,357.0,33.84,5.61,17.3
444,17.76,72,player,Borussia Mgladbach,0.478,1080.0,191.2,1104.4,240.9,59.35,-6.54,0.0
444,17.76,50,player,VfL Wolfsburg,0.455,1728.0,552.3,1767.9,631.8,90.98,32.69,16.5
444,17.76,71,player,Borussia Mgladbach,0.436,1178.6,237.4,1199.5,291.6,64.28,-1.18,15.6
444,17.76,0,ball,Ball,0.7,967.0,219.0,981.0,231.0,53.23,-8.24,0.0
445,17.8,57,player,Borussia Mgladbach,0.817,1286.7,892.6,1338.5,1013.4,68.81,66.87,29.1
445,17.8,24,player,Borussia Mgladbach,0.809,648.7,576.9,682.7,671.1,38.21,36.39,19.3
445,17.8,11,player,Borussia Mgladbach,0.797,1062.5,542.7,1112.6,614.8,58.75,31.08,9.1
445,17.8,39,player,Borussia Mgladbach,0.766,305.4,358.0,336.7,433.2,20.35,13.34,27.0
445,17.8,48,player,Borussia Mgladbach,0.699,1753.0,631.5,1787.8,721.9,91.56,41.1,23.9
445,17.8,4,player,Borussia Mgladbach,0.674,98.7,1010.1,144.8,1080.0,14.09,72.47,26.6
445,17.8,13,player,Borussia Mgladbach,0.639,673.1,1039.6,725.9,1080.0,40.56,72.47,17.3
445,17.8,73,player,VfL Wolfsburg,0.613,691.8,291.2,731.7,401.7,39.95,10.17,0.0
445,17.8,69,player,Borussia Mgladbach,0.604,1033.7,294.7,1056.2,352.9,56.83,5.18,17.0
445,17.8,41,player,Borussia Mgladbach,0.591,406.6,236.1,431.2,295.1,24.7,-0.82,18.6
445,17.8,46,player,Borussia Mgladbach,0.58,854.1,326.8,883.2,392.9,47.88,9.27,20.1
445,17.8,19,player,Borussia Mgladbach,0.574,1499.6,391.9,1526.9,471.0,80.18,17.12,33.9
445,17.8,62,player,Borussia Mgladbach,0.574,574.9,291.9,604.7,355.2,33.65,5.41,24.2
445,17.8,27,player,Borussia Mgladbach,0.533,1374.8,336.9,1420.5,442.2,74.49,14.24,16.5
445,17.8,60,player,Borussia Mgladbach,0.532,970.2,304.0,1000.8,364.4,53.8,6.36,28.2
445,17.8,55,player,Borussia Mgladbach,0.515,691.1,433.1,723.5,498.6,39.91,19.84,12.4
445,17.8,22,player,Borussia Mgladbach,0.502,1035.2,381.0,1070.4,445.6,57.16,14.59,38.0
445,17.8,72,player,Borussia Mgladbach,0.414,1077.2,189.8,1101.8,239.6,59.21,-6.68,17.9
445,17.8,71,player,Borussia Mgladbach,0.345,1176.6,238.0,1198.8,292.5,64.21,-1.1,10.0
445,17.8,0,ball,Ball,0.7,966.0,233.0,974.0,244.0,53.02,-6.8,0.0
446,17.84,24,player,Borussia Mgladbach,0.814,644.5,579.5,678.8,675.1,38.02,36.76,37.6
446,17.84,57,player,Borussia Mgladbach,0.802,1283.6,892.0,1334.4,1012.3,68.64,66.78,16.9
446,17.84,39,player,Borussia Mgladbach,0.763,302.1,358.5,332.1,433.1,20.15,13.33,17.8
446,17.84,73,player,VfL Wolfsburg,0.729,688.0,287.4,726.4,399.1,39.71,9.9,31.7
446,17.84,11,player,Borussia Mgladbach,0.71,1058.9,542.1,1111.2,614.4,58.62,31.04,11.6
446,17.84,48,player,Borussia Mgladbach,0.684,1749.3,634.9,1786.0,724.3,91.42,41.33,24.4
446,17.84,13,player,Borussia Mgladbach,0.681,667.5,1037.7,720.8,1080.0,40.32,72.47,22.0
446,17.84,4,player,Borussia Mgladbach,0.653,93.9,1011.1,140.2,1080.0,13.88,72.47,19.2
446,17.84,62,player,Borussia Mgladbach,0.615,568.3,290.9,598.3,357.3,33.33,5.64,35.5
446,17.84,41,player,Borussia Mgladbach,0.606,403.8,237.6,426.1,295.8,24.5,-0.75,19.0
446,17.84,27,player,Borussia Mgladbach,0.585,1370.1,331.0,1419.2,441.5,74.34,14.17,14.6
446,17.84,60,player,Borussia Mgladbach,0.583,966.4,304.6,997.5,368.0,53.61,6.73,37.1
446,17.84,46,player,Borussia Mgladbach,0.573,853.0,328.0,881.7,393.9,47.81,9.37,10.4
446,17.84,69,player,Borussia Mgladbach,0.549,1031.0,297.4,1055.0,355.5,56.72,5.45,25.5
446,17.84,19,player,Borussia Mgladbach,0.536,1495.8,390.7,1521.4,471.3,79.94,17.14,21.4
446,17.84,55,player,Borussia Mgladbach,0.536,692.3,430.4,727.1,502.0,40.04,20.17,31.7
446,17.84,22,player,Borussia Mgladbach,0.521,1033.8,383.7,1069.4,445.0,57.1,14.52,8.1
446,17.84,50,player,VfL Wolfsburg,0.39,1734.5,549.4,1764.0,632.5,91.04,32.76,4.0
446,17.84,72,player,Borussia Mgladbach,0.335,1075.9,191.1,1098.7,239.9,59.1,-6.65,10.7
446,17.84,0,ball,Ball,0.7,964.0,233.0,973.0,244.0,52.94,-6.8,0.0
447,17.88,57,player,Borussia Mgladbach,0.82,1280.5,892.3,1329.0,1008.6,68.45,66.47,33.1
447,17.88,24,player,Borussia Mgladbach,0.808,639.7,581.5,673.9,677.0,37.79,36.95,26.5
447,17.88,11,player,Borussia Mgladbach,0.736,1054.6,540.8,1109.6,615.8,58.48,31.18,18.3
447,17.88,73,player,VfL Wolfsburg,0.734,685.3,290.5,721.9,401.0,39.54,10.09,23.6
447,17.88,60,player,Borussia Mgladbach,0.725,960.7,307.4,992.5,371.0,53.34,7.04,37.0
447,17.88,39,player,Borussia Mgladbach,0.707,297.4,358.8,327.7,431.9,19.92,13.21,23.6
447,17.88,48,player,Borussia Mgladbach,0.669,1747.2,636.1,1784.9,723.8,91.34,41.28,8.1
447,17.88,13,player,Borussia Mgladbach,0.636,663.0,1037.3,715.6,1080.0,40.1,72.47,20.1
447,17.88,22,player,Borussia Mgladbach,0.624,1034.2,385.0,1067.2,448.7,57.05,14.89,34.1
447,17.88,19,player,Borussia Mgladbach,0.619,1490.5,391.6,1519.2,472.5,79.75,17.26,20.3
447,17.88,62,player,Borussia Mgladbach,0.618,565.1,290.7,592.3,357.9,33.09,5.69,21.6
447,17.88,74,player,Borussia Mgladbach,0.604,1364.5,371.6,1403.9,442.0,73.81,14.22,0.0
447,17.88,4,player,Borussia Mgladbach,0.581,88.6,1010.9,134.5,1080.0,13.62,72.47,22.8
447,17.88,27,player,Borussia Mgladbach,0.521,1365.1,327.4,1420.0,441.3,74.23,14.15,9.9
447,17.88,46,player,Borussia Mgladbach,0.517,842.3,329.2,882.0,394.6,47.55,9.44,24.6
447,17.88,55,player,Borussia Mgladbach,0.496,696.0,431.6,724.8,499.8,40.07,19.96,19.2
447,17.88,69,player,Borussia Mgladbach,0.468,1025.7,295.3,1049.9,357.6,56.46,5.67,30.9
447,17.88,41,player,Borussia Mgladbach,0.429,399.7,239.7,422.7,295.5,24.3,-0.77,17.8
447,17.88,71,player,Borussia Mgladbach,0.32,1167.9,236.1,1194.8,293.6,63.88,-0.97,15.8
447,17.88,0,ball,Ball,0.7,963.0,234.0,971.0,245.0,52.86,-6.69,0.0
448,17.92,57,player,Borussia Mgladbach,0.822,1275.9,891.2,1326.7,1013.3,68.28,66.87,38.0
448,17.92,24,player,Borussia Mgladbach,0.788,635.9,583.4,667.9,678.8,37.55,37.11,25.5
448,17.92,60,player,Borussia Mgladbach,0.714,955.0,306.5,988.9,369.5,53.11,6.88,25.3
448,17.92,39,player,Borussia Mgladbach,0.71,294.8,358.8,324.1,431.9,19.77,13.21,14.0
448,17.92,11,player,Borussia Mgladbach,0.705,1054.4,543.1,1105.8,613.4,58.38,30.95,22.0
448,17.92,73,player,VfL Wolfsburg,0.657,680.9,291.5,715.9,401.6,39.27,10.16,24.2
448,17.92,48,player,Borussia Mgladbach,0.629,1744.6,634.3,1782.9,724.0,91.23,41.3,10.1
448,17.92,19,player,Borussia Mgladbach,0.615,1482.3,396.8,1514.2,472.9,79.42,17.3,29.9
448,17.92,27,player,Borussia Mgladbach,0.6,1359.6,361.3,1412.3,443.6,73.9,14.38,36.9
448,17.92,4,player,Borussia Mgladbach,0.598,83.7,1011.1,129.5,1080.0,13.4,72.47,20.4
448,17.92,55,player,Borussia Mgladbach,0.596,694.2,430.6,725.2,502.5,40.04,20.22,23.7
448,17.92,46,player,Borussia Mgladbach,0.596,847.2,328.3,878.2,394.4,47.58,9.42,3.1
448,17.92,22,player,Borussia Mgladbach,0.595,1032.3,385.9,1063.5,447.8,56.91,14.8,15.2
448,17.92,13,player,Borussia Mgladbach,0.557,658.9,1040.7,709.8,1080.0,39.87,72.47,20.4
448,17.92,41,player,Borussia Mgladbach,0.554,396.3,239.6,420.6,295.4,24.16,-0.79,12.9
448,17.92,69,player,Borussia Mgladbach,0.473,1020.4,297.4,1047.3,357.2,56.26,5.62,18.8
448,17.92,62,player,Borussia Mgladbach,0.459,561.3,291.5,589.4,357.3,32.92,5.63,16.6
448,17.92,71,player,Borussia Mgladbach,0.425,1168.5,236.9,1193.3,293.6,63.85,-0.97,2.2
448,17.92,0,ball,Ball,0.7,961.0,235.0,969.0,247.0,52.76,-6.53,0.0
449,17.96,57,player,Borussia Mgladbach,0.795,1272.0,892.9,1322.3,1009.1,68.1,66.51,35.8
449,17.96,39,player,Borussia Mgladbach,0.738,291.1,360.7,319.5,433.4,19.56,13.36,22.8
449,17.96,60,player,Borussia Mgladbach,0.734,953.0,306.0,984.7,370.3,52.95,6.97,15.9
449,17.96,24,player,Borussia Mgladbach,0.69,632.5,584.6,662.9,679.3,37.35,37.16,18.7
449,17.96,62,player,Borussia Mgladbach,0.679,556.6,290.6,582.1,356.3,32.62,5.53,28.7
449,17.96,11,player,Borussia Mgladbach,0.678,1053.2,542.6,1104.8,613.0,58.33,30.91,6.3
449,17.96,4,player,Borussia Mgladbach,0.67,77.5,1011.4,125.1,1080.0,13.15,72.47,21.9
449,17.96,55,player,Borussia Mgladbach,0.617,691.0,431.2,724.1,502.6,39.93,20.23,9.6
449,17.96,48,player,Borussia Mgladbach,0.607,1740.9,630.0,1778.2,722.9,91.04,41.2,19.7
449,17.96,74,player,Borussia Mgladbach,0.606,1354.7,373.0,1408.6,446.6,73.67,14.69,22.0
449,17.96,13,player,Borussia Mgladbach,0.602,654.5,1039.6,706.9,1080.0,39.7,72.47,15.1
449,17.96,46,player,Borussia Mgladbach,0.599,843.5,329.7,877.2,395.1,47.46,9.49,12.3
449,17.96,22,player,Borussia Mgladbach,0.599,1027.5,385.8,1063.0,447.7,56.78,14.8,11.9
449,17.96,41,player,Borussia Mgladbach,0.581,393.1,238.0,417.0,297.8,23.99,-0.54,27.0
449,17.96,73,player,VfL Wolfsburg,0.576,676.8,292.4,712.9,403.7,39.1,10.36,24.4
449,17.96,19,player,Borussia Mgladbach,0.571,1478.8,395.7,1511.5,471.9,79.27,17.2,16.4
449,17.96,69,player,Borussia Mgladbach,0.475,1019.5,298.1,1044.8,357.9,56.17,5.69,10.3
449,17.96,71,player,Borussia Mgladbach,0.445,1163.4,237.0,1191.6,295.5,63.67,-0.78,23.8
449,17.96,0,ball,Ball,0.7,959.0,237.0,968.0,248.0,52.68,-6.37,0.0
450,18.0,57,player,Borussia Mgladbach,0.791,1268.2,893.5,1316.0,1013.8,67.86,66.91,38.0
450,18.0,39,player,Borussia Mgladbach,0.764,286.7,360.1,315.1,434.7,19.35,13.49,22.6
450,18.0,55,player,Borussia Mgladbach,0.735,686.8,431.7,723.3,506.7,39.81,20.64,37.7
450,18.0,24,player,Borussia Mgladbach,0.73,627.7,585.3,656.1,681.2,37.08,37.34,29.6
450,18.0,46,player,Borussia Mgladbach,0.705,840.8,329.1,873.0,394.7,47.28,9.45,16.1
450,18.0,60,player,Borussia Mgladbach,0.691,951.5,309.0,982.6,374.0,52.86,7.35,35.2
450,18.0,19,player,Borussia Mgladbach,0.658,1473.3,395.3,1510.6,470.7,79.11,17.08,17.9
450,18.0,11,player,Borussia Mgladbach,0.651,1061.6,537.6,1104.7,606.4,58.54,30.28,38.0
450,18.0,4,player,Borussia Mgladbach,0.642,74.2,1013.4,119.2,1080.0,12.94,72.47,18.8
450,18.0,69,player,Borussia Mgladbach,0.639,1015.0,295.7,1040.0,357.5,55.94,5.65,21.6
450,18.0,62,player,Borussia Mgladbach,0.611,552.9,290.7,576.1,358.3,32.37,5.73,28.1
450,18.0,13,player,Borussia Mgladbach,0.598,650.1,1038.9,702.8,1080.0,39.51,72.47,17.4
450,18.0,41,player,Borussia Mgladbach,0.596,387.2,239.1,412.2,297.3,23.72,-0.59,25.4
450,18.0,22,player,Borussia Mgladbach,0.579,1022.9,386.9,1063.6,448.0,56.68,14.82,9.5
450,18.0,48,player,Borussia Mgladbach,0.56,1736.9,621.3,1775.7,723.1,90.88,41.21,14.5
450,18.0,73,player,VfL Wolfsburg,0.516,671.6,295.1,706.3,404.4,38.8,10.44,27.4
450,18.0,74,player,Borussia Mgladbach,0.487,1352.7,377.2,1386.7,446.1,73.07,14.63,38.0
450,18.0,71,player,Borussia Mgladbach,0.353,1161.3,240.4,1189.8,295.5,63.58,-0.77,8.8
450,18.0,0,ball,Ball,0.7,956.0,238.0,967.0,252.0,52.58,-6.11,0.0
451,18.04,24,player,Borussia Mgladbach,0.791,622.6,586.8,651.2,680.6,36.83,37.28,22.7
451,18.04,57,player,Borussia Mgladbach,0.754,1264.6,890.9,1313.8,1013.9,67.72,66.92,12.3
451,18.04,11,player,Borussia Mgladbach,0.752,1065.8,536.5,1103.8,604.2,58.62,30.07,20.3
451,18.04,55,player,Borussia Mgladbach,0.749,686.2,432.5,720.8,504.3,39.73,20.4,22.5
451,18.04,39,player,Borussia Mgladbach,0.721,281.5,360.0,311.9,434.7,19.14,13.49,18.9
451,18.04,46,player,Borussia Mgladbach,0.72,838.1,329.1,871.1,395.4,47.17,9.53,12.4
451,18.04,60,player,Borussia Mgladbach,0.675,951.9,310.7,980.9,372.6,52.83,7.21,13.2
451,18.04,19,player,Borussia Mgladbach,0.668,1470.8,397.1,1508.7,471.5,79.0,17.17,13.1
451,18.04,69,player,Borussia Mgladbach,0.665,1009.8,295.8,1034.4,357.2,55.66,5.62,25.0
451,18.04,48,player,Borussia Mgladbach,0.637,1734.3,618.5,1772.0,720.3,90.74,40.96,26.4
451,18.04,13,player,Borussia Mgladbach,0.627,644.2,1038.6,696.7,1080.0,39.23,72.47,24.7
451,18.04,22,player,Borussia Mgladbach,0.599,1018.5,388.4,1061.1,450.0,56.5,15.02,23.5
451,18.04,62,player,Borussia Mgladbach,0.591,547.2,289.5,572.9,356.9,32.14,5.59,24.2
451,18.04,4,player,Borussia Mgladbach,0.589,67.1,1014.4,113.1,1080.0,12.64,72.47,27.3
451,18.04,74,player,Borussia Mgladbach,0.552,1347.8,381.5,1382.6,448.2,72.84,14.85,28.5
451,18.04,41,player,Borussia Mgladbach,0.542,382.1,241.3,408.1,297.8,23.48,-0.53,21.6
451,18.04,73,player,VfL Wolfsburg,0.519,665.6,295.1,703.8,405.1,38.59,10.51,20.3
451,18.04,0,ball,Ball,0.7,954.0,239.0,967.0,251.0,52.53,-6.11,0.0
452,18.08,24,player,Borussia Mgladbach,0.769,620.2,586.3,647.6,679.9,36.68,37.22,14.3
452,18.08,11,player,Borussia Mgladbach,0.753,1057.5,533.6,1106.4,604.6,58.48,30.11,13.3
452,18.08,57,player,Borussia Mgladbach,0.749,1259.2,893.7,1306.9,1016.6,67.43,67.15,33.3
452,18.08,39,player,Borussia Mgladbach,0.739,277.2,360.6,305.5,435.0,18.87,13.52,24.3
452,18.08,48,player,Borussia Mgladbach,0.719,1730.3,616.7,1770.1,721.0,90.6,41.02,14.3
452,18.08,55,player,Borussia Mgladbach,0.704,686.5,433.3,720.0,503.9,39.72,20.36,3.5
452,18.08,46,player,Borussia Mgladbach,0.688,836.8,329.5,868.1,395.1,47.06,9.49,10.4
452,18.08,19,player,Borussia Mgladbach,0.599,1468.3,396.2,1506.6,472.7,78.88,17.29,15.0
452,18.08,69,player,Borussia Mgladbach,0.596,1006.5,297.4,1032.3,360.0,55.52,5.91,29.2
452,18.08,41,player,Borussia Mgladbach,0.592,381.3,243.6,404.1,299.1,23.36,-0.4,15.7
452,18.08,22,player,Borussia Mgladbach,0.582,1016.4,389.3,1060.6,453.0,56.44,15.32,28.2
452,18.08,13,player,Borussia Mgladbach,0.577,638.7,1039.1,690.5,1080.0,38.96,72.47,24.2
452,18.08,4,player,Borussia Mgladbach,0.547,61.8,1015.0,108.4,1079.9,12.41,72.47,20.9
452,18.08,60,player,Borussia Mgladbach,0.498,946.9,310.3,977.4,371.2,52.61,7.06,23.6
452,18.08,74,player,Borussia Mgladbach,0.465,1342.5,385.0,1380.1,449.0,72.64,14.92,19.3
452,18.08,62,player,Borussia Mgladbach,0.461,542.8,290.7,567.1,357.6,31.88,5.67,24.0
452,18.08,73,player,VfL Wolfsburg,0.427,663.5,295.0,697.9,396.9,38.37,9.67,38.0
452,18.08,0,ball,Ball,0.7,952.0,237.0,966.0,251.0,52.45,-6.21,0.0
453,18.12,57,player,Borussia Mgladbach,0.774,1253.4,891.9,1304.3,1019.4,67.23,67.39,27.9
453,18.12,24,player,Borussia Mgladbach,0.77,614.4,588.1,641.6,681.3,36.4,37.34,27.8
453,18.12,11,player,Borussia Mgladbach,0.732,1053.9,533.0,1106.6,605.5,58.4,30.19,10.7
453,18.12,46,player,Borussia Mgladbach,0.678,834.3,329.3,865.1,395.8,46.92,9.56,14.1
453,18.12,39,player,Borussia Mgladbach,0.669,272.6,362.4,303.4,437.0,18.71,13.72,23.4
453,18.12,19,player,Borussia Mgladbach,0.634,1462.1,393.3,1505.0,472.4,78.69,17.25,17.6
453,18.12,4,player,Borussia Mgladbach,0.625,54.7,1016.4,102.6,1080.0,12.12,72.47,26.5
453,18.12,48,player,Borussia Mgladbach,0.62,1723.9,611.6,1770.3,721.8,90.44,41.1,15.8
453,18.12,22,player,Borussia Mgladbach,0.61,1016.1,390.4,1060.3,454.4,56.42,15.46,12.3
453,18.12,69,player,Borussia Mgladbach,0.545,1006.5,298.2,1026.8,353.0,55.38,5.19,38.0
453,18.12,55,player,Borussia Mgladbach,0.537,687.6,435.7,717.2,503.0,39.67,20.28,8.6
453,18.12,74,player,Borussia Mgladbach,0.531,1337.6,386.5,1376.4,448.3,72.43,14.86,20.0
453,18.12,13,player,Borussia Mgladbach,0.473,634.8,1041.0,686.0,1080.0,38.77,72.47,17.3
453,18.12,60,player,Borussia Mgladbach,0.468,944.6,308.8,975.4,369.9,52.5,6.92,15.9
453,18.12,73,player,VfL Wolfsburg,0.436,658.0,297.2,693.8,407.7,38.15,10.77,38.0
453,18.12,62,player,Borussia Mgladbach,0.404,538.4,290.7,561.1,356.8,31.62,5.58,25.3
453,18.12,71,player,Borussia Mgladbach,0.395,1154.3,240.5,1181.0,297.8,63.17,-0.54,14.1
453,18.12,41,player,Borussia Mgladbach,0.371,373.3,245.7,398.8,298.8,23.02,-0.43,30.8
453,18.12,0,ball,Ball,0.7,950.0,236.0,964.0,250.0,52.34,-6.32,0.0
454,18.16,57,player,Borussia Mgladbach,0.787,1249.9,896.4,1301.4,1020.6,67.08,67.49,16.3
454,18.16,39,player,Borussia Mgladbach,0.738,269.6,364.3,296.8,434.9,18.46,13.52,29.4
454,18.16,11,player,Borussia Mgladbach,0.724,1049.7,534.0,1108.6,602.5,58.35,29.92,25.4
454,18.16,19,player,Borussia Mgladbach,0.684,1458.2,391.3,1502.3,475.1,78.51,17.52,28.8
454,18.16,4,player,Borussia Mgladbach,0.664,49.7,1017.6,96.5,1080.0,11.86,72.47,22.7
454,18.16,48,player,Borussia Mgladbach,0.658,1719.9,635.5,1769.1,722.7,90.31,41.18,13.6
454,18.16,62,player,Borussia Mgladbach,0.586,534.7,292.1,559.1,358.0,31.48,5.7,16.6
454,18.16,24,player,Borussia Mgladbach,0.585,609.8,587.3,637.1,683.2,36.19,37.52,25.3
454,18.16,46,player,Borussia Mgladbach,0.572,831.1,329.6,861.6,395.8,46.75,9.57,15.3
454,18.16,73,player,VfL Wolfsburg,0.539,655.0,297.3,688.9,412.8,37.96,11.29,38.0
454,18.16,22,player,Borussia Mgladbach,0.528,1020.6,389.4,1060.1,457.0,56.53,15.72,25.2
454,18.16,55,player,Borussia Mgladbach,0.503,686.3,437.7,715.4,508.2,39.61,20.78,38.0
454,18.16,71,player,Borussia Mgladbach,0.496,1153.5,240.8,1179.3,297.8,63.1,-0.53,5.9
454,18.16,69,player,Borussia Mgladbach,0.487,1000.9,297.0,1023.0,359.8,55.14,5.89,38.0
454,18.16,74,player,Borussia Mgladbach,0.471,1335.4,385.4,1377.8,444.8,72.42,14.5,32.2
454,18.16,60,player,Borussia Mgladbach,0.465,942.4,314.9,973.3,374.0,52.39,7.35,38.0
454,18.16,13,player,Borussia Mgladbach,0.462,630.7,1040.6,681.8,1080.0,38.58,72.47,16.9
454,18.16,41,player,Borussia Mgladbach,0.458,369.9,243.3,392.6,298.0,22.78,-0.51,23.5
454,18.16,27,player,Borussia Mgladbach,0.45,1336.4,336.8,1393.3,445.3,72.83,14.55,0.0
454,18.16,0,ball,Ball,0.7,953.0,224.0,961.0,233.0,52.34,-7.87,0.0
455,18.2,39,player,Borussia Mgladbach,0.777,262.9,363.6,294.0,435.4,18.22,13.56,21.9
455,18.2,24,player,Borussia Mgladbach,0.751,605.1,587.9,631.9,684.1,35.95,37.61,22.8
455,18.2,57,player,Borussia Mgladbach,0.743,1244.0,896.2,1295.8,1020.6,66.82,67.48,23.8
455,18.2,11,player,Borussia Mgladbach,0.727,1047.2,531.1,1108.9,602.7,58.29,29.93,5.2
455,18.2,48,player,Borussia Mgladbach,0.706,1714.3,636.9,1767.2,722.8,90.13,41.19,16.4
455,18.2,4,player,Borussia Mgladbach,0.653,41.8,1018.2,90.4,1080.0,11.54,72.47,29.0
455,18.2,19,player,Borussia Mgladbach,0.582,1456.6,390.7,1497.5,473.8,78.36,17.39,17.7
455,18.2,13,player,Borussia Mgladbach,0.553,624.9,1040.9,678.1,1080.0,38.36,72.47,19.7
455,18.2,22,player,Borussia Mgladbach,0.55,1022.5,391.3,1059.2,457.7,56.55,15.79,6.5
455,18.2,62,player,Borussia Mgladbach,0.537,529.1,291.1,551.9,356.6,31.15,5.56,32.5
455,18.2,41,player,Borussia Mgladbach,0.515,365.5,241.7,389.9,299.6,22.6,-0.35,21.7
455,18.2,60,player,Borussia Mgladbach,0.508,936.3,312.5,969.6,374.5,52.14,7.39,22.5
455,18.2,46,player,Borussia Mgladbach,0.498,827.7,329.6,857.6,397.7,46.57,9.75,23.4
455,18.2,74,player,Borussia Mgladbach,0.492,1332.0,384.3,1374.1,444.9,72.24,14.52,16.1
455,18.2,55,player,Borussia Mgladbach,0.451,682.8,440.2,712.5,506.0,39.45,20.57,24.2
455,18.2,73,player,VfL Wolfsburg,0.394,650.4,299.3,685.6,413.5,37.76,11.36,19.0
455,18.2,69,player,Borussia Mgladbach,0.356,997.6,294.9,1021.4,354.7,55.02,5.37,38.0
455,18.2,27,player,Borussia Mgladbach,0.327,1334.1,337.8,1389.2,445.1,72.67,14.53,14.6
455,18.2,0,ball,Ball,0.7,951.0,225.0,959.0,232.0,52.24,-7.87,0.0
456,18.24,39,player,Borussia Mgladbach,0.791,259.1,364.7,289.1,437.6,18.01,13.78,27.5
456,18.24,24,player,Borussia Mgladbach,0.762,598.1,587.9,625.5,680.6,35.61,37.28,38.0
456,18.24,57,player,Borussia Mgladbach,0.753,1240.7,895.3,1291.3,1020.8,66.64,67.5,16.2
456,18.24,19,player,Borussia Mgladbach,0.738,1456.2,389.8,1491.9,475.4,78.2,17.55,20.3
456,18.24,11,player,Borussia Mgladbach,0.726,1048.7,533.0,1110.5,596.1,58.37,29.3,38.0
456,18.24,48,player,Borussia Mgladbach,0.716,1709.0,636.0,1763.6,723.2,89.91,41.22,19.6
456,18.24,4,player,Borussia Mgladbach,0.63,36.4,1017.8,84.7,1080.0,11.29,72.47,23.0
456,18.24,60,player,Borussia Mgladbach,0.629,931.1,311.0,966.6,377.1,51.94,7.66,30.3
456,18.24,46,player,Borussia Mgladbach,0.592,826.0,330.1,855.1,399.1,46.46,9.9,16.3
456,18.24,62,player,Borussia Mgladbach,0.583,522.6,291.5,549.0,357.6,30.91,5.66,23.1
456,18.24,13,player,Borussia Mgladbach,0.571,618.9,1040.9,672.9,1080.0,38.11,72.47,23.1
456,18.24,22,player,Borussia Mgladbach,0.553,1011.1,394.2,1058.0,462.6,56.23,16.28,38.0
456,18.24,69,player,Borussia Mgladbach,0.48,994.0,294.6,1015.9,356.1,54.79,5.51,24.4
456,18.24,74,player,Borussia Mgladbach,0.473,1326.6,384.0,1373.2,445.9,72.08,14.62,17.0
456,18.24,41,player,Borussia Mgladbach,0.458,359.8,244.3,385.8,298.9,22.34,-0.42,24.0
456,18.24,27,player,Borussia Mgladbach,0.399,1336.7,336.4,1388.4,441.7,72.73,14.19,31.1
456,18.24,55,player,Borussia Mgladbach,0.399,680.8,439.2,711.8,503.7,39.37,20.35,20.8
456,18.24,73,player,VfL Wolfsburg,0.368,646.0,304.0,678.6,414.4,37.48,11.45,26.7
456,18.24,75,player,VfL Wolfsburg,0.364,932.1,226.3,964.3,266.0,51.89,-3.88,0.0
456,18.24,0,ball,Ball,0.7,285.0,228.0,299.0,239.0,17.84,-7.33,0.0
457,18.28,19,player,Borussia Mgladbach,0.743,1454.2,392.7,1488.4,476.4,78.05,17.65,15.6
457,18.28,57,player,Borussia Mgladbach,0.742,1235.2,896.1,1285.9,1018.8,66.39,67.33,27.0
457,18.28,39,player,Borussia Mgladbach,0.701,254.9,365.3,282.7,438.2,17.75,13.85,24.3
457,18.28,60,player,Borussia Mgladbach,0.686,930.2,311.9,963.3,378.9,51.83,7.84,19.4
457,18.28,4,player,Borussia Mgladbach,0.667,30.5,1022.9,77.5,1080.0,10.99,72.47,26.9
457,18.28,69,player,Borussia Mgladbach,0.651,989.1,294.8,1009.5,355.4,54.5,5.43,26.9
457,18.28,22,player,Borussia Mgladbach,0.65,1018.9,394.5,1057.0,475.7,56.39,17.58,38.0
457,18.28,62,player,Borussia Mgladbach,0.634,517.4,291.4,543.3,358.1,30.63,5.72,25.4
457,18.28,24,player,Borussia Mgladbach,0.628,594.6,587.4,621.0,683.3,35.43,37.53,28.2
457,18.28,48,player,Borussia Mgladbach,0.625,1705.7,579.6,1761.9,721.9,89.8,41.11,14.6
457,18.28,46,player,Borussia Mgladbach,0.613,824.1,330.2,852.7,398.5,46.35,9.83,11.6
457,18.28,11,player,Borussia Mgladbach,0.587,1061.0,532.4,1110.9,594.2,58.68,29.12,32.5
457,18.28,27,player,Borussia Mgladbach,0.482,1332.0,335.7,1386.1,446.7,72.54,14.69,38.0
457,18.28,55,player,Borussia Mgladbach,0.451,679.8,439.8,706.9,505.7,39.23,20.54,21.7
457,18.28,13,player,Borussia Mgladbach,0.428,613.2,1044.5,663.8,1080.0,37.77,72.47,30.6
457,18.28,71,player,Borussia Mgladbach,0.407,1143.7,242.1,1173.9,301.5,62.71,-0.15,16.5
457,18.28,73,player,VfL Wolfsburg,0.396,643.8,303.9,679.6,406.9,37.43,10.69,38.0
457,18.28,74,player,Borussia Mgladbach,0.376,1320.3,386.1,1369.9,448.5,71.83,14.88,32.5
457,18.28,75,player,VfL Wolfsburg,0.351,930.0,227.1,959.8,266.1,51.72,-3.87,15.4
457,18.28,41,player,Borussia Mgladbach,0.35,358.0,243.5,378.2,298.1,22.1,-0.5,23.1
457,18.28,0,ball,Ball,0.7,280.0,228.0,295.0,239.0,17.61,-7.33,0.0
458,18.32,57,player,Borussia Mgladbach,0.768,1231.0,894.3,1283.8,1021.5,66.24,67.56,24.4
458,18.32,4,player,Borussia Mgladbach,0.703,25.0,1019.4,71.9,1080.0,10.73,72.47,22.9
458,18.32,19,player,Borussia Mgladbach,0.7,1451.2,395.6,1486.5,476.3,77.93,17.64,11.0
458,18.32,24,player,Borussia Mgladbach,0.697,588.8,586.2,616.5,682.5,35.17,37.45,23.9
458,18.32,11,player,Borussia Mgladbach,0.659,1066.3,531.9,1111.1,593.0,58.82,29.0,16.0
458,18.32,46,player,Borussia Mgladbach,0.646,820.5,331.1,848.2,398.9,46.15,9.88,18.7
458,18.32,39,player,Borussia Mgladbach,0.632,249.4,367.3,280.8,439.5,17.57,13.97,19.9
458,18.32,55,player,Borussia Mgladbach,0.629,676.1,437.7,704.2,509.8,39.08,20.94,38.0
458,18.32,48,player,Borussia Mgladbach,0.627,1712.1,632.4,1760.1,721.4,89.91,41.06,11.0
458,18.32,60,player,Borussia Mgladbach,0.607,930.4,315.8,959.7,378.6,51.74,7.82,7.9
458,18.32,69,player,Borussia Mgladbach,0.534,985.4,296.6,1004.8,356.6,54.29,5.56,22.2
458,18.32,62,player,Borussia Mgladbach,0.498,513.5,294.8,539.3,356.9,30.43,5.59,21.4
458,18.32,13,player,Borussia Mgladbach,0.435,609.9,1044.0,659.9,1080.0,37.61,72.47,14.6
458,18.32,71,player,Borussia Mgladbach,0.385,1140.0,243.4,1170.9,302.9,62.53,-0.0,20.9
458,18.32,41,player,Borussia Mgladbach,0.371,349.5,247.2,369.4,297.8,21.65,-0.54,38.0
458,18.32,75,player,VfL Wolfsburg,0.351,930.3,226.0,955.1,268.4,51.61,-3.62,24.7
458,18.32,73,player,VfL Wolfsburg,0.348,637.1,301.2,677.7,405.7,37.21,10.56,23.0
458,18.32,22,player,Borussia Mgladbach,0.321,1017.5,392.2,1056.3,454.7,56.36,15.49,38.0
458,18.32,74,player,Borussia Mgladbach,0.31,1316.8,386.3,1363.6,447.9,71.59,14.81,22.7
458,18.32,0,ball,Ball,0.7,275.0,228.0,289.0,240.0,17.33,-7.28,0.0
459,18.36,57,player,Borussia Mgladbach,0.787,1225.8,896.3,1279.3,1021.5,66.01,67.56,20.1
459,18.36,39,player,Borussia Mgladbach,0.723,245.1,368.7,275.5,439.8,17.33,14.0,21.6
459,18.36,4,player,Borussia Mgladbach,0.667,15.7,1022.1,65.6,1079.8,10.37,72.46,32.3
459,18.36,11,player,Borussia Mgladbach,0.66,1066.4,533.5,1111.0,592.4,58.82,28.94,5.0
459,18.36,48,player,Borussia Mgladbach,0.651,1715.4,626.5,1756.6,719.5,89.92,40.89,15.9
459,18.36,24,player,Borussia Mgladbach,0.644,583.5,586.3,611.5,683.2,34.93,37.52,23.0
459,18.36,46,player,Borussia Mgladbach,0.644,815.6,334.8,844.9,399.5,45.94,9.94,19.7
459,18.36,62,player,Borussia Mgladbach,0.614,507.6,292.1,533.3,358.3,30.13,5.74,29.8
459,18.36,19,player,Borussia Mgladbach,0.6,1445.7,394.9,1480.5,475.2,77.65,17.53,27.1
459,18.36,22,player,Borussia Mgladbach,0.597,1011.9,392.7,1056.3,460.1,56.21,16.03,38.0
459,18.36,60,player,Borussia Mgladbach,0.596,929.7,317.2,958.2,381.0,51.69,8.06,22.3
459,18.36,55,player,Borussia Mgladbach,0.536,673.2,438.2,705.1,513.8,39.04,21.34,36.0
459,18.36,73,player,VfL Wolfsburg,0.524,632.1,302.0,673.5,410.5,36.99,11.06,38.0
459,18.36,41,player,Borussia Mgladbach,0.487,345.0,245.3,367.4,297.6,21.48,-0.55,15.0
459,18.36,69,player,Borussia Mgladbach,0.443,980.7,297.2,999.7,354.1,54.04,5.3,32.4
459,18.36,74,player,Borussia Mgladbach,0.427,1309.5,387.3,1363.3,451.6,71.38,15.18,38.0
459,18.36,13,player,Borussia Mgladbach,0.416,604.3,1043.1,654.7,1080.0,37.36,72.47,22.5
459,18.36,0,ball,Ball,0.7,271.0,228.0,285.0,241.0,17.12,-7.23,0.0
460,18.4,57,player,Borussia Mgladbach,0.764,1222.0,896.1,1274.4,1024.4,65.81,67.8,28.8
460,18.4,4,player,Borussia Mgladbach,0.714,11.8,1024.2,58.9,1079.1,10.13,72.4,22.8
460,18.4,39,player,Borussia Mgladbach,0.714,239.7,368.0,273.4,439.9,17.14,14.01,17.0
460,18.4,11,player,Borussia Mgladbach,0.701,1071.2,531.0,1112.8,594.8,58.98,29.18,25.4
460,18.4,24,player,Borussia Mgladbach,0.695,578.6,589.4,607.1,683.6,34.7,37.56,20.5
460,18.4,46,player,Borussia Mgladbach,0.651,812.4,335.9,841.4,402.9,45.77,10.29,34.2
460,18.4,48,player,Borussia Mgladbach,0.597,1710.6,625.8,1753.8,718.7,89.74,40.81,17.7
460,18.4,62,player,Borussia Mgladbach,0.568,501.9,292.8,528.0,360.3,29.86,5.94,30.5
460,18.4,60,player,Borussia Mgladbach,0.566,926.9,318.2,955.2,383.3,51.54,8.29,24.6
460,18.4,13,player,Borussia Mgladbach,0.543,599.0,1041.2,649.9,1080.0,37.12,72.47,20.9
460,18.4,19,player,Borussia Mgladbach,0.524,1440.4,399.3,1478.2,475.6,77.46,17.57,17.5
460,18.4,22,player,Borussia Mgladbach,0.515,1013.2,397.4,1055.8,464.3,56.23,16.44,37.5
460,18.4,73,player,VfL Wolfsburg,0.5,626.6,305.2,673.8,414.3,36.87,11.44,36.0
460,18.4,41,player,Borussia Mgladbach,0.497,340.1,246.1,362.9,299.8,21.25,-0.32,29.4
460,18.4,74,player,Borussia Mgladbach,0.482,1309.9,388.6,1361.6,450.9,71.36,15.11,6.8
460,18.4,69,player,Borussia Mgladbach,0.456,975.8,296.5,997.6,356.6,53.86,5.56,28.6
460,18.4,55,player,Borussia Mgladbach,0.399,671.1,441.8,702.3,507.4,38.9,20.71,38.0
460,18.4,0,ball,Ball,0.7,267.0,228.0,282.0,241.0,16.94,-7.23,0.0
461,18.44,4,player,Borussia Mgladbach,0.758,5.4,1026.7,52.2,1079.9,9.83,72.46,27.3
461,18.44,57,player,Borussia Mgladbach,0.73,1219.8,897.1,1269.9,1024.0,65.65,67.77,14.0
461,18.44,39,player,Borussia Mgladbach,0.712,235.9,372.0,266.9,441.1,16.89,14.14,25.4
461,18.44,24,player,Borussia Mgladbach,0.709,573.4,591.2,601.4,683.1,34.44,37.51,24.3
461,18.44,22,player,Borussia Mgladbach,0.662,1014.5,396.9,1056.1,468.0,56.27,16.81,33.2
461,18.44,46,player,Borussia Mgladbach,0.654,810.7,336.2,838.8,402.5,45.66,10.24,10.6
461,18.44,11,player,Borussia Mgladbach,0.591,1072.9,525.1,1120.4,593.4,59.21,29.04,23.8
461,18.44,73,player,VfL Wolfsburg,0.587,623.4,334.4,656.1,416.1,36.35,11.62,38.0
461,18.44,19,player,Borussia Mgladbach,0.586,1433.6,402.0,1475.5,475.6,77.22,17.57,21.4
461,18.44,55,player,Borussia Mgladbach,0.567,665.1,443.8,703.8,514.2,38.8,21.37,38.0
461,18.44,62,player,Borussia Mgladbach,0.542,496.2,294.3,523.5,359.7,29.6,5.88,24.4
461,18.44,74,player,Borussia Mgladbach,0.523,1307.7,388.6,1357.1,452.2,71.18,15.24,19.5
461,18.44,69,player,Borussia Mgladbach,0.517,972.3,298.1,994.2,361.3,53.68,6.04,38.0
461,18.44,48,player,Borussia Mgladbach,0.5,1703.3,573.6,1753.1,719.1,89.54,40.85,17.8
461,18.44,60,player,Borussia Mgladbach,0.495,926.2,320.2,951.9,380.5,51.44,8.01,27.0
461,18.44,13,player,Borussia Mgladbach,0.472,591.8,1040.7,643.3,1080.0,36.81,72.47,28.2
461,18.44,41,player,Borussia Mgladbach,0.379,335.0,249.4,358.2,299.5,21.0,-0.36,23.0
461,18.44,0,ball,Ball,0.7,264.0,229.0,277.0,242.0,16.74,-7.12,0.0
462,18.48,4,player,Borussia Mgladbach,0.756,1.1,1024.3,47.1,1079.6,9.61,72.44,19.7
462,18.48,24,player,Borussia Mgladbach,0.716,568.1,591.4,597.4,684.4,34.22,37.63,22.7
462,18.48,19,player,Borussia Mgladbach,0.7,1428.6,404.4,1474.0,475.1,77.06,17.52,15.3
462,18.48,22,player,Borussia Mgladbach,0.699,1017.7,397.8,1056.1,472.2,56.35,17.24,38.0
462,18.48,57,player,Borussia Mgladbach,0.691,1214.8,894.1,1266.4,1026.7,65.45,68.0,27.3
462,18.48,39,player,Borussia Mgladbach,0.658,230.9,372.0,260.8,440.4,16.61,14.07,26.2
462,18.48,46,player,Borussia Mgladbach,0.639,808.5,337.6,833.0,401.3,45.46,10.13,21.2
462,18.48,69,player,Borussia Mgladbach,0.593,966.7,299.8,991.2,360.9,53.46,6.0,20.2
462,18.48,74,player,Borussia Mgladbach,0.567,1308.9,386.9,1353.0,452.2,71.11,15.25,6.6
462,18.48,73,player,VfL Wolfsburg,0.544,617.7,340.8,649.7,413.3,36.04,11.34,37.4
462,18.48,62,player,Borussia Mgladbach,0.527,492.5,293.7,519.3,358.6,29.39,5.77,20.7
462,18.48,11,player,Borussia Mgladbach,0.526,1073.0,535.5,1113.7,591.8,59.05,28.88,20.3
462,18.48,48,player,Borussia Mgladbach,0.518,1700.9,616.3,1753.6,719.3,89.5,40.87,4.3
462,18.48,60,player,Borussia Mgladbach,0.484,922.3,321.6,952.0,379.6,51.34,7.91,12.1
462,18.48,13,player,Borussia Mgladbach,0.398,587.6,1043.7,638.4,1080.0,36.6,72.47,18.8
462,18.48,55,player,Borussia Mgladbach,0.383,663.1,444.9,700.6,511.0,38.67,21.06,31.0
462,18.48,41,player,Borussia Mgladbach,0.382,333.4,250.8,352.9,301.9,20.83,-0.1,27.5
462,18.48,71,player,Borussia Mgladbach,0.336,1136.0,252.2,1157.7,302.6,62.09,-0.03,9.9
462,18.48,0,ball,Ball,0.7,261.0,229.0,274.0,242.0,16.58,-7.12,0.0
463,18.52,57,player,Borussia Mgladbach,0.717,1210.9,892.0,1262.5,1025.6,65.27,67.91,18.2
463,18.52,24,player,Borussia Mgladbach,0.69,563.4,590.4,592.3,684.4,33.98,37.63,21.6
463,18.52,22,player,Borussia Mgladbach,0.689,1020.9,400.4,1055.9,472.0,56.42,17.21,7.1
463,18.52,19,player,Borussia Mgladbach,0.662,1424.3,404.4,1472.1,476.3,76.9,17.64,18.0
463,18.52,39,player,Borussia Mgladbach,0.631,226.2,371.7,256.9,441.5,16.4,14.18,21.2
463,18.52,4,player,Borussia Mgladbach,0.631,0.3,1025.0,42.9,1079.7,9.5,72.45,10.3
463,18.52,46,player,Borussia Mgladbach,0.6,805.0,338.4,830.8,402.2,45.32,10.21,15.0
463,18.52,11,player,Borussia Mgladbach,0.576,1068.9,531.9,1120.1,594.3,59.11,29.13,22.3
463,18.52,48,player,Borussia Mgladbach,0.574,1696.9,637.9,1755.6,723.0,89.43,41.21,31.3
463,18.52,62,player,Borussia Mgladbach,0.557,488.2,294.3,513.8,357.8,29.14,5.68,24.4
463,18.52,69,player,Borussia Mgladbach,0.542,962.2,300.7,986.5,364.5,53.23,6.37,38.0
463,18.52,74,player,Borussia Mgladbach,0.521,1308.7,386.3,1351.4,452.3,71.06,15.25,4.0
463,18.52,73,player,VfL Wolfsburg,0.442,615.2,341.1,645.2,416.6,35.86,11.67,33.4
463,18.52,60,player,Borussia Mgladbach,0.408,920.5,323.7,947.9,381.0,51.19,8.06,19.2
463,18.52,13,player,Borussia Mgladbach,0.384,583.8,1043.8,634.4,1080.0,36.42,72.47,16.1
463,18.52,55,player,Borussia Mgladbach,0.347,660.3,446.8,696.2,514.4,38.5,21.39,34.1
463,18.52,71,player,Borussia Mgladbach,0.308,1134.4,253.2,1155.5,306.3,61.99,0.36,36.2
463,18.52,0,ball,Ball,0.7,258.0,229.0,270.0,242.0,16.4,-7.12,0.0
464,18.56,57,player,Borussia Mgladbach,0.709,1206.8,894.8,1260.1,1025.2,65.12,67.87,13.9
464,18.56,24,player,Borussia Mgladbach,0.695,556.6,593.4,588.1,689.8,33.73,38.13,38.0
464,18.56,19,player,Borussia Mgladbach,0.686,1418.6,407.1,1470.3,475.1,76.72,17.52,19.7
464,18.56,22,player,Borussia Mgladbach,0.662,1024.0,400.8,1055.0,471.6,56.48,17.18,6.0
464,18.56,11,player,Borussia Mgladbach,0.636,1069.6,530.6,1124.8,596.5,59.24,29.34,22.6
464,18.56,39,player,Borussia Mgladbach,0.624,222.7,373.1,252.5,441.6,16.2,14.18,17.8
464,18.56,46,player,Borussia Mgladbach,0.605,800.6,337.3,827.2,403.1,45.12,10.3,19.8
464,18.56,62,player,Borussia Mgladbach,0.586,482.4,293.8,508.5,358.8,28.86,5.78,26.5
464,18.56,48,player,Borussia Mgladbach,0.582,1695.0,638.2,1754.3,724.1,89.35,41.31,12.1
464,18.56,69,player,Borussia Mgladbach,0.545,960.0,300.3,983.2,362.2,53.09,6.13,24.5
464,18.56,27,player,Borussia Mgladbach,0.472,1310.8,334.7,1369.3,449.2,71.58,14.95,0.0
464,18.56,60,player,Borussia Mgladbach,0.469,914.3,324.5,944.4,383.1,50.95,8.27,28.9
464,18.56,73,player,VfL Wolfsburg,0.457,609.2,341.3,641.8,414.8,35.62,11.49,27.1
464,18.56,4,player,Borussia Mgladbach,0.441,0.2,1026.7,36.3,1079.8,9.35,72.46,13.8
464,18.56,71,player,Borussia Mgladbach,0.413,1129.6,252.4,1153.5,304.8,61.82,0.19,21.5
464,18.56,13,player,Borussia Mgladbach,0.37,579.5,1042.1,631.1,1080.0,36.25,72.47,15.6
464,18.56,41,player,Borussia Mgladbach,0.317,321.1,249.4,346.7,302.4,20.37,-0.06,21.2
464,18.56,74,player,Borussia Mgladbach,0.316,1308.5,385.6,1357.0,450.8,71.21,15.11,18.0
464,18.56,0,ball,Ball,0.7,254.0,230.0,265.0,241.0,16.17,-7.12,0.0
465,18.6,24,player,Borussia Mgladbach,0.808,550.8,593.5,581.9,689.1,33.43,38.07,27.1
465,18.6,39,player,Borussia Mgladbach,0.753,218.3,372.4,248.3,441.0,15.98,14.12,20.5
465,18.6,46,player,Borussia Mgladbach,0.734,796.7,335.7,825.7,404.7,44.98,10.47,19.0
465,18.6,57,player,Borussia Mgladbach,0.732,1203.1,893.9,1254.7,1025.2,64.91,67.88,18.9
465,18.6,22,player,Borussia Mgladbach,0.699,1023.8,401.2,1055.4,471.1,56.48,17.12,5.3
465,18.6,11,player,Borussia Mgladbach,0.647,1084.7,526.8,1125.5,595.3,59.63,29.23,36.6
465,18.6,19,player,Borussia Mgladbach,0.612,1416.7,407.0,1467.7,475.7,76.6,17.58,11.8
465,18.6,73,player,VfL Wolfsburg,0.603,606.4,345.9,635.2,418.3,35.4,11.84,37.3
465,18.6,48,player,Borussia Mgladbach,0.53,1691.3,641.0,1752.6,726.5,89.2,41.53,23.8
465,18.6,62,player,Borussia Mgladbach,0.521,478.6,294.0,503.1,359.7,28.63,5.88,22.5
465,18.6,13,player,Borussia Mgladbach,0.505,575.9,1042.0,625.8,1080.0,36.04,72.47,18.5
465,18.6,60,player,Borussia Mgladbach,0.498,909.1,324.9,944.9,384.4,50.83,8.41,16.2
465,18.6,69,player,Borussia Mgladbach,0.443,958.2,299.2,977.9,351.9,52.91,5.07,38.0
465,18.6,74,player,Borussia Mgladbach,0.435,1307.5,386.0,1349.9,453.7,70.99,15.39,31.9
465,18.6,4,player,Borussia Mgladbach,0.428,0.1,1029.2,29.2,1080.0,9.19,72.47,14.7
465,18.6,71,player,Borussia Mgladbach,0.423,1125.3,253.7,1152.3,307.1,61.67,0.43,25.4
465,18.6,76,player,Borussia Mgladbach,0.385,1331.2,338.3,1368.4,415.9,72.16,11.6,0.0
465,18.6,41,player,Borussia Mgladbach,0.305,316.3,248.8,341.3,301.6,20.1,-0.14,25.1
465,18.6,0,ball,Ball,0.7,1704.0,595.0,1719.0,612.0,89.36,30.01,0.0
466,18.64,24,player,Borussia Mgladbach,0.808,546.4,595.0,576.8,693.0,33.21,38.44,38.0
466,18.64,39,player,Borussia Mgladbach,0.778,214.6,372.0,245.4,442.3,15.83,14.26,18.7
466,18.64,57,player,Borussia Mgladbach,0.753,1200.8,896.2,1250.2,1021.3,64.76,67.54,32.9
466,18.64,46,player,Borussia Mgladbach,0.726,792.0,335.7,825.5,407.4,44.86,10.74,27.1
466,18.64,22,player,Borussia Mgladbach,0.677,1021.3,402.0,1055.4,470.6,56.42,17.07,7.1
466,18.64,19,player,Borussia Mgladbach,0.652,1420.4,406.3,1465.1,476.2,76.63,17.63,4.9
466,18.64,73,player,VfL Wolfsburg,0.625,601.3,345.8,631.0,417.9,35.16,11.8,21.5
466,18.64,11,player,Borussia Mgladbach,0.619,1082.8,528.0,1125.8,596.0,59.58,29.29,6.9
466,18.64,62,player,Borussia Mgladbach,0.54,472.1,294.1,498.6,361.6,28.36,6.07,30.2
466,18.64,60,player,Borussia Mgladbach,0.51,907.8,324.9,946.2,383.9,50.83,8.35,5.0
466,18.64,74,player,Borussia Mgladbach,0.492,1305.9,384.4,1349.4,457.7,70.93,15.79,36.6
466,18.64,77,player,Borussia Mgladbach,0.456,693.6,207.9,716.5,260.3,39.33,-4.49,0.0
466,18.64,71,player,Borussia Mgladbach,0.426,1121.3,253.0,1153.1,311.1,61.58,0.85,38.0
466,18.64,4,player,Borussia Mgladbach,0.418,0.2,1029.3,24.5,1080.0,9.08,72.47,9.7
466,18.64,48,player,Borussia Mgladbach,0.408,1688.8,641.9,1750.2,728.7,89.07,41.74,21.6
466,18.64,41,player,Borussia Mgladbach,0.39,311.3,249.9,336.5,306.0,19.87,0.32,38.0
466,18.64,69,player,Borussia Mgladbach,0.372,952.0,298.7,975.3,355.9,52.69,5.49,38.0
466,18.64,13,player,Borussia Mgladbach,0.353,570.0,1041.7,622.2,1080.0,35.82,72.47,19.7
466,18.64,76,player,Borussia Mgladbach,0.33,1331.4,338.7,1365.3,416.3,72.09,11.64,7.3
466,18.64,0,ball,Ball,0.7,928.0,228.0,941.0,241.0,51.18,-7.23,0.0
467,18.68,39,player,Borussia Mgladbach,0.789,212.3,372.8,242.3,442.0,15.68,14.22,13.1
467,18.68,46,player,Borussia Mgladbach,0.759,789.6,335.3,822.0,409.3,44.72,10.93,21.4
467,18.68,22,player,Borussia Mgladbach,0.743,1015.3,401.9,1056.9,470.9,56.31,17.11,10.9
467,18.68,19,player,Borussia Mgladbach,0.72,1420.1,403.4,1464.0,476.1,76.6,17.62,3.1
467,18.68,24,player,Borussia Mgladbach,0.694,541.9,595.3,574.0,690.8,33.03,38.23,24.9
467,18.68,11,player,Borussia Mgladbach,0.69,1089.8,529.1,1126.7,595.5,59.78,29.24,18.2
467,18.68,57,player,Borussia Mgladbach,0.689,1196.4,892.6,1244.0,1023.5,64.52,67.73,28.0
467,18.68,73,player,VfL Wolfsburg,0.594,597.2,348.0,627.7,425.3,34.99,12.55,38.0
467,18.68,62,player,Borussia Mgladbach,0.534,468.9,294.3,494.7,359.7,28.17,5.88,24.3
467,18.68,74,player,Borussia Mgladbach,0.507,1305.4,374.4,1355.1,456.8,71.06,15.7,14.5
467,18.68,60,player,Borussia Mgladbach,0.468,910.2,323.6,943.7,387.3,50.83,8.7,31.4
467,18.68,41,player,Borussia Mgladbach,0.374,309.7,250.7,331.0,302.8,19.67,-0.01,35.2
467,18.68,71,player,Borussia Mgladbach,0.351,1120.1,252.9,1151.2,309.2,61.51,0.65,19.3
467,18.68,48,player,Borussia Mgladbach,0.332,1683.5,639.4,1745.1,724.6,88.84,41.36,38.0
467,18.68,13,player,Borussia Mgladbach,0.313,565.6,1045.4,615.0,1080.0,35.56,72.47,23.8
467,18.68,0,ball,Ball,0.7,1692.0,597.0,1708.0,615.0,88.78,30.24,0.0
468,18.72,46,player,Borussia Mgladbach,0.759,788.4,336.6,820.4,410.5,44.64,11.05,13.0
468,18.72,19,player,Borussia Mgladbach,0.739,1421.5,403.0,1464.0,475.6,76.63,17.57,5.5
468,18.72,39,player,Borussia Mgladbach,0.71,207.4,372.8,236.6,444.5,15.44,14.48,32.3
468,18.72,24,player,Borussia Mgladbach,0.708,536.9,596.0,568.7,690.9,32.78,38.23,22.6
468,18.72,57,player,Borussia Mgladbach,0.691,1192.6,894.6,1241.4,1025.7,64.36,67.92,21.7
468,18.72,11,player,Borussia Mgladbach,0.674,1096.7,528.7,1128.1,594.1,59.99,29.11,22.0
468,18.72,22,player,Borussia Mgladbach,0.622,1011.8,402.5,1059.6,472.4,56.28,17.26,13.5
468,18.72,62,player,Borussia Mgladbach,0.618,464.5,294.7,489.3,362.0,27.93,6.11,30.0
468,18.72,73,player,VfL Wolfsburg,0.567,592.6,346.8,622.4,420.7,34.73,12.08,38.0
468,18.72,74,player,Borussia Mgladbach,0.546,1303.2,361.2,1358.0,455.7,71.08,15.6,9.6
468,18.72,60,player,Borussia Mgladbach,0.479,912.9,325.7,942.7,384.9,50.87,8.45,22.4
468,18.72,78,player,Borussia Mgladbach,0.462,1670.9,567.4,1734.9,722.2,88.31,41.14,0.0
468,18.72,13,player,Borussia Mgladbach,0.375,562.2,1044.5,611.8,1080.0,35.41,72.47,13.6
468,18.72,41,player,Borussia Mgladbach,0.364,302.3,249.1,332.0,304.8,19.52,0.2,23.6
468,18.72,48,player,Borussia Mgladbach,0.343,1683.5,642.1,1739.4,722.9,88.72,41.2,18.7
468,18.72,0,ball,Ball,0.7,925.0,244.0,935.0,258.0,50.95,-5.47,0.0
469,18.76,57,player,Borussia Mgladbach,0.759,1188.5,893.0,1237.2,1022.6,64.18,67.65,29.1
469,18.76,11,player,Borussia Mgladbach,0.718,1097.4,527.9,1132.2,594.0,60.1,29.1,10.6
469,18.76,24,player,Borussia Mgladbach,0.716,531.0,599.3,562.1,690.8,32.48,38.23,27.2
469,18.76,46,player,Borussia Mgladbach,0.7,785.7,340.0,817.3,410.1,44.5,11.02,13.7
469,18.76,62,player,Borussia Mgladbach,0.678,460.7,292.6,485.0,362.6,27.73,6.18,19.2
469,18.76,19,player,Borussia Mgladbach,0.671,1423.6,402.2,1464.5,477.1,76.69,17.72,14.0
469,18.76,39,player,Borussia Mgladbach,0.614,203.4,373.8,231.6,443.2,15.2,14.34,24.5
469,18.76,22,player,Borussia Mgladbach,0.595,1018.7,405.0,1061.9,472.1,56.52,17.22,21.1
469,18.76,79,player,Borussia Mgladbach,0.516,626.7,305.2,656.1,372.2,36.32,7.16,0.0
469,18.76,48,player,Borussia Mgladbach,0.509,1676.1,639.7,1734.0,716.1,88.44,40.57,38.0
469,18.76,73,player,VfL Wolfsburg,0.48,588.0,346.6,617.9,422.1,34.51,12.22,23.8
469,18.76,60,player,Borussia Mgladbach,0.461,911.2,324.4,942.3,386.5,50.82,8.62,15.5
469,18.76,74,player,Borussia Mgladbach,0.452,1303.1,365.8,1354.1,456.8,70.98,15.7,12.8
469,18.76,41,player,Borussia Mgladbach,0.37,297.8,249.0,325.9,304.0,19.24,0.12,26.1
469,18.76,71,player,Borussia Mgladbach,0.332,1123.1,254.8,1147.9,308.2,61.5,0.55,4.4
469,18.76,13,player,Borussia Mgladbach,0.33,558.5,1044.0,608.8,1080.0,35.25,72.47,13.9
469,18.76,0,ball,Ball,0.7,923.0,243.0,935.0,255.0,50.9,-5.68,0.0
470,18.8,57,player,Borussia Mgladbach,0.791,1184.2,894.0,1232.7,1022.7,63.97,67.66,18.6
470,18.8,24,player,Borussia Mgladbach,0.78,525.8,600.0,558.4,693.6,32.27,38.49,29.6
470,18.8,11,player,Borussia Mgladbach,0.729,1090.4,527.0,1140.2,597.2,60.13,29.4,26.9
470,18.8,22,player,Borussia Mgladbach,0.651,1024.9,405.6,1065.3,473.7,56.75,17.38,26.1
470,18.8,46,player,Borussia Mgladbach,0.644,784.7,342.3,816.0,409.7,44.44,10.97,6.6
470,18.8,19,player,Borussia Mgladbach,0.635,1426.5,399.6,1463.3,478.6,76.73,17.87,13.6
470,18.8,48,player,Borussia Mgladbach,0.631,1671.9,637.3,1728.4,714.4,88.21,40.42,24.7
470,18.8,62,player,Borussia Mgladbach,0.596,456.5,292.8,480.2,361.3,27.49,6.04,24.5
470,18.8,39,player,Borussia Mgladbach,0.585,198.8,374.4,229.7,443.4,15.04,14.36,14.7
470,18.8,60,player,Borussia Mgladbach,0.499,912.6,323.1,940.0,385.6,50.79,8.53,8.4
470,18.8,73,player,VfL Wolfsburg,0.49,586.7,346.3,616.0,422.7,34.43,12.29,9.3
470,18.8,79,player,Borussia Mgladbach,0.474,624.2,303.9,656.5,372.5,36.27,7.19,5.4
470,18.8,74,player,Borussia Mgladbach,0.423,1302.0,389.1,1342.8,458.7,70.66,15.89,33.3
470,18.8,69,player,Borussia Mgladbach,0.336,938.6,300.2,962.3,364.9,52.01,6.41,25.6
470,18.8,0,ball,Ball,0.7,922.0,242.0,935.0,255.0,50.87,-5.73,0.0
471,18.84,57,player,Borussia Mgladbach,0.798,1179.2,896.3,1230.0,1019.3,63.8,67.38,29.9
471,18.84,24,player,Borussia Mgladbach,0.777,520.2,600.1,553.5,695.1,32.02,38.63,25.8
471,18.84,11,player,Borussia Mgladbach,0.752,1089.7,527.6,1142.7,598.5,60.17,29.53,11.7
471,18.84,46,player,Borussia Mgladbach,0.705,783.6,342.9,813.3,411.5,44.35,11.16,18.6
471,18.84,19,player,Borussia Mgladbach,0.671,1425.2,398.1,1463.4,479.8,76.69,17.99,11.2
471,18.84,22,player,Borussia Mgladbach,0.67,1030.1,408.1,1066.3,477.5,56.91,17.76,36.9
471,18.84,39,player,Borussia Mgladbach,0.66,196.3,374.5,227.1,443.5,14.91,14.37,11.6
471,18.84,73,player,VfL Wolfsburg,0.658,583.2,347.6,612.8,424.7,34.27,12.49,23.2
471,18.84,62,player,Borussia Mgladbach,0.588,452.2,295.5,474.1,359.4,27.22,5.85,29.6
471,18.84,74,player,Borussia Mgladbach,0.533,1304.7,351.9,1355.8,460.2,71.05,16.04,37.8
471,18.84,48,player,Borussia Mgladbach,0.48,1670.3,634.1,1726.7,713.5,88.14,40.34,10.0
471,18.84,79,player,Borussia Mgladbach,0.456,625.8,304.3,655.9,372.7,36.29,7.21,2.7
471,18.84,69,player,Borussia Mgladbach,0.44,935.0,301.9,959.6,367.9,51.85,6.72,31.6
471,18.84,60,player,Borussia Mgladbach,0.432,912.7,322.6,935.3,384.4,50.68,8.41,15.1
471,18.84,80,player,Borussia Mgladbach,0.399,987.7,197.0,1011.6,245.9,54.55,-6.01,0.0
471,18.84,75,player,VfL Wolfsburg,0.369,913.6,228.4,936.6,272.6,50.7,-3.18,0.0
471,18.84,55,player,Borussia Mgladbach,0.365,638.1,455.0,675.6,523.3,37.45,22.26,0.0
471,18.84,13,player,Borussia Mgladbach,0.364,551.3,1041.4,600.7,1080.0,34.91,72.47,15.6
471,18.84,0,ball,Ball,0.7,232.0,231.0,241.0,243.0,14.98,-6.96,0.0
472,18.88,57,player,Borussia Mgladbach,0.783,1175.9,896.0,1226.6,1019.5,63.65,67.4,14.0
472,18.88,11,player,Borussia Mgladbach,0.773,1089.8,528.6,1147.3,601.2,60.28,29.78,25.5
472,18.88,24,player,Borussia Mgladbach,0.765,513.5,599.4,549.2,692.6,31.75,38.4,32.3
472,18.88,19,player,Borussia Mgladbach,0.73,1423.3,396.8,1462.7,479.5,76.63,17.96,6.3
472,18.88,39,player,Borussia Mgladbach,0.716,191.8,376.0,223.5,446.7,14.73,14.7,33.6
472,18.88,46,player,Borussia Mgladbach,0.709,780.1,341.6,809.8,412.6,44.17,11.26,18.5
472,18.88,73,player,VfL Wolfsburg,0.706,578.5,346.5,610.0,423.2,34.07,12.33,22.4
472,18.88,22,player,Borussia Mgladbach,0.634,1034.2,409.4,1070.1,477.6,57.1,17.77,17.8
472,18.88,48,player,Borussia Mgladbach,0.603,1664.5,626.3,1719.6,710.8,87.84,40.09,34.9
472,18.88,62,player,Borussia Mgladbach,0.567,446.9,295.7,471.2,360.5,27.01,5.96,21.1
472,18.88,74,player,Borussia Mgladbach,0.555,1306.9,380.9,1346.0,462.2,70.86,16.24,25.2
472,18.88,60,player,Borussia Mgladbach,0.498,910.2,321.6,939.2,389.0,50.71,8.87,38.0
472,18.88,79,player,Borussia Mgladbach,0.497,628.0,305.8,654.4,372.5,36.31,7.19,2.4
472,18.88,80,player,Borussia Mgladbach,0.396,983.3,196.5,1011.3,249.0,54.43,-5.68,31.4
472,18.88,41,player,Borussia Mgladbach,0.387,292.1,249.9,318.1,309.1,18.92,0.64,18.4
472,18.88,13,player,Borussia Mgladbach,0.366,547.6,1040.0,597.8,1080.0,34.75,72.47,13.8
472,18.88,75,player,VfL Wolfsburg,0.336,908.5,228.3,938.2,273.2,50.61,-3.12,9.8
472,18.88,69,player,Borussia Mgladbach,0.312,930.2,301.9,958.1,370.4,51.69,6.98,27.3
472,18.88,0,ball,Ball,0.7,1667.0,600.0,1679.0,616.0,87.45,30.44,0.0
473,18.92,11,player,Borussia Mgladbach,0.768,1093.3,530.1,1148.7,601.6,60.4,29.83,11.3
473,18.92,57,player,Borussia Mgladbach,0.748,1171.9,896.6,1222.1,1020.8,63.45,67.5,20.3
473,18.92,19,player,Borussia Mgladbach,0.73,1419.4,395.3,1460.7,480.4,76.48,18.05,15.8
473,18.92,39,player,Borussia Mgladbach,0.727,188.7,377.5,221.0,449.0,14.6,14.93,23.8
473,18.92,46,player,Borussia Mgladbach,0.72,779.8,343.1,808.1,414.2,44.12,11.42,15.0
473,18.92,24,player,Borussia Mgladbach,0.716,508.9,599.5,545.0,692.7,31.54,38.41,19.1
473,18.92,73,player,VfL Wolfsburg,0.705,576.1,349.3,607.8,429.5,33.97,12.97,38.0
473,18.92,74,player,Borussia Mgladbach,0.625,1307.4,372.6,1348.8,461.9,70.94,16.21,7.9
473,18.92,22,player,Borussia Mgladbach,0.606,1034.5,411.2,1069.8,476.2,57.1,17.63,12.0
473,18.92,79,player,Borussia Mgladbach,0.595,624.8,307.0,653.8,375.9,36.23,7.54,32.3
473,18.92,48,player,Borussia Mgladbach,0.564,1654.6,628.5,1714.2,711.7,87.47,40.16,34.6
473,18.92,60,player,Borussia Mgladbach,0.564,908.6,318.2,943.4,390.5,50.78,9.03,14.9
473,18.92,41,player,Borussia Mgladbach,0.511,287.2,248.7,317.3,311.2,18.79,0.86,23.3
473,18.92,62,player,Borussia Mgladbach,0.486,442.0,297.6,463.8,360.4,26.7,5.95,28.0
473,18.92,80,player,Borussia Mgladbach,0.418,982.0,199.2,1010.9,249.5,54.39,-5.63,6.2
473,18.92,55,player,Borussia Mgladbach,0.389,630.4,455.7,669.3,527.1,37.11,22.63,22.6
473,18.92,75,player,VfL Wolfsburg,0.322,906.4,227.9,938.3,273.0,50.56,-3.14,5.1
473,18.92,0,ball,Ball,0.7,1658.0,598.0,1670.0,616.0,87.01,30.34,0.0
474,18.96,73,player,VfL Wolfsburg,0.786,570.6,348.6,601.0,424.6,33.65,12.47,38.0
474,18.96,24,player,Borussia Mgladbach,0.783,503.5,600.7,536.5,691.7,31.2,38.31,31.9
474,18.96,39,player,Borussia Mgladbach,0.733,183.8,380.9,216.6,450.0,14.37,15.02,21.9
474,18.96,57,player,Borussia Mgladbach,0.708,1169.2,895.5,1219.7,1019.5,63.33,67.4,14.3
474,18.96,46,player,Borussia Mgladbach,0.704,778.7,343.0,809.4,413.9,44.13,11.4,2.5
474,18.96,11,player,Borussia Mgladbach,0.681,1103.0,528.3,1147.4,600.9,60.61,29.76,19.7
474,18.96,19,player,Borussia Mgladbach,0.664,1419.5,397.0,1458.1,480.5,76.42,18.06,5.8
474,18.96,22,player,Borussia Mgladbach,0.633,1035.3,409.4,1071.8,475.8,57.18,17.59,7.5
474,18.96,79,player,Borussia Mgladbach,0.626,623.6,308.1,651.8,374.6,36.14,7.41,13.9
474,18.96,62,player,Borussia Mgladbach,0.6,440.4,295.9,463.3,361.3,26.65,6.05,9.7
474,18.96,74,player,Borussia Mgladbach,0.553,1306.0,375.7,1340.5,459.8,70.7,16.0,28.8
474,18.96,60,player,Borussia Mgladbach,0.484,906.6,315.5,950.2,392.3,50.9,9.21,20.0
474,18.96,41,player,Borussia Mgladbach,0.434,284.6,248.8,314.7,307.1,18.63,0.44,38.0
474,18.96,55,player,Borussia Mgladbach,0.433,625.6,457.7,661.7,526.1,36.81,22.54,29.0
474,18.96,80,player,Borussia Mgladbach,0.398,979.5,198.1,1010.7,252.8,54.32,-5.28,31.9
474,18.96,48,player,Borussia Mgladbach,0.395,1645.0,625.2,1709.8,708.8,87.15,39.9,37.6
474,18.96,75,player,VfL Wolfsburg,0.344,904.6,227.9,935.9,271.1,50.45,-3.34,20.2
474,18.96,0,ball,Ball,0.7,1629.0,583.0,1650.0,604.0,85.88,29.05,0.0
475,19.0,24,player,Borussia Mgladbach,0.786,498.2,599.8,533.0,692.0,30.99,38.34,19.1
475,19.0,39,player,Borussia Mgladbach,0.751,178.5,380.1,212.3,449.6,14.13,14.98,22.3
475,19.0,73,player,VfL Wolfsburg,0.715,567.9,352.5,597.4,430.4,33.51,13.06,38.0
475,19.0,11,player,Borussia Mgladbach,0.701,1105.6,528.9,1148.7,604.5,60.7,30.1,31.8
475,19.0,57,player,Borussia Mgladbach,0.69,1166.2,896.0,1214.1,1020.0,63.13,67.44,18.4
475,19.0,19,player,Borussia Mgladbach,0.662,1416.1,397.4,1459.1,483.6,76.35,18.37,28.3
475,19.0,79,player,Borussia Mgladbach,0.659,622.9,308.2,651.1,374.1,36.1,7.35,6.2
475,19.0,22,player,Borussia Mgladbach,0.629,1030.6,409.5,1074.4,482.9,57.12,18.29,38.0
475,19.0,62,player,Borussia Mgladbach,0.614,435.1,292.9,457.8,361.9,26.38,6.1,25.0
475,19.0,46,player,Borussia Mgladbach,0.596,775.7,345.9,806.5,415.3,43.98,11.54,18.4
475,19.0,55,player,Borussia Mgladbach,0.595,620.0,459.4,658.1,537.1,36.6,23.61,38.0
475,19.0,74,player,Borussia Mgladbach,0.587,1302.2,384.0,1338.6,460.9,70.56,16.11,16.0
475,19.0,60,player,Borussia Mgladbach,0.512,910.2,307.6,949.6,390.4,50.98,9.01,19.3
475,19.0,48,player,Borussia Mgladbach,0.415,1633.4,627.8,1697.4,698.7,86.62,38.97,38.0
475,19.0,80,player,Borussia Mgladbach,0.314,980.4,201.1,1008.7,255.0,54.29,-5.05,21.2
475,19.0,0,ball,Ball,0.7,1616.0,582.0,1640.0,603.0,85.32,28.95,0.0
476,19.04,24,player,Borussia Mgladbach,0.734,489.9,600.2,526.7,692.8,30.64,38.41,32.1
476,19.04,55,player,Borussia Mgladbach,0.733,614.3,459.0,653.1,538.9,36.34,23.78,28.1
476,19.04,57,player,Borussia Mgladbach,0.728,1161.1,893.8,1210.0,1017.8,62.92,67.25,25.4
476,19.04,11,player,Borussia Mgladbach,0.712,1111.9,527.1,1150.6,601.8,60.9,29.85,29.1
476,19.04,39,player,Borussia Mgladbach,0.704,175.3,379.9,208.3,451.3,13.96,15.15,21.8
476,19.04,73,player,VfL Wolfsburg,0.603,564.2,353.6,593.5,428.1,33.31,12.83,27.5
476,19.04,79,player,Borussia Mgladbach,0.574,622.5,307.5,648.0,373.9,36.01,7.34,7.9
476,19.04,22,player,Borussia Mgladbach,0.571,1038.1,410.0,1077.1,485.2,57.37,18.51,30.6
476,19.04,60,player,Borussia Mgladbach,0.561,909.2,308.3,945.8,390.5,50.85,9.02,11.0
476,19.04,62,player,Borussia Mgladbach,0.552,431.0,294.8,452.8,358.1,26.13,5.72,38.0
476,19.04,19,player,Borussia Mgladbach,0.532,1417.2,400.7,1456.7,483.4,76.31,18.34,3.7
476,19.04,74,player,Borussia Mgladbach,0.52,1298.0,388.8,1336.5,460.8,70.4,16.1,14.2
476,19.04,46,player,Borussia Mgladbach,0.506,776.7,348.5,802.6,416.1,43.91,11.62,9.9
476,19.04,48,player,Borussia Mgladbach,0.48,1623.4,625.6,1685.9,693.5,86.12,38.48,38.0
476,19.04,0,ball,Ball,0.9,1397.7,566.6,1415.3,581.8,74.49,27.2,0.0
477,19.08,11,player,Borussia Mgladbach,0.754,1117.9,524.9,1152.3,604.7,61.09,30.12,29.8
477,19.08,57,player,Borussia Mgladbach,0.737,1155.3,896.5,1207.8,1018.7,62.74,67.32,17.9
477,19.08,39,player,Borussia Mgladbach,0.729,171.0,380.9,203.2,450.3,13.72,15.06,23.6
477,19.08,24,player,Borussia Mgladbach,0.713,484.5,600.2,520.8,692.0,30.36,38.34,25.7
477,19.08,79,player,Borussia Mgladbach,0.709,618.0,306.1,647.1,375.8,35.88,7.53,21.1
477,19.08,46,player,Borussia Mgladbach,0.634,772.2,349.1,800.2,417.7,43.73,11.78,20.8
477,19.08,22,player,Borussia Mgladbach,0.598,1042.9,411.0,1078.8,487.4,57.53,18.74,24.6
477,19.08,81,player,Borussia Mgladbach,0.591,1594.0,572.1,1637.1,688.1,84.25,37.98,0.0
477,19.08,60,player,Borussia Mgladbach,0.586,906.1,307.1,940.4,389.8,50.64,8.95,20.3
477,19.08,62,player,Borussia Mgladbach,0.582,423.7,296.8,448.0,359.9,25.83,5.9,31.6
477,19.08,19,player,Borussia Mgladbach,0.578,1419.7,403.5,1451.2,482.2,76.24,18.22,12.5
477,19.08,73,player,VfL Wolfsburg,0.56,560.4,352.7,590.1,427.3,33.12,12.75,18.3
477,19.08,48,player,Borussia Mgladbach,0.543,1619.3,625.0,1676.5,696.1,85.78,38.72,37.8
477,19.08,55,player,Borussia Mgladbach,0.523,608.0,461.9,648.2,539.9,36.07,23.89,26.4
477,19.08,74,player,Borussia Mgladbach,0.496,1292.7,395.0,1338.2,461.9,70.31,16.21,12.8
477,19.08,0,ball,Ball,0.7,1419.0,576.0,1424.0,583.0,75.21,27.71,0.0
478,19.12,11,player,Borussia Mgladbach,0.778,1119.5,523.5,1152.9,601.1,61.14,29.77,31.6
478,19.12,79,player,Borussia Mgladbach,0.757,614.9,306.7,645.8,375.9,35.77,7.54,10.0
478,19.12,24,player,Borussia Mgladbach,0.73,476.4,601.7,513.2,691.3,29.98,38.28,34.8
478,19.12,39,player,Borussia Mgladbach,0.728,167.4,381.5,197.9,450.5,13.49,15.08,20.2
478,19.12,57,player,Borussia Mgladbach,0.699,1152.5,896.0,1203.9,1018.7,62.58,67.33,14.2
478,19.12,46,player,Borussia Mgladbach,0.623,769.0,350.9,798.6,416.9,43.61,11.7,13.1
478,19.12,55,player,Borussia Mgladbach,0.583,602.2,461.0,644.0,542.3,35.82,24.12,30.2
478,19.12,60,player,Borussia Mgladbach,0.571,906.1,307.4,936.9,394.0,50.55,9.38,38.0
478,19.12,19,player,Borussia Mgladbach,0.548,1419.5,406.5,1448.2,483.9,76.16,18.39,17.0
478,19.12,22,player,Borussia Mgladbach,0.547,1042.3,415.1,1081.0,494.6,57.57,19.44,38.0
478,19.12,73,player,VfL Wolfsburg,0.534,557.0,356.1,583.9,423.9,32.87,12.4,38.0
478,19.12,48,player,Borussia Mgladbach,0.491,1616.2,626.0,1665.5,692.7,85.46,38.41,38.0
478,19.12,74,player,Borussia Mgladbach,0.462,1289.4,390.2,1341.7,462.6,70.31,16.28,6.3
478,19.12,81,player,Borussia Mgladbach,0.428,1588.5,574.7,1622.8,689.6,83.77,38.11,38.0
478,19.12,62,player,Borussia Mgladbach,0.38,419.7,296.4,445.8,359.6,25.68,5.87,14.6
478,19.12,0,ball,Ball,0.7,1331.0,377.0,1344.0,397.0,71.63,8.67,0.0
479,19.16,11,player,Borussia Mgladbach,0.773,1119.2,522.8,1154.2,600.3,61.17,29.7,7.0
479,19.16,24,player,Borussia Mgladbach,0.725,468.6,602.1,510.5,691.8,29.72,38.32,23.2
479,19.16,79,player,Borussia Mgladbach,0.718,610.1,307.8,645.3,374.6,35.63,7.41,17.1
479,19.16,57,player,Borussia Mgladbach,0.695,1148.1,894.7,1197.9,1019.6,62.34,67.4,22.7
479,19.16,39,player,Borussia Mgladbach,0.661,163.0,385.1,193.2,453.1,13.28,15.33,29.6
479,19.16,62,player,Borussia Mgladbach,0.618,415.0,296.8,439.4,362.5,25.41,6.16,35.8
479,19.16,73,player,VfL Wolfsburg,0.607,552.9,356.2,578.6,425.6,32.64,12.58,25.9
479,19.16,19,player,Borussia Mgladbach,0.606,1418.6,406.0,1445.7,481.8,76.08,18.19,19.4
479,19.16,46,player,Borussia Mgladbach,0.6,766.3,351.6,794.5,416.4,43.44,11.65,16.1
479,19.16,55,player,Borussia Mgladbach,0.519,596.8,463.2,633.9,538.3,35.43,23.73,38.0
479,19.16,69,player,Borussia Mgladbach,0.517,905.8,310.8,932.0,394.4,50.42,9.43,0.0
479,19.16,48,player,Borussia Mgladbach,0.492,1604.3,626.2,1654.2,689.6,84.91,38.12,38.0
479,19.16,22,player,Borussia Mgladbach,0.454,1047.0,419.1,1078.7,494.3,57.63,19.42,5.9
479,19.16,81,player,Borussia Mgladbach,0.449,1575.1,571.8,1610.9,669.6,83.25,36.25,38.0
479,19.16,74,player,Borussia Mgladbach,0.404,1294.3,395.7,1333.4,459.5,70.23,15.97,29.0
479,19.16,41,player,Borussia Mgladbach,0.392,265.6,251.2,290.2,311.1,17.54,0.86,21.1
479,19.16,0,ball,Ball,0.7,199.0,234.0,209.0,245.0,13.31,-6.69,0.0
480,19.2,11,player,Borussia Mgladbach,0.768,1120.4,523.1,1159.1,599.5,61.32,29.63,15.1
480,19.2,24,player,Borussia Mgladbach,0.684,462.1,602.8,501.1,693.2,29.34,38.45,35.9
480,19.2,73,player,VfL Wolfsburg,0.667,546.5,355.2,576.0,427.6,32.42,12.78,27.1
480,19.2,57,player,Borussia Mgladbach,0.622,1145.9,896.0,1193.3,1019.2,62.18,67.37,14.4
480,19.2,22,player,Borussia Mgladbach,0.621,1049.1,421.0,1080.7,495.7,57.73,19.56,15.6
480,19.2,79,player,Borussia Mgladbach,0.539,609.1,309.0,643.7,372.9,35.56,7.23,17.1
480,19.2,19,player,Borussia Mgladbach,0.536,1417.2,407.8,1443.1,483.3,75.97,18.33,16.6
480,19.2,69,player,Borussia Mgladbach,0.512,904.9,310.1,929.8,393.0,50.34,9.28,15.0
480,19.2,62,player,Borussia Mgladbach,0.482,409.0,294.4,434.6,362.2,25.13,6.14,24.9
480,19.2,46,player,Borussia Mgladbach,0.473,762.4,352.2,791.3,415.5,43.26,11.56,18.0
480,19.2,55,player,Borussia Mgladbach,0.471,588.2,461.7,627.6,542.5,35.07,24.13,38.0
480,19.2,48,player,Borussia Mgladbach,0.467,1599.8,625.5,1645.6,689.5,84.6,38.1,28.3
480,19.2,81,player,Borussia Mgladbach,0.46,1566.2,572.9,1604.5,673.2,82.86,36.59,38.0
480,19.2,74,player,Borussia Mgladbach,0.428,1295.3,395.4,1335.9,462.4,70.31,16.25,26.7
480,19.2,39,player,Borussia Mgladbach,0.392,159.0,387.2,185.6,449.2,12.96,14.94,38.0
480,19.2,41,player,Borussia Mgladbach,0.347,262.6,252.0,287.8,305.9,17.37,0.31,38.0
480,19.2,0,ball,Ball,0.9,1468.5,593.7,1486.0,609.6,77.88,29.83,0.0
481,19.24,57,player,Borussia Mgladbach,0.746,1139.8,893.5,1189.0,1017.6,61.95,67.23,24.5
481,19.24,11,player,Borussia Mgladbach,0.706,1121.4,525.4,1162.9,601.1,61.44,29.78,17.2
481,19.24,73,player,VfL Wolfsburg,0.667,542.9,353.6,570.6,430.3,32.2,13.05,31.3
481,19.24,79,player,Borussia Mgladbach,0.658,610.4,309.5,642.1,376.2,35.56,7.57,30.3
481,19.24,24,player,Borussia Mgladbach,0.651,456.1,605.4,493.5,692.8,29.01,38.42,30.1
481,19.24,19,player,Borussia Mgladbach,0.65,1414.1,407.5,1442.5,482.8,75.88,18.28,9.5
481,19.24,48,player,Borussia Mgladbach,0.595,1592.0,622.7,1640.5,687.6,84.29,37.93,31.8
481,19.24,46,player,Borussia Mgladbach,0.587,760.3,353.7,787.5,417.2,43.12,11.73,20.1
481,19.24,22,player,Borussia Mgladbach,0.586,1051.6,423.0,1081.7,490.6,57.82,19.05,38.0
481,19.24,62,player,Borussia Mgladbach,0.585,404.8,298.0,429.0,362.8,24.88,6.19,22.9
481,19.24,39,player,Borussia Mgladbach,0.523,155.2,387.7,181.9,449.6,12.78,14.98,17.0
481,19.24,74,player,Borussia Mgladbach,0.511,1293.2,393.8,1330.6,461.3,70.13,16.15,18.7
481,19.24,69,player,Borussia Mgladbach,0.494,903.2,310.2,928.0,394.1,50.25,9.39,13.1
481,19.24,41,player,Borussia Mgladbach,0.449,256.9,255.4,286.1,311.3,17.21,0.87,38.0
481,19.24,81,player,Borussia Mgladbach,0.432,1555.6,571.9,1592.2,641.2,82.44,33.59,38.0
481,19.24,55,player,Borussia Mgladbach,0.32,585.2,461.2,622.3,543.9,34.87,24.27,22.0
481,19.24,0,ball,Ball,0.7,1631.0,675.0,1636.0,682.0,85.17,37.08,0.0
482,19.28,57,player,Borussia Mgladbach,0.778,1134.8,895.6,1184.9,1018.0,61.74,67.26,19.3
482,19.28,24,player,Borussia Mgladbach,0.768,449.4,603.2,492.2,695.4,28.83,38.65,27.1
482,19.28,46,player,Borussia Mgladbach,0.698,756.2,353.4,785.7,421.8,42.97,12.19,38.0
482,19.28,11,player,Borussia Mgladbach,0.698,1130.9,528.9,1164.6,602.2,61.71,29.88,26.3
482,19.28,22,player,Borussia Mgladbach,0.655,1049.1,423.0,1083.3,489.2,57.8,18.92,12.2
482,19.28,73,player,VfL Wolfsburg,0.645,539.6,353.2,567.9,432.2,32.06,13.24,21.6
482,19.28,19,player,Borussia Mgladbach,0.634,1410.6,403.5,1442.4,481.2,75.8,18.12,16.1
482,19.28,39,player,Borussia Mgladbach,0.625,152.3,387.0,177.3,451.4,12.6,15.17,23.1
482,19.28,48,player,Borussia Mgladbach,0.612,1581.2,618.0,1635.3,688.3,83.9,37.99,35.6
482,19.28,74,player,Borussia Mgladbach,0.591,1291.5,393.5,1325.5,461.4,69.96,16.16,15.4
482,19.28,79,player,Borussia Mgladbach,0.528,611.7,311.0,639.2,375.8,35.52,7.53,5.3
482,19.28,62,player,Borussia Mgladbach,0.466,398.9,298.7,424.6,362.5,24.62,6.17,23.7
482,19.28,69,player,Borussia Mgladbach,0.388,900.1,310.1,928.0,394.7,50.18,9.45,8.5
482,19.28,41,player,Borussia Mgladbach,0.354,252.6,253.7,280.8,306.7,16.94,0.39,38.0
482,19.28,0,ball,Ball,0.7,188.0,233.0,202.0,245.0,12.84,-6.75,0.0
483,19.32,57,player,Borussia Mgladbach,0.76,1131.2,896.9,1181.6,1016.7,61.58,67.15,17.4
483,19.32,11,player,Borussia Mgladbach,0.718,1134.8,530.6,1162.6,604.1,61.75,30.06,16.7
483,19.32,46,player,Borussia Mgladbach,0.704,753.6,353.4,784.5,424.5,42.88,12.47,26.3
483,19.32,24,player,Borussia Mgladbach,0.691,442.2,602.5,488.8,693.8,28.57,38.5,27.2
483,19.32,39,player,Borussia Mgladbach,0.675,148.2,387.1,175.1,451.1,12.44,15.13,14.9
483,19.32,19,player,Borussia Mgladbach,0.669,1405.3,401.4,1443.5,483.0,75.69,18.3,19.1
483,19.32,22,player,Borussia Mgladbach,0.663,1045.6,423.6,1087.1,489.3,57.81,18.93,1.0
483,19.32,73,player,VfL Wolfsburg,0.626,535.6,355.9,564.5,433.0,31.87,13.32,18.2
483,19.32,74,player,Borussia Mgladbach,0.618,1293.8,390.6,1322.1,462.8,69.93,16.3,13.6
483,19.32,48,player,Borussia Mgladbach,0.524,1567.9,618.5,1630.6,685.5,83.48,37.73,38.0
483,19.32,71,player,Borussia Mgladbach,0.501,1103.2,259.5,1131.6,316.0,60.56,1.36,0.0
483,19.32,55,player,Borussia Mgladbach,0.443,576.1,461.6,606.8,532.3,34.23,23.14,38.0
483,19.32,69,player,Borussia Mgladbach,0.401,896.4,310.5,921.3,386.3,49.91,8.59,38.0
483,19.32,62,player,Borussia Mgladbach,0.393,395.5,299.4,418.6,361.1,24.37,6.02,25.6
483,19.32,79,player,Borussia Mgladbach,0.387,613.0,312.0,638.5,373.9,35.53,7.34,17.1
483,19.32,0,ball,Ball,0.7,1535.0,615.0,1546.0,625.0,80.9,31.58,0.0
484,19.36,39,player,Borussia Mgladbach,0.723,143.4,386.8,171.4,457.6,12.27,15.78,38.0
484,19.36,24,player,Borussia Mgladbach,0.693,437.7,602.1,480.3,694.3,28.25,38.55,28.3
484,19.36,57,player,Borussia Mgladbach,0.693,1126.5,895.8,1176.4,1019.4,61.35,67.39,29.5
484,19.36,46,player,Borussia Mgladbach,0.675,751.0,354.4,782.7,424.6,42.77,12.48,10.0
484,19.36,19,player,Borussia Mgladbach,0.654,1403.0,402.5,1444.7,483.1,75.66,18.32,2.7
484,19.36,48,player,Borussia Mgladbach,0.632,1555.6,618.0,1627.1,684.0,83.1,37.59,36.0
484,19.36,22,player,Borussia Mgladbach,0.608,1048.3,423.2,1090.1,489.5,57.95,18.95,12.8
484,19.36,81,player,Borussia Mgladbach,0.601,1517.5,573.5,1558.4,650.0,80.65,34.42,38.0
484,19.36,11,player,Borussia Mgladbach,0.6,1137.5,535.8,1164.9,611.0,61.87,30.72,38.0
484,19.36,74,player,Borussia Mgladbach,0.58,1290.8,390.7,1321.5,464.0,69.84,16.42,13.3
484,19.36,73,player,VfL Wolfsburg,0.571,531.7,357.5,560.9,431.4,31.68,13.16,22.4
484,19.36,69,player,Borussia Mgladbach,0.525,893.6,310.5,922.4,394.3,49.87,9.42,38.0
484,19.36,71,player,Borussia Mgladbach,0.489,1097.1,259.1,1131.4,317.0,60.4,1.46,17.1
484,19.36,62,player,Borussia Mgladbach,0.484,393.0,300.1,416.6,363.4,24.27,6.26,23.2
484,19.36,55,player,Borussia Mgladbach,0.482,570.6,462.0,600.5,533.1,33.94,23.22,26.9
484,19.36,79,player,Borussia Mgladbach,0.35,612.7,311.1,638.2,375.8,35.52,7.53,17.2
484,19.36,76,player,Borussia Mgladbach,0.314,1324.0,349.2,1356.3,425.9,71.65,12.61,0.0
484,19.36,0,ball,Ball,0.7,182.0,233.0,195.0,245.0,12.51,-6.75,0.0
485,19.4,24,player,Borussia Mgladbach,0.774,430.6,600.3,470.4,693.4,27.84,38.47,38.0
485,19.4,11,player,Borussia Mgladbach,0.713,1139.9,541.8,1168.5,613.7,62.01,30.98,26.6
485,19.4,73,player,VfL Wolfsburg,0.654,529.3,359.9,558.7,437.6,31.58,13.79,38.0
485,19.4,48,player,Borussia Mgladbach,0.644,1546.9,616.9,1620.2,685.2,82.72,37.7,35.9
485,19.4,62,player,Borussia Mgladbach,0.643,386.8,299.3,413.5,364.1,24.03,6.33,21.9
485,19.4,57,player,Borussia Mgladbach,0.642,1124.5,895.1,1172.3,1018.0,61.21,67.27,16.4
485,19.4,46,player,Borussia Mgladbach,0.635,748.4,359.2,778.9,426.2,42.61,12.64,20.6
485,19.4,39,player,Borussia Mgladbach,0.633,142.0,388.1,166.7,455.9,12.11,15.61,21.2
485,19.4,19,player,Borussia Mgladbach,0.624,1401.4,403.8,1441.9,482.6,75.55,18.26,10.8
485,19.4,81,player,Borussia Mgladbach,0.606,1506.3,574.1,1548.7,655.2,80.12,34.9,38.0
485,19.4,74,player,Borussia Mgladbach,0.59,1289.7,391.1,1321.2,464.9,69.8,16.5,8.2
485,19.4,69,player,Borussia Mgladbach,0.471,891.3,310.3,919.6,383.4,49.73,8.3,38.0
485,19.4,22,player,Borussia Mgladbach,0.466,1055.0,422.8,1099.2,497.3,58.34,19.71,38.0
485,19.4,71,player,Borussia Mgladbach,0.414,1096.5,260.4,1129.9,317.3,60.34,1.49,5.6
485,19.4,76,player,Borussia Mgladbach,0.397,1322.3,352.3,1354.0,427.4,71.54,12.76,16.5
485,19.4,55,player,Borussia Mgladbach,0.371,563.3,461.5,596.9,544.1,33.7,24.29,38.0
485,19.4,41,player,Borussia Mgladbach,0.367,243.4,253.8,267.2,297.6,16.3,-0.56,34.4
485,19.4,0,ball,Ball,0.7,179.0,235.0,192.0,245.0,12.36,-6.64,0.0
486,19.44,11,player,Borussia Mgladbach,0.789,1142.8,542.4,1173.2,615.9,62.19,31.19,25.3
486,19.44,24,player,Borussia Mgladbach,0.788,423.1,599.6,459.1,692.5,27.38,38.39,38.0
486,19.44,81,player,Borussia Mgladbach,0.698,1500.3,573.8,1540.4,657.2,79.77,35.09,36.2
486,19.44,73,player,VfL Wolfsburg,0.691,524.6,360.3,556.3,437.7,31.41,13.79,15.8
486,19.44,57,player,Borussia Mgladbach,0.685,1121.7,894.9,1168.9,1018.4,61.06,67.3,13.4
486,19.44,46,player,Borussia Mgladbach,0.662,746.4,359.7,776.9,423.1,42.51,12.33,29.7
486,19.44,39,player,Borussia Mgladbach,0.652,138.1,387.6,163.1,459.5,11.94,15.97,36.1
486,19.44,19,player,Borussia Mgladbach,0.602,1400.5,406.1,1439.0,483.7,75.45,18.37,13.5
486,19.44,22,player,Borussia Mgladbach,0.6,1053.7,425.6,1103.8,501.1,58.41,20.08,34.3
486,19.44,62,player,Borussia Mgladbach,0.578,382.9,299.9,408.6,363.3,23.81,6.25,21.5
486,19.44,48,player,Borussia Mgladbach,0.577,1543.2,612.5,1613.9,682.5,82.49,37.45,30.5
486,19.44,74,player,Borussia Mgladbach,0.575,1288.7,394.1,1321.0,465.5,69.77,16.57,6.4
486,19.44,69,player,Borussia Mgladbach,0.443,889.5,311.1,916.1,389.4,49.6,8.91,38.0
486,19.44,76,player,Borussia Mgladbach,0.425,1321.8,355.5,1354.5,428.5,71.54,12.87,9.8
486,19.44,55,player,Borussia Mgladbach,0.415,559.1,466.8,592.2,544.3,33.48,24.31,19.8
486,19.44,71,player,Borussia Mgladbach,0.329,1096.9,260.5,1129.1,316.5,60.34,1.42,7.0
486,19.44,79,player,Borussia Mgladbach,0.325,610.5,311.7,638.2,377.1,35.47,7.66,6.7
486,19.44,0,ball,Ball,0.9,1408.2,594.6,1436.7,610.6,75.18,29.92,0.0
487,19.48,11,player,Borussia Mgladbach,0.779,1143.0,542.5,1180.0,617.1,62.36,31.3,18.0
487,19.48,24,player,Borussia Mgladbach,0.764,415.6,600.0,452.1,690.7,27.02,38.22,35.5
487,19.48,22,player,Borussia Mgladbach,0.733,1062.3,427.2,1103.1,504.4,58.61,20.41,34.2
487,19.48,81,player,Borussia Mgladbach,0.718,1492.9,576.7,1530.5,665.7,79.31,35.88,38.0
487,19.48,48,player,Borussia Mgladbach,0.718,1541.8,612.9,1605.7,682.7,82.25,37.47,21.3
487,19.48,57,player,Borussia Mgladbach,0.714,1119.3,894.1,1165.5,1019.1,60.93,67.36,13.1
487,19.48,73,player,VfL Wolfsburg,0.702,520.9,361.2,553.0,436.4,31.22,13.66,20.4
487,19.48,39,player,Borussia Mgladbach,0.672,134.2,389.8,160.2,461.2,11.78,16.14,21.0
487,19.48,46,player,Borussia Mgladbach,0.672,745.1,361.6,774.7,428.1,42.42,12.83,38.0
487,19.48,62,player,Borussia Mgladbach,0.608,378.9,300.4,406.3,365.1,23.66,6.43,21.6
487,19.48,19,player,Borussia Mgladbach,0.599,1404.0,407.4,1436.9,482.6,75.49,18.27,10.1
487,19.48,74,player,Borussia Mgladbach,0.52,1288.1,396.0,1319.1,465.1,69.7,16.53,6.7
487,19.48,76,player,Borussia Mgladbach,0.451,1323.6,355.1,1353.6,426.2,71.57,12.64,20.7
487,19.48,55,player,Borussia Mgladbach,0.436,556.4,467.4,588.9,542.2,33.33,24.11,22.6
487,19.48,79,player,Borussia Mgladbach,0.428,608.0,311.4,637.0,375.7,35.37,7.52,15.6
487,19.48,69,player,Borussia Mgladbach,0.353,888.2,312.4,913.6,361.8,49.49,6.1,38.0
487,19.48,71,player,Borussia Mgladbach,0.344,1100.1,263.1,1128.9,317.5,60.41,1.51,11.1
487,19.48,0,ball,Ball,0.7,178.0,233.0,187.0,246.0,12.2,-6.69,0.0
488,19.52,22,player,Borussia Mgladbach,0.771,1067.5,429.7,1105.6,505.5,58.8,20.52,19.8
488,19.52,57,player,Borussia Mgladbach,0.767,1115.7,892.9,1163.7,1017.6,60.81,67.23,15.8
488,19.52,24,player,Borussia Mgladbach,0.754,413.0,603.5,446.0,691.0,26.81,38.24,18.9
488,19.52,11,player,Borussia Mgladbach,0.742,1142.1,544.9,1192.4,617.1,62.64,31.3,25.5
488,19.52,46,player,Borussia Mgladbach,0.693,742.5,361.9,772.9,428.0,42.31,12.82,10.0
488,19.52,81,player,Borussia Mgladbach,0.679,1485.0,576.0,1524.6,667.7,78.97,36.08,35.4
488,19.52,73,player,VfL Wolfsburg,0.663,521.1,362.6,551.3,435.0,31.18,13.52,13.1
488,19.52,48,player,Borussia Mgladbach,0.637,1537.2,609.0,1596.0,682.6,81.91,37.46,31.1
488,19.52,19,player,Borussia Mgladbach,0.63,1405.2,407.5,1437.5,482.5,75.54,18.25,4.3
488,19.52,39,player,Borussia Mgladbach,0.623,131.9,392.9,158.7,462.8,11.69,16.3,15.8
488,19.52,55,player,Borussia Mgladbach,0.622,546.8,469.6,585.8,555.5,33.05,25.39,38.0
488,19.52,62,player,Borussia Mgladbach,0.613,376.5,299.2,404.7,364.5,23.55,6.38,10.8
488,19.52,74,player,Borussia Mgladbach,0.469,1287.9,396.2,1318.4,465.8,69.68,16.59,6.3
488,19.52,76,player,Borussia Mgladbach,0.422,1325.5,355.5,1358.4,428.6,71.73,12.88,25.7
488,19.52,79,player,Borussia Mgladbach,0.416,607.0,315.1,642.7,375.5,35.49,7.5,10.9
488,19.52,69,player,Borussia Mgladbach,0.391,884.3,312.1,910.6,371.3,49.32,7.06,38.0
488,19.52,0,ball,Ball,0.7,899.0,235.0,910.0,249.0,49.62,-6.43,0.0
489,19.56,11,player,Borussia Mgladbach,0.805,1142.9,544.7,1200.4,614.9,62.86,31.09,27.3
489,19.56,24,player,Borussia Mgladbach,0.759,405.5,603.5,442.2,696.5,26.56,38.76,38.0
489,19.56,57,player,Borussia Mgladbach,0.748,1113.4,892.9,1161.6,1016.9,60.7,67.17,10.7
489,19.56,46,player,Borussia Mgladbach,0.673,740.9,362.5,770.5,425.9,42.21,12.61,21.1
489,19.56,55,player,Borussia Mgladbach,0.671,544.9,472.5,584.3,559.1,32.98,25.74,32.4
489,19.56,22,player,Borussia Mgladbach,0.667,1071.4,431.9,1107.6,506.4,58.94,20.61,15.4
489,19.56,48,player,Borussia Mgladbach,0.637,1536.3,606.2,1582.7,682.3,81.56,37.43,31.1
489,19.56,19,player,Borussia Mgladbach,0.631,1408.0,407.9,1437.6,484.6,75.6,18.46,19.3
489,19.56,62,player,Borussia Mgladbach,0.617,374.3,299.8,401.5,364.3,23.41,6.35,12.7
489,19.56,73,player,VfL Wolfsburg,0.61,518.5,362.3,548.7,438.7,31.07,13.9,35.2
489,19.56,81,player,Borussia Mgladbach,0.592,1479.1,578.4,1515.8,667.1,78.61,36.02,32.3
489,19.56,74,player,Borussia Mgladbach,0.505,1287.9,397.6,1318.0,466.1,69.67,16.63,3.5
489,19.56,39,player,Borussia Mgladbach,0.482,130.1,394.8,156.2,463.7,11.59,16.39,12.2
489,19.56,79,player,Borussia Mgladbach,0.481,604.7,317.1,646.2,377.3,35.53,7.68,16.1
489,19.56,76,player,Borussia Mgladbach,0.455,1329.6,356.1,1358.4,425.0,71.84,12.51,34.5
489,19.56,71,player,Borussia Mgladbach,0.37,1106.1,263.5,1130.3,316.2,60.6,1.39,10.4
489,19.56,69,player,Borussia Mgladbach,0.367,883.0,312.9,910.2,365.5,49.28,6.47,38.0
489,19.56,0,ball,Ball,0.7,898.0,249.0,912.0,261.0,49.66,-5.04,0.0
490,19.6,11,player,Borussia Mgladbach,0.804,1143.3,544.1,1206.3,615.7,63.02,31.17,15.4
490,19.6,24,player,Borussia Mgladbach,0.802,396.3,603.6,439.0,698.3,26.27,38.92,30.2
490,19.6,48,player,Borussia Mgladbach,0.757,1529.1,600.8,1567.4,679.3,81.03,37.16,38.0
490,19.6,57,player,Borussia Mgladbach,0.754,1111.8,893.5,1160.8,1018.0,60.65,67.27,10.0
490,19.6,46,player,Borussia Mgladbach,0.716,739.1,360.3,768.3,433.5,42.12,13.37,38.0
490,19.6,19,player,Borussia Mgladbach,0.65,1409.4,407.5,1437.7,485.6,75.64,18.56,10.0
490,19.6,55,player,Borussia Mgladbach,0.648,540.0,476.4,583.1,556.1,32.82,25.45,29.7
490,19.6,39,player,Borussia Mgladbach,0.636,128.6,395.3,156.5,465.2,11.57,16.53,13.5
490,19.6,81,player,Borussia Mgladbach,0.617,1470.5,580.8,1510.1,668.6,78.26,36.16,34.0
490,19.6,73,player,VfL Wolfsburg,0.606,517.7,362.6,545.9,440.4,30.98,14.07,17.2
490,19.6,62,player,Borussia Mgladbach,0.58,373.4,299.8,400.1,362.5,23.35,6.16,18.2
490,19.6,79,player,Borussia Mgladbach,0.574,603.1,314.3,648.1,378.6,35.54,7.81,12.2
490,19.6,22,player,Borussia Mgladbach,0.561,1075.1,434.3,1108.1,506.7,59.05,20.63,9.8
490,19.6,76,player,Borussia Mgladbach,0.533,1332.1,355.6,1359.3,425.7,71.93,12.59,10.0
490,19.6,82,player,Borussia Mgladbach,0.462,905.7,335.9,933.2,400.3,50.45,10.02,0.0
490,19.6,69,player,Borussia Mgladbach,0.398,881.8,314.5,909.2,368.0,49.22,6.73,23.7
490,19.6,71,player,Borussia Mgladbach,0.393,1108.1,261.6,1130.9,317.6,60.67,1.53,14.4
490,19.6,74,player,Borussia Mgladbach,0.383,1288.4,398.5,1318.7,467.1,69.7,16.72,8.6
490,19.6,0,ball,Ball,0.7,899.0,248.0,913.0,262.0,49.71,-5.04,0.0
491,19.64,48,player,Borussia Mgladbach,0.81,1528.5,598.1,1562.6,678.6,80.9,37.09,13.2
491,19.64,57,player,Borussia Mgladbach,0.763,1109.6,891.9,1160.0,1017.3,60.58,67.21,8.0
491,19.64,24,player,Borussia Mgladbach,0.743,391.2,602.8,436.8,698.8,26.09,38.97,16.5
491,19.64,11,player,Borussia Mgladbach,0.734,1147.9,543.4,1203.2,612.5,63.06,30.86,27.9
491,19.64,46,player,Borussia Mgladbach,0.723,739.9,361.3,768.2,438.2,42.15,13.85,38.0
491,19.64,39,player,Borussia Mgladbach,0.663,125.2,398.1,157.0,468.2,11.52,16.84,27.8
491,19.64,55,player,Borussia Mgladbach,0.634,536.6,478.1,579.8,559.3,32.66,25.76,31.0
491,19.64,19,player,Borussia Mgladbach,0.624,1410.7,407.3,1437.6,484.2,75.67,18.42,12.9
491,19.64,81,player,Borussia Mgladbach,0.603,1461.4,582.0,1505.6,666.3,77.94,35.94,34.7
491,19.64,73,player,VfL Wolfsburg,0.592,516.2,361.3,544.0,441.4,30.9,14.16,11.3
491,19.64,76,player,Borussia Mgladbach,0.579,1334.6,355.2,1365.0,427.1,72.13,12.73,22.2
491,19.64,79,player,Borussia Mgladbach,0.532,605.5,313.1,649.1,379.1,35.62,7.87,9.3
491,19.64,62,player,Borussia Mgladbach,0.488,372.3,301.9,398.9,361.7,23.29,6.09,8.6
491,19.64,22,player,Borussia Mgladbach,0.447,1079.6,436.2,1112.3,506.5,59.26,20.62,19.4
491,19.64,74,player,Borussia Mgladbach,0.447,1289.9,398.6,1319.3,465.3,69.75,16.55,16.3
491,19.64,82,player,Borussia Mgladbach,0.433,903.7,330.2,933.6,401.1,50.41,10.1,8.1
491,19.64,71,player,Borussia Mgladbach,0.401,1109.8,261.5,1132.1,318.7,60.74,1.65,12.0
491,19.64,69,player,Borussia Mgladbach,0.372,880.8,315.3,909.6,372.1,49.21,7.15,37.9
491,19.64,0,ball,Ball,0.7,900.0,235.0,911.0,244.0,49.68,-6.69,0.0
492,19.68,48,player,Borussia Mgladbach,0.825,1524.7,594.9,1557.8,679.9,80.69,37.21,22.4
492,19.68,11,player,Borussia Mgladbach,0.756,1153.2,543.3,1200.1,611.5,63.11,30.77,9.9
492,19.68,57,player,Borussia Mgladbach,0.752,1107.3,892.5,1159.0,1019.0,60.5,67.35,14.8
492,19.68,24,player,Borussia Mgladbach,0.711,379.4,605.3,433.6,697.2,25.72,38.82,36.0
492,19.68,74,player,Borussia Mgladbach,0.666,1290.5,399.0,1319.6,470.5,69.76,17.06,38.0
492,19.68,46,player,Borussia Mgladbach,0.664,738.9,366.3,767.5,439.1,42.1,13.93,8.6
492,19.68,76,player,Borussia Mgladbach,0.637,1334.4,356.3,1370.3,428.8,72.25,12.9,19.1
492,19.68,81,player,Borussia Mgladbach,0.633,1448.0,584.0,1503.2,664.7,77.56,35.8,36.5
492,19.68,39,player,Borussia Mgladbach,0.63,125.3,396.4,155.9,465.1,11.47,16.53,28.4
492,19.68,55,player,Borussia Mgladbach,0.574,534.0,479.9,577.3,561.3,32.54,25.96,20.7
492,19.68,73,player,VfL Wolfsburg,0.556,515.5,363.4,544.1,441.5,30.88,14.17,1.5
492,19.68,19,player,Borussia Mgladbach,0.55,1411.4,407.6,1437.6,487.2,75.68,18.72,26.2
492,19.68,79,player,Borussia Mgladbach,0.521,610.9,315.1,645.0,378.4,35.66,7.8,6.8
492,19.68,22,player,Borussia Mgladbach,0.475,1081.2,435.7,1117.6,507.8,59.43,20.75,19.2
492,19.68,62,player,Borussia Mgladbach,0.467,371.0,300.4,398.4,361.5,23.24,6.06,4.8
492,19.68,82,player,Borussia Mgladbach,0.422,904.1,330.7,935.3,401.6,50.46,10.16,6.7
492,19.68,69,player,Borussia Mgladbach,0.361,879.9,315.4,908.1,370.3,49.15,6.96,18.2
492,19.68,71,player,Borussia Mgladbach,0.356,1112.3,261.2,1135.4,320.9,60.89,1.88,24.6
492,19.68,0,ball,Ball,0.7,172.0,237.0,182.0,246.0,11.93,-6.48,0.0
493,19.72,24,player,Borussia Mgladbach,0.811,371.9,605.7,428.2,698.8,25.42,38.97,30.4
493,19.72,39,player,Borussia Mgladbach,0.729,119.6,397.5,151.4,465.5,11.22,16.56,23.1
493,19.72,48,player,Borussia Mgladbach,0.719,1520.0,595.6,1549.7,678.7,80.38,37.1,29.2
493,19.72,81,player,Borussia Mgladbach,0.695,1444.0,583.5,1497.7,667.6,77.32,36.06,32.3
493,19.72,57,player,Borussia Mgladbach,0.693,1102.7,893.1,1154.3,1021.7,60.28,67.58,28.4
493,19.72,74,player,Borussia Mgladbach,0.654,1287.3,397.5,1316.3,470.1,69.6,17.02,15.1
493,19.72,11,player,Borussia Mgladbach,0.65,1155.4,538.3,1200.9,610.8,63.19,30.7,8.9
493,19.72,62,player,Borussia Mgladbach,0.646,367.4,300.3,393.3,362.5,23.02,6.16,21.5
493,19.72,76,player,Borussia Mgladbach,0.633,1333.9,358.8,1372.1,429.1,72.28,12.92,3.5
493,19.72,46,player,Borussia Mgladbach,0.619,735.3,370.3,762.5,440.3,41.89,14.05,22.0
493,19.72,55,player,Borussia Mgladbach,0.61,528.2,479.8,569.6,561.8,32.21,26.0,30.2
493,19.72,19,player,Borussia Mgladbach,0.559,1409.0,408.7,1436.0,489.1,75.57,18.9,19.3
493,19.72,79,player,Borussia Mgladbach,0.529,610.8,317.6,642.4,378.8,35.59,7.84,7.2
493,19.72,22,player,Borussia Mgladbach,0.509,1080.7,436.6,1124.6,510.3,59.59,20.99,25.9
493,19.72,73,player,VfL Wolfsburg,0.423,510.7,365.1,540.4,442.2,30.67,14.24,20.2
493,19.72,82,player,Borussia Mgladbach,0.386,903.1,332.4,935.1,401.6,50.43,10.15,2.6
493,19.72,71,player,Borussia Mgladbach,0.365,1109.4,263.0,1133.8,321.4,60.77,1.92,11.2
493,19.72,69,player,Borussia Mgladbach,0.339,874.6,316.6,906.0,370.7,48.96,7.01,17.2
493,19.72,0,ball,Ball,0.7,168.0,237.0,178.0,246.0,11.72,-6.48,0.0
494,19.76,48,player,Borussia Mgladbach,0.775,1515.9,595.9,1545.1,680.6,80.17,37.28,25.0
494,19.76,11,player,Borussia Mgladbach,0.729,1161.4,534.3,1200.8,609.5,63.33,30.58,17.0
494,19.76,24,player,Borussia Mgladbach,0.728,365.3,603.9,421.8,697.1,25.1,38.81,32.3
494,19.76,39,player,Borussia Mgladbach,0.711,116.7,398.3,151.2,466.5,11.15,16.67,11.3
494,19.76,81,player,Borussia Mgladbach,0.707,1440.2,589.2,1483.0,663.0,76.89,35.63,38.0
494,19.76,57,player,Borussia Mgladbach,0.701,1101.6,892.9,1151.1,1018.3,60.19,67.29,27.7
494,19.76,62,player,Borussia Mgladbach,0.642,365.7,301.5,391.8,363.9,22.95,6.31,14.9
494,19.76,76,player,Borussia Mgladbach,0.615,1333.5,359.0,1375.0,430.2,72.34,13.04,11.5
494,19.76,74,player,Borussia Mgladbach,0.607,1286.6,397.9,1319.1,471.8,69.65,17.19,15.9
494,19.76,46,player,Borussia Mgladbach,0.574,734.4,373.2,761.7,440.5,41.85,14.07,4.3
494,19.76,19,player,Borussia Mgladbach,0.564,1406.3,410.3,1438.4,490.0,75.56,18.99,8.3
494,19.76,55,player,Borussia Mgladbach,0.556,527.5,481.2,565.4,560.1,32.09,25.84,18.2
494,19.76,79,player,Borussia Mgladbach,0.529,613.4,314.8,641.6,380.5,35.64,8.01,16.5
494,19.76,82,player,Borussia Mgladbach,0.435,904.8,337.3,934.7,400.5,50.47,10.05,10.1
494,19.76,22,player,Borussia Mgladbach,0.434,1085.0,437.7,1134.3,513.4,59.94,21.29,38.0
494,19.76,73,player,VfL Wolfsburg,0.393,509.9,368.9,539.3,442.8,30.63,14.31,7.2
494,19.76,71,player,Borussia Mgladbach,0.318,1111.1,265.3,1134.6,321.6,60.83,1.95,6.3
494,19.76,0,ball,Ball,0.7,1446.0,1008.0,1456.0,1017.0,75.21,66.8,0.0
495,19.8,48,player,Borussia Mgladbach,0.823,1508.9,593.3,1540.3,678.4,79.89,37.07,31.1
495,19.8,39,player,Borussia Mgladbach,0.776,115.7,398.7,151.2,470.8,11.15,17.09,38.0
495,19.8,81,player,Borussia Mgladbach,0.772,1436.6,590.9,1470.6,664.9,76.49,35.81,38.0
495,19.8,57,player,Borussia Mgladbach,0.73,1098.9,893.1,1150.2,1022.5,60.1,67.65,33.4
495,19.8,24,player,Borussia Mgladbach,0.713,358.5,603.8,420.7,697.8,24.91,38.88,18.1
495,19.8,11,player,Borussia Mgladbach,0.702,1166.1,533.5,1201.8,608.5,63.48,30.49,15.4
495,19.8,74,player,Borussia Mgladbach,0.656,1286.9,400.5,1319.7,473.3,69.67,17.34,13.4
495,19.8,62,player,Borussia Mgladbach,0.639,364.3,303.6,391.4,364.5,22.9,6.37,7.0
495,19.8,76,player,Borussia Mgladbach,0.613,1337.7,360.7,1373.7,426.8,72.43,12.69,31.9
495,19.8,19,player,Borussia Mgladbach,0.604,1407.8,408.8,1436.6,489.6,75.56,18.95,3.9
495,19.8,55,player,Borussia Mgladbach,0.596,525.2,480.8,561.8,562.1,31.95,26.03,21.3
495,19.8,79,player,Borussia Mgladbach,0.573,614.9,313.7,641.3,380.2,35.67,7.98,4.0
495,19.8,73,player,VfL Wolfsburg,0.48,507.6,370.3,537.2,443.2,30.52,14.34,10.4
495,19.8,82,player,Borussia Mgladbach,0.461,906.8,338.9,935.2,403.5,50.53,10.34,27.5
495,19.8,46,player,Borussia Mgladbach,0.442,734.2,373.5,764.5,441.5,41.92,14.17,10.5
495,19.8,83,player,Borussia Mgladbach,0.418,893.8,233.6,917.4,281.7,49.7,-2.23,0.0
495,19.8,69,player,Borussia Mgladbach,0.349,872.1,313.4,897.3,364.3,48.67,6.35,32.5
495,19.8,0,ball,Ball,0.7,1104.0,468.0,1120.0,487.0,60.1,17.76,0.0
496,19.84,48,player,Borussia Mgladbach,0.84,1503.9,593.1,1536.7,678.2,79.68,37.06,18.8
496,19.84,81,player,Borussia Mgladbach,0.781,1428.8,592.7,1465.3,667.8,76.16,36.08,37.9
496,19.84,57,player,Borussia Mgladbach,0.738,1098.6,893.5,1149.6,1022.6,60.08,67.66,1.9
496,19.84,39,player,Borussia Mgladbach,0.732,115.1,398.2,148.7,471.3,11.08,17.14,7.9
496,19.84,11,player,Borussia Mgladbach,0.719,1170.7,528.3,1204.0,606.4,63.65,30.28,23.8
496,19.84,74,player,Borussia Mgladbach,0.691,1287.7,401.2,1320.0,476.4,69.68,17.65,27.7
496,19.84,24,player,Borussia Mgladbach,0.678,354.3,604.2,417.4,695.3,24.72,38.65,26.7
496,19.84,76,player,Borussia Mgladbach,0.637,1342.3,362.8,1377.0,428.8,72.62,12.89,25.1
496,19.84,55,player,Borussia Mgladbach,0.62,524.1,481.0,560.4,564.0,31.89,26.22,17.5
496,19.84,62,player,Borussia Mgladbach,0.596,364.5,306.1,390.9,365.3,22.9,6.45,6.7
496,19.84,19,player,Borussia Mgladbach,0.589,1408.2,408.0,1437.2,491.3,75.58,19.12,15.2
496,19.84,82,player,Borussia Mgladbach,0.514,906.5,341.5,936.2,407.9,50.55,10.8,38.0
496,19.84,83,player,Borussia Mgladbach,0.409,894.8,233.9,916.6,281.3,49.7,-2.26,3.3
496,19.84,79,player,Borussia Mgladbach,0.401,614.6,313.7,641.0,379.3,35.65,7.88,8.7
496,19.84,73,player,VfL Wolfsburg,0.387,506.0,373.3,536.9,442.4,30.47,14.27,7.8
496,19.84,46,player,Borussia Mgladbach,0.371,734.4,376.1,763.8,441.3,41.9,14.15,2.2
496,19.84,69,player,Borussia Mgladbach,0.364,870.5,313.9,896.9,361.5,48.62,6.06,26.0
496,19.84,0,ball,Ball,0.7,1446.0,1008.0,1456.0,1017.0,75.21,66.8,0.0
497,19.88,11,player,Borussia Mgladbach,0.817,1173.6,527.7,1206.3,603.5,63.78,30.0,27.8
497,19.88,48,player,Borussia Mgladbach,0.792,1498.8,591.8,1534.7,677.9,79.51,37.03,15.9
497,19.88,81,player,Borussia Mgladbach,0.741,1422.1,599.5,1457.5,671.2,75.8,36.4,38.0
497,19.88,39,player,Borussia Mgladbach,0.725,114.9,400.3,149.1,474.3,11.1,17.44,27.1
497,19.88,57,player,Borussia Mgladbach,0.719,1098.7,892.7,1149.3,1022.8,60.07,67.67,1.0
497,19.88,24,player,Borussia Mgladbach,0.697,352.9,608.0,412.3,693.1,24.55,38.44,24.0
497,19.88,55,player,Borussia Mgladbach,0.686,524.7,481.3,560.7,563.2,31.91,26.14,7.4
497,19.88,74,player,Borussia Mgladbach,0.683,1288.8,400.9,1321.0,474.7,69.74,17.48,15.8
497,19.88,76,player,Borussia Mgladbach,0.654,1344.1,362.1,1376.6,427.8,72.66,12.8,9.4
497,19.88,62,player,Borussia Mgladbach,0.621,363.0,306.5,390.7,366.0,22.86,6.53,8.2
497,19.88,19,player,Borussia Mgladbach,0.62,1408.6,410.0,1437.8,492.6,75.6,19.25,11.6
497,19.88,82,player,Borussia Mgladbach,0.567,911.0,343.2,937.8,409.2,50.7,10.92,17.9
497,19.88,79,player,Borussia Mgladbach,0.487,614.9,312.3,643.1,380.5,35.71,8.0,12.1
497,19.88,46,player,Borussia Mgladbach,0.429,732.7,375.5,764.6,441.0,41.88,14.12,2.9
497,19.88,73,player,VfL Wolfsburg,0.42,505.5,374.0,537.2,442.4,30.46,14.26,0.7
497,19.88,69,player,Borussia Mgladbach,0.372,869.7,315.9,894.7,362.9,48.54,6.21,14.6
497,19.88,22,player,Borussia Mgladbach,0.336,1103.5,448.6,1142.1,523.8,60.58,22.31,36.0
497,19.88,0,ball,Ball,0.7,1593.0,1003.0,1602.0,1014.0,82.0,66.46,0.0
498,19.92,39,player,Borussia Mgladbach,0.773,115.3,401.2,149.9,476.5,11.14,17.66,20.2
498,19.92,11,player,Borussia Mgladbach,0.759,1176.3,530.2,1211.9,604.0,63.98,30.06,18.7
498,19.92,57,player,Borussia Mgladbach,0.735,1099.0,892.3,1148.9,1019.2,60.08,67.37,27.0
498,19.92,48,player,Borussia Mgladbach,0.72,1495.0,591.7,1531.7,679.3,79.34,37.15,18.9
498,19.92,74,player,Borussia Mgladbach,0.69,1290.3,401.3,1325.0,477.2,69.88,17.72,24.7
498,19.92,55,player,Borussia Mgladbach,0.658,523.7,482.8,559.1,563.7,31.85,26.18,6.8
498,19.92,24,player,Borussia Mgladbach,0.651,351.7,608.5,407.8,692.4,24.41,38.38,13.9
498,19.92,76,player,Borussia Mgladbach,0.616,1346.1,361.1,1377.1,428.8,72.72,12.89,10.3
498,19.92,19,player,Borussia Mgladbach,0.603,1408.3,411.3,1438.7,492.5,75.61,19.24,1.4
498,19.92,62,player,Borussia Mgladbach,0.598,362.5,309.1,390.3,367.5,22.84,6.68,13.4
498,19.92,81,player,Borussia Mgladbach,0.591,1407.8,598.6,1456.5,671.4,75.43,36.42,33.6
498,19.92,79,player,Borussia Mgladbach,0.551,615.6,312.1,644.0,379.6,35.75,7.92,8.7
498,19.92,46,player,Borussia Mgladbach,0.542,731.4,378.7,764.7,444.3,41.85,14.45,29.5
498,19.92,82,player,Borussia Mgladbach,0.509,914.1,344.2,937.8,404.7,50.78,10.47,38.0
498,19.92,22,player,Borussia Mgladbach,0.435,1105.0,450.3,1147.0,523.4,60.74,22.28,14.6
498,19.92,73,player,VfL Wolfsburg,0.403,504.8,374.2,536.1,442.0,30.42,14.22,5.2
498,19.92,69,player,Borussia Mgladbach,0.401,867.1,315.7,894.7,373.9,48.49,7.34,38.0
498,19.92,0,ball,Ball,0.7,1593.0,1003.0,1602.0,1014.0,82.0,66.46,0.0
499,19.96,57,player,Borussia Mgladbach,0.734,1099.1,891.9,1149.0,1019.0,60.08,67.35,1.6
499,19.96,48,player,Borussia Mgladbach,0.715,1492.6,592.1,1530.2,679.2,79.24,37.15,8.7
499,19.96,74,player,Borussia Mgladbach,0.707,1291.1,401.4,1325.2,480.0,69.89,18.01,25.8
499,19.96,39,player,Borussia Mgladbach,0.706,117.1,403.9,150.3,474.4,11.19,17.45,19.1
499,19.96,11,player,Borussia Mgladbach,0.669,1178.0,530.8,1219.8,604.4,64.22,30.09,21.5
499,19.96,55,player,Borussia Mgladbach,0.614,525.7,483.3,560.4,568.1,31.94,26.61,38.0
499,19.96,81,player,Borussia Mgladbach,0.592,1404.0,599.9,1449.3,677.7,75.14,37.01,38.0
499,19.96,76,player,Borussia Mgladbach,0.586,1347.5,359.5,1379.0,434.0,72.79,13.42,38.0
499,19.96,24,player,Borussia Mgladbach,0.579,351.7,610.2,407.3,690.7,24.39,38.22,14.5
499,19.96,19,player,Borussia Mgladbach,0.539,1409.6,410.2,1439.4,491.4,75.67,19.13,11.2
499,19.96,82,player,Borussia Mgladbach,0.516,915.4,341.7,941.2,409.8,50.9,10.99,38.0
499,19.96,62,player,Borussia Mgladbach,0.507,362.3,310.5,391.1,368.1,22.86,6.74,6.1
499,19.96,46,player,Borussia Mgladbach,0.495,730.8,379.1,766.2,449.4,41.89,14.96,38.0
499,19.96,79,player,Borussia Mgladbach,0.486,616.9,314.0,646.0,380.6,35.84,8.02,12.5
499,19.96,69,player,Borussia Mgladbach,0.464,866.5,316.7,893.4,380.6,48.44,8.02,38.0
499,19.96,22,player,Borussia Mgladbach,0.38,1109.8,449.9,1149.5,522.9,60.92,22.23,17.2
499,19.96,73,player,VfL Wolfsburg,0.334,504.3,373.8,535.9,442.1,30.4,14.23,1.8
499,19.96,0,ball,Ball,0.7,1593.0,1003.0,1602.0,1014.0,82.0,66.46,0.0
